solid OpenSCAD_Model
  facet normal 0.38267952540162614 -0.9238811508188628 0
    outer loop
      vertex 68.72503662109375 0.06917285919189453 -7.5
      vertex 69.05261993408203 0.20486068725585938 7.5
      vertex 68.72503662109375 0.06917285919189453 7.5
    endloop
  endfacet
  facet normal 0.38267952540162614 -0.9238811508188628 0
    outer loop
      vertex 69.05261993408203 0.20486068725585938 7.5
      vertex 68.72503662109375 0.06917285919189453 -7.5
      vertex 69.05261993408203 0.20486068725585938 -7.5
    endloop
  endfacet
  facet normal 0.5555663812701584 -0.8314721859463375 0
    outer loop
      vertex 69.05261993408203 0.20486068725585938 -7.5
      vertex 69.3474349975586 0.40184783935546875 7.5
      vertex 69.05261993408203 0.20486068725585938 7.5
    endloop
  endfacet
  facet normal 0.5555663812701584 -0.8314721859463375 0
    outer loop
      vertex 69.3474349975586 0.40184783935546875 7.5
      vertex 69.05261993408203 0.20486068725585938 -7.5
      vertex 69.3474349975586 0.40184783935546875 -7.5
    endloop
  endfacet
  facet normal 0.7071081260239812 -0.7071054363465561 0
    outer loop
      vertex 69.3474349975586 0.40184783935546875 7.5
      vertex 69.59815216064453 0.6525659561157227 -7.5
      vertex 69.59815216064453 0.6525659561157227 7.5
    endloop
  endfacet
  facet normal 0.7071081260239812 -0.7071054363465561 0
    outer loop
      vertex 69.59815216064453 0.6525659561157227 -7.5
      vertex 69.3474349975586 0.40184783935546875 7.5
      vertex 69.3474349975586 0.40184783935546875 -7.5
    endloop
  endfacet
  facet normal 0.8314763256147322 -0.5555601857064847 0
    outer loop
      vertex 69.59815216064453 0.6525659561157227 7.5
      vertex 69.79513549804688 0.9473800659179688 -7.5
      vertex 69.79513549804688 0.9473800659179688 7.5
    endloop
  endfacet
  facet normal 0.8314763256147322 -0.5555601857064847 0
    outer loop
      vertex 69.79513549804688 0.9473800659179688 -7.5
      vertex 69.59815216064453 0.6525659561157227 7.5
      vertex 69.59815216064453 0.6525659561157227 -7.5
    endloop
  endfacet
  facet normal 0.9238782304305045 -0.3826865758510476 0
    outer loop
      vertex 69.79513549804688 0.9473800659179688 7.5
      vertex 69.93082427978516 1.274958610534668 -7.5
      vertex 69.93082427978516 1.274958610534668 7.5
    endloop
  endfacet
  facet normal 0.9238782304305045 -0.3826865758510476 0
    outer loop
      vertex 69.93082427978516 1.274958610534668 -7.5
      vertex 69.79513549804688 0.9473800659179688 7.5
      vertex 69.79513549804688 0.9473800659179688 -7.5
    endloop
  endfacet
  facet normal 0.9807838372353704 -0.19509757717066228 0
    outer loop
      vertex 69.93082427978516 1.274958610534668 7.5
      vertex 70 1.6227149963378906 -7.5
      vertex 70 1.6227149963378906 7.5
    endloop
  endfacet
  facet normal 0.9807838372353704 -0.19509757717066228 0
    outer loop
      vertex 70 1.6227149963378906 -7.5
      vertex 69.93082427978516 1.274958610534668 7.5
      vertex 69.93082427978516 1.274958610534668 -7.5
    endloop
  endfacet
  facet normal 1 0 0
    outer loop
      vertex 70 1.6227149963378906 7.5
      vertex 70 1.9772844314575195 -7.5
      vertex 70 1.9772844314575195 7.5
    endloop
  endfacet
  facet normal 1 0 0
    outer loop
      vertex 70 1.9772844314575195 -7.5
      vertex 70 1.6227149963378906 7.5
      vertex 70 1.6227149963378906 -7.5
    endloop
  endfacet
  facet normal 0.9807837348580533 0.1950980918355887 0
    outer loop
      vertex 70 1.9772844314575195 7.5
      vertex 69.93082427978516 2.325039863586426 -7.5
      vertex 69.93082427978516 2.325039863586426 7.5
    endloop
  endfacet
  facet normal 0.9807837348580533 0.1950980918355887 0
    outer loop
      vertex 69.93082427978516 2.325039863586426 -7.5
      vertex 70 1.9772844314575195 7.5
      vertex 70 1.9772844314575195 -7.5
    endloop
  endfacet
  facet normal 0.9238786243288972 0.382685624903973 0
    outer loop
      vertex 69.93082427978516 2.325039863586426 7.5
      vertex 69.79513549804688 2.6526193618774414 -7.5
      vertex 69.79513549804688 2.6526193618774414 7.5
    endloop
  endfacet
  facet normal 0.9238786243288972 0.382685624903973 0
    outer loop
      vertex 69.79513549804688 2.6526193618774414 -7.5
      vertex 69.93082427978516 2.325039863586426 7.5
      vertex 69.93082427978516 2.325039863586426 -7.5
    endloop
  endfacet
  facet normal 0.8314754954478663 0.5555614281694917 0
    outer loop
      vertex 69.79513549804688 2.6526193618774414 7.5
      vertex 69.59815216064453 2.947432518005371 -7.5
      vertex 69.59815216064453 2.947432518005371 7.5
    endloop
  endfacet
  facet normal 0.8314754954478663 0.5555614281694917 0
    outer loop
      vertex 69.59815216064453 2.947432518005371 -7.5
      vertex 69.79513549804688 2.6526193618774414 7.5
      vertex 69.79513549804688 2.6526193618774414 -7.5
    endloop
  endfacet
  facet normal 0.7071081260239812 0.7071054363465561 0
    outer loop
      vertex 69.3474349975586 3.198150634765625 7.5
      vertex 69.59815216064453 2.947432518005371 7.5
      vertex 69.3474349975586 3.198150634765625 -5.5
    endloop
  endfacet
  facet normal 0.7071054363465561 0.7071081260239812 0
    outer loop
      vertex 3.198150634765625 69.3474349975586 -5.5
      vertex 2.947432518005371 69.59815216064453 7.5
      vertex 3.198150634765625 69.3474349975586 7.5
    endloop
  endfacet
  facet normal 0.7071054363465561 0.7071081260239812 0
    outer loop
      vertex 2.947432518005371 69.59815216064453 7.5
      vertex 3.198150634765625 69.3474349975586 -5.5
      vertex 2.947432518005371 69.59815216064453 -7.5
    endloop
  endfacet
  facet normal 0.7071067811865074 0.7071067811865074 -3.371747880871331e-7
    outer loop
      vertex 69.3474349975586 3.198150634765625 -5.5
      vertex 2.947432518005371 69.59815216064453 -7.5
      vertex 3.198150634765625 69.3474349975586 -5.5
    endloop
  endfacet
  facet normal 0.7071067811865073 0.7071067811865073 -3.3717478808713306e-7
    outer loop
      vertex 69.3474349975586 3.198150634765625 -5.5
      vertex 69.59815216064453 2.947432518005371 -7.5
      vertex 2.947432518005371 69.59815216064453 -7.5
    endloop
  endfacet
  facet normal 0.7071081260239812 0.7071054363465561 0
    outer loop
      vertex 69.59815216064453 2.947432518005371 -7.5
      vertex 69.3474349975586 3.198150634765625 -5.5
      vertex 69.59815216064453 2.947432518005371 7.5
    endloop
  endfacet
  facet normal 0.5555682407549098 0.8314709434878014 0
    outer loop
      vertex 69.3474349975586 3.198150634765625 -5.5
      vertex 69.05261993408203 3.395138740539551 7.5
      vertex 69.3474349975586 3.198150634765625 7.5
    endloop
  endfacet
  facet normal 0.5555682407549098 0.8314709434878014 0
    outer loop
      vertex 69.05261993408203 3.395138740539551 7.5
      vertex 69.3474349975586 3.198150634765625 -5.5
      vertex 69.05261993408203 3.395138740539551 -5.5
    endloop
  endfacet
  facet normal 0.38267952540162614 0.9238811508188627 0
    outer loop
      vertex 69.05261993408203 3.395138740539551 -5.5
      vertex 68.72503662109375 3.5308265686035156 7.5
      vertex 69.05261993408203 3.395138740539551 7.5
    endloop
  endfacet
  facet normal 0.38267952540162614 0.9238811508188627 0
    outer loop
      vertex 68.72503662109375 3.5308265686035156 7.5
      vertex 69.05261993408203 3.395138740539551 -5.5
      vertex 68.72503662109375 3.5308265686035156 -5.5
    endloop
  endfacet
  facet normal 0.19509032993262168 0.9807852788285419 0
    outer loop
      vertex 68.72503662109375 3.5308265686035156 -5.5
      vertex 68.37728118896484 3.59999942779541 7.5
      vertex 68.72503662109375 3.5308265686035156 7.5
    endloop
  endfacet
  facet normal 0.19509032993262168 0.9807852788285419 0
    outer loop
      vertex 68.37728118896484 3.59999942779541 7.5
      vertex 68.72503662109375 3.5308265686035156 -5.5
      vertex 68.37728118896484 3.59999942779541 -5.5
    endloop
  endfacet
  facet normal 0 1 0
    outer loop
      vertex 58.099998474121094 3.59999942779541 0.7248735427856445
      vertex 13.674873352050781 3.59999942779541 1.75
      vertex 59.125125885009766 3.59999942779541 1.75
    endloop
  endfacet
  facet normal 0 1 0
    outer loop
      vertex 58.099998474121094 3.59999942779541 0.7248735427856445
      vertex 14.699999809265137 3.59999942779541 0.7248735427856445
      vertex 13.674873352050781 3.59999942779541 1.75
    endloop
  endfacet
  facet normal 0 1 0
    outer loop
      vertex 58.099998474121094 3.59999942779541 -0.7248735427856445
      vertex 14.699999809265137 3.59999942779541 0.7248735427856445
      vertex 58.099998474121094 3.59999942779541 0.7248735427856445
    endloop
  endfacet
  facet normal 0 1 0
    outer loop
      vertex 58.099998474121094 3.59999942779541 -0.7248735427856445
      vertex 14.699999809265137 3.59999942779541 -0.7248735427856445
      vertex 14.699999809265137 3.59999942779541 0.7248735427856445
    endloop
  endfacet
  facet normal 0 1 0
    outer loop
      vertex 59.125125885009766 3.59999942779541 -1.75
      vertex 14.699999809265137 3.59999942779541 -0.7248735427856445
      vertex 58.099998474121094 3.59999942779541 -0.7248735427856445
    endloop
  endfacet
  facet normal 0 1 0
    outer loop
      vertex 14.699999809265137 3.59999942779541 -0.7248735427856445
      vertex 59.125125885009766 3.59999942779541 -1.75
      vertex 13.674873352050781 3.59999942779541 -1.75
    endloop
  endfacet
  facet normal 0 1 0
    outer loop
      vertex 59.125125885009766 3.59999942779541 1.75
      vertex 68.37728118896484 3.59999942779541 7.5
      vertex 60.57487487792969 3.59999942779541 1.75
    endloop
  endfacet
  facet normal 0 1 0
    outer loop
      vertex 68.37728118896484 3.59999942779541 7.5
      vertex 61.599998474121094 3.59999942779541 0.7248735427856445
      vertex 60.57487487792969 3.59999942779541 1.75
    endloop
  endfacet
  facet normal 0 1 0
    outer loop
      vertex 68.37728118896484 3.59999942779541 -5.5
      vertex 61.599998474121094 3.59999942779541 0.7248735427856445
      vertex 68.37728118896484 3.59999942779541 7.5
    endloop
  endfacet
  facet normal 0 1 0
    outer loop
      vertex 68.37728118896484 3.59999942779541 -5.5
      vertex 59.125125885009766 3.59999942779541 -1.75
      vertex 60.57487487792969 3.59999942779541 -1.75
    endloop
  endfacet
  facet normal 0 1 0
    outer loop
      vertex 5.222715377807617 3.59999942779541 -5.5
      vertex 59.125125885009766 3.59999942779541 -1.75
      vertex 68.37728118896484 3.59999942779541 -5.5
    endloop
  endfacet
  facet normal 0 1 0
    outer loop
      vertex 59.125125885009766 3.59999942779541 -1.75
      vertex 5.222715377807617 3.59999942779541 -5.5
      vertex 13.674873352050781 3.59999942779541 -1.75
    endloop
  endfacet
  facet normal 0 1 0
    outer loop
      vertex 61.599998474121094 3.59999942779541 -0.7248735427856445
      vertex 68.37728118896484 3.59999942779541 -5.5
      vertex 60.57487487792969 3.59999942779541 -1.75
    endloop
  endfacet
  facet normal 0 1 0
    outer loop
      vertex 61.599998474121094 3.59999942779541 0.7248735427856445
      vertex 68.37728118896484 3.59999942779541 -5.5
      vertex 61.599998474121094 3.59999942779541 -0.7248735427856445
    endloop
  endfacet
  facet normal 0 1 0
    outer loop
      vertex 68.37728118896484 3.59999942779541 7.5
      vertex 59.125125885009766 3.59999942779541 1.75
      vertex 5.222715377807617 3.59999942779541 7.5
    endloop
  endfacet
  facet normal 0 1 0
    outer loop
      vertex 13.674873352050781 3.59999942779541 1.75
      vertex 5.222715377807617 3.59999942779541 7.5
      vertex 59.125125885009766 3.59999942779541 1.75
    endloop
  endfacet
  facet normal 0 1 0
    outer loop
      vertex 12.225125312805176 3.59999942779541 1.75
      vertex 5.222715377807617 3.59999942779541 7.5
      vertex 13.674873352050781 3.59999942779541 1.75
    endloop
  endfacet
  facet normal 0 1 0
    outer loop
      vertex 11.199999809265137 3.59999942779541 0.7248735427856445
      vertex 5.222715377807617 3.59999942779541 7.5
      vertex 12.225125312805176 3.59999942779541 1.75
    endloop
  endfacet
  facet normal 0 1 0
    outer loop
      vertex 5.222715377807617 3.59999942779541 -5.5
      vertex 11.199999809265137 3.59999942779541 0.7248735427856445
      vertex 11.199999809265137 3.59999942779541 -0.7248735427856445
    endloop
  endfacet
  facet normal 0 1 0
    outer loop
      vertex 11.199999809265137 3.59999942779541 0.7248735427856445
      vertex 5.222715377807617 3.59999942779541 -5.5
      vertex 5.222715377807617 3.59999942779541 7.5
    endloop
  endfacet
  facet normal 0 1 0
    outer loop
      vertex 12.225125312805176 3.59999942779541 -1.75
      vertex 5.222715377807617 3.59999942779541 -5.5
      vertex 11.199999809265137 3.59999942779541 -0.7248735427856445
    endloop
  endfacet
  facet normal 0 1 0
    outer loop
      vertex 13.674873352050781 3.59999942779541 -1.75
      vertex 5.222715377807617 3.59999942779541 -5.5
      vertex 12.225125312805176 3.59999942779541 -1.75
    endloop
  endfacet
  facet normal 0.19508981528655067 0.9807853811978743 0
    outer loop
      vertex 5.222715377807617 3.59999942779541 -5.5
      vertex 4.8749589920043945 3.6691722869873047 7.5
      vertex 5.222715377807617 3.59999942779541 7.5
    endloop
  endfacet
  facet normal 0.19508981528655067 0.9807853811978743 0
    outer loop
      vertex 4.8749589920043945 3.6691722869873047 7.5
      vertex 5.222715377807617 3.59999942779541 -5.5
      vertex 4.8749589920043945 3.6691722869873047 -5.5
    endloop
  endfacet
  facet normal 0.38268332913172953 0.9238795752719378 0
    outer loop
      vertex 4.8749589920043945 3.6691722869873047 -5.5
      vertex 4.547379493713379 3.8048601150512695 7.5
      vertex 4.8749589920043945 3.6691722869873047 7.5
    endloop
  endfacet
  facet normal 0.38268332913172953 0.9238795752719378 0
    outer loop
      vertex 4.547379493713379 3.8048601150512695 7.5
      vertex 4.8749589920043945 3.6691722869873047 -5.5
      vertex 4.547379493713379 3.8048601150512695 -5.5
    endloop
  endfacet
  facet normal 0.5555707256810608 0.8314692831164717 0
    outer loop
      vertex 4.547379493713379 3.8048601150512695 -5.5
      vertex 4.252566337585449 4.001848220825195 7.5
      vertex 4.547379493713379 3.8048601150512695 7.5
    endloop
  endfacet
  facet normal 0.5555707256810608 0.8314692831164717 0
    outer loop
      vertex 4.252566337585449 4.001848220825195 7.5
      vertex 4.547379493713379 3.8048601150512695 -5.5
      vertex 4.252566337585449 4.001848220825195 -5.5
    endloop
  endfacet
  facet normal 0.7071067811865476 0.7071067811865476 0
    outer loop
      vertex 4.252566337585449 4.001848220825195 7.5
      vertex 4.001848220825195 4.252566337585449 -5.5
      vertex 4.001848220825195 4.252566337585449 7.5
    endloop
  endfacet
  facet normal 0.7071067811865476 0.7071067811865476 0
    outer loop
      vertex 4.001848220825195 4.252566337585449 -5.5
      vertex 4.252566337585449 4.001848220825195 7.5
      vertex 4.252566337585449 4.001848220825195 -5.5
    endloop
  endfacet
  facet normal 0.8314692831164717 0.5555707256810608 0
    outer loop
      vertex 4.001848220825195 4.252566337585449 7.5
      vertex 3.8048601150512695 4.547379493713379 -5.5
      vertex 3.8048601150512695 4.547379493713379 7.5
    endloop
  endfacet
  facet normal 0.8314692831164717 0.5555707256810608 0
    outer loop
      vertex 3.8048601150512695 4.547379493713379 -5.5
      vertex 4.001848220825195 4.252566337585449 7.5
      vertex 4.001848220825195 4.252566337585449 -5.5
    endloop
  endfacet
  facet normal 0.9238795752719378 0.38268332913172953 0
    outer loop
      vertex 3.8048601150512695 4.547379493713379 7.5
      vertex 3.6691722869873047 4.8749589920043945 -5.5
      vertex 3.6691722869873047 4.8749589920043945 7.5
    endloop
  endfacet
  facet normal 0.9238795752719378 0.38268332913172953 0
    outer loop
      vertex 3.6691722869873047 4.8749589920043945 -5.5
      vertex 3.8048601150512695 4.547379493713379 7.5
      vertex 3.8048601150512695 4.547379493713379 -5.5
    endloop
  endfacet
  facet normal 0.9807853811978743 0.19508981528655067 0
    outer loop
      vertex 3.6691722869873047 4.8749589920043945 7.5
      vertex 3.59999942779541 5.222715377807617 -5.5
      vertex 3.59999942779541 5.222715377807617 7.5
    endloop
  endfacet
  facet normal 0.9807853811978743 0.19508981528655067 0
    outer loop
      vertex 3.59999942779541 5.222715377807617 -5.5
      vertex 3.6691722869873047 4.8749589920043945 7.5
      vertex 3.6691722869873047 4.8749589920043945 -5.5
    endloop
  endfacet
  facet normal 1 0 0
    outer loop
      vertex 3.59999942779541 68.37728118896484 7.5
      vertex 3.59999942779541 61.599998474121094 0.7248735427856445
      vertex 3.59999942779541 68.37728118896484 -5.5
    endloop
  endfacet
  facet normal 1 0 0
    outer loop
      vertex 3.59999942779541 68.37728118896484 7.5
      vertex 3.59999942779541 60.57487487792969 1.75
      vertex 3.59999942779541 61.599998474121094 0.7248735427856445
    endloop
  endfacet
  facet normal 1 0 0
    outer loop
      vertex 3.59999942779541 68.37728118896484 7.5
      vertex 3.59999942779541 59.125125885009766 1.75
      vertex 3.59999942779541 60.57487487792969 1.75
    endloop
  endfacet
  facet normal 1 0 0
    outer loop
      vertex 3.59999942779541 58.099998474121094 0.7248735427856445
      vertex 3.59999942779541 14.699999809265137 0.7248735427856445
      vertex 3.59999942779541 58.099998474121094 -0.7248735427856445
    endloop
  endfacet
  facet normal 1 0 0
    outer loop
      vertex 3.59999942779541 59.125125885009766 1.75
      vertex 3.59999942779541 14.699999809265137 0.7248735427856445
      vertex 3.59999942779541 58.099998474121094 0.7248735427856445
    endloop
  endfacet
  facet normal 1 0 0
    outer loop
      vertex 3.59999942779541 5.222715377807617 7.5
      vertex 3.59999942779541 59.125125885009766 1.75
      vertex 3.59999942779541 68.37728118896484 7.5
    endloop
  endfacet
  facet normal 1 0 0
    outer loop
      vertex 3.59999942779541 59.125125885009766 1.75
      vertex 3.59999942779541 13.674873352050781 1.75
      vertex 3.59999942779541 14.699999809265137 0.7248735427856445
    endloop
  endfacet
  facet normal 1 0 0
    outer loop
      vertex 3.59999942779541 59.125125885009766 1.75
      vertex 3.59999942779541 5.222715377807617 7.5
      vertex 3.59999942779541 13.674873352050781 1.75
    endloop
  endfacet
  facet normal 1 0 0
    outer loop
      vertex 3.59999942779541 5.222715377807617 -5.5
      vertex 3.59999942779541 11.199999809265137 0.7248735427856445
      vertex 3.59999942779541 5.222715377807617 7.5
    endloop
  endfacet
  facet normal 1 0 0
    outer loop
      vertex 3.59999942779541 12.225125312805176 1.75
      vertex 3.59999942779541 5.222715377807617 7.5
      vertex 3.59999942779541 11.199999809265137 0.7248735427856445
    endloop
  endfacet
  facet normal 1 0 0
    outer loop
      vertex 3.59999942779541 13.674873352050781 1.75
      vertex 3.59999942779541 5.222715377807617 7.5
      vertex 3.59999942779541 12.225125312805176 1.75
    endloop
  endfacet
  facet normal 1 0 0
    outer loop
      vertex 3.59999942779541 61.599998474121094 -0.7248735427856445
      vertex 3.59999942779541 68.37728118896484 -5.5
      vertex 3.59999942779541 61.599998474121094 0.7248735427856445
    endloop
  endfacet
  facet normal 1 0 0
    outer loop
      vertex 3.59999942779541 60.57487487792969 -1.75
      vertex 3.59999942779541 68.37728118896484 -5.5
      vertex 3.59999942779541 61.599998474121094 -0.7248735427856445
    endloop
  endfacet
  facet normal 1 0 0
    outer loop
      vertex 3.59999942779541 59.125125885009766 -1.75
      vertex 3.59999942779541 68.37728118896484 -5.5
      vertex 3.59999942779541 60.57487487792969 -1.75
    endloop
  endfacet
  facet normal 1 0 0
    outer loop
      vertex 3.59999942779541 14.699999809265137 -0.7248735427856445
      vertex 3.59999942779541 58.099998474121094 -0.7248735427856445
      vertex 3.59999942779541 14.699999809265137 0.7248735427856445
    endloop
  endfacet
  facet normal 1 0 0
    outer loop
      vertex 3.59999942779541 58.099998474121094 -0.7248735427856445
      vertex 3.59999942779541 14.699999809265137 -0.7248735427856445
      vertex 3.59999942779541 59.125125885009766 -1.75
    endloop
  endfacet
  facet normal 1 0 0
    outer loop
      vertex 3.59999942779541 13.674873352050781 -1.75
      vertex 3.59999942779541 59.125125885009766 -1.75
      vertex 3.59999942779541 14.699999809265137 -0.7248735427856445
    endloop
  endfacet
  facet normal 1 0 0
    outer loop
      vertex 3.59999942779541 5.222715377807617 -5.5
      vertex 3.59999942779541 59.125125885009766 -1.75
      vertex 3.59999942779541 13.674873352050781 -1.75
    endloop
  endfacet
  facet normal 1 0 0
    outer loop
      vertex 3.59999942779541 5.222715377807617 -5.5
      vertex 3.59999942779541 13.674873352050781 -1.75
      vertex 3.59999942779541 12.225125312805176 -1.75
    endloop
  endfacet
  facet normal 1 0 0
    outer loop
      vertex 3.59999942779541 59.125125885009766 -1.75
      vertex 3.59999942779541 5.222715377807617 -5.5
      vertex 3.59999942779541 68.37728118896484 -5.5
    endloop
  endfacet
  facet normal 1 0 0
    outer loop
      vertex 3.59999942779541 11.199999809265137 -0.7248735427856445
      vertex 3.59999942779541 5.222715377807617 -5.5
      vertex 3.59999942779541 12.225125312805176 -1.75
    endloop
  endfacet
  facet normal 1 0 0
    outer loop
      vertex 3.59999942779541 11.199999809265137 0.7248735427856445
      vertex 3.59999942779541 5.222715377807617 -5.5
      vertex 3.59999942779541 11.199999809265137 -0.7248735427856445
    endloop
  endfacet
  facet normal 0.9807852788285419 0.19509032993262168 0
    outer loop
      vertex 3.59999942779541 68.37728118896484 7.5
      vertex 3.5308265686035156 68.72503662109375 -5.5
      vertex 3.5308265686035156 68.72503662109375 7.5
    endloop
  endfacet
  facet normal 0.9807852788285419 0.19509032993262168 0
    outer loop
      vertex 3.5308265686035156 68.72503662109375 -5.5
      vertex 3.59999942779541 68.37728118896484 7.5
      vertex 3.59999942779541 68.37728118896484 -5.5
    endloop
  endfacet
  facet normal 0.9238811508188627 0.38267952540162614 0
    outer loop
      vertex 3.5308265686035156 68.72503662109375 7.5
      vertex 3.395138740539551 69.05261993408203 -5.5
      vertex 3.395138740539551 69.05261993408203 7.5
    endloop
  endfacet
  facet normal 0.9238811508188627 0.38267952540162614 0
    outer loop
      vertex 3.395138740539551 69.05261993408203 -5.5
      vertex 3.5308265686035156 68.72503662109375 7.5
      vertex 3.5308265686035156 68.72503662109375 -5.5
    endloop
  endfacet
  facet normal 0.8314709434878014 0.5555682407549098 0
    outer loop
      vertex 3.395138740539551 69.05261993408203 7.5
      vertex 3.198150634765625 69.3474349975586 -5.5
      vertex 3.198150634765625 69.3474349975586 7.5
    endloop
  endfacet
  facet normal 0.8314709434878014 0.5555682407549098 0
    outer loop
      vertex 3.198150634765625 69.3474349975586 -5.5
      vertex 3.395138740539551 69.05261993408203 7.5
      vertex 3.395138740539551 69.05261993408203 -5.5
    endloop
  endfacet
  facet normal 0.5555614281694917 0.8314754954478663 0
    outer loop
      vertex 2.947432518005371 69.59815216064453 -7.5
      vertex 2.6526193618774414 69.79513549804688 7.5
      vertex 2.947432518005371 69.59815216064453 7.5
    endloop
  endfacet
  facet normal 0.5555614281694917 0.8314754954478663 0
    outer loop
      vertex 2.6526193618774414 69.79513549804688 7.5
      vertex 2.947432518005371 69.59815216064453 -7.5
      vertex 2.6526193618774414 69.79513549804688 -7.5
    endloop
  endfacet
  facet normal 0.382685624903973 0.9238786243288972 0
    outer loop
      vertex 2.6526193618774414 69.79513549804688 -7.5
      vertex 2.325039863586426 69.93082427978516 7.5
      vertex 2.6526193618774414 69.79513549804688 7.5
    endloop
  endfacet
  facet normal 0.382685624903973 0.9238786243288972 0
    outer loop
      vertex 2.325039863586426 69.93082427978516 7.5
      vertex 2.6526193618774414 69.79513549804688 -7.5
      vertex 2.325039863586426 69.93082427978516 -7.5
    endloop
  endfacet
  facet normal 0.1950980918355887 0.9807837348580533 0
    outer loop
      vertex 2.325039863586426 69.93082427978516 -7.5
      vertex 1.9772844314575195 70 7.5
      vertex 2.325039863586426 69.93082427978516 7.5
    endloop
  endfacet
  facet normal 0.1950980918355887 0.9807837348580533 0
    outer loop
      vertex 1.9772844314575195 70 7.5
      vertex 2.325039863586426 69.93082427978516 -7.5
      vertex 1.9772844314575195 70 -7.5
    endloop
  endfacet
  facet normal 0 1 0
    outer loop
      vertex 1.9772844314575195 70 -7.5
      vertex 1.6227149963378906 70 7.5
      vertex 1.9772844314575195 70 7.5
    endloop
  endfacet
  facet normal 0 1 0
    outer loop
      vertex 1.6227149963378906 70 7.5
      vertex 1.9772844314575195 70 -7.5
      vertex 1.6227149963378906 70 -7.5
    endloop
  endfacet
  facet normal -0.19509757717066228 0.9807838372353704 0
    outer loop
      vertex 1.6227149963378906 70 -7.5
      vertex 1.274958610534668 69.93082427978516 7.5
      vertex 1.6227149963378906 70 7.5
    endloop
  endfacet
  facet normal -0.19509757717066228 0.9807838372353704 0
    outer loop
      vertex 1.274958610534668 69.93082427978516 7.5
      vertex 1.6227149963378906 70 -7.5
      vertex 1.274958610534668 69.93082427978516 -7.5
    endloop
  endfacet
  facet normal -0.3826865758510476 0.9238782304305045 0
    outer loop
      vertex 1.274958610534668 69.93082427978516 -7.5
      vertex 0.9473800659179688 69.79513549804688 7.5
      vertex 1.274958610534668 69.93082427978516 7.5
    endloop
  endfacet
  facet normal -0.3826865758510476 0.9238782304305045 0
    outer loop
      vertex 0.9473800659179688 69.79513549804688 7.5
      vertex 1.274958610534668 69.93082427978516 -7.5
      vertex 0.9473800659179688 69.79513549804688 -7.5
    endloop
  endfacet
  facet normal -0.5555601857064847 0.8314763256147322 0
    outer loop
      vertex 0.9473800659179688 69.79513549804688 -7.5
      vertex 0.6525659561157227 69.59815216064453 7.5
      vertex 0.9473800659179688 69.79513549804688 7.5
    endloop
  endfacet
  facet normal -0.5555601857064847 0.8314763256147322 0
    outer loop
      vertex 0.6525659561157227 69.59815216064453 7.5
      vertex 0.9473800659179688 69.79513549804688 -7.5
      vertex 0.6525659561157227 69.59815216064453 -7.5
    endloop
  endfacet
  facet normal -0.7071054363465561 0.7071081260239812 0
    outer loop
      vertex 0.6525659561157227 69.59815216064453 -7.5
      vertex 0.40184783935546875 69.3474349975586 7.5
      vertex 0.6525659561157227 69.59815216064453 7.5
    endloop
  endfacet
  facet normal -0.7071054363465561 0.7071081260239812 0
    outer loop
      vertex 0.40184783935546875 69.3474349975586 7.5
      vertex 0.6525659561157227 69.59815216064453 -7.5
      vertex 0.40184783935546875 69.3474349975586 -7.5
    endloop
  endfacet
  facet normal -0.8314721859463375 0.5555663812701584 0
    outer loop
      vertex 0.20486068725585938 69.05261993408203 -7.5
      vertex 0.40184783935546875 69.3474349975586 7.5
      vertex 0.40184783935546875 69.3474349975586 -7.5
    endloop
  endfacet
  facet normal -0.8314721859463375 0.5555663812701584 0
    outer loop
      vertex 0.40184783935546875 69.3474349975586 7.5
      vertex 0.20486068725585938 69.05261993408203 -7.5
      vertex 0.20486068725585938 69.05261993408203 7.5
    endloop
  endfacet
  facet normal -0.9238811508188628 0.38267952540162614 0
    outer loop
      vertex 0.06917285919189453 68.72503662109375 -7.5
      vertex 0.20486068725585938 69.05261993408203 7.5
      vertex 0.20486068725585938 69.05261993408203 -7.5
    endloop
  endfacet
  facet normal -0.9238811508188628 0.38267952540162614 0
    outer loop
      vertex 0.20486068725585938 69.05261993408203 7.5
      vertex 0.06917285919189453 68.72503662109375 -7.5
      vertex 0.06917285919189453 68.72503662109375 7.5
    endloop
  endfacet
  facet normal -0.9807852788285419 0.19509032993262168 0
    outer loop
      vertex 0 68.37728118896484 -7.5
      vertex 0.06917285919189453 68.72503662109375 7.5
      vertex 0.06917285919189453 68.72503662109375 -7.5
    endloop
  endfacet
  facet normal -0.9807852788285419 0.19509032993262168 0
    outer loop
      vertex 0.06917285919189453 68.72503662109375 7.5
      vertex 0 68.37728118896484 -7.5
      vertex 0 68.37728118896484 7.5
    endloop
  endfacet
  facet normal -1 0 0
    outer loop
      vertex 0 68.37728118896484 -7.5
      vertex 0 61.599998474121094 -0.7248735427856445
      vertex 0 68.37728118896484 7.5
    endloop
  endfacet
  facet normal -1 0 0
    outer loop
      vertex 0 68.37728118896484 -7.5
      vertex 0 60.57487487792969 -1.75
      vertex 0 61.599998474121094 -0.7248735427856445
    endloop
  endfacet
  facet normal -1 0 0
    outer loop
      vertex 0 68.37728118896484 -7.5
      vertex 0 59.125125885009766 -1.75
      vertex 0 60.57487487792969 -1.75
    endloop
  endfacet
  facet normal -1 0 0
    outer loop
      vertex 0 58.099998474121094 -0.7248735427856445
      vertex 0 14.699999809265137 -0.7248735427856445
      vertex 0 58.099998474121094 0.7248735427856445
    endloop
  endfacet
  facet normal -1 0 0
    outer loop
      vertex 0 59.125125885009766 -1.75
      vertex 0 14.699999809265137 -0.7248735427856445
      vertex 0 58.099998474121094 -0.7248735427856445
    endloop
  endfacet
  facet normal -1 0 0
    outer loop
      vertex 0 4.868145942687988 -7.5
      vertex 0 59.125125885009766 -1.75
      vertex 0 68.37728118896484 -7.5
    endloop
  endfacet
  facet normal -1 0 0
    outer loop
      vertex 0 59.125125885009766 -1.75
      vertex 0 13.674873352050781 -1.75
      vertex 0 14.699999809265137 -0.7248735427856445
    endloop
  endfacet
  facet normal -1 0 0
    outer loop
      vertex 0 59.125125885009766 -1.75
      vertex 0 4.868145942687988 -7.5
      vertex 0 13.674873352050781 -1.75
    endloop
  endfacet
  facet normal -1 0 0
    outer loop
      vertex 0 11.199999809265137 -0.7248735427856445
      vertex 0 4.868145942687988 -7.5
      vertex 0 11.199999809265137 0.7248735427856445
    endloop
  endfacet
  facet normal -1 0 0
    outer loop
      vertex 0 12.225125312805176 -1.75
      vertex 0 4.868145942687988 -7.5
      vertex 0 11.199999809265137 -0.7248735427856445
    endloop
  endfacet
  facet normal -1 0 0
    outer loop
      vertex 0 13.674873352050781 -1.75
      vertex 0 4.868145942687988 -7.5
      vertex 0 12.225125312805176 -1.75
    endloop
  endfacet
  facet normal -1 0 0
    outer loop
      vertex 0 61.599998474121094 0.7248735427856445
      vertex 0 68.37728118896484 7.5
      vertex 0 61.599998474121094 -0.7248735427856445
    endloop
  endfacet
  facet normal -1 0 0
    outer loop
      vertex 0 60.57487487792969 1.75
      vertex 0 68.37728118896484 7.5
      vertex 0 61.599998474121094 0.7248735427856445
    endloop
  endfacet
  facet normal -1 0 0
    outer loop
      vertex 0 59.125125885009766 1.75
      vertex 0 68.37728118896484 7.5
      vertex 0 60.57487487792969 1.75
    endloop
  endfacet
  facet normal -1 0 0
    outer loop
      vertex 0 14.699999809265137 0.7248735427856445
      vertex 0 58.099998474121094 0.7248735427856445
      vertex 0 14.699999809265137 -0.7248735427856445
    endloop
  endfacet
  facet normal -1 0 0
    outer loop
      vertex 0 58.099998474121094 0.7248735427856445
      vertex 0 14.699999809265137 0.7248735427856445
      vertex 0 59.125125885009766 1.75
    endloop
  endfacet
  facet normal -1 0 0
    outer loop
      vertex 0 13.674873352050781 1.75
      vertex 0 59.125125885009766 1.75
      vertex 0 14.699999809265137 0.7248735427856445
    endloop
  endfacet
  facet normal -1 0 0
    outer loop
      vertex 0 4.868145942687988 7.5
      vertex 0 59.125125885009766 1.75
      vertex 0 13.674873352050781 1.75
    endloop
  endfacet
  facet normal -1 0 0
    outer loop
      vertex 0 4.868145942687988 7.5
      vertex 0 13.674873352050781 1.75
      vertex 0 12.225125312805176 1.75
    endloop
  endfacet
  facet normal -1 0 0
    outer loop
      vertex 0 59.125125885009766 1.75
      vertex 0 4.868145942687988 7.5
      vertex 0 68.37728118896484 7.5
    endloop
  endfacet
  facet normal -1 0 0
    outer loop
      vertex 0 11.199999809265137 0.7248735427856445
      vertex 0 4.868145942687988 7.5
      vertex 0 12.225125312805176 1.75
    endloop
  endfacet
  facet normal -1 0 0
    outer loop
      vertex 0 4.868145942687988 7.5
      vertex 0 11.199999809265137 0.7248735427856445
      vertex 0 4.868145942687988 -7.5
    endloop
  endfacet
  facet normal -0.9807853470748535 -0.19508998683494527 0
    outer loop
      vertex 0.2075185775756836 3.8248777389526367 -7.5
      vertex 0 4.868145942687988 7.5
      vertex 0 4.868145942687988 -7.5
    endloop
  endfacet
  facet normal -0.9807853470748535 -0.19508998683494527 0
    outer loop
      vertex 0 4.868145942687988 7.5
      vertex 0.2075185775756836 3.8248777389526367 -7.5
      vertex 0.2075185775756836 3.8248777389526367 7.5
    endloop
  endfacet
  facet normal -0.9238794439742402 -0.3826836461123586 0
    outer loop
      vertex 0.6145820617675781 2.8421401977539062 -7.5
      vertex 0.2075185775756836 3.8248777389526367 7.5
      vertex 0.2075185775756836 3.8248777389526367 -7.5
    endloop
  endfacet
  facet normal -0.9238794439742402 -0.3826836461123586 0
    outer loop
      vertex 0.2075185775756836 3.8248777389526367 7.5
      vertex 0.6145820617675781 2.8421401977539062 -7.5
      vertex 0.6145820617675781 2.8421401977539062 7.5
    endloop
  endfacet
  facet normal -0.8314699740018668 -0.5555696916979316 0
    outer loop
      vertex 1.205545425415039 1.9576997756958008 -7.5
      vertex 0.6145820617675781 2.8421401977539062 7.5
      vertex 0.6145820617675781 2.8421401977539062 -7.5
    endloop
  endfacet
  facet normal -0.8314699740018668 -0.5555696916979316 0
    outer loop
      vertex 0.6145820617675781 2.8421401977539062 7.5
      vertex 1.205545425415039 1.9576997756958008 -7.5
      vertex 1.205545425415039 1.9576997756958008 7.5
    endloop
  endfacet
  facet normal -0.7071067811865475 -0.7071067811865475 0
    outer loop
      vertex 1.9576997756958008 1.205545425415039 -7.5
      vertex 1.205545425415039 1.9576997756958008 7.5
      vertex 1.205545425415039 1.9576997756958008 -7.5
    endloop
  endfacet
  facet normal -0.7071067811865475 -0.7071067811865475 0
    outer loop
      vertex 1.205545425415039 1.9576997756958008 7.5
      vertex 1.9576997756958008 1.205545425415039 -7.5
      vertex 1.9576997756958008 1.205545425415039 7.5
    endloop
  endfacet
  facet normal -0.5555696916979316 -0.8314699740018668 0
    outer loop
      vertex 1.9576997756958008 1.205545425415039 -7.5
      vertex 2.8421401977539062 0.6145820617675781 7.5
      vertex 1.9576997756958008 1.205545425415039 7.5
    endloop
  endfacet
  facet normal -0.5555696916979316 -0.8314699740018668 0
    outer loop
      vertex 2.8421401977539062 0.6145820617675781 7.5
      vertex 1.9576997756958008 1.205545425415039 -7.5
      vertex 2.8421401977539062 0.6145820617675781 -7.5
    endloop
  endfacet
  facet normal -0.3826836461123586 -0.9238794439742402 0
    outer loop
      vertex 2.8421401977539062 0.6145820617675781 -7.5
      vertex 3.8248777389526367 0.2075185775756836 7.5
      vertex 2.8421401977539062 0.6145820617675781 7.5
    endloop
  endfacet
  facet normal -0.3826836461123586 -0.9238794439742402 0
    outer loop
      vertex 3.8248777389526367 0.2075185775756836 7.5
      vertex 2.8421401977539062 0.6145820617675781 -7.5
      vertex 3.8248777389526367 0.2075185775756836 -7.5
    endloop
  endfacet
  facet normal -0.19508998683494527 -0.9807853470748535 0
    outer loop
      vertex 3.8248777389526367 0.2075185775756836 -7.5
      vertex 4.868145942687988 0 7.5
      vertex 3.8248777389526367 0.2075185775756836 7.5
    endloop
  endfacet
  facet normal -0.19508998683494527 -0.9807853470748535 0
    outer loop
      vertex 4.868145942687988 0 7.5
      vertex 3.8248777389526367 0.2075185775756836 -7.5
      vertex 4.868145942687988 0 -7.5
    endloop
  endfacet
  facet normal 0 -1 0
    outer loop
      vertex 14.699999809265137 0 0.7248735427856445
      vertex 59.125125885009766 0 1.75
      vertex 13.674873352050781 0 1.75
    endloop
  endfacet
  facet normal 0 -1 0
    outer loop
      vertex 14.699999809265137 0 0.7248735427856445
      vertex 58.099998474121094 0 0.7248735427856445
      vertex 59.125125885009766 0 1.75
    endloop
  endfacet
  facet normal 0 -1 0
    outer loop
      vertex 14.699999809265137 0 -0.7248735427856445
      vertex 58.099998474121094 0 0.7248735427856445
      vertex 14.699999809265137 0 0.7248735427856445
    endloop
  endfacet
  facet normal 0 -1 0
    outer loop
      vertex 14.699999809265137 0 -0.7248735427856445
      vertex 58.099998474121094 0 -0.7248735427856445
      vertex 58.099998474121094 0 0.7248735427856445
    endloop
  endfacet
  facet normal 0 -1 0
    outer loop
      vertex 13.674873352050781 0 -1.75
      vertex 58.099998474121094 0 -0.7248735427856445
      vertex 14.699999809265137 0 -0.7248735427856445
    endloop
  endfacet
  facet normal 0 -1 0
    outer loop
      vertex 58.099998474121094 0 -0.7248735427856445
      vertex 13.674873352050781 0 -1.75
      vertex 59.125125885009766 0 -1.75
    endloop
  endfacet
  facet normal 0 -1 0
    outer loop
      vertex 13.674873352050781 0 1.75
      vertex 4.868145942687988 0 7.5
      vertex 12.225125312805176 0 1.75
    endloop
  endfacet
  facet normal 0 -1 0
    outer loop
      vertex 4.868145942687988 0 7.5
      vertex 11.199999809265137 0 0.7248735427856445
      vertex 12.225125312805176 0 1.75
    endloop
  endfacet
  facet normal 0 -1 0
    outer loop
      vertex 4.868145942687988 0 7.5
      vertex 11.199999809265137 0 -0.7248735427856445
      vertex 11.199999809265137 0 0.7248735427856445
    endloop
  endfacet
  facet normal 0 -1 0
    outer loop
      vertex 4.868145942687988 0 -7.5
      vertex 13.674873352050781 0 -1.75
      vertex 12.225125312805176 0 -1.75
    endloop
  endfacet
  facet normal 0 -1 0
    outer loop
      vertex 13.674873352050781 0 -1.75
      vertex 4.868145942687988 0 -7.5
      vertex 59.125125885009766 0 -1.75
    endloop
  endfacet
  facet normal 0 -1 0
    outer loop
      vertex 68.37728118896484 0 -7.5
      vertex 59.125125885009766 0 -1.75
      vertex 4.868145942687988 0 -7.5
    endloop
  endfacet
  facet normal 0 -1 0
    outer loop
      vertex 11.199999809265137 0 -0.7248735427856445
      vertex 4.868145942687988 0 -7.5
      vertex 12.225125312805176 0 -1.75
    endloop
  endfacet
  facet normal 0 -1 0
    outer loop
      vertex 4.868145942687988 0 -7.5
      vertex 11.199999809265137 0 -0.7248735427856445
      vertex 4.868145942687988 0 7.5
    endloop
  endfacet
  facet normal 0 -1 0
    outer loop
      vertex 59.125125885009766 0 1.75
      vertex 4.868145942687988 0 7.5
      vertex 13.674873352050781 0 1.75
    endloop
  endfacet
  facet normal 0 -1 0
    outer loop
      vertex 4.868145942687988 0 7.5
      vertex 59.125125885009766 0 1.75
      vertex 68.37728118896484 0 7.5
    endloop
  endfacet
  facet normal 0 -1 0
    outer loop
      vertex 60.57487487792969 0 1.75
      vertex 68.37728118896484 0 7.5
      vertex 59.125125885009766 0 1.75
    endloop
  endfacet
  facet normal 0 -1 0
    outer loop
      vertex 61.599998474121094 0 0.7248735427856445
      vertex 68.37728118896484 0 7.5
      vertex 60.57487487792969 0 1.75
    endloop
  endfacet
  facet normal 0 -1 0
    outer loop
      vertex 61.599998474121094 0 -0.7248735427856445
      vertex 68.37728118896484 0 7.5
      vertex 61.599998474121094 0 0.7248735427856445
    endloop
  endfacet
  facet normal 0 -1 0
    outer loop
      vertex 61.599998474121094 0 -0.7248735427856445
      vertex 68.37728118896484 0 -7.5
      vertex 68.37728118896484 0 7.5
    endloop
  endfacet
  facet normal 0 -1 0
    outer loop
      vertex 60.57487487792969 0 -1.75
      vertex 68.37728118896484 0 -7.5
      vertex 61.599998474121094 0 -0.7248735427856445
    endloop
  endfacet
  facet normal 0 -1 0
    outer loop
      vertex 59.125125885009766 0 -1.75
      vertex 68.37728118896484 0 -7.5
      vertex 60.57487487792969 0 -1.75
    endloop
  endfacet
  facet normal 0.19509032993262168 -0.9807852788285419 0
    outer loop
      vertex 68.37728118896484 0 -7.5
      vertex 68.72503662109375 0.06917285919189453 7.5
      vertex 68.37728118896484 0 7.5
    endloop
  endfacet
  facet normal 0.19509032993262168 -0.9807852788285419 0
    outer loop
      vertex 68.72503662109375 0.06917285919189453 7.5
      vertex 68.37728118896484 0 -7.5
      vertex 68.72503662109375 0.06917285919189453 -7.5
    endloop
  endfacet
  facet normal 0 0 -1
    outer loop
      vertex 68.37728118896484 0 -7.5
      vertex 43.13082504272461 5.8749589920043945 -7.5
      vertex 43.19999694824219 6.222715377807617 -7.5
    endloop
  endfacet
  facet normal 0 0 -1
    outer loop
      vertex 68.37728118896484 0 -7.5
      vertex 42.995140075683594 5.547380447387695 -7.5
      vertex 43.13082504272461 5.8749589920043945 -7.5
    endloop
  endfacet
  facet normal 0 0 -1
    outer loop
      vertex 68.37728118896484 0 -7.5
      vertex 42.79814910888672 5.252567291259766 -7.5
      vertex 42.995140075683594 5.547380447387695 -7.5
    endloop
  endfacet
  facet normal 0 0 -1
    outer loop
      vertex 68.37728118896484 0 -7.5
      vertex 42.54743194580078 5.001849174499512 -7.5
      vertex 42.79814910888672 5.252567291259766 -7.5
    endloop
  endfacet
  facet normal 0 0 -1
    outer loop
      vertex 68.37728118896484 0 -7.5
      vertex 42.25261688232422 4.804861068725586 -7.5
      vertex 42.54743194580078 5.001849174499512 -7.5
    endloop
  endfacet
  facet normal 0 0 -1
    outer loop
      vertex 68.37728118896484 0 -7.5
      vertex 41.92504119873047 4.669173240661621 -7.5
      vertex 42.25261688232422 4.804861068725586 -7.5
    endloop
  endfacet
  facet normal 0 0 -1
    outer loop
      vertex 68.37728118896484 0 -7.5
      vertex 41.57728576660156 4.600000381469727 -7.5
      vertex 41.92504119873047 4.669173240661621 -7.5
    endloop
  endfacet
  facet normal 0 0 -1
    outer loop
      vertex 4.868145942687988 0 -7.5
      vertex 41.57728576660156 4.600000381469727 -7.5
      vertex 68.37728118896484 0 -7.5
    endloop
  endfacet
  facet normal 0 0 -1
    outer loop
      vertex 41.57728576660156 4.600000381469727 -7.5
      vertex 4.868145942687988 0 -7.5
      vertex 6.222715377807617 4.600000381469727 -7.5
    endloop
  endfacet
  facet normal 0 0 -1
    outer loop
      vertex 4.868145942687988 0 -7.5
      vertex 5.8749589920043945 4.669173240661621 -7.5
      vertex 6.222715377807617 4.600000381469727 -7.5
    endloop
  endfacet
  facet normal 0 0 -1
    outer loop
      vertex 3.8248777389526367 0.2075185775756836 -7.5
      vertex 5.8749589920043945 4.669173240661621 -7.5
      vertex 4.868145942687988 0 -7.5
    endloop
  endfacet
  facet normal 0 0 -1
    outer loop
      vertex 5.8749589920043945 4.669173240661621 -7.5
      vertex 3.8248777389526367 0.2075185775756836 -7.5
      vertex 5.547380447387695 4.804861068725586 -7.5
    endloop
  endfacet
  facet normal 0 0 -1
    outer loop
      vertex 2.8421401977539062 0.6145820617675781 -7.5
      vertex 5.547380447387695 4.804861068725586 -7.5
      vertex 3.8248777389526367 0.2075185775756836 -7.5
    endloop
  endfacet
  facet normal 0 0 -1
    outer loop
      vertex 5.547380447387695 4.804861068725586 -7.5
      vertex 2.8421401977539062 0.6145820617675781 -7.5
      vertex 5.252567291259766 5.001849174499512 -7.5
    endloop
  endfacet
  facet normal 0 0 -1
    outer loop
      vertex 1.9576997756958008 1.205545425415039 -7.5
      vertex 5.252567291259766 5.001849174499512 -7.5
      vertex 2.8421401977539062 0.6145820617675781 -7.5
    endloop
  endfacet
  facet normal 0 0 -1
    outer loop
      vertex 5.252567291259766 5.001849174499512 -7.5
      vertex 1.9576997756958008 1.205545425415039 -7.5
      vertex 5.001849174499512 5.252567291259766 -7.5
    endloop
  endfacet
  facet normal 0 0 -1
    outer loop
      vertex 0.6145820617675781 2.8421401977539062 -7.5
      vertex 5.001849174499512 5.252567291259766 -7.5
      vertex 1.205545425415039 1.9576997756958008 -7.5
    endloop
  endfacet
  facet normal 0 0 -1
    outer loop
      vertex 1.205545425415039 1.9576997756958008 -7.5
      vertex 5.001849174499512 5.252567291259766 -7.5
      vertex 1.9576997756958008 1.205545425415039 -7.5
    endloop
  endfacet
  facet normal 0 0 -1
    outer loop
      vertex 69.93082427978516 1.274958610534668 -7.5
      vertex 70 1.9772844314575195 -7.5
      vertex 70 1.6227149963378906 -7.5
    endloop
  endfacet
  facet normal 0 0 -1
    outer loop
      vertex 69.93082427978516 1.274958610534668 -7.5
      vertex 69.93082427978516 2.325039863586426 -7.5
      vertex 70 1.9772844314575195 -7.5
    endloop
  endfacet
  facet normal 0 0 -1
    outer loop
      vertex 69.79513549804688 0.9473800659179688 -7.5
      vertex 69.93082427978516 2.325039863586426 -7.5
      vertex 69.93082427978516 1.274958610534668 -7.5
    endloop
  endfacet
  facet normal 0 0 -1
    outer loop
      vertex 69.79513549804688 0.9473800659179688 -7.5
      vertex 69.79513549804688 2.6526193618774414 -7.5
      vertex 69.93082427978516 2.325039863586426 -7.5
    endloop
  endfacet
  facet normal 0 0 -1
    outer loop
      vertex 69.59815216064453 0.6525659561157227 -7.5
      vertex 69.79513549804688 2.6526193618774414 -7.5
      vertex 69.79513549804688 0.9473800659179688 -7.5
    endloop
  endfacet
  facet normal 0 0 -1
    outer loop
      vertex 69.59815216064453 0.6525659561157227 -7.5
      vertex 69.59815216064453 2.947432518005371 -7.5
      vertex 69.79513549804688 2.6526193618774414 -7.5
    endloop
  endfacet
  facet normal 0 0 -1
    outer loop
      vertex 69.3474349975586 0.40184783935546875 -7.5
      vertex 69.59815216064453 2.947432518005371 -7.5
      vertex 69.59815216064453 0.6525659561157227 -7.5
    endloop
  endfacet
  facet normal 0 0 -1
    outer loop
      vertex 69.05261993408203 0.20486068725585938 -7.5
      vertex 69.59815216064453 2.947432518005371 -7.5
      vertex 69.3474349975586 0.40184783935546875 -7.5
    endloop
  endfacet
  facet normal 0 0 -1
    outer loop
      vertex 68.72503662109375 0.06917285919189453 -7.5
      vertex 69.59815216064453 2.947432518005371 -7.5
      vertex 69.05261993408203 0.20486068725585938 -7.5
    endloop
  endfacet
  facet normal 0 0 -1
    outer loop
      vertex 68.37728118896484 0 -7.5
      vertex 69.59815216064453 2.947432518005371 -7.5
      vertex 68.72503662109375 0.06917285919189453 -7.5
    endloop
  endfacet
  facet normal 0 0 -1
    outer loop
      vertex 43.19999694824219 6.57728385925293 -7.5
      vertex 68.37728118896484 0 -7.5
      vertex 43.19999694824219 6.222715377807617 -7.5
    endloop
  endfacet
  facet normal 0 0 -1
    outer loop
      vertex 68.37728118896484 0 -7.5
      vertex 43.19999694824219 6.57728385925293 -7.5
      vertex 69.59815216064453 2.947432518005371 -7.5
    endloop
  endfacet
  facet normal 0 0 -1
    outer loop
      vertex 43.13082504272461 6.925040245056152 -7.5
      vertex 69.59815216064453 2.947432518005371 -7.5
      vertex 43.19999694824219 6.57728385925293 -7.5
    endloop
  endfacet
  facet normal 0 0 -1
    outer loop
      vertex 42.995140075683594 7.252618789672852 -7.5
      vertex 69.59815216064453 2.947432518005371 -7.5
      vertex 43.13082504272461 6.925040245056152 -7.5
    endloop
  endfacet
  facet normal 0 0 -1
    outer loop
      vertex 42.79814910888672 7.547431945800781 -7.5
      vertex 69.59815216064453 2.947432518005371 -7.5
      vertex 42.995140075683594 7.252618789672852 -7.5
    endloop
  endfacet
  facet normal 0 0 -1
    outer loop
      vertex 7.547431945800781 42.79814910888672 -7.5
      vertex 69.59815216064453 2.947432518005371 -7.5
      vertex 42.79814910888672 7.547431945800781 -7.5
    endloop
  endfacet
  facet normal 0 0 -1
    outer loop
      vertex 2.947432518005371 69.59815216064453 -7.5
      vertex 7.547431945800781 42.79814910888672 -7.5
      vertex 7.252618789672852 42.995140075683594 -7.5
    endloop
  endfacet
  facet normal 0 0 -1
    outer loop
      vertex 7.547431945800781 42.79814910888672 -7.5
      vertex 2.947432518005371 69.59815216064453 -7.5
      vertex 69.59815216064453 2.947432518005371 -7.5
    endloop
  endfacet
  facet normal 0 0 -1
    outer loop
      vertex 6.925040245056152 43.13082504272461 -7.5
      vertex 2.947432518005371 69.59815216064453 -7.5
      vertex 7.252618789672852 42.995140075683594 -7.5
    endloop
  endfacet
  facet normal 0 0 -1
    outer loop
      vertex 6.57728385925293 43.19999694824219 -7.5
      vertex 2.947432518005371 69.59815216064453 -7.5
      vertex 6.925040245056152 43.13082504272461 -7.5
    endloop
  endfacet
  facet normal 0 0 -1
    outer loop
      vertex 0 68.37728118896484 -7.5
      vertex 6.57728385925293 43.19999694824219 -7.5
      vertex 6.222715377807617 43.19999694824219 -7.5
    endloop
  endfacet
  facet normal 0 0 -1
    outer loop
      vertex 0 68.37728118896484 -7.5
      vertex 6.222715377807617 43.19999694824219 -7.5
      vertex 5.8749589920043945 43.13082504272461 -7.5
    endloop
  endfacet
  facet normal 0 0 -1
    outer loop
      vertex 0 68.37728118896484 -7.5
      vertex 5.8749589920043945 43.13082504272461 -7.5
      vertex 5.547380447387695 42.995140075683594 -7.5
    endloop
  endfacet
  facet normal 0 0 -1
    outer loop
      vertex 0 68.37728118896484 -7.5
      vertex 5.547380447387695 42.995140075683594 -7.5
      vertex 5.252567291259766 42.79814910888672 -7.5
    endloop
  endfacet
  facet normal 0 0 -1
    outer loop
      vertex 0 68.37728118896484 -7.5
      vertex 5.252567291259766 42.79814910888672 -7.5
      vertex 5.001849174499512 42.54743194580078 -7.5
    endloop
  endfacet
  facet normal 0 0 -1
    outer loop
      vertex 0 68.37728118896484 -7.5
      vertex 5.001849174499512 42.54743194580078 -7.5
      vertex 4.804861068725586 42.25261688232422 -7.5
    endloop
  endfacet
  facet normal 0 0 -1
    outer loop
      vertex 0 68.37728118896484 -7.5
      vertex 4.804861068725586 42.25261688232422 -7.5
      vertex 4.669173240661621 41.92504119873047 -7.5
    endloop
  endfacet
  facet normal 0 0 -1
    outer loop
      vertex 0 68.37728118896484 -7.5
      vertex 4.669173240661621 41.92504119873047 -7.5
      vertex 4.600000381469727 41.57728576660156 -7.5
    endloop
  endfacet
  facet normal 0 0 -1
    outer loop
      vertex 4.600000381469727 6.222715377807617 -7.5
      vertex 0 4.868145942687988 -7.5
      vertex 4.600000381469727 41.57728576660156 -7.5
    endloop
  endfacet
  facet normal 0 0 -1
    outer loop
      vertex 5.001849174499512 5.252567291259766 -7.5
      vertex 0.6145820617675781 2.8421401977539062 -7.5
      vertex 4.804861068725586 5.547380447387695 -7.5
    endloop
  endfacet
  facet normal 0 0 -1
    outer loop
      vertex 0 68.37728118896484 -7.5
      vertex 4.600000381469727 41.57728576660156 -7.5
      vertex 0 4.868145942687988 -7.5
    endloop
  endfacet
  facet normal 0 0 -1
    outer loop
      vertex 6.57728385925293 43.19999694824219 -7.5
      vertex 0 68.37728118896484 -7.5
      vertex 2.947432518005371 69.59815216064453 -7.5
    endloop
  endfacet
  facet normal 0 0 -1
    outer loop
      vertex 2.947432518005371 69.59815216064453 -7.5
      vertex 0 68.37728118896484 -7.5
      vertex 2.6526193618774414 69.79513549804688 -7.5
    endloop
  endfacet
  facet normal 0 0 -1
    outer loop
      vertex 0.2075185775756836 3.8248777389526367 -7.5
      vertex 4.804861068725586 5.547380447387695 -7.5
      vertex 0.6145820617675781 2.8421401977539062 -7.5
    endloop
  endfacet
  facet normal 0 0 -1
    outer loop
      vertex 2.6526193618774414 69.79513549804688 -7.5
      vertex 0 68.37728118896484 -7.5
      vertex 2.325039863586426 69.93082427978516 -7.5
    endloop
  endfacet
  facet normal 0 0 -1
    outer loop
      vertex 2.325039863586426 69.93082427978516 -7.5
      vertex 0 68.37728118896484 -7.5
      vertex 1.9772844314575195 70 -7.5
    endloop
  endfacet
  facet normal 0 0 -1
    outer loop
      vertex 4.804861068725586 5.547380447387695 -7.5
      vertex 0.2075185775756836 3.8248777389526367 -7.5
      vertex 4.669173240661621 5.8749589920043945 -7.5
    endloop
  endfacet
  facet normal 0 0 -1
    outer loop
      vertex 1.9772844314575195 70 -7.5
      vertex 0 68.37728118896484 -7.5
      vertex 1.6227149963378906 70 -7.5
    endloop
  endfacet
  facet normal 0 0 -1
    outer loop
      vertex 1.6227149963378906 70 -7.5
      vertex 0 68.37728118896484 -7.5
      vertex 1.274958610534668 69.93082427978516 -7.5
    endloop
  endfacet
  facet normal 0 0 -1
    outer loop
      vertex 0 4.868145942687988 -7.5
      vertex 4.669173240661621 5.8749589920043945 -7.5
      vertex 0.2075185775756836 3.8248777389526367 -7.5
    endloop
  endfacet
  facet normal 0 0 -1
    outer loop
      vertex 1.274958610534668 69.93082427978516 -7.5
      vertex 0 68.37728118896484 -7.5
      vertex 0.9473800659179688 69.79513549804688 -7.5
    endloop
  endfacet
  facet normal 0 0 -1
    outer loop
      vertex 4.669173240661621 5.8749589920043945 -7.5
      vertex 0 4.868145942687988 -7.5
      vertex 4.600000381469727 6.222715377807617 -7.5
    endloop
  endfacet
  facet normal 0 0 -1
    outer loop
      vertex 0.9473800659179688 69.79513549804688 -7.5
      vertex 0 68.37728118896484 -7.5
      vertex 0.6525659561157227 69.59815216064453 -7.5
    endloop
  endfacet
  facet normal 0 0 -1
    outer loop
      vertex 0.6525659561157227 69.59815216064453 -7.5
      vertex 0 68.37728118896484 -7.5
      vertex 0.40184783935546875 69.3474349975586 -7.5
    endloop
  endfacet
  facet normal 0 0 -1
    outer loop
      vertex 0.40184783935546875 69.3474349975586 -7.5
      vertex 0 68.37728118896484 -7.5
      vertex 0.20486068725585938 69.05261993408203 -7.5
    endloop
  endfacet
  facet normal 0 0 -1
    outer loop
      vertex 0.20486068725585938 69.05261993408203 -7.5
      vertex 0 68.37728118896484 -7.5
      vertex 0.06917285919189453 68.72503662109375 -7.5
    endloop
  endfacet
  facet normal 0 0 1
    outer loop
      vertex 0 68.37728118896484 7.5
      vertex 3.59999942779541 68.37728118896484 7.5
      vertex 3.5308265686035156 68.72503662109375 7.5
    endloop
  endfacet
  facet normal 0 0 1
    outer loop
      vertex 69.93082427978516 2.325039863586426 7.5
      vertex 70 1.6227149963378906 7.5
      vertex 70 1.9772844314575195 7.5
    endloop
  endfacet
  facet normal 0 0 1
    outer loop
      vertex 69.93082427978516 2.325039863586426 7.5
      vertex 69.93082427978516 1.274958610534668 7.5
      vertex 70 1.6227149963378906 7.5
    endloop
  endfacet
  facet normal 0 0 1
    outer loop
      vertex 69.79513549804688 2.6526193618774414 7.5
      vertex 69.93082427978516 1.274958610534668 7.5
      vertex 69.93082427978516 2.325039863586426 7.5
    endloop
  endfacet
  facet normal 0 0 1
    outer loop
      vertex 69.79513549804688 2.6526193618774414 7.5
      vertex 69.79513549804688 0.9473800659179688 7.5
      vertex 69.93082427978516 1.274958610534668 7.5
    endloop
  endfacet
  facet normal 0 0 1
    outer loop
      vertex 69.59815216064453 2.947432518005371 7.5
      vertex 69.79513549804688 0.9473800659179688 7.5
      vertex 69.79513549804688 2.6526193618774414 7.5
    endloop
  endfacet
  facet normal 0 0 1
    outer loop
      vertex 69.59815216064453 2.947432518005371 7.5
      vertex 69.59815216064453 0.6525659561157227 7.5
      vertex 69.79513549804688 0.9473800659179688 7.5
    endloop
  endfacet
  facet normal 0 0 1
    outer loop
      vertex 69.3474349975586 3.198150634765625 7.5
      vertex 69.59815216064453 0.6525659561157227 7.5
      vertex 69.59815216064453 2.947432518005371 7.5
    endloop
  endfacet
  facet normal 0 0 1
    outer loop
      vertex 69.3474349975586 3.198150634765625 7.5
      vertex 69.3474349975586 0.40184783935546875 7.5
      vertex 69.59815216064453 0.6525659561157227 7.5
    endloop
  endfacet
  facet normal 0 0 1
    outer loop
      vertex 69.05261993408203 3.395138740539551 7.5
      vertex 69.3474349975586 0.40184783935546875 7.5
      vertex 69.3474349975586 3.198150634765625 7.5
    endloop
  endfacet
  facet normal 0 0 1
    outer loop
      vertex 69.05261993408203 3.395138740539551 7.5
      vertex 69.05261993408203 0.20486068725585938 7.5
      vertex 69.3474349975586 0.40184783935546875 7.5
    endloop
  endfacet
  facet normal 0 0 1
    outer loop
      vertex 68.72503662109375 3.5308265686035156 7.5
      vertex 69.05261993408203 0.20486068725585938 7.5
      vertex 69.05261993408203 3.395138740539551 7.5
    endloop
  endfacet
  facet normal 0 0 1
    outer loop
      vertex 68.72503662109375 3.5308265686035156 7.5
      vertex 68.72503662109375 0.06917285919189453 7.5
      vertex 69.05261993408203 0.20486068725585938 7.5
    endloop
  endfacet
  facet normal 0 0 1
    outer loop
      vertex 68.37728118896484 3.59999942779541 7.5
      vertex 68.72503662109375 0.06917285919189453 7.5
      vertex 68.72503662109375 3.5308265686035156 7.5
    endloop
  endfacet
  facet normal 0 0 1
    outer loop
      vertex 68.37728118896484 3.59999942779541 7.5
      vertex 68.37728118896484 0 7.5
      vertex 68.72503662109375 0.06917285919189453 7.5
    endloop
  endfacet
  facet normal 0 0 1
    outer loop
      vertex 5.222715377807617 3.59999942779541 7.5
      vertex 68.37728118896484 0 7.5
      vertex 68.37728118896484 3.59999942779541 7.5
    endloop
  endfacet
  facet normal 0 0 1
    outer loop
      vertex 5.222715377807617 3.59999942779541 7.5
      vertex 4.868145942687988 0 7.5
      vertex 68.37728118896484 0 7.5
    endloop
  endfacet
  facet normal 0 0 1
    outer loop
      vertex 4.8749589920043945 3.6691722869873047 7.5
      vertex 4.868145942687988 0 7.5
      vertex 5.222715377807617 3.59999942779541 7.5
    endloop
  endfacet
  facet normal 0 0 1
    outer loop
      vertex 3.8248777389526367 0.2075185775756836 7.5
      vertex 4.8749589920043945 3.6691722869873047 7.5
      vertex 4.547379493713379 3.8048601150512695 7.5
    endloop
  endfacet
  facet normal 0 0 1
    outer loop
      vertex 2.8421401977539062 0.6145820617675781 7.5
      vertex 4.547379493713379 3.8048601150512695 7.5
      vertex 4.252566337585449 4.001848220825195 7.5
    endloop
  endfacet
  facet normal 0 0 1
    outer loop
      vertex 1.9576997756958008 1.205545425415039 7.5
      vertex 4.252566337585449 4.001848220825195 7.5
      vertex 4.001848220825195 4.252566337585449 7.5
    endloop
  endfacet
  facet normal 0 0 1
    outer loop
      vertex 4.8749589920043945 3.6691722869873047 7.5
      vertex 3.8248777389526367 0.2075185775756836 7.5
      vertex 4.868145942687988 0 7.5
    endloop
  endfacet
  facet normal 0 0 1
    outer loop
      vertex 1.205545425415039 1.9576997756958008 7.5
      vertex 4.001848220825195 4.252566337585449 7.5
      vertex 3.8048601150512695 4.547379493713379 7.5
    endloop
  endfacet
  facet normal 0 0 1
    outer loop
      vertex 0.6145820617675781 2.8421401977539062 7.5
      vertex 3.8048601150512695 4.547379493713379 7.5
      vertex 3.6691722869873047 4.8749589920043945 7.5
    endloop
  endfacet
  facet normal 0 0 1
    outer loop
      vertex 0.2075185775756836 3.8248777389526367 7.5
      vertex 3.6691722869873047 4.8749589920043945 7.5
      vertex 3.59999942779541 5.222715377807617 7.5
    endloop
  endfacet
  facet normal 0 0 1
    outer loop
      vertex 0 68.37728118896484 7.5
      vertex 3.5308265686035156 68.72503662109375 7.5
      vertex 3.395138740539551 69.05261993408203 7.5
    endloop
  endfacet
  facet normal 0 0 1
    outer loop
      vertex 0 68.37728118896484 7.5
      vertex 3.395138740539551 69.05261993408203 7.5
      vertex 3.198150634765625 69.3474349975586 7.5
    endloop
  endfacet
  facet normal 0 0 1
    outer loop
      vertex 0 68.37728118896484 7.5
      vertex 3.198150634765625 69.3474349975586 7.5
      vertex 2.947432518005371 69.59815216064453 7.5
    endloop
  endfacet
  facet normal 0 0 1
    outer loop
      vertex 4.547379493713379 3.8048601150512695 7.5
      vertex 2.8421401977539062 0.6145820617675781 7.5
      vertex 3.8248777389526367 0.2075185775756836 7.5
    endloop
  endfacet
  facet normal 0 0 1
    outer loop
      vertex 3.59999942779541 68.37728118896484 7.5
      vertex 0 68.37728118896484 7.5
      vertex 3.59999942779541 5.222715377807617 7.5
    endloop
  endfacet
  facet normal 0 0 1
    outer loop
      vertex 0 68.37728118896484 7.5
      vertex 2.947432518005371 69.59815216064453 7.5
      vertex 2.6526193618774414 69.79513549804688 7.5
    endloop
  endfacet
  facet normal 0 0 1
    outer loop
      vertex 0 68.37728118896484 7.5
      vertex 2.6526193618774414 69.79513549804688 7.5
      vertex 2.325039863586426 69.93082427978516 7.5
    endloop
  endfacet
  facet normal 0 0 1
    outer loop
      vertex 0 68.37728118896484 7.5
      vertex 2.325039863586426 69.93082427978516 7.5
      vertex 1.9772844314575195 70 7.5
    endloop
  endfacet
  facet normal 0 0 1
    outer loop
      vertex 0.2075185775756836 3.8248777389526367 7.5
      vertex 3.59999942779541 5.222715377807617 7.5
      vertex 0 4.868145942687988 7.5
    endloop
  endfacet
  facet normal 0 0 1
    outer loop
      vertex 0 68.37728118896484 7.5
      vertex 1.9772844314575195 70 7.5
      vertex 1.6227149963378906 70 7.5
    endloop
  endfacet
  facet normal 0 0 1
    outer loop
      vertex 0 68.37728118896484 7.5
      vertex 1.6227149963378906 70 7.5
      vertex 1.274958610534668 69.93082427978516 7.5
    endloop
  endfacet
  facet normal 0 0 1
    outer loop
      vertex 4.252566337585449 4.001848220825195 7.5
      vertex 1.9576997756958008 1.205545425415039 7.5
      vertex 2.8421401977539062 0.6145820617675781 7.5
    endloop
  endfacet
  facet normal 0 0 1
    outer loop
      vertex 0 68.37728118896484 7.5
      vertex 1.274958610534668 69.93082427978516 7.5
      vertex 0.9473800659179688 69.79513549804688 7.5
    endloop
  endfacet
  facet normal 0 0 1
    outer loop
      vertex 0 68.37728118896484 7.5
      vertex 0.9473800659179688 69.79513549804688 7.5
      vertex 0.6525659561157227 69.59815216064453 7.5
    endloop
  endfacet
  facet normal 0 0 1
    outer loop
      vertex 4.001848220825195 4.252566337585449 7.5
      vertex 1.205545425415039 1.9576997756958008 7.5
      vertex 1.9576997756958008 1.205545425415039 7.5
    endloop
  endfacet
  facet normal 0 0 1
    outer loop
      vertex 0 68.37728118896484 7.5
      vertex 0.6525659561157227 69.59815216064453 7.5
      vertex 0.40184783935546875 69.3474349975586 7.5
    endloop
  endfacet
  facet normal 0 0 1
    outer loop
      vertex 3.8048601150512695 4.547379493713379 7.5
      vertex 0.6145820617675781 2.8421401977539062 7.5
      vertex 1.205545425415039 1.9576997756958008 7.5
    endloop
  endfacet
  facet normal 0 0 1
    outer loop
      vertex 0 68.37728118896484 7.5
      vertex 0.40184783935546875 69.3474349975586 7.5
      vertex 0.20486068725585938 69.05261993408203 7.5
    endloop
  endfacet
  facet normal 0 0 1
    outer loop
      vertex 0 68.37728118896484 7.5
      vertex 0.20486068725585938 69.05261993408203 7.5
      vertex 0.06917285919189453 68.72503662109375 7.5
    endloop
  endfacet
  facet normal 0 0 1
    outer loop
      vertex 3.59999942779541 5.222715377807617 7.5
      vertex 0 68.37728118896484 7.5
      vertex 0 4.868145942687988 7.5
    endloop
  endfacet
  facet normal 0 0 1
    outer loop
      vertex 3.6691722869873047 4.8749589920043945 7.5
      vertex 0.2075185775756836 3.8248777389526367 7.5
      vertex 0.6145820617675781 2.8421401977539062 7.5
    endloop
  endfacet
  facet normal 0 0 1
    outer loop
      vertex 68.37728118896484 3.59999942779541 -5.5
      vertex 43.13082504272461 6.925040245056152 -5.5
      vertex 43.19999694824219 6.57728385925293 -5.5
    endloop
  endfacet
  facet normal 0 0 1
    outer loop
      vertex 68.37728118896484 3.59999942779541 -5.5
      vertex 42.995140075683594 7.252618789672852 -5.5
      vertex 43.13082504272461 6.925040245056152 -5.5
    endloop
  endfacet
  facet normal 0 0 1
    outer loop
      vertex 68.37728118896484 3.59999942779541 -5.5
      vertex 42.79814910888672 7.547431945800781 -5.5
      vertex 42.995140075683594 7.252618789672852 -5.5
    endloop
  endfacet
  facet normal 0 0 1
    outer loop
      vertex 68.37728118896484 3.59999942779541 -5.5
      vertex 7.547431945800781 42.79814910888672 -5.5
      vertex 42.79814910888672 7.547431945800781 -5.5
    endloop
  endfacet
  facet normal 0 0 1
    outer loop
      vertex 3.59999942779541 68.37728118896484 -5.5
      vertex 68.37728118896484 3.59999942779541 -5.5
      vertex 68.72503662109375 3.5308265686035156 -5.5
    endloop
  endfacet
  facet normal 0 0 1
    outer loop
      vertex 3.5308265686035156 68.72503662109375 -5.5
      vertex 68.72503662109375 3.5308265686035156 -5.5
      vertex 69.05261993408203 3.395138740539551 -5.5
    endloop
  endfacet
  facet normal 0 0 1
    outer loop
      vertex 68.37728118896484 3.59999942779541 -5.5
      vertex 3.59999942779541 68.37728118896484 -5.5
      vertex 7.547431945800781 42.79814910888672 -5.5
    endloop
  endfacet
  facet normal 0 0 1
    outer loop
      vertex 3.59999942779541 5.222715377807617 -5.5
      vertex 4.600000381469727 6.222715377807617 -5.5
      vertex 4.600000381469727 41.57728576660156 -5.5
    endloop
  endfacet
  facet normal 0 0 1
    outer loop
      vertex 3.6691722869873047 4.8749589920043945 -5.5
      vertex 4.600000381469727 6.222715377807617 -5.5
      vertex 3.59999942779541 5.222715377807617 -5.5
    endloop
  endfacet
  facet normal 0 0 1
    outer loop
      vertex 4.600000381469727 6.222715377807617 -5.5
      vertex 4.252566337585449 4.001848220825195 -5.5
      vertex 4.547379493713379 3.8048601150512695 -5.5
    endloop
  endfacet
  facet normal 0 0 1
    outer loop
      vertex 4.600000381469727 6.222715377807617 -5.5
      vertex 4.001848220825195 4.252566337585449 -5.5
      vertex 4.252566337585449 4.001848220825195 -5.5
    endloop
  endfacet
  facet normal 0 0 1
    outer loop
      vertex 4.600000381469727 6.222715377807617 -5.5
      vertex 3.8048601150512695 4.547379493713379 -5.5
      vertex 4.001848220825195 4.252566337585449 -5.5
    endloop
  endfacet
  facet normal 0 0 1
    outer loop
      vertex 3.59999942779541 5.222715377807617 -5.5
      vertex 4.600000381469727 41.57728576660156 -5.5
      vertex 3.59999942779541 68.37728118896484 -5.5
    endloop
  endfacet
  facet normal 0 0 1
    outer loop
      vertex 4.669173240661621 41.92504119873047 -5.5
      vertex 3.59999942779541 68.37728118896484 -5.5
      vertex 4.600000381469727 41.57728576660156 -5.5
    endloop
  endfacet
  facet normal 0 0 1
    outer loop
      vertex 4.804861068725586 42.25261688232422 -5.5
      vertex 3.59999942779541 68.37728118896484 -5.5
      vertex 4.669173240661621 41.92504119873047 -5.5
    endloop
  endfacet
  facet normal 0 0 1
    outer loop
      vertex 5.001849174499512 42.54743194580078 -5.5
      vertex 3.59999942779541 68.37728118896484 -5.5
      vertex 4.804861068725586 42.25261688232422 -5.5
    endloop
  endfacet
  facet normal 0 0 1
    outer loop
      vertex 5.252567291259766 42.79814910888672 -5.5
      vertex 3.59999942779541 68.37728118896484 -5.5
      vertex 5.001849174499512 42.54743194580078 -5.5
    endloop
  endfacet
  facet normal 0 0 1
    outer loop
      vertex 5.547380447387695 42.995140075683594 -5.5
      vertex 3.59999942779541 68.37728118896484 -5.5
      vertex 5.252567291259766 42.79814910888672 -5.5
    endloop
  endfacet
  facet normal 0 0 1
    outer loop
      vertex 5.8749589920043945 43.13082504272461 -5.5
      vertex 3.59999942779541 68.37728118896484 -5.5
      vertex 5.547380447387695 42.995140075683594 -5.5
    endloop
  endfacet
  facet normal 0 0 1
    outer loop
      vertex 6.222715377807617 43.19999694824219 -5.5
      vertex 3.59999942779541 68.37728118896484 -5.5
      vertex 5.8749589920043945 43.13082504272461 -5.5
    endloop
  endfacet
  facet normal 0 0 1
    outer loop
      vertex 6.57728385925293 43.19999694824219 -5.5
      vertex 3.59999942779541 68.37728118896484 -5.5
      vertex 6.222715377807617 43.19999694824219 -5.5
    endloop
  endfacet
  facet normal 0 0 1
    outer loop
      vertex 6.925040245056152 43.13082504272461 -5.5
      vertex 3.59999942779541 68.37728118896484 -5.5
      vertex 6.57728385925293 43.19999694824219 -5.5
    endloop
  endfacet
  facet normal 0 0 1
    outer loop
      vertex 7.252618789672852 42.995140075683594 -5.5
      vertex 3.59999942779541 68.37728118896484 -5.5
      vertex 6.925040245056152 43.13082504272461 -5.5
    endloop
  endfacet
  facet normal 0 0 1
    outer loop
      vertex 7.547431945800781 42.79814910888672 -5.5
      vertex 3.59999942779541 68.37728118896484 -5.5
      vertex 7.252618789672852 42.995140075683594 -5.5
    endloop
  endfacet
  facet normal 0 0 1
    outer loop
      vertex 3.395138740539551 69.05261993408203 -5.5
      vertex 69.05261993408203 3.395138740539551 -5.5
      vertex 69.3474349975586 3.198150634765625 -5.5
    endloop
  endfacet
  facet normal 0 0 1
    outer loop
      vertex 68.72503662109375 3.5308265686035156 -5.5
      vertex 3.5308265686035156 68.72503662109375 -5.5
      vertex 3.59999942779541 68.37728118896484 -5.5
    endloop
  endfacet
  facet normal 0 0 1
    outer loop
      vertex 69.05261993408203 3.395138740539551 -5.5
      vertex 3.395138740539551 69.05261993408203 -5.5
      vertex 3.5308265686035156 68.72503662109375 -5.5
    endloop
  endfacet
  facet normal 0 0 1
    outer loop
      vertex 3.395138740539551 69.05261993408203 -5.5
      vertex 69.3474349975586 3.198150634765625 -5.5
      vertex 3.198150634765625 69.3474349975586 -5.5
    endloop
  endfacet
  facet normal 0 0 1
    outer loop
      vertex 43.19999694824219 6.222715377807617 -5.5
      vertex 68.37728118896484 3.59999942779541 -5.5
      vertex 43.19999694824219 6.57728385925293 -5.5
    endloop
  endfacet
  facet normal 0 0 1
    outer loop
      vertex 43.13082504272461 5.8749589920043945 -5.5
      vertex 68.37728118896484 3.59999942779541 -5.5
      vertex 43.19999694824219 6.222715377807617 -5.5
    endloop
  endfacet
  facet normal 0 0 1
    outer loop
      vertex 42.995140075683594 5.547380447387695 -5.5
      vertex 68.37728118896484 3.59999942779541 -5.5
      vertex 43.13082504272461 5.8749589920043945 -5.5
    endloop
  endfacet
  facet normal 0 0 1
    outer loop
      vertex 42.79814910888672 5.252567291259766 -5.5
      vertex 68.37728118896484 3.59999942779541 -5.5
      vertex 42.995140075683594 5.547380447387695 -5.5
    endloop
  endfacet
  facet normal 0 0 1
    outer loop
      vertex 42.54743194580078 5.001849174499512 -5.5
      vertex 68.37728118896484 3.59999942779541 -5.5
      vertex 42.79814910888672 5.252567291259766 -5.5
    endloop
  endfacet
  facet normal 0 0 1
    outer loop
      vertex 42.25261688232422 4.804861068725586 -5.5
      vertex 68.37728118896484 3.59999942779541 -5.5
      vertex 42.54743194580078 5.001849174499512 -5.5
    endloop
  endfacet
  facet normal 0 0 1
    outer loop
      vertex 41.92504119873047 4.669173240661621 -5.5
      vertex 68.37728118896484 3.59999942779541 -5.5
      vertex 42.25261688232422 4.804861068725586 -5.5
    endloop
  endfacet
  facet normal 0 0 1
    outer loop
      vertex 41.57728576660156 4.600000381469727 -5.5
      vertex 68.37728118896484 3.59999942779541 -5.5
      vertex 41.92504119873047 4.669173240661621 -5.5
    endloop
  endfacet
  facet normal 0 0 1
    outer loop
      vertex 5.222715377807617 3.59999942779541 -5.5
      vertex 41.57728576660156 4.600000381469727 -5.5
      vertex 6.222715377807617 4.600000381469727 -5.5
    endloop
  endfacet
  facet normal 0 0 1
    outer loop
      vertex 41.57728576660156 4.600000381469727 -5.5
      vertex 5.222715377807617 3.59999942779541 -5.5
      vertex 68.37728118896484 3.59999942779541 -5.5
    endloop
  endfacet
  facet normal 0 0 1
    outer loop
      vertex 5.8749589920043945 4.669173240661621 -5.5
      vertex 5.222715377807617 3.59999942779541 -5.5
      vertex 6.222715377807617 4.600000381469727 -5.5
    endloop
  endfacet
  facet normal 0 0 1
    outer loop
      vertex 5.547380447387695 4.804861068725586 -5.5
      vertex 5.222715377807617 3.59999942779541 -5.5
      vertex 5.8749589920043945 4.669173240661621 -5.5
    endloop
  endfacet
  facet normal 0 0 1
    outer loop
      vertex 4.8749589920043945 3.6691722869873047 -5.5
      vertex 5.547380447387695 4.804861068725586 -5.5
      vertex 5.252567291259766 5.001849174499512 -5.5
    endloop
  endfacet
  facet normal 0 0 1
    outer loop
      vertex 4.547379493713379 3.8048601150512695 -5.5
      vertex 5.252567291259766 5.001849174499512 -5.5
      vertex 5.001849174499512 5.252567291259766 -5.5
    endloop
  endfacet
  facet normal 0 0 1
    outer loop
      vertex 5.547380447387695 4.804861068725586 -5.5
      vertex 4.8749589920043945 3.6691722869873047 -5.5
      vertex 5.222715377807617 3.59999942779541 -5.5
    endloop
  endfacet
  facet normal 0 0 1
    outer loop
      vertex 4.547379493713379 3.8048601150512695 -5.5
      vertex 5.001849174499512 5.252567291259766 -5.5
      vertex 4.804861068725586 5.547380447387695 -5.5
    endloop
  endfacet
  facet normal 0 0 1
    outer loop
      vertex 4.547379493713379 3.8048601150512695 -5.5
      vertex 4.804861068725586 5.547380447387695 -5.5
      vertex 4.669173240661621 5.8749589920043945 -5.5
    endloop
  endfacet
  facet normal 0 0 1
    outer loop
      vertex 4.547379493713379 3.8048601150512695 -5.5
      vertex 4.669173240661621 5.8749589920043945 -5.5
      vertex 4.600000381469727 6.222715377807617 -5.5
    endloop
  endfacet
  facet normal 0 0 1
    outer loop
      vertex 5.252567291259766 5.001849174499512 -5.5
      vertex 4.547379493713379 3.8048601150512695 -5.5
      vertex 4.8749589920043945 3.6691722869873047 -5.5
    endloop
  endfacet
  facet normal 0 0 1
    outer loop
      vertex 4.600000381469727 6.222715377807617 -5.5
      vertex 3.6691722869873047 4.8749589920043945 -5.5
      vertex 3.8048601150512695 4.547379493713379 -5.5
    endloop
  endfacet
  facet normal -0.7071067811865475 0 -0.7071067811865475
    outer loop
      vertex 14.699999809265137 0 0.7248735427856445
      vertex 13.674873352050781 3.59999942779541 1.75
      vertex 14.699999809265137 3.59999942779541 0.7248735427856445
    endloop
  endfacet
  facet normal -0.7071067811865475 0 -0.7071067811865475
    outer loop
      vertex 13.674873352050781 3.59999942779541 1.75
      vertex 14.699999809265137 0 0.7248735427856445
      vertex 13.674873352050781 0 1.75
    endloop
  endfacet
  facet normal 0 0 -1
    outer loop
      vertex 0 12.225125312805176 1.75
      vertex 3.59999942779541 13.674873352050781 1.75
      vertex 3.59999942779541 12.225125312805176 1.75
    endloop
  endfacet
  facet normal 0 0 -1
    outer loop
      vertex 3.59999942779541 13.674873352050781 1.75
      vertex 0 12.225125312805176 1.75
      vertex 0 13.674873352050781 1.75
    endloop
  endfacet
  facet normal 0 0 -1
    outer loop
      vertex 12.225125312805176 0 1.75
      vertex 13.674873352050781 3.59999942779541 1.75
      vertex 13.674873352050781 0 1.75
    endloop
  endfacet
  facet normal 0 0 -1
    outer loop
      vertex 13.674873352050781 3.59999942779541 1.75
      vertex 12.225125312805176 0 1.75
      vertex 12.225125312805176 3.59999942779541 1.75
    endloop
  endfacet
  facet normal 0 0 1
    outer loop
      vertex 0 13.674873352050781 -1.75
      vertex 3.59999942779541 12.225125312805176 -1.75
      vertex 3.59999942779541 13.674873352050781 -1.75
    endloop
  endfacet
  facet normal 0 0 1
    outer loop
      vertex 3.59999942779541 12.225125312805176 -1.75
      vertex 0 13.674873352050781 -1.75
      vertex 0 12.225125312805176 -1.75
    endloop
  endfacet
  facet normal 0 0 1
    outer loop
      vertex 12.225125312805176 3.59999942779541 -1.75
      vertex 13.674873352050781 0 -1.75
      vertex 13.674873352050781 3.59999942779541 -1.75
    endloop
  endfacet
  facet normal 0 0 1
    outer loop
      vertex 13.674873352050781 0 -1.75
      vertex 12.225125312805176 3.59999942779541 -1.75
      vertex 12.225125312805176 0 -1.75
    endloop
  endfacet
  facet normal 0.7071071100970581 0 0.7071064522758839
    outer loop
      vertex 11.199999809265137 0 -0.7248735427856445
      vertex 12.225125312805176 3.59999942779541 -1.75
      vertex 11.199999809265137 3.59999942779541 -0.7248735427856445
    endloop
  endfacet
  facet normal 0.7071071100970581 0 0.7071064522758839
    outer loop
      vertex 12.225125312805176 3.59999942779541 -1.75
      vertex 11.199999809265137 0 -0.7248735427856445
      vertex 12.225125312805176 0 -1.75
    endloop
  endfacet
  facet normal 0.7071071100970581 0 -0.7071064522758839
    outer loop
      vertex 12.225125312805176 0 1.75
      vertex 11.199999809265137 3.59999942779541 0.7248735427856445
      vertex 12.225125312805176 3.59999942779541 1.75
    endloop
  endfacet
  facet normal 0.7071071100970581 0 -0.7071064522758839
    outer loop
      vertex 11.199999809265137 3.59999942779541 0.7248735427856445
      vertex 12.225125312805176 0 1.75
      vertex 11.199999809265137 0 0.7248735427856445
    endloop
  endfacet
  facet normal 1 0 0
    outer loop
      vertex 11.199999809265137 0 0.7248735427856445
      vertex 11.199999809265137 3.59999942779541 -0.7248735427856445
      vertex 11.199999809265137 3.59999942779541 0.7248735427856445
    endloop
  endfacet
  facet normal 1 0 0
    outer loop
      vertex 11.199999809265137 3.59999942779541 -0.7248735427856445
      vertex 11.199999809265137 0 0.7248735427856445
      vertex 11.199999809265137 0 -0.7248735427856445
    endloop
  endfacet
  facet normal -0.7071067811865475 0 0.7071067811865475
    outer loop
      vertex 13.674873352050781 0 -1.75
      vertex 14.699999809265137 3.59999942779541 -0.7248735427856445
      vertex 13.674873352050781 3.59999942779541 -1.75
    endloop
  endfacet
  facet normal -0.7071067811865475 0 0.7071067811865475
    outer loop
      vertex 14.699999809265137 3.59999942779541 -0.7248735427856445
      vertex 13.674873352050781 0 -1.75
      vertex 14.699999809265137 0 -0.7248735427856445
    endloop
  endfacet
  facet normal -1 0 0
    outer loop
      vertex 14.699999809265137 0 -0.7248735427856445
      vertex 14.699999809265137 3.59999942779541 0.7248735427856445
      vertex 14.699999809265137 3.59999942779541 -0.7248735427856445
    endloop
  endfacet
  facet normal -1 0 0
    outer loop
      vertex 14.699999809265137 3.59999942779541 0.7248735427856445
      vertex 14.699999809265137 0 -0.7248735427856445
      vertex 14.699999809265137 0 0.7248735427856445
    endloop
  endfacet
  facet normal 0 0 1
    outer loop
      vertex 59.125125885009766 3.59999942779541 -1.75
      vertex 60.57487487792969 0 -1.75
      vertex 60.57487487792969 3.59999942779541 -1.75
    endloop
  endfacet
  facet normal 0 0 1
    outer loop
      vertex 60.57487487792969 0 -1.75
      vertex 59.125125885009766 3.59999942779541 -1.75
      vertex 59.125125885009766 0 -1.75
    endloop
  endfacet
  facet normal 0 0 -1
    outer loop
      vertex 59.125125885009766 0 1.75
      vertex 60.57487487792969 3.59999942779541 1.75
      vertex 60.57487487792969 0 1.75
    endloop
  endfacet
  facet normal 0 0 -1
    outer loop
      vertex 60.57487487792969 3.59999942779541 1.75
      vertex 59.125125885009766 0 1.75
      vertex 59.125125885009766 3.59999942779541 1.75
    endloop
  endfacet
  facet normal 1 0 0
    outer loop
      vertex 58.099998474121094 0 0.7248735427856445
      vertex 58.099998474121094 3.59999942779541 -0.7248735427856445
      vertex 58.099998474121094 3.59999942779541 0.7248735427856445
    endloop
  endfacet
  facet normal 1 0 0
    outer loop
      vertex 58.099998474121094 3.59999942779541 -0.7248735427856445
      vertex 58.099998474121094 0 0.7248735427856445
      vertex 58.099998474121094 0 -0.7248735427856445
    endloop
  endfacet
  facet normal -0.7071077679185385 0 -0.7071057944531798
    outer loop
      vertex 61.599998474121094 0 0.7248735427856445
      vertex 60.57487487792969 3.59999942779541 1.75
      vertex 61.599998474121094 3.59999942779541 0.7248735427856445
    endloop
  endfacet
  facet normal -0.7071077679185385 0 -0.7071057944531798
    outer loop
      vertex 60.57487487792969 3.59999942779541 1.75
      vertex 61.599998474121094 0 0.7248735427856445
      vertex 60.57487487792969 0 1.75
    endloop
  endfacet
  facet normal -1 0 0
    outer loop
      vertex 61.599998474121094 0 -0.7248735427856445
      vertex 61.599998474121094 3.59999942779541 0.7248735427856445
      vertex 61.599998474121094 3.59999942779541 -0.7248735427856445
    endloop
  endfacet
  facet normal -1 0 0
    outer loop
      vertex 61.599998474121094 3.59999942779541 0.7248735427856445
      vertex 61.599998474121094 0 -0.7248735427856445
      vertex 61.599998474121094 0 0.7248735427856445
    endloop
  endfacet
  facet normal 0.7071064522761898 0 -0.7071071100967521
    outer loop
      vertex 58.099998474121094 0 0.7248735427856445
      vertex 59.125125885009766 3.59999942779541 1.75
      vertex 59.125125885009766 0 1.75
    endloop
  endfacet
  facet normal 0.7071064522761898 0 -0.7071071100967521
    outer loop
      vertex 59.125125885009766 3.59999942779541 1.75
      vertex 58.099998474121094 0 0.7248735427856445
      vertex 58.099998474121094 3.59999942779541 0.7248735427856445
    endloop
  endfacet
  facet normal 0.7071064522761898 0 0.7071071100967521
    outer loop
      vertex 58.099998474121094 3.59999942779541 -0.7248735427856445
      vertex 59.125125885009766 0 -1.75
      vertex 59.125125885009766 3.59999942779541 -1.75
    endloop
  endfacet
  facet normal 0.7071064522761898 0 0.7071071100967521
    outer loop
      vertex 59.125125885009766 0 -1.75
      vertex 58.099998474121094 3.59999942779541 -0.7248735427856445
      vertex 58.099998474121094 0 -0.7248735427856445
    endloop
  endfacet
  facet normal -0.7071077679185385 0 0.7071057944531798
    outer loop
      vertex 60.57487487792969 0 -1.75
      vertex 61.599998474121094 3.59999942779541 -0.7248735427856445
      vertex 60.57487487792969 3.59999942779541 -1.75
    endloop
  endfacet
  facet normal -0.7071077679185385 0 0.7071057944531798
    outer loop
      vertex 61.599998474121094 3.59999942779541 -0.7248735427856445
      vertex 60.57487487792969 0 -1.75
      vertex 61.599998474121094 0 -0.7248735427856445
    endloop
  endfacet
  facet normal 0 -0.7071067811865475 -0.7071067811865475
    outer loop
      vertex 0 14.699999809265137 0.7248735427856445
      vertex 3.59999942779541 13.674873352050781 1.75
      vertex 0 13.674873352050781 1.75
    endloop
  endfacet
  facet normal 0 -0.7071067811865475 -0.7071067811865475
    outer loop
      vertex 3.59999942779541 13.674873352050781 1.75
      vertex 0 14.699999809265137 0.7248735427856445
      vertex 3.59999942779541 14.699999809265137 0.7248735427856445
    endloop
  endfacet
  facet normal 0 0.7071071100970581 0.7071064522758839
    outer loop
      vertex 3.59999942779541 12.225125312805176 -1.75
      vertex 0 11.199999809265137 -0.7248735427856445
      vertex 3.59999942779541 11.199999809265137 -0.7248735427856445
    endloop
  endfacet
  facet normal 0 0.7071071100970581 0.7071064522758839
    outer loop
      vertex 0 11.199999809265137 -0.7248735427856445
      vertex 3.59999942779541 12.225125312805176 -1.75
      vertex 0 12.225125312805176 -1.75
    endloop
  endfacet
  facet normal 0 0.7071071100970581 -0.7071064522758839
    outer loop
      vertex 3.59999942779541 11.199999809265137 0.7248735427856445
      vertex 0 12.225125312805176 1.75
      vertex 3.59999942779541 12.225125312805176 1.75
    endloop
  endfacet
  facet normal 0 0.7071071100970581 -0.7071064522758839
    outer loop
      vertex 0 12.225125312805176 1.75
      vertex 3.59999942779541 11.199999809265137 0.7248735427856445
      vertex 0 11.199999809265137 0.7248735427856445
    endloop
  endfacet
  facet normal 0 -0.7071067811865475 0.7071067811865475
    outer loop
      vertex 0 13.674873352050781 -1.75
      vertex 3.59999942779541 14.699999809265137 -0.7248735427856445
      vertex 0 14.699999809265137 -0.7248735427856445
    endloop
  endfacet
  facet normal 0 -0.7071067811865475 0.7071067811865475
    outer loop
      vertex 3.59999942779541 14.699999809265137 -0.7248735427856445
      vertex 0 13.674873352050781 -1.75
      vertex 3.59999942779541 13.674873352050781 -1.75
    endloop
  endfacet
  facet normal 0 1 0
    outer loop
      vertex 3.59999942779541 11.199999809265137 -0.7248735427856445
      vertex 0 11.199999809265137 0.7248735427856445
      vertex 3.59999942779541 11.199999809265137 0.7248735427856445
    endloop
  endfacet
  facet normal 0 1 0
    outer loop
      vertex 0 11.199999809265137 0.7248735427856445
      vertex 3.59999942779541 11.199999809265137 -0.7248735427856445
      vertex 0 11.199999809265137 -0.7248735427856445
    endloop
  endfacet
  facet normal 0 -1 0
    outer loop
      vertex 0 14.699999809265137 -0.7248735427856445
      vertex 3.59999942779541 14.699999809265137 0.7248735427856445
      vertex 0 14.699999809265137 0.7248735427856445
    endloop
  endfacet
  facet normal 0 -1 0
    outer loop
      vertex 3.59999942779541 14.699999809265137 0.7248735427856445
      vertex 0 14.699999809265137 -0.7248735427856445
      vertex 3.59999942779541 14.699999809265137 -0.7248735427856445
    endloop
  endfacet
  facet normal 0 0 1
    outer loop
      vertex 0 60.57487487792969 -1.75
      vertex 3.59999942779541 59.125125885009766 -1.75
      vertex 3.59999942779541 60.57487487792969 -1.75
    endloop
  endfacet
  facet normal 0 0 1
    outer loop
      vertex 3.59999942779541 59.125125885009766 -1.75
      vertex 0 60.57487487792969 -1.75
      vertex 0 59.125125885009766 -1.75
    endloop
  endfacet
  facet normal 0 0 -1
    outer loop
      vertex 0 59.125125885009766 1.75
      vertex 3.59999942779541 60.57487487792969 1.75
      vertex 3.59999942779541 59.125125885009766 1.75
    endloop
  endfacet
  facet normal 0 0 -1
    outer loop
      vertex 3.59999942779541 60.57487487792969 1.75
      vertex 0 59.125125885009766 1.75
      vertex 0 60.57487487792969 1.75
    endloop
  endfacet
  facet normal 0 1 0
    outer loop
      vertex 3.59999942779541 58.099998474121094 -0.7248735427856445
      vertex 0 58.099998474121094 0.7248735427856445
      vertex 3.59999942779541 58.099998474121094 0.7248735427856445
    endloop
  endfacet
  facet normal 0 1 0
    outer loop
      vertex 0 58.099998474121094 0.7248735427856445
      vertex 3.59999942779541 58.099998474121094 -0.7248735427856445
      vertex 0 58.099998474121094 -0.7248735427856445
    endloop
  endfacet
  facet normal 0 -0.7071077679185385 -0.7071057944531798
    outer loop
      vertex 0 61.599998474121094 0.7248735427856445
      vertex 3.59999942779541 60.57487487792969 1.75
      vertex 0 60.57487487792969 1.75
    endloop
  endfacet
  facet normal 0 -0.7071077679185385 -0.7071057944531798
    outer loop
      vertex 3.59999942779541 60.57487487792969 1.75
      vertex 0 61.599998474121094 0.7248735427856445
      vertex 3.59999942779541 61.599998474121094 0.7248735427856445
    endloop
  endfacet
  facet normal 0 0.7071064522761898 -0.7071071100967521
    outer loop
      vertex 0 58.099998474121094 0.7248735427856445
      vertex 3.59999942779541 59.125125885009766 1.75
      vertex 3.59999942779541 58.099998474121094 0.7248735427856445
    endloop
  endfacet
  facet normal 0 0.7071064522761898 -0.7071071100967521
    outer loop
      vertex 3.59999942779541 59.125125885009766 1.75
      vertex 0 58.099998474121094 0.7248735427856445
      vertex 0 59.125125885009766 1.75
    endloop
  endfacet
  facet normal 0 0.7071064522761898 0.7071071100967521
    outer loop
      vertex 0 59.125125885009766 -1.75
      vertex 3.59999942779541 58.099998474121094 -0.7248735427856445
      vertex 3.59999942779541 59.125125885009766 -1.75
    endloop
  endfacet
  facet normal 0 0.7071064522761898 0.7071071100967521
    outer loop
      vertex 3.59999942779541 58.099998474121094 -0.7248735427856445
      vertex 0 59.125125885009766 -1.75
      vertex 0 58.099998474121094 -0.7248735427856445
    endloop
  endfacet
  facet normal 0 -0.7071077679185385 0.7071057944531798
    outer loop
      vertex 0 60.57487487792969 -1.75
      vertex 3.59999942779541 61.599998474121094 -0.7248735427856445
      vertex 0 61.599998474121094 -0.7248735427856445
    endloop
  endfacet
  facet normal 0 -0.7071077679185385 0.7071057944531798
    outer loop
      vertex 3.59999942779541 61.599998474121094 -0.7248735427856445
      vertex 0 60.57487487792969 -1.75
      vertex 3.59999942779541 60.57487487792969 -1.75
    endloop
  endfacet
  facet normal 0 -1 0
    outer loop
      vertex 0 61.599998474121094 -0.7248735427856445
      vertex 3.59999942779541 61.599998474121094 0.7248735427856445
      vertex 0 61.599998474121094 0.7248735427856445
    endloop
  endfacet
  facet normal 0 -1 0
    outer loop
      vertex 3.59999942779541 61.599998474121094 0.7248735427856445
      vertex 0 61.599998474121094 -0.7248735427856445
      vertex 3.59999942779541 61.599998474121094 -0.7248735427856445
    endloop
  endfacet
  facet normal 0.3826842800750569 0.9238791813778657 0
    outer loop
      vertex 5.8749589920043945 4.669173240661621 -7.5
      vertex 5.547380447387695 4.804861068725586 -5.5
      vertex 5.8749589920043945 4.669173240661621 -5.5
    endloop
  endfacet
  facet normal 0.3826842800750569 0.9238791813778657 0
    outer loop
      vertex 5.547380447387695 4.804861068725586 -5.5
      vertex 5.8749589920043945 4.669173240661621 -7.5
      vertex 5.547380447387695 4.804861068725586 -7.5
    endloop
  endfacet
  facet normal 0.19508981528655064 0.9807853811978742 0
    outer loop
      vertex 6.222715377807617 4.600000381469727 -7.5
      vertex 5.8749589920043945 4.669173240661621 -5.5
      vertex 6.222715377807617 4.600000381469727 -5.5
    endloop
  endfacet
  facet normal 0.19508981528655064 0.9807853811978742 0
    outer loop
      vertex 5.8749589920043945 4.669173240661621 -5.5
      vertex 6.222715377807617 4.600000381469727 -7.5
      vertex 5.8749589920043945 4.669173240661621 -7.5
    endloop
  endfacet
  facet normal 0.9807853811978742 0.19508981528655064 0
    outer loop
      vertex 4.669173240661621 5.8749589920043945 -5.5
      vertex 4.600000381469727 6.222715377807617 -7.5
      vertex 4.600000381469727 6.222715377807617 -5.5
    endloop
  endfacet
  facet normal 0.9807853811978742 0.19508981528655064 0
    outer loop
      vertex 4.600000381469727 6.222715377807617 -7.5
      vertex 4.669173240661621 5.8749589920043945 -5.5
      vertex 4.669173240661621 5.8749589920043945 -7.5
    endloop
  endfacet
  facet normal -0.7071081260239812 0.7071054363465562 0
    outer loop
      vertex 42.54743194580078 5.001849174499512 -7.5
      vertex 42.79814910888672 5.252567291259766 -5.5
      vertex 42.79814910888672 5.252567291259766 -7.5
    endloop
  endfacet
  facet normal -0.7071081260239812 0.7071054363465562 0
    outer loop
      vertex 42.79814910888672 5.252567291259766 -5.5
      vertex 42.54743194580078 5.001849174499512 -7.5
      vertex 42.54743194580078 5.001849174499512 -5.5
    endloop
  endfacet
  facet normal 0.8314709434878014 -0.5555682407549097 0
    outer loop
      vertex 4.804861068725586 42.25261688232422 -5.5
      vertex 5.001849174499512 42.54743194580078 -7.5
      vertex 5.001849174499512 42.54743194580078 -5.5
    endloop
  endfacet
  facet normal 0.8314709434878014 -0.5555682407549097 0
    outer loop
      vertex 5.001849174499512 42.54743194580078 -7.5
      vertex 4.804861068725586 42.25261688232422 -5.5
      vertex 4.804861068725586 42.25261688232422 -7.5
    endloop
  endfacet
  facet normal 1 0 0
    outer loop
      vertex 4.600000381469727 6.222715377807617 -5.5
      vertex 4.600000381469727 41.57728576660156 -7.5
      vertex 4.600000381469727 41.57728576660156 -5.5
    endloop
  endfacet
  facet normal 1 0 0
    outer loop
      vertex 4.600000381469727 41.57728576660156 -7.5
      vertex 4.600000381469727 6.222715377807617 -5.5
      vertex 4.600000381469727 6.222715377807617 -7.5
    endloop
  endfacet
  facet normal 0.5555763040879714 -0.8314655557122915 0
    outer loop
      vertex 5.252567291259766 42.79814910888672 -7.5
      vertex 5.547380447387695 42.995140075683594 -5.5
      vertex 5.252567291259766 42.79814910888672 -5.5
    endloop
  endfacet
  facet normal 0.5555763040879714 -0.8314655557122915 0
    outer loop
      vertex 5.547380447387695 42.995140075683594 -5.5
      vertex 5.252567291259766 42.79814910888672 -7.5
      vertex 5.547380447387695 42.995140075683594 -7.5
    endloop
  endfacet
  facet normal -0.1950903299326217 0.980785278828542 0
    outer loop
      vertex 41.92504119873047 4.669173240661621 -7.5
      vertex 41.57728576660156 4.600000381469727 -5.5
      vertex 41.92504119873047 4.669173240661621 -5.5
    endloop
  endfacet
  facet normal -0.1950903299326217 0.980785278828542 0
    outer loop
      vertex 41.57728576660156 4.600000381469727 -5.5
      vertex 41.92504119873047 4.669173240661621 -7.5
      vertex 41.57728576660156 4.600000381469727 -7.5
    endloop
  endfacet
  facet normal 0 1 0
    outer loop
      vertex 41.57728576660156 4.600000381469727 -7.5
      vertex 6.222715377807617 4.600000381469727 -5.5
      vertex 41.57728576660156 4.600000381469727 -5.5
    endloop
  endfacet
  facet normal 0 1 0
    outer loop
      vertex 6.222715377807617 4.600000381469727 -5.5
      vertex 41.57728576660156 4.600000381469727 -7.5
      vertex 6.222715377807617 4.600000381469727 -7.5
    endloop
  endfacet
  facet normal 0.7071067811865476 0.7071067811865476 0
    outer loop
      vertex 5.252567291259766 5.001849174499512 -5.5
      vertex 5.001849174499512 5.252567291259766 -7.5
      vertex 5.001849174499512 5.252567291259766 -5.5
    endloop
  endfacet
  facet normal 0.7071067811865476 0.7071067811865476 0
    outer loop
      vertex 5.001849174499512 5.252567291259766 -7.5
      vertex 5.252567291259766 5.001849174499512 -5.5
      vertex 5.252567291259766 5.001849174499512 -7.5
    endloop
  endfacet
  facet normal 0.19508722798370096 -0.9807858958394718 0
    outer loop
      vertex 5.8749589920043945 43.13082504272461 -7.5
      vertex 6.222715377807617 43.19999694824219 -5.5
      vertex 5.8749589920043945 43.13082504272461 -5.5
    endloop
  endfacet
  facet normal 0.19508722798370096 -0.9807858958394718 0
    outer loop
      vertex 6.222715377807617 43.19999694824219 -5.5
      vertex 5.8749589920043945 43.13082504272461 -7.5
      vertex 6.222715377807617 43.19999694824219 -7.5
    endloop
  endfacet
  facet normal 0.9238791813778657 0.3826842800750569 0
    outer loop
      vertex 4.804861068725586 5.547380447387695 -5.5
      vertex 4.669173240661621 5.8749589920043945 -7.5
      vertex 4.669173240661621 5.8749589920043945 -5.5
    endloop
  endfacet
  facet normal 0.9238791813778657 0.3826842800750569 0
    outer loop
      vertex 4.669173240661621 5.8749589920043945 -7.5
      vertex 4.804861068725586 5.547380447387695 -5.5
      vertex 4.804861068725586 5.547380447387695 -7.5
    endloop
  endfacet
  facet normal 0.980785278828542 -0.1950903299326217 0
    outer loop
      vertex 4.600000381469727 41.57728576660156 -5.5
      vertex 4.669173240661621 41.92504119873047 -7.5
      vertex 4.669173240661621 41.92504119873047 -5.5
    endloop
  endfacet
  facet normal 0.980785278828542 -0.1950903299326217 0
    outer loop
      vertex 4.669173240661621 41.92504119873047 -7.5
      vertex 4.600000381469727 41.57728576660156 -5.5
      vertex 4.600000381469727 41.57728576660156 -7.5
    endloop
  endfacet
  facet normal -0.8314655557122915 -0.5555763040879714 0
    outer loop
      vertex 42.995140075683594 7.252618789672852 -7.5
      vertex 42.79814910888672 7.547431945800781 -5.5
      vertex 42.79814910888672 7.547431945800781 -7.5
    endloop
  endfacet
  facet normal -0.8314655557122915 -0.5555763040879714 0
    outer loop
      vertex 42.79814910888672 7.547431945800781 -5.5
      vertex 42.995140075683594 7.252618789672852 -7.5
      vertex 42.995140075683594 7.252618789672852 -5.5
    endloop
  endfacet
  facet normal -0.7071067811865476 -0.7071067811865476 0
    outer loop
      vertex 42.79814910888672 7.547431945800781 -7.5
      vertex 7.547431945800781 42.79814910888672 -5.5
      vertex 7.547431945800781 42.79814910888672 -7.5
    endloop
  endfacet
  facet normal -0.7071067811865476 -0.7071067811865476 0
    outer loop
      vertex 7.547431945800781 42.79814910888672 -5.5
      vertex 42.79814910888672 7.547431945800781 -7.5
      vertex 42.79814910888672 7.547431945800781 -5.5
    endloop
  endfacet
  facet normal -1 0 0
    outer loop
      vertex 43.19999694824219 6.222715377807617 -7.5
      vertex 43.19999694824219 6.57728385925293 -5.5
      vertex 43.19999694824219 6.57728385925293 -7.5
    endloop
  endfacet
  facet normal -1 0 0
    outer loop
      vertex 43.19999694824219 6.57728385925293 -5.5
      vertex 43.19999694824219 6.222715377807617 -7.5
      vertex 43.19999694824219 6.222715377807617 -5.5
    endloop
  endfacet
  facet normal -0.9807858958394718 0.19508722798370096 0
    outer loop
      vertex 43.13082504272461 5.8749589920043945 -7.5
      vertex 43.19999694824219 6.222715377807617 -5.5
      vertex 43.19999694824219 6.222715377807617 -7.5
    endloop
  endfacet
  facet normal -0.9807858958394718 0.19508722798370096 0
    outer loop
      vertex 43.19999694824219 6.222715377807617 -5.5
      vertex 43.13082504272461 5.8749589920043945 -7.5
      vertex 43.13082504272461 5.8749589920043945 -5.5
    endloop
  endfacet
  facet normal -0.923882034197466 0.3826773927045502 0
    outer loop
      vertex 42.995140075683594 5.547380447387695 -7.5
      vertex 43.13082504272461 5.8749589920043945 -5.5
      vertex 43.13082504272461 5.8749589920043945 -7.5
    endloop
  endfacet
  facet normal -0.923882034197466 0.3826773927045502 0
    outer loop
      vertex 43.13082504272461 5.8749589920043945 -5.5
      vertex 42.995140075683594 5.547380447387695 -7.5
      vertex 42.995140075683594 5.547380447387695 -5.5
    endloop
  endfacet
  facet normal -0.38268713293096285 0.923877999678031 0
    outer loop
      vertex 42.25261688232422 4.804861068725586 -7.5
      vertex 41.92504119873047 4.669173240661621 -5.5
      vertex 42.25261688232422 4.804861068725586 -5.5
    endloop
  endfacet
  facet normal -0.38268713293096285 0.923877999678031 0
    outer loop
      vertex 41.92504119873047 4.669173240661621 -5.5
      vertex 42.25261688232422 4.804861068725586 -7.5
      vertex 41.92504119873047 4.669173240661621 -7.5
    endloop
  endfacet
  facet normal -0.923882034197466 -0.3826773927045502 0
    outer loop
      vertex 43.13082504272461 6.925040245056152 -7.5
      vertex 42.995140075683594 7.252618789672852 -5.5
      vertex 42.995140075683594 7.252618789672852 -7.5
    endloop
  endfacet
  facet normal -0.923882034197466 -0.3826773927045502 0
    outer loop
      vertex 42.995140075683594 7.252618789672852 -5.5
      vertex 43.13082504272461 6.925040245056152 -7.5
      vertex 43.13082504272461 6.925040245056152 -5.5
    endloop
  endfacet
  facet normal 0 -1 0
    outer loop
      vertex 6.222715377807617 43.19999694824219 -7.5
      vertex 6.57728385925293 43.19999694824219 -5.5
      vertex 6.222715377807617 43.19999694824219 -5.5
    endloop
  endfacet
  facet normal 0 -1 0
    outer loop
      vertex 6.57728385925293 43.19999694824219 -5.5
      vertex 6.222715377807617 43.19999694824219 -7.5
      vertex 6.57728385925293 43.19999694824219 -7.5
    endloop
  endfacet
  facet normal 0.923877999678031 -0.38268713293096285 0
    outer loop
      vertex 4.669173240661621 41.92504119873047 -5.5
      vertex 4.804861068725586 42.25261688232422 -7.5
      vertex 4.804861068725586 42.25261688232422 -5.5
    endloop
  endfacet
  facet normal 0.923877999678031 -0.38268713293096285 0
    outer loop
      vertex 4.804861068725586 42.25261688232422 -7.5
      vertex 4.669173240661621 41.92504119873047 -5.5
      vertex 4.669173240661621 41.92504119873047 -7.5
    endloop
  endfacet
  facet normal 0.5555707256810608 0.8314692831164717 0
    outer loop
      vertex 5.547380447387695 4.804861068725586 -7.5
      vertex 5.252567291259766 5.001849174499512 -5.5
      vertex 5.547380447387695 4.804861068725586 -5.5
    endloop
  endfacet
  facet normal 0.5555707256810608 0.8314692831164717 0
    outer loop
      vertex 5.252567291259766 5.001849174499512 -5.5
      vertex 5.547380447387695 4.804861068725586 -7.5
      vertex 5.252567291259766 5.001849174499512 -7.5
    endloop
  endfacet
  facet normal -0.8314655557122915 0.5555763040879714 0
    outer loop
      vertex 42.79814910888672 5.252567291259766 -7.5
      vertex 42.995140075683594 5.547380447387695 -5.5
      vertex 42.995140075683594 5.547380447387695 -7.5
    endloop
  endfacet
  facet normal -0.8314655557122915 0.5555763040879714 0
    outer loop
      vertex 42.995140075683594 5.547380447387695 -5.5
      vertex 42.79814910888672 5.252567291259766 -7.5
      vertex 42.79814910888672 5.252567291259766 -5.5
    endloop
  endfacet
  facet normal 0.8314692831164717 0.5555707256810608 0
    outer loop
      vertex 5.001849174499512 5.252567291259766 -5.5
      vertex 4.804861068725586 5.547380447387695 -7.5
      vertex 4.804861068725586 5.547380447387695 -5.5
    endloop
  endfacet
  facet normal 0.8314692831164717 0.5555707256810608 0
    outer loop
      vertex 4.804861068725586 5.547380447387695 -7.5
      vertex 5.001849174499512 5.252567291259766 -5.5
      vertex 5.001849174499512 5.252567291259766 -7.5
    endloop
  endfacet
  facet normal -0.9807858958394718 -0.19508722798370096 0
    outer loop
      vertex 43.19999694824219 6.57728385925293 -7.5
      vertex 43.13082504272461 6.925040245056152 -5.5
      vertex 43.13082504272461 6.925040245056152 -7.5
    endloop
  endfacet
  facet normal -0.9807858958394718 -0.19508722798370096 0
    outer loop
      vertex 43.13082504272461 6.925040245056152 -5.5
      vertex 43.19999694824219 6.57728385925293 -7.5
      vertex 43.19999694824219 6.57728385925293 -5.5
    endloop
  endfacet
  facet normal -0.5555682407549097 0.8314709434878014 0
    outer loop
      vertex 42.54743194580078 5.001849174499512 -7.5
      vertex 42.25261688232422 4.804861068725586 -5.5
      vertex 42.54743194580078 5.001849174499512 -5.5
    endloop
  endfacet
  facet normal -0.5555682407549097 0.8314709434878014 0
    outer loop
      vertex 42.25261688232422 4.804861068725586 -5.5
      vertex 42.54743194580078 5.001849174499512 -7.5
      vertex 42.25261688232422 4.804861068725586 -7.5
    endloop
  endfacet
  facet normal -0.5555763040879714 -0.8314655557122915 0
    outer loop
      vertex 7.252618789672852 42.995140075683594 -7.5
      vertex 7.547431945800781 42.79814910888672 -5.5
      vertex 7.252618789672852 42.995140075683594 -5.5
    endloop
  endfacet
  facet normal -0.5555763040879714 -0.8314655557122915 0
    outer loop
      vertex 7.547431945800781 42.79814910888672 -5.5
      vertex 7.252618789672852 42.995140075683594 -7.5
      vertex 7.547431945800781 42.79814910888672 -7.5
    endloop
  endfacet
  facet normal -0.19508722798370096 -0.9807858958394718 0
    outer loop
      vertex 6.57728385925293 43.19999694824219 -7.5
      vertex 6.925040245056152 43.13082504272461 -5.5
      vertex 6.57728385925293 43.19999694824219 -5.5
    endloop
  endfacet
  facet normal -0.19508722798370096 -0.9807858958394718 0
    outer loop
      vertex 6.925040245056152 43.13082504272461 -5.5
      vertex 6.57728385925293 43.19999694824219 -7.5
      vertex 6.925040245056152 43.13082504272461 -7.5
    endloop
  endfacet
  facet normal 0.3826773927045502 -0.923882034197466 0
    outer loop
      vertex 5.547380447387695 42.995140075683594 -7.5
      vertex 5.8749589920043945 43.13082504272461 -5.5
      vertex 5.547380447387695 42.995140075683594 -5.5
    endloop
  endfacet
  facet normal 0.3826773927045502 -0.923882034197466 0
    outer loop
      vertex 5.8749589920043945 43.13082504272461 -5.5
      vertex 5.547380447387695 42.995140075683594 -7.5
      vertex 5.8749589920043945 43.13082504272461 -7.5
    endloop
  endfacet
  facet normal -0.3826773927045502 -0.923882034197466 0
    outer loop
      vertex 6.925040245056152 43.13082504272461 -7.5
      vertex 7.252618789672852 42.995140075683594 -5.5
      vertex 6.925040245056152 43.13082504272461 -5.5
    endloop
  endfacet
  facet normal -0.3826773927045502 -0.923882034197466 0
    outer loop
      vertex 7.252618789672852 42.995140075683594 -5.5
      vertex 6.925040245056152 43.13082504272461 -7.5
      vertex 7.252618789672852 42.995140075683594 -7.5
    endloop
  endfacet
  facet normal 0.7071054363465562 -0.7071081260239812 0
    outer loop
      vertex 5.001849174499512 42.54743194580078 -7.5
      vertex 5.252567291259766 42.79814910888672 -5.5
      vertex 5.001849174499512 42.54743194580078 -5.5
    endloop
  endfacet
  facet normal 0.7071054363465562 -0.7071081260239812 0
    outer loop
      vertex 5.252567291259766 42.79814910888672 -5.5
      vertex 5.001849174499512 42.54743194580078 -7.5
      vertex 5.252567291259766 42.79814910888672 -7.5
    endloop
  endfacet
endsolid OpenSCAD_Model
