solid OpenSCAD_Model
  facet normal -0.5555692851675027 -0.8314702456362886 0
    outer loop
      vertex 1.5394515991210938 2.8801116943359375 0
      vertex 2.07175350189209 2.524439811706543 7.5
      vertex 1.5394515991210938 2.8801116943359375 7.5
    endloop
  endfacet
  facet normal -0.5555692851675027 -0.8314702456362886 0
    outer loop
      vertex 2.07175350189209 2.524439811706543 7.5
      vertex 1.5394515991210938 2.8801116943359375 0
      vertex 2.07175350189209 2.524439811706543 0
    endloop
  endfacet
  facet normal 0.9807851408202084 -0.19509102374605586 0
    outer loop
      vertex -3.25 0.3200969696044922 7.5
      vertex -3.1251039505004883 0.9479894638061523 0
      vertex -3.1251039505004883 0.9479894638061523 7.5
    endloop
  endfacet
  facet normal 0.9807851408202084 -0.19509102374605586 0
    outer loop
      vertex -3.1251039505004883 0.9479894638061523 0
      vertex -3.25 0.3200969696044922 7.5
      vertex -3.25 0.3200969696044922 0
    endloop
  endfacet
  facet normal -0.9807851408202084 -0.19509102374605586 0
    outer loop
      vertex 3.25 0.3200969696044922 0
      vertex 3.1251039505004883 0.9479894638061523 7.5
      vertex 3.1251039505004883 0.9479894638061523 0
    endloop
  endfacet
  facet normal -0.9807851408202084 -0.19509102374605586 0
    outer loop
      vertex 3.1251039505004883 0.9479894638061523 7.5
      vertex 3.25 0.3200969696044922 0
      vertex 3.25 0.3200969696044922 7.5
    endloop
  endfacet
  facet normal -0.3826842564432894 0.9238791911664894 0
    outer loop
      vertex 1.5394515991210938 -2.8801116943359375 0
      vertex 0.9479894638061523 -3.1251039505004883 7.5
      vertex 1.5394515991210938 -2.8801116943359375 7.5
    endloop
  endfacet
  facet normal -0.3826842564432894 0.9238791911664894 0
    outer loop
      vertex 0.9479894638061523 -3.1251039505004883 7.5
      vertex 1.5394515991210938 -2.8801116943359375 0
      vertex 0.9479894638061523 -3.1251039505004883 0
    endloop
  endfacet
  facet normal 0 1 0
    outer loop
      vertex 0.3200969696044922 -3.25 0
      vertex -0.3200969696044922 -3.25 7.5
      vertex 0.3200969696044922 -3.25 7.5
    endloop
  endfacet
  facet normal 0 1 0
    outer loop
      vertex -0.3200969696044922 -3.25 7.5
      vertex 0.3200969696044922 -3.25 0
      vertex -0.3200969696044922 -3.25 0
    endloop
  endfacet
  facet normal -0.9238791911664894 0.3826842564432894 0
    outer loop
      vertex 2.8801116943359375 -1.5394515991210938 0
      vertex 3.1251039505004883 -0.9479894638061523 7.5
      vertex 3.1251039505004883 -0.9479894638061523 0
    endloop
  endfacet
  facet normal -0.9238791911664894 0.3826842564432894 0
    outer loop
      vertex 3.1251039505004883 -0.9479894638061523 7.5
      vertex 2.8801116943359375 -1.5394515991210938 0
      vertex 2.8801116943359375 -1.5394515991210938 7.5
    endloop
  endfacet
  facet normal -0.9807851408202084 0.19509102374605586 0
    outer loop
      vertex 3.1251039505004883 -0.9479894638061523 0
      vertex 3.25 -0.3200969696044922 7.5
      vertex 3.25 -0.3200969696044922 0
    endloop
  endfacet
  facet normal -0.9807851408202084 0.19509102374605586 0
    outer loop
      vertex 3.25 -0.3200969696044922 7.5
      vertex 3.1251039505004883 -0.9479894638061523 0
      vertex 3.1251039505004883 -0.9479894638061523 7.5
    endloop
  endfacet
  facet normal -0.7071067811865475 0.7071067811865475 0
    outer loop
      vertex 2.07175350189209 -2.524439811706543 0
      vertex 2.524439811706543 -2.07175350189209 7.5
      vertex 2.524439811706543 -2.07175350189209 0
    endloop
  endfacet
  facet normal -0.7071067811865475 0.7071067811865475 0
    outer loop
      vertex 2.524439811706543 -2.07175350189209 7.5
      vertex 2.07175350189209 -2.524439811706543 0
      vertex 2.07175350189209 -2.524439811706543 7.5
    endloop
  endfacet
  facet normal -0.8314702456362886 0.5555692851675027 0
    outer loop
      vertex 2.524439811706543 -2.07175350189209 0
      vertex 2.8801116943359375 -1.5394515991210938 7.5
      vertex 2.8801116943359375 -1.5394515991210938 0
    endloop
  endfacet
  facet normal -0.8314702456362886 0.5555692851675027 0
    outer loop
      vertex 2.8801116943359375 -1.5394515991210938 7.5
      vertex 2.524439811706543 -2.07175350189209 0
      vertex 2.524439811706543 -2.07175350189209 7.5
    endloop
  endfacet
  facet normal 0.5555692851675027 0.8314702456362886 0
    outer loop
      vertex -1.5394515991210938 -2.8801116943359375 0
      vertex -2.07175350189209 -2.524439811706543 7.5
      vertex -1.5394515991210938 -2.8801116943359375 7.5
    endloop
  endfacet
  facet normal 0.5555692851675027 0.8314702456362886 0
    outer loop
      vertex -2.07175350189209 -2.524439811706543 7.5
      vertex -1.5394515991210938 -2.8801116943359375 0
      vertex -2.07175350189209 -2.524439811706543 0
    endloop
  endfacet
  facet normal -0.8314702456362886 -0.5555692851675027 0
    outer loop
      vertex 2.8801116943359375 1.5394515991210938 0
      vertex 2.524439811706543 2.07175350189209 7.5
      vertex 2.524439811706543 2.07175350189209 0
    endloop
  endfacet
  facet normal -0.8314702456362886 -0.5555692851675027 0
    outer loop
      vertex 2.524439811706543 2.07175350189209 7.5
      vertex 2.8801116943359375 1.5394515991210938 0
      vertex 2.8801116943359375 1.5394515991210938 7.5
    endloop
  endfacet
  facet normal 0.19509102374605586 -0.9807851408202084 0
    outer loop
      vertex -0.9479894638061523 3.1251039505004883 0
      vertex -0.3200969696044922 3.25 7.5
      vertex -0.9479894638061523 3.1251039505004883 7.5
    endloop
  endfacet
  facet normal 0.19509102374605586 -0.9807851408202084 0
    outer loop
      vertex -0.3200969696044922 3.25 7.5
      vertex -0.9479894638061523 3.1251039505004883 0
      vertex -0.3200969696044922 3.25 0
    endloop
  endfacet
  facet normal 0.8314702456362886 -0.5555692851675027 0
    outer loop
      vertex -2.8801116943359375 1.5394515991210938 7.5
      vertex -2.524439811706543 2.07175350189209 0
      vertex -2.524439811706543 2.07175350189209 7.5
    endloop
  endfacet
  facet normal 0.8314702456362886 -0.5555692851675027 0
    outer loop
      vertex -2.524439811706543 2.07175350189209 0
      vertex -2.8801116943359375 1.5394515991210938 7.5
      vertex -2.8801116943359375 1.5394515991210938 0
    endloop
  endfacet
  facet normal 0.9238791911664894 -0.3826842564432894 0
    outer loop
      vertex -3.1251039505004883 0.9479894638061523 7.5
      vertex -2.8801116943359375 1.5394515991210938 0
      vertex -2.8801116943359375 1.5394515991210938 7.5
    endloop
  endfacet
  facet normal 0.9238791911664894 -0.3826842564432894 0
    outer loop
      vertex -2.8801116943359375 1.5394515991210938 0
      vertex -3.1251039505004883 0.9479894638061523 7.5
      vertex -3.1251039505004883 0.9479894638061523 0
    endloop
  endfacet
  facet normal 0.7071067811865475 -0.7071067811865475 0
    outer loop
      vertex -2.524439811706543 2.07175350189209 7.5
      vertex -2.07175350189209 2.524439811706543 0
      vertex -2.07175350189209 2.524439811706543 7.5
    endloop
  endfacet
  facet normal 0.7071067811865475 -0.7071067811865475 0
    outer loop
      vertex -2.07175350189209 2.524439811706543 0
      vertex -2.524439811706543 2.07175350189209 7.5
      vertex -2.524439811706543 2.07175350189209 0
    endloop
  endfacet
  facet normal -0.9238791911664894 -0.3826842564432894 0
    outer loop
      vertex 3.1251039505004883 0.9479894638061523 0
      vertex 2.8801116943359375 1.5394515991210938 7.5
      vertex 2.8801116943359375 1.5394515991210938 0
    endloop
  endfacet
  facet normal -0.9238791911664894 -0.3826842564432894 0
    outer loop
      vertex 2.8801116943359375 1.5394515991210938 7.5
      vertex 3.1251039505004883 0.9479894638061523 0
      vertex 3.1251039505004883 0.9479894638061523 7.5
    endloop
  endfacet
  facet normal 0.3826842564432894 0.9238791911664894 0
    outer loop
      vertex -0.9479894638061523 -3.1251039505004883 0
      vertex -1.5394515991210938 -2.8801116943359375 7.5
      vertex -0.9479894638061523 -3.1251039505004883 7.5
    endloop
  endfacet
  facet normal 0.3826842564432894 0.9238791911664894 0
    outer loop
      vertex -1.5394515991210938 -2.8801116943359375 7.5
      vertex -0.9479894638061523 -3.1251039505004883 0
      vertex -1.5394515991210938 -2.8801116943359375 0
    endloop
  endfacet
  facet normal -0.7071067811865475 -0.7071067811865475 0
    outer loop
      vertex 2.524439811706543 2.07175350189209 0
      vertex 2.07175350189209 2.524439811706543 7.5
      vertex 2.07175350189209 2.524439811706543 0
    endloop
  endfacet
  facet normal -0.7071067811865475 -0.7071067811865475 0
    outer loop
      vertex 2.07175350189209 2.524439811706543 7.5
      vertex 2.524439811706543 2.07175350189209 0
      vertex 2.524439811706543 2.07175350189209 7.5
    endloop
  endfacet
  facet normal -0.19509102374605586 0.9807851408202084 0
    outer loop
      vertex 0.9479894638061523 -3.1251039505004883 0
      vertex 0.3200969696044922 -3.25 7.5
      vertex 0.9479894638061523 -3.1251039505004883 7.5
    endloop
  endfacet
  facet normal -0.19509102374605586 0.9807851408202084 0
    outer loop
      vertex 0.3200969696044922 -3.25 7.5
      vertex 0.9479894638061523 -3.1251039505004883 0
      vertex 0.3200969696044922 -3.25 0
    endloop
  endfacet
  facet normal 0.9238791911664894 0.3826842564432894 0
    outer loop
      vertex -2.8801116943359375 -1.5394515991210938 7.5
      vertex -3.1251039505004883 -0.9479894638061523 0
      vertex -3.1251039505004883 -0.9479894638061523 7.5
    endloop
  endfacet
  facet normal 0.9238791911664894 0.3826842564432894 0
    outer loop
      vertex -3.1251039505004883 -0.9479894638061523 0
      vertex -2.8801116943359375 -1.5394515991210938 7.5
      vertex -2.8801116943359375 -1.5394515991210938 0
    endloop
  endfacet
  facet normal 0 -1 0
    outer loop
      vertex -0.3200969696044922 3.25 0
      vertex 0.3200969696044922 3.25 7.5
      vertex -0.3200969696044922 3.25 7.5
    endloop
  endfacet
  facet normal 0 -1 0
    outer loop
      vertex 0.3200969696044922 3.25 7.5
      vertex -0.3200969696044922 3.25 0
      vertex 0.3200969696044922 3.25 0
    endloop
  endfacet
  facet normal -1 0 0
    outer loop
      vertex 3.25 -0.3200969696044922 0
      vertex 3.25 0.3200969696044922 7.5
      vertex 3.25 0.3200969696044922 0
    endloop
  endfacet
  facet normal -1 0 0
    outer loop
      vertex 3.25 0.3200969696044922 7.5
      vertex 3.25 -0.3200969696044922 0
      vertex 3.25 -0.3200969696044922 7.5
    endloop
  endfacet
  facet normal -0.19509102374605586 -0.9807851408202084 0
    outer loop
      vertex 0.3200969696044922 3.25 0
      vertex 0.9479894638061523 3.1251039505004883 7.5
      vertex 0.3200969696044922 3.25 7.5
    endloop
  endfacet
  facet normal -0.19509102374605586 -0.9807851408202084 0
    outer loop
      vertex 0.9479894638061523 3.1251039505004883 7.5
      vertex 0.3200969696044922 3.25 0
      vertex 0.9479894638061523 3.1251039505004883 0
    endloop
  endfacet
  facet normal 0.5555692851675027 -0.8314702456362886 0
    outer loop
      vertex -2.07175350189209 2.524439811706543 0
      vertex -1.5394515991210938 2.8801116943359375 7.5
      vertex -2.07175350189209 2.524439811706543 7.5
    endloop
  endfacet
  facet normal 0.5555692851675027 -0.8314702456362886 0
    outer loop
      vertex -1.5394515991210938 2.8801116943359375 7.5
      vertex -2.07175350189209 2.524439811706543 0
      vertex -1.5394515991210938 2.8801116943359375 0
    endloop
  endfacet
  facet normal -0.5555692851675027 0.8314702456362886 0
    outer loop
      vertex 2.07175350189209 -2.524439811706543 0
      vertex 1.5394515991210938 -2.8801116943359375 7.5
      vertex 2.07175350189209 -2.524439811706543 7.5
    endloop
  endfacet
  facet normal -0.5555692851675027 0.8314702456362886 0
    outer loop
      vertex 1.5394515991210938 -2.8801116943359375 7.5
      vertex 2.07175350189209 -2.524439811706543 0
      vertex 1.5394515991210938 -2.8801116943359375 0
    endloop
  endfacet
  facet normal 0.3826842564432894 -0.9238791911664894 0
    outer loop
      vertex -1.5394515991210938 2.8801116943359375 0
      vertex -0.9479894638061523 3.1251039505004883 7.5
      vertex -1.5394515991210938 2.8801116943359375 7.5
    endloop
  endfacet
  facet normal 0.3826842564432894 -0.9238791911664894 0
    outer loop
      vertex -0.9479894638061523 3.1251039505004883 7.5
      vertex -1.5394515991210938 2.8801116943359375 0
      vertex -0.9479894638061523 3.1251039505004883 0
    endloop
  endfacet
  facet normal 0.9807851408202084 0.19509102374605586 0
    outer loop
      vertex -3.1251039505004883 -0.9479894638061523 7.5
      vertex -3.25 -0.3200969696044922 0
      vertex -3.25 -0.3200969696044922 7.5
    endloop
  endfacet
  facet normal 0.9807851408202084 0.19509102374605586 0
    outer loop
      vertex -3.25 -0.3200969696044922 0
      vertex -3.1251039505004883 -0.9479894638061523 7.5
      vertex -3.1251039505004883 -0.9479894638061523 0
    endloop
  endfacet
  facet normal 1 0 0
    outer loop
      vertex -3.25 -0.3200969696044922 7.5
      vertex -3.25 0.3200969696044922 0
      vertex -3.25 0.3200969696044922 7.5
    endloop
  endfacet
  facet normal 1 0 0
    outer loop
      vertex -3.25 0.3200969696044922 0
      vertex -3.25 -0.3200969696044922 7.5
      vertex -3.25 -0.3200969696044922 0
    endloop
  endfacet
  facet normal -0.3826842564432894 -0.9238791911664894 0
    outer loop
      vertex 0.9479894638061523 3.1251039505004883 0
      vertex 1.5394515991210938 2.8801116943359375 7.5
      vertex 0.9479894638061523 3.1251039505004883 7.5
    endloop
  endfacet
  facet normal -0.3826842564432894 -0.9238791911664894 0
    outer loop
      vertex 1.5394515991210938 2.8801116943359375 7.5
      vertex 0.9479894638061523 3.1251039505004883 0
      vertex 1.5394515991210938 2.8801116943359375 0
    endloop
  endfacet
  facet normal 0.7071067811865475 0.7071067811865475 0
    outer loop
      vertex -2.07175350189209 -2.524439811706543 7.5
      vertex -2.524439811706543 -2.07175350189209 0
      vertex -2.524439811706543 -2.07175350189209 7.5
    endloop
  endfacet
  facet normal 0.7071067811865475 0.7071067811865475 0
    outer loop
      vertex -2.524439811706543 -2.07175350189209 0
      vertex -2.07175350189209 -2.524439811706543 7.5
      vertex -2.07175350189209 -2.524439811706543 0
    endloop
  endfacet
  facet normal 0.8314702456362886 0.5555692851675027 0
    outer loop
      vertex -2.524439811706543 -2.07175350189209 7.5
      vertex -2.8801116943359375 -1.5394515991210938 0
      vertex -2.8801116943359375 -1.5394515991210938 7.5
    endloop
  endfacet
  facet normal 0.8314702456362886 0.5555692851675027 0
    outer loop
      vertex -2.8801116943359375 -1.5394515991210938 0
      vertex -2.524439811706543 -2.07175350189209 7.5
      vertex -2.524439811706543 -2.07175350189209 0
    endloop
  endfacet
  facet normal 0.19509102374605586 0.9807851408202084 0
    outer loop
      vertex -0.3200969696044922 -3.25 0
      vertex -0.9479894638061523 -3.1251039505004883 7.5
      vertex -0.3200969696044922 -3.25 7.5
    endloop
  endfacet
  facet normal 0.19509102374605586 0.9807851408202084 0
    outer loop
      vertex -0.9479894638061523 -3.1251039505004883 7.5
      vertex -0.3200969696044922 -3.25 0
      vertex -0.9479894638061523 -3.1251039505004883 0
    endloop
  endfacet
  facet normal -0.555570042746278 -0.8314697394390843 0
    outer loop
      vertex 2.84206485748291 5.317130088806152 7.5
      vertex 3.8247766494750977 4.660503387451172 15
      vertex 2.84206485748291 5.317130088806152 15
    endloop
  endfacet
  facet normal -0.555570042746278 -0.8314697394390843 0
    outer loop
      vertex 3.8247766494750977 4.660503387451172 15
      vertex 2.84206485748291 5.317130088806152 7.5
      vertex 3.8247766494750977 4.660503387451172 7.5
    endloop
  endfacet
  facet normal 0.9807851548654609 -0.19509095313605426 0
    outer loop
      vertex -6 0.5909481048583984 15
      vertex -5.76942253112793 1.7501354217529297 7.5
      vertex -5.76942253112793 1.7501354217529297 15
    endloop
  endfacet
  facet normal 0.9807851548654609 -0.19509095313605426 0
    outer loop
      vertex -5.76942253112793 1.7501354217529297 7.5
      vertex -6 0.5909481048583984 15
      vertex -6 0.5909481048583984 7.5
    endloop
  endfacet
  facet normal -0.9807851548654609 -0.19509095313605426 0
    outer loop
      vertex 6 0.5909481048583984 7.5
      vertex 5.76942253112793 1.7501354217529297 15
      vertex 5.76942253112793 1.7501354217529297 7.5
    endloop
  endfacet
  facet normal -0.9807851548654609 -0.19509095313605426 0
    outer loop
      vertex 5.76942253112793 1.7501354217529297 15
      vertex 6 0.5909481048583984 7.5
      vertex 6 0.5909481048583984 15
    endloop
  endfacet
  facet normal -0.3826837652137285 0.9238793946407963 0
    outer loop
      vertex 2.84206485748291 -5.317130088806152 7.5
      vertex 1.7501354217529297 -5.76942253112793 15
      vertex 2.84206485748291 -5.317130088806152 15
    endloop
  endfacet
  facet normal -0.3826837652137285 0.9238793946407963 0
    outer loop
      vertex 1.7501354217529297 -5.76942253112793 15
      vertex 2.84206485748291 -5.317130088806152 7.5
      vertex 1.7501354217529297 -5.76942253112793 7.5
    endloop
  endfacet
  facet normal 0 1 0
    outer loop
      vertex 0.5909481048583984 -6 7.5
      vertex -0.5909481048583984 -6 15
      vertex 0.5909481048583984 -6 15
    endloop
  endfacet
  facet normal 0 1 0
    outer loop
      vertex -0.5909481048583984 -6 15
      vertex 0.5909481048583984 -6 7.5
      vertex -0.5909481048583984 -6 7.5
    endloop
  endfacet
  facet normal -0.9238793946407963 0.3826837652137285 0
    outer loop
      vertex 5.317130088806152 -2.84206485748291 7.5
      vertex 5.76942253112793 -1.7501354217529297 15
      vertex 5.76942253112793 -1.7501354217529297 7.5
    endloop
  endfacet
  facet normal -0.9238793946407963 0.3826837652137285 0
    outer loop
      vertex 5.76942253112793 -1.7501354217529297 15
      vertex 5.317130088806152 -2.84206485748291 7.5
      vertex 5.317130088806152 -2.84206485748291 15
    endloop
  endfacet
  facet normal -0.9807851548654609 0.19509095313605426 0
    outer loop
      vertex 5.76942253112793 -1.7501354217529297 7.5
      vertex 6 -0.5909481048583984 15
      vertex 6 -0.5909481048583984 7.5
    endloop
  endfacet
  facet normal -0.9807851548654609 0.19509095313605426 0
    outer loop
      vertex 6 -0.5909481048583984 15
      vertex 5.76942253112793 -1.7501354217529297 7.5
      vertex 5.76942253112793 -1.7501354217529297 15
    endloop
  endfacet
  facet normal -0.7071067811865475 0.7071067811865475 0
    outer loop
      vertex 3.8247766494750977 -4.660503387451172 7.5
      vertex 4.660503387451172 -3.8247766494750977 15
      vertex 4.660503387451172 -3.8247766494750977 7.5
    endloop
  endfacet
  facet normal -0.7071067811865475 0.7071067811865475 0
    outer loop
      vertex 4.660503387451172 -3.8247766494750977 15
      vertex 3.8247766494750977 -4.660503387451172 7.5
      vertex 3.8247766494750977 -4.660503387451172 15
    endloop
  endfacet
  facet normal -0.8314697394390843 0.555570042746278 0
    outer loop
      vertex 4.660503387451172 -3.8247766494750977 7.5
      vertex 5.317130088806152 -2.84206485748291 15
      vertex 5.317130088806152 -2.84206485748291 7.5
    endloop
  endfacet
  facet normal -0.8314697394390843 0.555570042746278 0
    outer loop
      vertex 5.317130088806152 -2.84206485748291 15
      vertex 4.660503387451172 -3.8247766494750977 7.5
      vertex 4.660503387451172 -3.8247766494750977 15
    endloop
  endfacet
  facet normal 0.555570042746278 0.8314697394390843 0
    outer loop
      vertex -2.84206485748291 -5.317130088806152 7.5
      vertex -3.8247766494750977 -4.660503387451172 15
      vertex -2.84206485748291 -5.317130088806152 15
    endloop
  endfacet
  facet normal 0.555570042746278 0.8314697394390843 0
    outer loop
      vertex -3.8247766494750977 -4.660503387451172 15
      vertex -2.84206485748291 -5.317130088806152 7.5
      vertex -3.8247766494750977 -4.660503387451172 7.5
    endloop
  endfacet
  facet normal -0.8314697394390843 -0.555570042746278 0
    outer loop
      vertex 5.317130088806152 2.84206485748291 7.5
      vertex 4.660503387451172 3.8247766494750977 15
      vertex 4.660503387451172 3.8247766494750977 7.5
    endloop
  endfacet
  facet normal -0.8314697394390843 -0.555570042746278 0
    outer loop
      vertex 4.660503387451172 3.8247766494750977 15
      vertex 5.317130088806152 2.84206485748291 7.5
      vertex 5.317130088806152 2.84206485748291 15
    endloop
  endfacet
  facet normal 0.19509095313605426 -0.9807851548654609 0
    outer loop
      vertex -1.7501354217529297 5.76942253112793 7.5
      vertex -0.5909481048583984 6 15
      vertex -1.7501354217529297 5.76942253112793 15
    endloop
  endfacet
  facet normal 0.19509095313605426 -0.9807851548654609 0
    outer loop
      vertex -0.5909481048583984 6 15
      vertex -1.7501354217529297 5.76942253112793 7.5
      vertex -0.5909481048583984 6 7.5
    endloop
  endfacet
  facet normal 0.8314697394390843 -0.555570042746278 0
    outer loop
      vertex -5.317130088806152 2.84206485748291 15
      vertex -4.660503387451172 3.8247766494750977 7.5
      vertex -4.660503387451172 3.8247766494750977 15
    endloop
  endfacet
  facet normal 0.8314697394390843 -0.555570042746278 0
    outer loop
      vertex -4.660503387451172 3.8247766494750977 7.5
      vertex -5.317130088806152 2.84206485748291 15
      vertex -5.317130088806152 2.84206485748291 7.5
    endloop
  endfacet
  facet normal 0.9238793946407963 -0.3826837652137285 0
    outer loop
      vertex -5.76942253112793 1.7501354217529297 15
      vertex -5.317130088806152 2.84206485748291 7.5
      vertex -5.317130088806152 2.84206485748291 15
    endloop
  endfacet
  facet normal 0.9238793946407963 -0.3826837652137285 0
    outer loop
      vertex -5.317130088806152 2.84206485748291 7.5
      vertex -5.76942253112793 1.7501354217529297 15
      vertex -5.76942253112793 1.7501354217529297 7.5
    endloop
  endfacet
  facet normal 0.7071067811865475 -0.7071067811865475 0
    outer loop
      vertex -4.660503387451172 3.8247766494750977 15
      vertex -3.8247766494750977 4.660503387451172 7.5
      vertex -3.8247766494750977 4.660503387451172 15
    endloop
  endfacet
  facet normal 0.7071067811865475 -0.7071067811865475 0
    outer loop
      vertex -3.8247766494750977 4.660503387451172 7.5
      vertex -4.660503387451172 3.8247766494750977 15
      vertex -4.660503387451172 3.8247766494750977 7.5
    endloop
  endfacet
  facet normal -0.9238793946407963 -0.3826837652137285 0
    outer loop
      vertex 5.76942253112793 1.7501354217529297 7.5
      vertex 5.317130088806152 2.84206485748291 15
      vertex 5.317130088806152 2.84206485748291 7.5
    endloop
  endfacet
  facet normal -0.9238793946407963 -0.3826837652137285 0
    outer loop
      vertex 5.317130088806152 2.84206485748291 15
      vertex 5.76942253112793 1.7501354217529297 7.5
      vertex 5.76942253112793 1.7501354217529297 15
    endloop
  endfacet
  facet normal 0.3826837652137285 0.9238793946407963 0
    outer loop
      vertex -1.7501354217529297 -5.76942253112793 7.5
      vertex -2.84206485748291 -5.317130088806152 15
      vertex -1.7501354217529297 -5.76942253112793 15
    endloop
  endfacet
  facet normal 0.3826837652137285 0.9238793946407963 0
    outer loop
      vertex -2.84206485748291 -5.317130088806152 15
      vertex -1.7501354217529297 -5.76942253112793 7.5
      vertex -2.84206485748291 -5.317130088806152 7.5
    endloop
  endfacet
  facet normal -0.7071067811865475 -0.7071067811865475 0
    outer loop
      vertex 4.660503387451172 3.8247766494750977 7.5
      vertex 3.8247766494750977 4.660503387451172 15
      vertex 3.8247766494750977 4.660503387451172 7.5
    endloop
  endfacet
  facet normal -0.7071067811865475 -0.7071067811865475 0
    outer loop
      vertex 3.8247766494750977 4.660503387451172 15
      vertex 4.660503387451172 3.8247766494750977 7.5
      vertex 4.660503387451172 3.8247766494750977 15
    endloop
  endfacet
  facet normal -0.19509095313605426 0.9807851548654609 0
    outer loop
      vertex 1.7501354217529297 -5.76942253112793 7.5
      vertex 0.5909481048583984 -6 15
      vertex 1.7501354217529297 -5.76942253112793 15
    endloop
  endfacet
  facet normal -0.19509095313605426 0.9807851548654609 0
    outer loop
      vertex 0.5909481048583984 -6 15
      vertex 1.7501354217529297 -5.76942253112793 7.5
      vertex 0.5909481048583984 -6 7.5
    endloop
  endfacet
  facet normal 0.9238793946407963 0.3826837652137285 0
    outer loop
      vertex -5.317130088806152 -2.84206485748291 15
      vertex -5.76942253112793 -1.7501354217529297 7.5
      vertex -5.76942253112793 -1.7501354217529297 15
    endloop
  endfacet
  facet normal 0.9238793946407963 0.3826837652137285 0
    outer loop
      vertex -5.76942253112793 -1.7501354217529297 7.5
      vertex -5.317130088806152 -2.84206485748291 15
      vertex -5.317130088806152 -2.84206485748291 7.5
    endloop
  endfacet
  facet normal 0 -1 0
    outer loop
      vertex -0.5909481048583984 6 7.5
      vertex 0.5909481048583984 6 15
      vertex -0.5909481048583984 6 15
    endloop
  endfacet
  facet normal 0 -1 0
    outer loop
      vertex 0.5909481048583984 6 15
      vertex -0.5909481048583984 6 7.5
      vertex 0.5909481048583984 6 7.5
    endloop
  endfacet
  facet normal -1 0 0
    outer loop
      vertex 6 -0.5909481048583984 7.5
      vertex 6 0.5909481048583984 15
      vertex 6 0.5909481048583984 7.5
    endloop
  endfacet
  facet normal -1 0 0
    outer loop
      vertex 6 0.5909481048583984 15
      vertex 6 -0.5909481048583984 7.5
      vertex 6 -0.5909481048583984 15
    endloop
  endfacet
  facet normal -0.19509095313605426 -0.9807851548654609 0
    outer loop
      vertex 0.5909481048583984 6 7.5
      vertex 1.7501354217529297 5.76942253112793 15
      vertex 0.5909481048583984 6 15
    endloop
  endfacet
  facet normal -0.19509095313605426 -0.9807851548654609 0
    outer loop
      vertex 1.7501354217529297 5.76942253112793 15
      vertex 0.5909481048583984 6 7.5
      vertex 1.7501354217529297 5.76942253112793 7.5
    endloop
  endfacet
  facet normal 0.555570042746278 -0.8314697394390843 0
    outer loop
      vertex -3.8247766494750977 4.660503387451172 7.5
      vertex -2.84206485748291 5.317130088806152 15
      vertex -3.8247766494750977 4.660503387451172 15
    endloop
  endfacet
  facet normal 0.555570042746278 -0.8314697394390843 0
    outer loop
      vertex -2.84206485748291 5.317130088806152 15
      vertex -3.8247766494750977 4.660503387451172 7.5
      vertex -2.84206485748291 5.317130088806152 7.5
    endloop
  endfacet
  facet normal -0.555570042746278 0.8314697394390843 0
    outer loop
      vertex 3.8247766494750977 -4.660503387451172 7.5
      vertex 2.84206485748291 -5.317130088806152 15
      vertex 3.8247766494750977 -4.660503387451172 15
    endloop
  endfacet
  facet normal -0.555570042746278 0.8314697394390843 0
    outer loop
      vertex 2.84206485748291 -5.317130088806152 15
      vertex 3.8247766494750977 -4.660503387451172 7.5
      vertex 2.84206485748291 -5.317130088806152 7.5
    endloop
  endfacet
  facet normal 0.3826837652137285 -0.9238793946407963 0
    outer loop
      vertex -2.84206485748291 5.317130088806152 7.5
      vertex -1.7501354217529297 5.76942253112793 15
      vertex -2.84206485748291 5.317130088806152 15
    endloop
  endfacet
  facet normal 0.3826837652137285 -0.9238793946407963 0
    outer loop
      vertex -1.7501354217529297 5.76942253112793 15
      vertex -2.84206485748291 5.317130088806152 7.5
      vertex -1.7501354217529297 5.76942253112793 7.5
    endloop
  endfacet
  facet normal 0.9807851548654609 0.19509095313605426 0
    outer loop
      vertex -5.76942253112793 -1.7501354217529297 15
      vertex -6 -0.5909481048583984 7.5
      vertex -6 -0.5909481048583984 15
    endloop
  endfacet
  facet normal 0.9807851548654609 0.19509095313605426 0
    outer loop
      vertex -6 -0.5909481048583984 7.5
      vertex -5.76942253112793 -1.7501354217529297 15
      vertex -5.76942253112793 -1.7501354217529297 7.5
    endloop
  endfacet
  facet normal 1 0 0
    outer loop
      vertex -6 -0.5909481048583984 15
      vertex -6 0.5909481048583984 7.5
      vertex -6 0.5909481048583984 15
    endloop
  endfacet
  facet normal 1 0 0
    outer loop
      vertex -6 0.5909481048583984 7.5
      vertex -6 -0.5909481048583984 15
      vertex -6 -0.5909481048583984 7.5
    endloop
  endfacet
  facet normal -0.3826837652137285 -0.9238793946407963 0
    outer loop
      vertex 1.7501354217529297 5.76942253112793 7.5
      vertex 2.84206485748291 5.317130088806152 15
      vertex 1.7501354217529297 5.76942253112793 15
    endloop
  endfacet
  facet normal -0.3826837652137285 -0.9238793946407963 0
    outer loop
      vertex 2.84206485748291 5.317130088806152 15
      vertex 1.7501354217529297 5.76942253112793 7.5
      vertex 2.84206485748291 5.317130088806152 7.5
    endloop
  endfacet
  facet normal 0 0 1
    outer loop
      vertex 3.25 0.3200969696044922 7.5
      vertex 6 0.5909481048583984 7.5
      vertex 5.76942253112793 1.7501354217529297 7.5
    endloop
  endfacet
  facet normal 0 0 1
    outer loop
      vertex 6 0.5909481048583984 7.5
      vertex 3.25 0.3200969696044922 7.5
      vertex 6 -0.5909481048583984 7.5
    endloop
  endfacet
  facet normal 0 0 1
    outer loop
      vertex 3.1251039505004883 0.9479894638061523 7.5
      vertex 5.76942253112793 1.7501354217529297 7.5
      vertex 5.317130088806152 2.84206485748291 7.5
    endloop
  endfacet
  facet normal 0 0 1
    outer loop
      vertex 3.25 -0.3200969696044922 7.5
      vertex 6 -0.5909481048583984 7.5
      vertex 3.25 0.3200969696044922 7.5
    endloop
  endfacet
  facet normal 0 0 1
    outer loop
      vertex 2.8801116943359375 1.5394515991210938 7.5
      vertex 5.317130088806152 2.84206485748291 7.5
      vertex 4.660503387451172 3.8247766494750977 7.5
    endloop
  endfacet
  facet normal 0 0 1
    outer loop
      vertex 6 -0.5909481048583984 7.5
      vertex 3.25 -0.3200969696044922 7.5
      vertex 5.76942253112793 -1.7501354217529297 7.5
    endloop
  endfacet
  facet normal 0 0 1
    outer loop
      vertex 2.524439811706543 2.07175350189209 7.5
      vertex 4.660503387451172 3.8247766494750977 7.5
      vertex 3.8247766494750977 4.660503387451172 7.5
    endloop
  endfacet
  facet normal 0 0 1
    outer loop
      vertex 3.1251039505004883 -0.9479894638061523 7.5
      vertex 5.76942253112793 -1.7501354217529297 7.5
      vertex 3.25 -0.3200969696044922 7.5
    endloop
  endfacet
  facet normal 0 0 1
    outer loop
      vertex 5.76942253112793 -1.7501354217529297 7.5
      vertex 3.1251039505004883 -0.9479894638061523 7.5
      vertex 5.317130088806152 -2.84206485748291 7.5
    endloop
  endfacet
  facet normal 0 0 1
    outer loop
      vertex 5.76942253112793 1.7501354217529297 7.5
      vertex 3.1251039505004883 0.9479894638061523 7.5
      vertex 3.25 0.3200969696044922 7.5
    endloop
  endfacet
  facet normal 0 0 1
    outer loop
      vertex 5.317130088806152 2.84206485748291 7.5
      vertex 2.8801116943359375 1.5394515991210938 7.5
      vertex 3.1251039505004883 0.9479894638061523 7.5
    endloop
  endfacet
  facet normal 0 0 1
    outer loop
      vertex 2.07175350189209 2.524439811706543 7.5
      vertex 3.8247766494750977 4.660503387451172 7.5
      vertex 2.84206485748291 5.317130088806152 7.5
    endloop
  endfacet
  facet normal 0 0 1
    outer loop
      vertex 4.660503387451172 3.8247766494750977 7.5
      vertex 2.524439811706543 2.07175350189209 7.5
      vertex 2.8801116943359375 1.5394515991210938 7.5
    endloop
  endfacet
  facet normal 0 0 1
    outer loop
      vertex 3.8247766494750977 4.660503387451172 7.5
      vertex 2.07175350189209 2.524439811706543 7.5
      vertex 2.524439811706543 2.07175350189209 7.5
    endloop
  endfacet
  facet normal 0 0 1
    outer loop
      vertex 1.5394515991210938 2.8801116943359375 7.5
      vertex 2.84206485748291 5.317130088806152 7.5
      vertex 1.7501354217529297 5.76942253112793 7.5
    endloop
  endfacet
  facet normal 0 0 1
    outer loop
      vertex 2.84206485748291 5.317130088806152 7.5
      vertex 1.5394515991210938 2.8801116943359375 7.5
      vertex 2.07175350189209 2.524439811706543 7.5
    endloop
  endfacet
  facet normal 0 0 1
    outer loop
      vertex 1.7501354217529297 5.76942253112793 7.5
      vertex 0.9479894638061523 3.1251039505004883 7.5
      vertex 1.5394515991210938 2.8801116943359375 7.5
    endloop
  endfacet
  facet normal 0 0 1
    outer loop
      vertex 0.5909481048583984 6 7.5
      vertex 0.9479894638061523 3.1251039505004883 7.5
      vertex 1.7501354217529297 5.76942253112793 7.5
    endloop
  endfacet
  facet normal 0 0 1
    outer loop
      vertex 0.5909481048583984 6 7.5
      vertex 0.3200969696044922 3.25 7.5
      vertex 0.9479894638061523 3.1251039505004883 7.5
    endloop
  endfacet
  facet normal 0 0 1
    outer loop
      vertex 0.5909481048583984 6 7.5
      vertex -0.3200969696044922 3.25 7.5
      vertex 0.3200969696044922 3.25 7.5
    endloop
  endfacet
  facet normal 0 0 1
    outer loop
      vertex -0.5909481048583984 6 7.5
      vertex -0.3200969696044922 3.25 7.5
      vertex 0.5909481048583984 6 7.5
    endloop
  endfacet
  facet normal 0 0 1
    outer loop
      vertex -0.5909481048583984 6 7.5
      vertex -0.9479894638061523 3.1251039505004883 7.5
      vertex -0.3200969696044922 3.25 7.5
    endloop
  endfacet
  facet normal 0 0 1
    outer loop
      vertex -1.7501354217529297 5.76942253112793 7.5
      vertex -0.9479894638061523 3.1251039505004883 7.5
      vertex -0.5909481048583984 6 7.5
    endloop
  endfacet
  facet normal 0 0 1
    outer loop
      vertex -0.9479894638061523 3.1251039505004883 7.5
      vertex -1.7501354217529297 5.76942253112793 7.5
      vertex -1.5394515991210938 2.8801116943359375 7.5
    endloop
  endfacet
  facet normal 0 0 1
    outer loop
      vertex -2.84206485748291 5.317130088806152 7.5
      vertex -1.5394515991210938 2.8801116943359375 7.5
      vertex -1.7501354217529297 5.76942253112793 7.5
    endloop
  endfacet
  facet normal 0 0 1
    outer loop
      vertex -1.5394515991210938 2.8801116943359375 7.5
      vertex -2.84206485748291 5.317130088806152 7.5
      vertex -2.07175350189209 2.524439811706543 7.5
    endloop
  endfacet
  facet normal 0 0 1
    outer loop
      vertex -3.8247766494750977 4.660503387451172 7.5
      vertex -2.07175350189209 2.524439811706543 7.5
      vertex -2.84206485748291 5.317130088806152 7.5
    endloop
  endfacet
  facet normal 0 0 1
    outer loop
      vertex -2.07175350189209 2.524439811706543 7.5
      vertex -3.8247766494750977 4.660503387451172 7.5
      vertex -2.524439811706543 2.07175350189209 7.5
    endloop
  endfacet
  facet normal 0 0 1
    outer loop
      vertex -4.660503387451172 3.8247766494750977 7.5
      vertex -2.524439811706543 2.07175350189209 7.5
      vertex -3.8247766494750977 4.660503387451172 7.5
    endloop
  endfacet
  facet normal 0 0 1
    outer loop
      vertex -2.524439811706543 2.07175350189209 7.5
      vertex -4.660503387451172 3.8247766494750977 7.5
      vertex -2.8801116943359375 1.5394515991210938 7.5
    endloop
  endfacet
  facet normal 0 0 1
    outer loop
      vertex -2.8801116943359375 1.5394515991210938 7.5
      vertex -5.317130088806152 2.84206485748291 7.5
      vertex -3.1251039505004883 0.9479894638061523 7.5
    endloop
  endfacet
  facet normal 0 0 1
    outer loop
      vertex -5.317130088806152 2.84206485748291 7.5
      vertex -2.8801116943359375 1.5394515991210938 7.5
      vertex -4.660503387451172 3.8247766494750977 7.5
    endloop
  endfacet
  facet normal 0 0 1
    outer loop
      vertex 2.8801116943359375 -1.5394515991210938 7.5
      vertex 5.317130088806152 -2.84206485748291 7.5
      vertex 3.1251039505004883 -0.9479894638061523 7.5
    endloop
  endfacet
  facet normal 0 0 1
    outer loop
      vertex 5.317130088806152 -2.84206485748291 7.5
      vertex 2.8801116943359375 -1.5394515991210938 7.5
      vertex 4.660503387451172 -3.8247766494750977 7.5
    endloop
  endfacet
  facet normal 0 0 1
    outer loop
      vertex 2.524439811706543 -2.07175350189209 7.5
      vertex 4.660503387451172 -3.8247766494750977 7.5
      vertex 2.8801116943359375 -1.5394515991210938 7.5
    endloop
  endfacet
  facet normal 0 0 1
    outer loop
      vertex 4.660503387451172 -3.8247766494750977 7.5
      vertex 2.524439811706543 -2.07175350189209 7.5
      vertex 3.8247766494750977 -4.660503387451172 7.5
    endloop
  endfacet
  facet normal 0 0 1
    outer loop
      vertex 2.07175350189209 -2.524439811706543 7.5
      vertex 3.8247766494750977 -4.660503387451172 7.5
      vertex 2.524439811706543 -2.07175350189209 7.5
    endloop
  endfacet
  facet normal 0 0 1
    outer loop
      vertex 3.8247766494750977 -4.660503387451172 7.5
      vertex 2.07175350189209 -2.524439811706543 7.5
      vertex 2.84206485748291 -5.317130088806152 7.5
    endloop
  endfacet
  facet normal 0 0 1
    outer loop
      vertex 1.5394515991210938 -2.8801116943359375 7.5
      vertex 2.84206485748291 -5.317130088806152 7.5
      vertex 2.07175350189209 -2.524439811706543 7.5
    endloop
  endfacet
  facet normal 0 0 1
    outer loop
      vertex 2.84206485748291 -5.317130088806152 7.5
      vertex 1.5394515991210938 -2.8801116943359375 7.5
      vertex 1.7501354217529297 -5.76942253112793 7.5
    endloop
  endfacet
  facet normal 0 0 1
    outer loop
      vertex 0.9479894638061523 -3.1251039505004883 7.5
      vertex 1.7501354217529297 -5.76942253112793 7.5
      vertex 1.5394515991210938 -2.8801116943359375 7.5
    endloop
  endfacet
  facet normal 0 0 1
    outer loop
      vertex 0.9479894638061523 -3.1251039505004883 7.5
      vertex 0.5909481048583984 -6 7.5
      vertex 1.7501354217529297 -5.76942253112793 7.5
    endloop
  endfacet
  facet normal 0 0 1
    outer loop
      vertex 0.3200969696044922 -3.25 7.5
      vertex 0.5909481048583984 -6 7.5
      vertex 0.9479894638061523 -3.1251039505004883 7.5
    endloop
  endfacet
  facet normal 0 0 1
    outer loop
      vertex -0.3200969696044922 -3.25 7.5
      vertex 0.5909481048583984 -6 7.5
      vertex 0.3200969696044922 -3.25 7.5
    endloop
  endfacet
  facet normal 0 0 1
    outer loop
      vertex -0.3200969696044922 -3.25 7.5
      vertex -0.5909481048583984 -6 7.5
      vertex 0.5909481048583984 -6 7.5
    endloop
  endfacet
  facet normal 0 0 1
    outer loop
      vertex -0.9479894638061523 -3.1251039505004883 7.5
      vertex -0.5909481048583984 -6 7.5
      vertex -0.3200969696044922 -3.25 7.5
    endloop
  endfacet
  facet normal 0 0 1
    outer loop
      vertex -1.7501354217529297 -5.76942253112793 7.5
      vertex -0.9479894638061523 -3.1251039505004883 7.5
      vertex -1.5394515991210938 -2.8801116943359375 7.5
    endloop
  endfacet
  facet normal 0 0 1
    outer loop
      vertex -0.9479894638061523 -3.1251039505004883 7.5
      vertex -1.7501354217529297 -5.76942253112793 7.5
      vertex -0.5909481048583984 -6 7.5
    endloop
  endfacet
  facet normal 0 0 1
    outer loop
      vertex -2.84206485748291 -5.317130088806152 7.5
      vertex -1.5394515991210938 -2.8801116943359375 7.5
      vertex -2.07175350189209 -2.524439811706543 7.5
    endloop
  endfacet
  facet normal 0 0 1
    outer loop
      vertex -3.8247766494750977 -4.660503387451172 7.5
      vertex -2.07175350189209 -2.524439811706543 7.5
      vertex -2.524439811706543 -2.07175350189209 7.5
    endloop
  endfacet
  facet normal 0 0 1
    outer loop
      vertex -1.5394515991210938 -2.8801116943359375 7.5
      vertex -2.84206485748291 -5.317130088806152 7.5
      vertex -1.7501354217529297 -5.76942253112793 7.5
    endloop
  endfacet
  facet normal 0 0 1
    outer loop
      vertex -4.660503387451172 -3.8247766494750977 7.5
      vertex -2.524439811706543 -2.07175350189209 7.5
      vertex -2.8801116943359375 -1.5394515991210938 7.5
    endloop
  endfacet
  facet normal 0 0 1
    outer loop
      vertex -5.317130088806152 -2.84206485748291 7.5
      vertex -2.8801116943359375 -1.5394515991210938 7.5
      vertex -3.1251039505004883 -0.9479894638061523 7.5
    endloop
  endfacet
  facet normal 0 0 1
    outer loop
      vertex -5.76942253112793 -1.7501354217529297 7.5
      vertex -3.1251039505004883 -0.9479894638061523 7.5
      vertex -3.25 -0.3200969696044922 7.5
    endloop
  endfacet
  facet normal 0 0 1
    outer loop
      vertex -5.76942253112793 1.7501354217529297 7.5
      vertex -3.1251039505004883 0.9479894638061523 7.5
      vertex -5.317130088806152 2.84206485748291 7.5
    endloop
  endfacet
  facet normal 0 0 1
    outer loop
      vertex -2.07175350189209 -2.524439811706543 7.5
      vertex -3.8247766494750977 -4.660503387451172 7.5
      vertex -2.84206485748291 -5.317130088806152 7.5
    endloop
  endfacet
  facet normal 0 0 1
    outer loop
      vertex -3.1251039505004883 0.9479894638061523 7.5
      vertex -5.76942253112793 1.7501354217529297 7.5
      vertex -3.25 0.3200969696044922 7.5
    endloop
  endfacet
  facet normal 0 0 1
    outer loop
      vertex -2.524439811706543 -2.07175350189209 7.5
      vertex -4.660503387451172 -3.8247766494750977 7.5
      vertex -3.8247766494750977 -4.660503387451172 7.5
    endloop
  endfacet
  facet normal 0 0 1
    outer loop
      vertex -6 0.5909481048583984 7.5
      vertex -3.25 0.3200969696044922 7.5
      vertex -5.76942253112793 1.7501354217529297 7.5
    endloop
  endfacet
  facet normal 0 0 1
    outer loop
      vertex -2.8801116943359375 -1.5394515991210938 7.5
      vertex -5.317130088806152 -2.84206485748291 7.5
      vertex -4.660503387451172 -3.8247766494750977 7.5
    endloop
  endfacet
  facet normal 0 0 1
    outer loop
      vertex -3.25 0.3200969696044922 7.5
      vertex -6 0.5909481048583984 7.5
      vertex -3.25 -0.3200969696044922 7.5
    endloop
  endfacet
  facet normal 0 0 1
    outer loop
      vertex -3.1251039505004883 -0.9479894638061523 7.5
      vertex -5.76942253112793 -1.7501354217529297 7.5
      vertex -5.317130088806152 -2.84206485748291 7.5
    endloop
  endfacet
  facet normal 0 0 1
    outer loop
      vertex -6 -0.5909481048583984 7.5
      vertex -3.25 -0.3200969696044922 7.5
      vertex -6 0.5909481048583984 7.5
    endloop
  endfacet
  facet normal 0 0 1
    outer loop
      vertex -3.25 -0.3200969696044922 7.5
      vertex -6 -0.5909481048583984 7.5
      vertex -5.76942253112793 -1.7501354217529297 7.5
    endloop
  endfacet
  facet normal 0.7071067811865475 0.7071067811865475 0
    outer loop
      vertex -3.8247766494750977 -4.660503387451172 15
      vertex -4.660503387451172 -3.8247766494750977 7.5
      vertex -4.660503387451172 -3.8247766494750977 15
    endloop
  endfacet
  facet normal 0.7071067811865475 0.7071067811865475 0
    outer loop
      vertex -4.660503387451172 -3.8247766494750977 7.5
      vertex -3.8247766494750977 -4.660503387451172 15
      vertex -3.8247766494750977 -4.660503387451172 7.5
    endloop
  endfacet
  facet normal 0.8314697394390843 0.555570042746278 0
    outer loop
      vertex -4.660503387451172 -3.8247766494750977 15
      vertex -5.317130088806152 -2.84206485748291 7.5
      vertex -5.317130088806152 -2.84206485748291 15
    endloop
  endfacet
  facet normal 0.8314697394390843 0.555570042746278 0
    outer loop
      vertex -5.317130088806152 -2.84206485748291 7.5
      vertex -4.660503387451172 -3.8247766494750977 15
      vertex -4.660503387451172 -3.8247766494750977 7.5
    endloop
  endfacet
  facet normal 0.19509095313605426 0.9807851548654609 0
    outer loop
      vertex -0.5909481048583984 -6 7.5
      vertex -1.7501354217529297 -5.76942253112793 15
      vertex -0.5909481048583984 -6 15
    endloop
  endfacet
  facet normal 0.19509095313605426 0.9807851548654609 0
    outer loop
      vertex -1.7501354217529297 -5.76942253112793 15
      vertex -0.5909481048583984 -6 7.5
      vertex -1.7501354217529297 -5.76942253112793 7.5
    endloop
  endfacet
  facet normal -0.5296479952477117 0.7926747109571607 0.3018936960902988
    outer loop
      vertex -6.374628067016602 7.7675065994262695 15
      vertex -4.7367753982543945 8.861884117126465 15
      vertex -9.637462615966797 9.776750564575195 4
    endloop
  endfacet
  facet normal -0.9707858734458357 0.19310139031460788 0.1424311797907023
    outer loop
      vertex -10 0.9849138259887695 15
      vertex -9.615705490112305 2.9168920516967773 15
      vertex -10 9.098490715026855 4
    endloop
  endfacet
  facet normal 0.19310139031460788 0.9707858734458357 0.1424311797907023
    outer loop
      vertex 2.9168920516967773 9.615705490112305 15
      vertex 9.098490715026855 10 4
      vertex 0.9849138259887695 10 15
    endloop
  endfacet
  facet normal -0.8961205198752481 -0.3711857696433717 0.24328817947605477
    outer loop
      vertex -9.961569786071777 -9.291688919067383 4
      vertex -8.861884117126465 -4.7367753982543945 15
      vertex -9.615705490112305 -2.9168920516967773 15
    endloop
  endfacet
  facet normal 0.8961205198752481 0.3711857696433717 0.24328817947605477
    outer loop
      vertex 9.615705490112305 2.9168920516967773 15
      vertex 9.961569786071777 9.291688919067383 4
      vertex 8.861884117126465 4.7367753982543945 15
    endloop
  endfacet
  facet normal -0.7926777913263626 -0.5296442022805958 0.30189226245220485
    outer loop
      vertex -9.776750564575195 -9.637462615966797 4
      vertex -8.861884117126465 -4.7367753982543945 15
      vertex -9.886187553405762 -9.473676681518555 4
    endloop
  endfacet
  facet normal 0.9707858734458357 0.19310139031460788 0.1424311797907023
    outer loop
      vertex 9.615705490112305 2.9168920516967773 15
      vertex 10 0.9849138259887695 15
      vertex 10 9.098490715026855 4
    endloop
  endfacet
  facet normal 0.9807845987074544 0.19509374910093288 0
    outer loop
      vertex 10 9.098490715026855 4
      vertex 9.961569786071777 9.291688919067383 0
      vertex 9.961569786071777 9.291688919067383 4
    endloop
  endfacet
  facet normal 0.9807845987074544 0.19509374910093288 0
    outer loop
      vertex 9.961569786071777 9.291688919067383 0
      vertex 10 9.098490715026855 4
      vertex 10 9.098490715026855 0
    endloop
  endfacet
  facet normal -0.8314725993515246 0.5555657625588704 0
    outer loop
      vertex -9.886187553405762 9.473676681518555 0
      vertex -9.776750564575195 9.637462615966797 4
      vertex -9.776750564575195 9.637462615966797 0
    endloop
  endfacet
  facet normal -0.8314725993515246 0.5555657625588704 0
    outer loop
      vertex -9.776750564575195 9.637462615966797 4
      vertex -9.886187553405762 9.473676681518555 0
      vertex -9.886187553405762 9.473676681518555 4
    endloop
  endfacet
  facet normal 0.7071067811865476 -0.7071067811865476 0
    outer loop
      vertex 9.637462615966797 -9.776750564575195 4
      vertex 9.776750564575195 -9.637462615966797 0
      vertex 9.776750564575195 -9.637462615966797 4
    endloop
  endfacet
  facet normal 0.7071067811865476 -0.7071067811865476 0
    outer loop
      vertex 9.776750564575195 -9.637462615966797 0
      vertex 9.637462615966797 -9.776750564575195 4
      vertex 9.637462615966797 -9.776750564575195 0
    endloop
  endfacet
  facet normal 0.7926747109571607 0.5296479952477117 0.3018936960902988
    outer loop
      vertex 8.861884117126465 4.7367753982543945 15
      vertex 9.776750564575195 9.637462615966797 4
      vertex 7.7675065994262695 6.374628067016602 15
    endloop
  endfacet
  facet normal -0.9707858734458357 -0.19310139031460788 0.1424311797907023
    outer loop
      vertex -10 -9.098490715026855 4
      vertex -9.615705490112305 -2.9168920516967773 15
      vertex -10 -0.9849138259887695 15
    endloop
  endfacet
  facet normal 0.5296442022805958 -0.7926777913263626 0.30189226245220485
    outer loop
      vertex 9.473676681518555 -9.886187553405762 4
      vertex 9.637462615966797 -9.776750564575195 4
      vertex 4.7367753982543945 -8.861884117126465 15
    endloop
  endfacet
  facet normal -0.3711871196165123 -0.8961198277184834 0.24328866928114895
    outer loop
      vertex -9.291688919067383 -9.961569786071777 4
      vertex -4.7367753982543945 -8.861884117126465 15
      vertex -9.473676681518555 -9.886187553405762 4
    endloop
  endfacet
  facet normal 0.7926777913263626 -0.5296442022805958 0.30189226245220485
    outer loop
      vertex 9.776750564575195 -9.637462615966797 4
      vertex 9.886187553405762 -9.473676681518555 4
      vertex 8.861884117126465 -4.7367753982543945 15
    endloop
  endfacet
  facet normal 0.9707849580034461 0.19310466057203649 0.14243298557429004
    outer loop
      vertex 9.615705490112305 2.9168920516967773 15
      vertex 10 9.098490715026855 4
      vertex 9.961569786071777 9.291688919067383 4
    endloop
  endfacet
  facet normal -0.5296442022805958 -0.7926777913263626 0.30189226245220485
    outer loop
      vertex -9.473676681518555 -9.886187553405762 4
      vertex -4.7367753982543945 -8.861884117126465 15
      vertex -9.637462615966797 -9.776750564575195 4
    endloop
  endfacet
  facet normal -0.7071067811865476 0.7071067811865476 0
    outer loop
      vertex -9.776750564575195 9.637462615966797 0
      vertex -9.637462615966797 9.776750564575195 4
      vertex -9.637462615966797 9.776750564575195 0
    endloop
  endfacet
  facet normal -0.7071067811865476 0.7071067811865476 0
    outer loop
      vertex -9.637462615966797 9.776750564575195 4
      vertex -9.776750564575195 9.637462615966797 0
      vertex -9.776750564575195 9.637462615966797 4
    endloop
  endfacet
  facet normal -0.7926747109571607 0.5296479952477117 0.3018936960902988
    outer loop
      vertex -8.861884117126465 4.7367753982543945 15
      vertex -7.7675065994262695 6.374628067016602 15
      vertex -9.776750564575195 9.637462615966797 4
    endloop
  endfacet
  facet normal -0.6696931984682702 -0.6696931984682702 0.3209704656984442
    outer loop
      vertex -9.776750564575195 -9.637462615966797 4
      vertex -6.374628067016602 -7.7675065994262695 15
      vertex -7.7675065994262695 -6.374628067016602 15
    endloop
  endfacet
  facet normal -0.6696931984682702 -0.6696931984682702 0.32097046569844423
    outer loop
      vertex -6.374628067016602 -7.7675065994262695 15
      vertex -9.776750564575195 -9.637462615966797 4
      vertex -9.637462615966797 -9.776750564575195 4
    endloop
  endfacet
  facet normal 0.3826853097993421 -0.9238787548503221 0
    outer loop
      vertex 9.291688919067383 -9.961569786071777 0
      vertex 9.473676681518555 -9.886187553405762 4
      vertex 9.291688919067383 -9.961569786071777 4
    endloop
  endfacet
  facet normal 0.3826853097993421 -0.9238787548503221 0
    outer loop
      vertex 9.473676681518555 -9.886187553405762 4
      vertex 9.291688919067383 -9.961569786071777 0
      vertex 9.473676681518555 -9.886187553405762 0
    endloop
  endfacet
  facet normal 0.9807845987074544 -0.19509374910093288 0
    outer loop
      vertex 9.961569786071777 -9.291688919067383 4
      vertex 10 -9.098490715026855 0
      vertex 10 -9.098490715026855 4
    endloop
  endfacet
  facet normal 0.9807845987074544 -0.19509374910093288 0
    outer loop
      vertex 10 -9.098490715026855 0
      vertex 9.961569786071777 -9.291688919067383 4
      vertex 9.961569786071777 -9.291688919067383 0
    endloop
  endfacet
  facet normal 0.8961198277184834 -0.3711871196165123 0.24328866928114895
    outer loop
      vertex 9.886187553405762 -9.473676681518555 4
      vertex 9.961569786071777 -9.291688919067383 4
      vertex 8.861884117126465 -4.7367753982543945 15
    endloop
  endfacet
  facet normal 0.8961205198752481 -0.3711857696433717 0.24328817947605477
    outer loop
      vertex 8.861884117126465 -4.7367753982543945 15
      vertex 9.961569786071777 -9.291688919067383 4
      vertex 9.615705490112305 -2.9168920516967773 15
    endloop
  endfacet
  facet normal -0.8314725993515246 -0.5555657625588704 0
    outer loop
      vertex -9.776750564575195 -9.637462615966797 0
      vertex -9.886187553405762 -9.473676681518555 4
      vertex -9.886187553405762 -9.473676681518555 0
    endloop
  endfacet
  facet normal -0.8314725993515246 -0.5555657625588704 0
    outer loop
      vertex -9.886187553405762 -9.473676681518555 4
      vertex -9.776750564575195 -9.637462615966797 0
      vertex -9.776750564575195 -9.637462615966797 4
    endloop
  endfacet
  facet normal -0.19310466057203649 -0.9707849580034461 0.14243298557429004
    outer loop
      vertex -9.098490715026855 -10 4
      vertex -2.9168920516967773 -9.615705490112305 15
      vertex -9.291688919067383 -9.961569786071777 4
    endloop
  endfacet
  facet normal -0.3711857696433717 -0.8961205198752481 0.24328817947605477
    outer loop
      vertex -9.291688919067383 -9.961569786071777 4
      vertex -2.9168920516967773 -9.615705490112305 15
      vertex -4.7367753982543945 -8.861884117126465 15
    endloop
  endfacet
  facet normal 0.3711871196165123 -0.8961198277184834 0.24328866928114895
    outer loop
      vertex 9.291688919067383 -9.961569786071777 4
      vertex 9.473676681518555 -9.886187553405762 4
      vertex 4.7367753982543945 -8.861884117126465 15
    endloop
  endfacet
  facet normal 0.5296479952477117 -0.7926747109571607 0.3018936960902988
    outer loop
      vertex 4.7367753982543945 -8.861884117126465 15
      vertex 9.637462615966797 -9.776750564575195 4
      vertex 6.374628067016602 -7.7675065994262695 15
    endloop
  endfacet
  facet normal -0.19509374910093288 -0.9807845987074544 0
    outer loop
      vertex -9.291688919067383 -9.961569786071777 0
      vertex -9.098490715026855 -10 4
      vertex -9.291688919067383 -9.961569786071777 4
    endloop
  endfacet
  facet normal -0.19509374910093288 -0.9807845987074544 0
    outer loop
      vertex -9.098490715026855 -10 4
      vertex -9.291688919067383 -9.961569786071777 0
      vertex -9.098490715026855 -10 0
    endloop
  endfacet
  facet normal -0.9807845987074544 -0.19509374910093288 0
    outer loop
      vertex -9.961569786071777 -9.291688919067383 0
      vertex -10 -9.098490715026855 4
      vertex -10 -9.098490715026855 0
    endloop
  endfacet
  facet normal -0.9807845987074544 -0.19509374910093288 0
    outer loop
      vertex -10 -9.098490715026855 4
      vertex -9.961569786071777 -9.291688919067383 0
      vertex -9.961569786071777 -9.291688919067383 4
    endloop
  endfacet
  facet normal 0.5296479952477117 0.7926747109571607 0.3018936960902988
    outer loop
      vertex 6.374628067016602 7.7675065994262695 15
      vertex 9.637462615966797 9.776750564575195 4
      vertex 4.7367753982543945 8.861884117126465 15
    endloop
  endfacet
  facet normal 0.19310466057203649 0.9707849580034461 0.14243298557429004
    outer loop
      vertex 2.9168920516967773 9.615705490112305 15
      vertex 9.291688919067383 9.961569786071777 4
      vertex 9.098490715026855 10 4
    endloop
  endfacet
  facet normal -0.9707849580034461 0.19310466057203649 0.14243298557429004
    outer loop
      vertex -10 9.098490715026855 4
      vertex -9.615705490112305 2.9168920516967773 15
      vertex -9.961569786071777 9.291688919067383 4
    endloop
  endfacet
  facet normal 0.6696931984682702 0.6696931984682702 0.32097046569844423
    outer loop
      vertex 6.374628067016602 7.7675065994262695 15
      vertex 9.776750564575195 9.637462615966797 4
      vertex 9.637462615966797 9.776750564575195 4
    endloop
  endfacet
  facet normal 0.6696931984682702 0.6696931984682702 0.3209704656984442
    outer loop
      vertex 9.776750564575195 9.637462615966797 4
      vertex 6.374628067016602 7.7675065994262695 15
      vertex 7.7675065994262695 6.374628067016602 15
    endloop
  endfacet
  facet normal -0.19509374910093288 0.9807845987074544 0
    outer loop
      vertex -9.098490715026855 10 0
      vertex -9.291688919067383 9.961569786071777 4
      vertex -9.098490715026855 10 4
    endloop
  endfacet
  facet normal -0.19509374910093288 0.9807845987074544 0
    outer loop
      vertex -9.291688919067383 9.961569786071777 4
      vertex -9.098490715026855 10 0
      vertex -9.291688919067383 9.961569786071777 0
    endloop
  endfacet
  facet normal -0.9807845987074544 0.19509374910093288 0
    outer loop
      vertex -10 9.098490715026855 0
      vertex -9.961569786071777 9.291688919067383 4
      vertex -9.961569786071777 9.291688919067383 0
    endloop
  endfacet
  facet normal -0.9807845987074544 0.19509374910093288 0
    outer loop
      vertex -9.961569786071777 9.291688919067383 4
      vertex -10 9.098490715026855 0
      vertex -10 9.098490715026855 4
    endloop
  endfacet
  facet normal -0.7926747109571607 -0.5296479952477117 0.3018936960902988
    outer loop
      vertex -9.776750564575195 -9.637462615966797 4
      vertex -7.7675065994262695 -6.374628067016602 15
      vertex -8.861884117126465 -4.7367753982543945 15
    endloop
  endfacet
  facet normal -0.6696931984682702 0.6696931984682702 0.32097046569844423
    outer loop
      vertex -9.776750564575195 9.637462615966797 4
      vertex -6.374628067016602 7.7675065994262695 15
      vertex -9.637462615966797 9.776750564575195 4
    endloop
  endfacet
  facet normal -0.6696931984682702 0.6696931984682702 0.3209704656984442
    outer loop
      vertex -6.374628067016602 7.7675065994262695 15
      vertex -9.776750564575195 9.637462615966797 4
      vertex -7.7675065994262695 6.374628067016602 15
    endloop
  endfacet
  facet normal -0.5555657625588704 0.8314725993515246 0
    outer loop
      vertex -9.473676681518555 9.886187553405762 0
      vertex -9.637462615966797 9.776750564575195 4
      vertex -9.473676681518555 9.886187553405762 4
    endloop
  endfacet
  facet normal -0.5555657625588704 0.8314725993515246 0
    outer loop
      vertex -9.637462615966797 9.776750564575195 4
      vertex -9.473676681518555 9.886187553405762 0
      vertex -9.637462615966797 9.776750564575195 0
    endloop
  endfacet
  facet normal 0.19509374910093288 -0.9807845987074544 0
    outer loop
      vertex 9.098490715026855 -10 0
      vertex 9.291688919067383 -9.961569786071777 4
      vertex 9.098490715026855 -10 4
    endloop
  endfacet
  facet normal 0.19509374910093288 -0.9807845987074544 0
    outer loop
      vertex 9.291688919067383 -9.961569786071777 4
      vertex 9.098490715026855 -10 0
      vertex 9.291688919067383 -9.961569786071777 0
    endloop
  endfacet
  facet normal 0.8314725993515246 -0.5555657625588704 0
    outer loop
      vertex 9.776750564575195 -9.637462615966797 4
      vertex 9.886187553405762 -9.473676681518555 0
      vertex 9.886187553405762 -9.473676681518555 4
    endloop
  endfacet
  facet normal 0.8314725993515246 -0.5555657625588704 0
    outer loop
      vertex 9.886187553405762 -9.473676681518555 0
      vertex 9.776750564575195 -9.637462615966797 4
      vertex 9.776750564575195 -9.637462615966797 0
    endloop
  endfacet
  facet normal 0.9707849580034461 -0.19310466057203649 0.14243298557429004
    outer loop
      vertex 9.961569786071777 -9.291688919067383 4
      vertex 10 -9.098490715026855 4
      vertex 9.615705490112305 -2.9168920516967773 15
    endloop
  endfacet
  facet normal 0.9707858734458357 -0.19310139031460788 0.1424311797907023
    outer loop
      vertex 9.615705490112305 -2.9168920516967773 15
      vertex 10 -9.098490715026855 4
      vertex 10 -0.9849138259887695 15
    endloop
  endfacet
  facet normal -0.5555657625588704 -0.8314725993515246 0
    outer loop
      vertex -9.637462615966797 -9.776750564575195 0
      vertex -9.473676681518555 -9.886187553405762 4
      vertex -9.637462615966797 -9.776750564575195 4
    endloop
  endfacet
  facet normal -0.5555657625588704 -0.8314725993515246 0
    outer loop
      vertex -9.473676681518555 -9.886187553405762 4
      vertex -9.637462615966797 -9.776750564575195 0
      vertex -9.473676681518555 -9.886187553405762 0
    endloop
  endfacet
  facet normal 0.8314725993515246 0.5555657625588704 0
    outer loop
      vertex 9.886187553405762 9.473676681518555 4
      vertex 9.776750564575195 9.637462615966797 0
      vertex 9.776750564575195 9.637462615966797 4
    endloop
  endfacet
  facet normal 0.8314725993515246 0.5555657625588704 0
    outer loop
      vertex 9.776750564575195 9.637462615966797 0
      vertex 9.886187553405762 9.473676681518555 4
      vertex 9.886187553405762 9.473676681518555 0
    endloop
  endfacet
  facet normal 1 0 0
    outer loop
      vertex 10 -9.098490715026855 4
      vertex 10 9.098490715026855 4
      vertex 10 0.9849138259887695 15
    endloop
  endfacet
  facet normal 1 0 0
    outer loop
      vertex 10 -9.098490715026855 4
      vertex 10 0.9849138259887695 15
      vertex 10 -0.9849138259887695 15
    endloop
  endfacet
  facet normal 1 0 0
    outer loop
      vertex 10 9.098490715026855 4
      vertex 10 -9.098490715026855 4
      vertex 10 9.098490715026855 0
    endloop
  endfacet
  facet normal 1 0 0
    outer loop
      vertex 10 9.098490715026855 0
      vertex 10 -9.098490715026855 4
      vertex 10 -9.098490715026855 0
    endloop
  endfacet
  facet normal -0.3826853097993421 -0.9238787548503221 0
    outer loop
      vertex -9.473676681518555 -9.886187553405762 0
      vertex -9.291688919067383 -9.961569786071777 4
      vertex -9.473676681518555 -9.886187553405762 4
    endloop
  endfacet
  facet normal -0.3826853097993421 -0.9238787548503221 0
    outer loop
      vertex -9.291688919067383 -9.961569786071777 4
      vertex -9.473676681518555 -9.886187553405762 0
      vertex -9.291688919067383 -9.961569786071777 0
    endloop
  endfacet
  facet normal 0.7926777913263626 0.5296442022805958 0.30189226245220485
    outer loop
      vertex 8.861884117126465 4.7367753982543945 15
      vertex 9.886187553405762 9.473676681518555 4
      vertex 9.776750564575195 9.637462615966797 4
    endloop
  endfacet
  facet normal 0.5555657625588704 0.8314725993515246 0
    outer loop
      vertex 9.637462615966797 9.776750564575195 0
      vertex 9.473676681518555 9.886187553405762 4
      vertex 9.637462615966797 9.776750564575195 4
    endloop
  endfacet
  facet normal 0.5555657625588704 0.8314725993515246 0
    outer loop
      vertex 9.473676681518555 9.886187553405762 4
      vertex 9.637462615966797 9.776750564575195 0
      vertex 9.473676681518555 9.886187553405762 0
    endloop
  endfacet
  facet normal 0.7071067811865476 0.7071067811865476 0
    outer loop
      vertex 9.776750564575195 9.637462615966797 4
      vertex 9.637462615966797 9.776750564575195 0
      vertex 9.637462615966797 9.776750564575195 4
    endloop
  endfacet
  facet normal 0.7071067811865476 0.7071067811865476 0
    outer loop
      vertex 9.637462615966797 9.776750564575195 0
      vertex 9.776750564575195 9.637462615966797 4
      vertex 9.776750564575195 9.637462615966797 0
    endloop
  endfacet
  facet normal 0.19509374910093288 0.9807845987074544 0
    outer loop
      vertex 9.291688919067383 9.961569786071777 0
      vertex 9.098490715026855 10 4
      vertex 9.291688919067383 9.961569786071777 4
    endloop
  endfacet
  facet normal 0.19509374910093288 0.9807845987074544 0
    outer loop
      vertex 9.098490715026855 10 4
      vertex 9.291688919067383 9.961569786071777 0
      vertex 9.098490715026855 10 0
    endloop
  endfacet
  facet normal -0.9707849580034461 -0.19310466057203649 0.14243298557429004
    outer loop
      vertex -9.961569786071777 -9.291688919067383 4
      vertex -9.615705490112305 -2.9168920516967773 15
      vertex -10 -9.098490715026855 4
    endloop
  endfacet
  facet normal -0.7071067811865476 -0.7071067811865476 0
    outer loop
      vertex -9.637462615966797 -9.776750564575195 0
      vertex -9.776750564575195 -9.637462615966797 4
      vertex -9.776750564575195 -9.637462615966797 0
    endloop
  endfacet
  facet normal -0.7071067811865476 -0.7071067811865476 0
    outer loop
      vertex -9.776750564575195 -9.637462615966797 4
      vertex -9.637462615966797 -9.776750564575195 0
      vertex -9.637462615966797 -9.776750564575195 4
    endloop
  endfacet
  facet normal -0.8961198277184834 0.3711871196165123 0.24328866928114895
    outer loop
      vertex -9.961569786071777 9.291688919067383 4
      vertex -8.861884117126465 4.7367753982543945 15
      vertex -9.886187553405762 9.473676681518555 4
    endloop
  endfacet
  facet normal -0.8961205198752481 0.3711857696433717 0.24328817947605477
    outer loop
      vertex -9.615705490112305 2.9168920516967773 15
      vertex -8.861884117126465 4.7367753982543945 15
      vertex -9.961569786071777 9.291688919067383 4
    endloop
  endfacet
  facet normal 0.3711857696433717 0.8961205198752481 0.24328817947605477
    outer loop
      vertex 4.7367753982543945 8.861884117126465 15
      vertex 9.291688919067383 9.961569786071777 4
      vertex 2.9168920516967773 9.615705490112305 15
    endloop
  endfacet
  facet normal 0.3711857696433717 -0.8961205198752481 0.24328817947605477
    outer loop
      vertex 2.9168920516967773 -9.615705490112305 15
      vertex 9.291688919067383 -9.961569786071777 4
      vertex 4.7367753982543945 -8.861884117126465 15
    endloop
  endfacet
  facet normal 0.9238787548503221 -0.3826853097993421 0
    outer loop
      vertex 9.886187553405762 -9.473676681518555 4
      vertex 9.961569786071777 -9.291688919067383 0
      vertex 9.961569786071777 -9.291688919067383 4
    endloop
  endfacet
  facet normal 0.9238787548503221 -0.3826853097993421 0
    outer loop
      vertex 9.961569786071777 -9.291688919067383 0
      vertex 9.886187553405762 -9.473676681518555 4
      vertex 9.886187553405762 -9.473676681518555 0
    endloop
  endfacet
  facet normal -1 0 0
    outer loop
      vertex -10 -9.098490715026855 4
      vertex -10 9.098490715026855 4
      vertex -10 9.098490715026855 0
    endloop
  endfacet
  facet normal -1 0 0
    outer loop
      vertex -10 9.098490715026855 4
      vertex -10 -9.098490715026855 4
      vertex -10 0.9849138259887695 15
    endloop
  endfacet
  facet normal -1 0 0
    outer loop
      vertex -10 -9.098490715026855 4
      vertex -10 9.098490715026855 0
      vertex -10 -9.098490715026855 0
    endloop
  endfacet
  facet normal -1 0 0
    outer loop
      vertex -10 0.9849138259887695 15
      vertex -10 -9.098490715026855 4
      vertex -10 -0.9849138259887695 15
    endloop
  endfacet
  facet normal 0.5555657625588704 -0.8314725993515246 0
    outer loop
      vertex 9.473676681518555 -9.886187553405762 0
      vertex 9.637462615966797 -9.776750564575195 4
      vertex 9.473676681518555 -9.886187553405762 4
    endloop
  endfacet
  facet normal 0.5555657625588704 -0.8314725993515246 0
    outer loop
      vertex 9.637462615966797 -9.776750564575195 4
      vertex 9.473676681518555 -9.886187553405762 0
      vertex 9.637462615966797 -9.776750564575195 0
    endloop
  endfacet
  facet normal -0.9238787548503221 0.3826853097993421 0
    outer loop
      vertex -9.961569786071777 9.291688919067383 0
      vertex -9.886187553405762 9.473676681518555 4
      vertex -9.886187553405762 9.473676681518555 0
    endloop
  endfacet
  facet normal -0.9238787548503221 0.3826853097993421 0
    outer loop
      vertex -9.886187553405762 9.473676681518555 4
      vertex -9.961569786071777 9.291688919067383 0
      vertex -9.961569786071777 9.291688919067383 4
    endloop
  endfacet
  facet normal 0.3711871196165123 0.8961198277184834 0.24328866928114895
    outer loop
      vertex 4.7367753982543945 8.861884117126465 15
      vertex 9.473676681518555 9.886187553405762 4
      vertex 9.291688919067383 9.961569786071777 4
    endloop
  endfacet
  facet normal 0.5296442022805958 0.7926777913263626 0.30189226245220485
    outer loop
      vertex 4.7367753982543945 8.861884117126465 15
      vertex 9.637462615966797 9.776750564575195 4
      vertex 9.473676681518555 9.886187553405762 4
    endloop
  endfacet
  facet normal -0.3711857696433717 0.8961205198752481 0.24328817947605477
    outer loop
      vertex -4.7367753982543945 8.861884117126465 15
      vertex -2.9168920516967773 9.615705490112305 15
      vertex -9.291688919067383 9.961569786071777 4
    endloop
  endfacet
  facet normal -0.5296479952477117 -0.7926747109571607 0.3018936960902988
    outer loop
      vertex -9.637462615966797 -9.776750564575195 4
      vertex -4.7367753982543945 -8.861884117126465 15
      vertex -6.374628067016602 -7.7675065994262695 15
    endloop
  endfacet
  facet normal -0.19310139031460788 0.9707858734458357 0.1424311797907023
    outer loop
      vertex -2.9168920516967773 9.615705490112305 15
      vertex -0.9849138259887695 10 15
      vertex -9.098490715026855 10 4
    endloop
  endfacet
  facet normal -0.19310139031460788 -0.9707858734458357 0.1424311797907023
    outer loop
      vertex -9.098490715026855 -10 4
      vertex -0.9849138259887695 -10 15
      vertex -2.9168920516967773 -9.615705490112305 15
    endloop
  endfacet
  facet normal 0.6696931984682702 -0.6696931984682702 0.3209704656984442
    outer loop
      vertex 6.374628067016602 -7.7675065994262695 15
      vertex 9.776750564575195 -9.637462615966797 4
      vertex 7.7675065994262695 -6.374628067016602 15
    endloop
  endfacet
  facet normal 0.6696931984682702 -0.6696931984682702 0.32097046569844423
    outer loop
      vertex 9.776750564575195 -9.637462615966797 4
      vertex 6.374628067016602 -7.7675065994262695 15
      vertex 9.637462615966797 -9.776750564575195 4
    endloop
  endfacet
  facet normal -0.3826853097993421 0.9238787548503221 0
    outer loop
      vertex -9.291688919067383 9.961569786071777 0
      vertex -9.473676681518555 9.886187553405762 4
      vertex -9.291688919067383 9.961569786071777 4
    endloop
  endfacet
  facet normal -0.3826853097993421 0.9238787548503221 0
    outer loop
      vertex -9.473676681518555 9.886187553405762 4
      vertex -9.291688919067383 9.961569786071777 0
      vertex -9.473676681518555 9.886187553405762 0
    endloop
  endfacet
  facet normal -0.19310466057203649 0.9707849580034461 0.14243298557429004
    outer loop
      vertex -9.291688919067383 9.961569786071777 4
      vertex -2.9168920516967773 9.615705490112305 15
      vertex -9.098490715026855 10 4
    endloop
  endfacet
  facet normal 0 1 0
    outer loop
      vertex 9.098490715026855 10 4
      vertex -0.9849138259887695 10 15
      vertex 0.9849138259887695 10 15
    endloop
  endfacet
  facet normal 0 1 0
    outer loop
      vertex 9.098490715026855 10 4
      vertex -9.098490715026855 10 4
      vertex -0.9849138259887695 10 15
    endloop
  endfacet
  facet normal 0 1 0
    outer loop
      vertex 9.098490715026855 10 0
      vertex -9.098490715026855 10 4
      vertex 9.098490715026855 10 4
    endloop
  endfacet
  facet normal 0 1 0
    outer loop
      vertex -9.098490715026855 10 4
      vertex 9.098490715026855 10 0
      vertex -9.098490715026855 10 0
    endloop
  endfacet
  facet normal 0.8961198277184834 0.3711871196165123 0.24328866928114895
    outer loop
      vertex 8.861884117126465 4.7367753982543945 15
      vertex 9.961569786071777 9.291688919067383 4
      vertex 9.886187553405762 9.473676681518555 4
    endloop
  endfacet
  facet normal 0.9238787548503221 0.3826853097993421 0
    outer loop
      vertex 9.961569786071777 9.291688919067383 4
      vertex 9.886187553405762 9.473676681518555 0
      vertex 9.886187553405762 9.473676681518555 4
    endloop
  endfacet
  facet normal 0.9238787548503221 0.3826853097993421 0
    outer loop
      vertex 9.886187553405762 9.473676681518555 0
      vertex 9.961569786071777 9.291688919067383 4
      vertex 9.961569786071777 9.291688919067383 0
    endloop
  endfacet
  facet normal 0.3826853097993421 0.9238787548503221 0
    outer loop
      vertex 9.473676681518555 9.886187553405762 0
      vertex 9.291688919067383 9.961569786071777 4
      vertex 9.473676681518555 9.886187553405762 4
    endloop
  endfacet
  facet normal 0.3826853097993421 0.9238787548503221 0
    outer loop
      vertex 9.291688919067383 9.961569786071777 4
      vertex 9.473676681518555 9.886187553405762 0
      vertex 9.291688919067383 9.961569786071777 0
    endloop
  endfacet
  facet normal 0 0 -1
    outer loop
      vertex 9.098490715026855 -10 0
      vertex 10 -9.098490715026855 0
      vertex 9.961569786071777 -9.291688919067383 0
    endloop
  endfacet
  facet normal 0 0 -1
    outer loop
      vertex 10 -9.098490715026855 0
      vertex 3.25 -0.3200969696044922 0
      vertex 10 9.098490715026855 0
    endloop
  endfacet
  facet normal 0 0 -1
    outer loop
      vertex 9.098490715026855 -10 0
      vertex 9.961569786071777 -9.291688919067383 0
      vertex 9.886187553405762 -9.473676681518555 0
    endloop
  endfacet
  facet normal 0 0 -1
    outer loop
      vertex 3.25 0.3200969696044922 0
      vertex 10 9.098490715026855 0
      vertex 3.25 -0.3200969696044922 0
    endloop
  endfacet
  facet normal 0 0 -1
    outer loop
      vertex 9.098490715026855 -10 0
      vertex 9.886187553405762 -9.473676681518555 0
      vertex 9.776750564575195 -9.637462615966797 0
    endloop
  endfacet
  facet normal 0 0 -1
    outer loop
      vertex 3.1251039505004883 0.9479894638061523 0
      vertex 10 9.098490715026855 0
      vertex 3.25 0.3200969696044922 0
    endloop
  endfacet
  facet normal 0 0 -1
    outer loop
      vertex 9.098490715026855 -10 0
      vertex 9.776750564575195 -9.637462615966797 0
      vertex 9.637462615966797 -9.776750564575195 0
    endloop
  endfacet
  facet normal 0 0 -1
    outer loop
      vertex 2.8801116943359375 1.5394515991210938 0
      vertex 10 9.098490715026855 0
      vertex 3.1251039505004883 0.9479894638061523 0
    endloop
  endfacet
  facet normal 0 0 -1
    outer loop
      vertex 9.098490715026855 -10 0
      vertex 9.637462615966797 -9.776750564575195 0
      vertex 9.473676681518555 -9.886187553405762 0
    endloop
  endfacet
  facet normal 0 0 -1
    outer loop
      vertex 2.524439811706543 2.07175350189209 0
      vertex 10 9.098490715026855 0
      vertex 2.8801116943359375 1.5394515991210938 0
    endloop
  endfacet
  facet normal 0 0 -1
    outer loop
      vertex 9.098490715026855 -10 0
      vertex 9.473676681518555 -9.886187553405762 0
      vertex 9.291688919067383 -9.961569786071777 0
    endloop
  endfacet
  facet normal 0 0 -1
    outer loop
      vertex 9.098490715026855 10 0
      vertex 10 9.098490715026855 0
      vertex 2.524439811706543 2.07175350189209 0
    endloop
  endfacet
  facet normal 0 0 -1
    outer loop
      vertex 10 -9.098490715026855 0
      vertex 9.098490715026855 -10 0
      vertex 2.524439811706543 -2.07175350189209 0
    endloop
  endfacet
  facet normal 0 0 -1
    outer loop
      vertex 10 9.098490715026855 0
      vertex 9.098490715026855 10 0
      vertex 9.961569786071777 9.291688919067383 0
    endloop
  endfacet
  facet normal 0 0 -1
    outer loop
      vertex 9.961569786071777 9.291688919067383 0
      vertex 9.098490715026855 10 0
      vertex 9.886187553405762 9.473676681518555 0
    endloop
  endfacet
  facet normal 0 0 -1
    outer loop
      vertex 10 -9.098490715026855 0
      vertex 3.1251039505004883 -0.9479894638061523 0
      vertex 3.25 -0.3200969696044922 0
    endloop
  endfacet
  facet normal 0 0 -1
    outer loop
      vertex 10 -9.098490715026855 0
      vertex 2.8801116943359375 -1.5394515991210938 0
      vertex 3.1251039505004883 -0.9479894638061523 0
    endloop
  endfacet
  facet normal 0 0 -1
    outer loop
      vertex 10 -9.098490715026855 0
      vertex 2.524439811706543 -2.07175350189209 0
      vertex 2.8801116943359375 -1.5394515991210938 0
    endloop
  endfacet
  facet normal 0 0 -1
    outer loop
      vertex 9.098490715026855 -10 0
      vertex 2.07175350189209 -2.524439811706543 0
      vertex 2.524439811706543 -2.07175350189209 0
    endloop
  endfacet
  facet normal 0 0 -1
    outer loop
      vertex 9.098490715026855 -10 0
      vertex 1.5394515991210938 -2.8801116943359375 0
      vertex 2.07175350189209 -2.524439811706543 0
    endloop
  endfacet
  facet normal 0 0 -1
    outer loop
      vertex 9.098490715026855 -10 0
      vertex 0.9479894638061523 -3.1251039505004883 0
      vertex 1.5394515991210938 -2.8801116943359375 0
    endloop
  endfacet
  facet normal 0 0 -1
    outer loop
      vertex 9.098490715026855 -10 0
      vertex 0.3200969696044922 -3.25 0
      vertex 0.9479894638061523 -3.1251039505004883 0
    endloop
  endfacet
  facet normal 0 0 -1
    outer loop
      vertex 9.098490715026855 -10 0
      vertex -0.3200969696044922 -3.25 0
      vertex 0.3200969696044922 -3.25 0
    endloop
  endfacet
  facet normal 0 0 -1
    outer loop
      vertex -9.098490715026855 -10 0
      vertex -0.3200969696044922 -3.25 0
      vertex 9.098490715026855 -10 0
    endloop
  endfacet
  facet normal 0 0 -1
    outer loop
      vertex -0.3200969696044922 -3.25 0
      vertex -9.098490715026855 -10 0
      vertex -0.9479894638061523 -3.1251039505004883 0
    endloop
  endfacet
  facet normal 0 0 -1
    outer loop
      vertex -0.9479894638061523 -3.1251039505004883 0
      vertex -9.098490715026855 -10 0
      vertex -1.5394515991210938 -2.8801116943359375 0
    endloop
  endfacet
  facet normal 0 0 -1
    outer loop
      vertex -3.1251039505004883 -0.9479894638061523 0
      vertex -10 -9.098490715026855 0
      vertex -3.25 -0.3200969696044922 0
    endloop
  endfacet
  facet normal 0 0 -1
    outer loop
      vertex -2.8801116943359375 -1.5394515991210938 0
      vertex -10 -9.098490715026855 0
      vertex -3.1251039505004883 -0.9479894638061523 0
    endloop
  endfacet
  facet normal 0 0 -1
    outer loop
      vertex -2.524439811706543 -2.07175350189209 0
      vertex -10 -9.098490715026855 0
      vertex -2.8801116943359375 -1.5394515991210938 0
    endloop
  endfacet
  facet normal 0 0 -1
    outer loop
      vertex -10 -9.098490715026855 0
      vertex -2.524439811706543 -2.07175350189209 0
      vertex -9.098490715026855 -10 0
    endloop
  endfacet
  facet normal 0 0 -1
    outer loop
      vertex -2.07175350189209 -2.524439811706543 0
      vertex -9.098490715026855 -10 0
      vertex -2.524439811706543 -2.07175350189209 0
    endloop
  endfacet
  facet normal 0 0 -1
    outer loop
      vertex -1.5394515991210938 -2.8801116943359375 0
      vertex -9.098490715026855 -10 0
      vertex -2.07175350189209 -2.524439811706543 0
    endloop
  endfacet
  facet normal 0 0 -1
    outer loop
      vertex 9.776750564575195 9.637462615966797 0
      vertex 9.098490715026855 10 0
      vertex 9.637462615966797 9.776750564575195 0
    endloop
  endfacet
  facet normal 0 0 -1
    outer loop
      vertex 9.637462615966797 9.776750564575195 0
      vertex 9.098490715026855 10 0
      vertex 9.473676681518555 9.886187553405762 0
    endloop
  endfacet
  facet normal 0 0 -1
    outer loop
      vertex 9.473676681518555 9.886187553405762 0
      vertex 9.098490715026855 10 0
      vertex 9.291688919067383 9.961569786071777 0
    endloop
  endfacet
  facet normal 0 0 -1
    outer loop
      vertex 9.886187553405762 9.473676681518555 0
      vertex 9.098490715026855 10 0
      vertex 9.776750564575195 9.637462615966797 0
    endloop
  endfacet
  facet normal 0 0 -1
    outer loop
      vertex 2.07175350189209 2.524439811706543 0
      vertex 9.098490715026855 10 0
      vertex 2.524439811706543 2.07175350189209 0
    endloop
  endfacet
  facet normal 0 0 -1
    outer loop
      vertex 1.5394515991210938 2.8801116943359375 0
      vertex 9.098490715026855 10 0
      vertex 2.07175350189209 2.524439811706543 0
    endloop
  endfacet
  facet normal 0 0 -1
    outer loop
      vertex 0.9479894638061523 3.1251039505004883 0
      vertex 9.098490715026855 10 0
      vertex 1.5394515991210938 2.8801116943359375 0
    endloop
  endfacet
  facet normal 0 0 -1
    outer loop
      vertex 0.3200969696044922 3.25 0
      vertex 9.098490715026855 10 0
      vertex 0.9479894638061523 3.1251039505004883 0
    endloop
  endfacet
  facet normal 0 0 -1
    outer loop
      vertex -0.3200969696044922 3.25 0
      vertex 9.098490715026855 10 0
      vertex 0.3200969696044922 3.25 0
    endloop
  endfacet
  facet normal 0 0 -1
    outer loop
      vertex -9.098490715026855 10 0
      vertex -0.3200969696044922 3.25 0
      vertex -0.9479894638061523 3.1251039505004883 0
    endloop
  endfacet
  facet normal 0 0 -1
    outer loop
      vertex -9.098490715026855 10 0
      vertex -0.9479894638061523 3.1251039505004883 0
      vertex -1.5394515991210938 2.8801116943359375 0
    endloop
  endfacet
  facet normal 0 0 -1
    outer loop
      vertex -9.098490715026855 10 0
      vertex -1.5394515991210938 2.8801116943359375 0
      vertex -2.07175350189209 2.524439811706543 0
    endloop
  endfacet
  facet normal 0 0 -1
    outer loop
      vertex -3.25 -0.3200969696044922 0
      vertex -10 -9.098490715026855 0
      vertex -3.25 0.3200969696044922 0
    endloop
  endfacet
  facet normal 0 0 -1
    outer loop
      vertex -10 9.098490715026855 0
      vertex -3.25 0.3200969696044922 0
      vertex -10 -9.098490715026855 0
    endloop
  endfacet
  facet normal 0 0 -1
    outer loop
      vertex -0.3200969696044922 3.25 0
      vertex -9.098490715026855 10 0
      vertex 9.098490715026855 10 0
    endloop
  endfacet
  facet normal 0 0 -1
    outer loop
      vertex -2.524439811706543 2.07175350189209 0
      vertex -9.098490715026855 10 0
      vertex -2.07175350189209 2.524439811706543 0
    endloop
  endfacet
  facet normal 0 0 -1
    outer loop
      vertex -10 9.098490715026855 0
      vertex -2.524439811706543 2.07175350189209 0
      vertex -2.8801116943359375 1.5394515991210938 0
    endloop
  endfacet
  facet normal 0 0 -1
    outer loop
      vertex -3.25 0.3200969696044922 0
      vertex -10 9.098490715026855 0
      vertex -3.1251039505004883 0.9479894638061523 0
    endloop
  endfacet
  facet normal 0 0 -1
    outer loop
      vertex -10 -9.098490715026855 0
      vertex -9.098490715026855 -10 0
      vertex -9.291688919067383 -9.961569786071777 0
    endloop
  endfacet
  facet normal 0 0 -1
    outer loop
      vertex -3.1251039505004883 0.9479894638061523 0
      vertex -10 9.098490715026855 0
      vertex -2.8801116943359375 1.5394515991210938 0
    endloop
  endfacet
  facet normal 0 0 -1
    outer loop
      vertex -10 -9.098490715026855 0
      vertex -9.291688919067383 -9.961569786071777 0
      vertex -9.473676681518555 -9.886187553405762 0
    endloop
  endfacet
  facet normal 0 0 -1
    outer loop
      vertex -2.524439811706543 2.07175350189209 0
      vertex -10 9.098490715026855 0
      vertex -9.098490715026855 10 0
    endloop
  endfacet
  facet normal 0 0 -1
    outer loop
      vertex -10 -9.098490715026855 0
      vertex -9.473676681518555 -9.886187553405762 0
      vertex -9.637462615966797 -9.776750564575195 0
    endloop
  endfacet
  facet normal 0 0 -1
    outer loop
      vertex -9.098490715026855 10 0
      vertex -10 9.098490715026855 0
      vertex -9.291688919067383 9.961569786071777 0
    endloop
  endfacet
  facet normal 0 0 -1
    outer loop
      vertex -10 -9.098490715026855 0
      vertex -9.637462615966797 -9.776750564575195 0
      vertex -9.776750564575195 -9.637462615966797 0
    endloop
  endfacet
  facet normal 0 0 -1
    outer loop
      vertex -9.291688919067383 9.961569786071777 0
      vertex -10 9.098490715026855 0
      vertex -9.473676681518555 9.886187553405762 0
    endloop
  endfacet
  facet normal 0 0 -1
    outer loop
      vertex -10 -9.098490715026855 0
      vertex -9.776750564575195 -9.637462615966797 0
      vertex -9.886187553405762 -9.473676681518555 0
    endloop
  endfacet
  facet normal 0 0 -1
    outer loop
      vertex -9.473676681518555 9.886187553405762 0
      vertex -10 9.098490715026855 0
      vertex -9.637462615966797 9.776750564575195 0
    endloop
  endfacet
  facet normal 0 0 -1
    outer loop
      vertex -10 -9.098490715026855 0
      vertex -9.886187553405762 -9.473676681518555 0
      vertex -9.961569786071777 -9.291688919067383 0
    endloop
  endfacet
  facet normal 0 0 -1
    outer loop
      vertex -9.637462615966797 9.776750564575195 0
      vertex -10 9.098490715026855 0
      vertex -9.776750564575195 9.637462615966797 0
    endloop
  endfacet
  facet normal 0 0 -1
    outer loop
      vertex -9.776750564575195 9.637462615966797 0
      vertex -10 9.098490715026855 0
      vertex -9.886187553405762 9.473676681518555 0
    endloop
  endfacet
  facet normal 0 0 -1
    outer loop
      vertex -9.886187553405762 9.473676681518555 0
      vertex -10 9.098490715026855 0
      vertex -9.961569786071777 9.291688919067383 0
    endloop
  endfacet
  facet normal -0.5296442022805958 0.7926777913263626 0.30189226245220485
    outer loop
      vertex -9.637462615966797 9.776750564575195 4
      vertex -4.7367753982543945 8.861884117126465 15
      vertex -9.473676681518555 9.886187553405762 4
    endloop
  endfacet
  facet normal -0.3711871196165123 0.8961198277184834 0.24328866928114895
    outer loop
      vertex -9.473676681518555 9.886187553405762 4
      vertex -4.7367753982543945 8.861884117126465 15
      vertex -9.291688919067383 9.961569786071777 4
    endloop
  endfacet
  facet normal -0.7926777913263626 0.5296442022805958 0.30189226245220485
    outer loop
      vertex -9.886187553405762 9.473676681518555 4
      vertex -8.861884117126465 4.7367753982543945 15
      vertex -9.776750564575195 9.637462615966797 4
    endloop
  endfacet
  facet normal -0.8961198277184834 -0.3711871196165123 0.24328866928114895
    outer loop
      vertex -9.886187553405762 -9.473676681518555 4
      vertex -8.861884117126465 -4.7367753982543945 15
      vertex -9.961569786071777 -9.291688919067383 4
    endloop
  endfacet
  facet normal -0.9238787548503221 -0.3826853097993421 0
    outer loop
      vertex -9.886187553405762 -9.473676681518555 0
      vertex -9.961569786071777 -9.291688919067383 4
      vertex -9.961569786071777 -9.291688919067383 0
    endloop
  endfacet
  facet normal -0.9238787548503221 -0.3826853097993421 0
    outer loop
      vertex -9.961569786071777 -9.291688919067383 4
      vertex -9.886187553405762 -9.473676681518555 0
      vertex -9.886187553405762 -9.473676681518555 4
    endloop
  endfacet
  facet normal 0 -1 0
    outer loop
      vertex -9.098490715026855 -10 4
      vertex 0.9849138259887695 -10 15
      vertex -0.9849138259887695 -10 15
    endloop
  endfacet
  facet normal 0 -1 0
    outer loop
      vertex -9.098490715026855 -10 4
      vertex 9.098490715026855 -10 4
      vertex 0.9849138259887695 -10 15
    endloop
  endfacet
  facet normal 0 -1 0
    outer loop
      vertex -9.098490715026855 -10 0
      vertex 9.098490715026855 -10 4
      vertex -9.098490715026855 -10 4
    endloop
  endfacet
  facet normal 0 -1 0
    outer loop
      vertex 9.098490715026855 -10 4
      vertex -9.098490715026855 -10 0
      vertex 9.098490715026855 -10 0
    endloop
  endfacet
  facet normal 0.19310139031460788 -0.9707858734458357 0.1424311797907023
    outer loop
      vertex 0.9849138259887695 -10 15
      vertex 9.098490715026855 -10 4
      vertex 2.9168920516967773 -9.615705490112305 15
    endloop
  endfacet
  facet normal 0.19310466057203649 -0.9707849580034461 0.14243298557429004
    outer loop
      vertex 9.098490715026855 -10 4
      vertex 9.291688919067383 -9.961569786071777 4
      vertex 2.9168920516967773 -9.615705490112305 15
    endloop
  endfacet
  facet normal 0.7926747109571607 -0.5296479952477117 0.3018936960902988
    outer loop
      vertex 7.7675065994262695 -6.374628067016602 15
      vertex 9.776750564575195 -9.637462615966797 4
      vertex 8.861884117126465 -4.7367753982543945 15
    endloop
  endfacet
  facet normal 0 0 1
    outer loop
      vertex 6 0.5909481048583984 15
      vertex 10 0.9849138259887695 15
      vertex 9.615705490112305 2.9168920516967773 15
    endloop
  endfacet
  facet normal 0 0 1
    outer loop
      vertex 10 0.9849138259887695 15
      vertex 6 0.5909481048583984 15
      vertex 10 -0.9849138259887695 15
    endloop
  endfacet
  facet normal 0 0 1
    outer loop
      vertex 5.76942253112793 1.7501354217529297 15
      vertex 9.615705490112305 2.9168920516967773 15
      vertex 8.861884117126465 4.7367753982543945 15
    endloop
  endfacet
  facet normal 0 0 1
    outer loop
      vertex 6 -0.5909481048583984 15
      vertex 10 -0.9849138259887695 15
      vertex 6 0.5909481048583984 15
    endloop
  endfacet
  facet normal 0 0 1
    outer loop
      vertex 5.317130088806152 2.84206485748291 15
      vertex 8.861884117126465 4.7367753982543945 15
      vertex 7.7675065994262695 6.374628067016602 15
    endloop
  endfacet
  facet normal 0 0 1
    outer loop
      vertex 10 -0.9849138259887695 15
      vertex 6 -0.5909481048583984 15
      vertex 9.615705490112305 -2.9168920516967773 15
    endloop
  endfacet
  facet normal 0 0 1
    outer loop
      vertex 4.660503387451172 3.8247766494750977 15
      vertex 7.7675065994262695 6.374628067016602 15
      vertex 6.374628067016602 7.7675065994262695 15
    endloop
  endfacet
  facet normal 0 0 1
    outer loop
      vertex 5.76942253112793 -1.7501354217529297 15
      vertex 9.615705490112305 -2.9168920516967773 15
      vertex 6 -0.5909481048583984 15
    endloop
  endfacet
  facet normal 0 0 1
    outer loop
      vertex 9.615705490112305 -2.9168920516967773 15
      vertex 5.76942253112793 -1.7501354217529297 15
      vertex 8.861884117126465 -4.7367753982543945 15
    endloop
  endfacet
  facet normal 0 0 1
    outer loop
      vertex 9.615705490112305 2.9168920516967773 15
      vertex 5.76942253112793 1.7501354217529297 15
      vertex 6 0.5909481048583984 15
    endloop
  endfacet
  facet normal 0 0 1
    outer loop
      vertex 8.861884117126465 4.7367753982543945 15
      vertex 5.317130088806152 2.84206485748291 15
      vertex 5.76942253112793 1.7501354217529297 15
    endloop
  endfacet
  facet normal 0 0 1
    outer loop
      vertex 3.8247766494750977 4.660503387451172 15
      vertex 6.374628067016602 7.7675065994262695 15
      vertex 4.7367753982543945 8.861884117126465 15
    endloop
  endfacet
  facet normal 0 0 1
    outer loop
      vertex 7.7675065994262695 6.374628067016602 15
      vertex 4.660503387451172 3.8247766494750977 15
      vertex 5.317130088806152 2.84206485748291 15
    endloop
  endfacet
  facet normal 0 0 1
    outer loop
      vertex 6.374628067016602 7.7675065994262695 15
      vertex 3.8247766494750977 4.660503387451172 15
      vertex 4.660503387451172 3.8247766494750977 15
    endloop
  endfacet
  facet normal 0 0 1
    outer loop
      vertex 2.84206485748291 5.317130088806152 15
      vertex 4.7367753982543945 8.861884117126465 15
      vertex 2.9168920516967773 9.615705490112305 15
    endloop
  endfacet
  facet normal 0 0 1
    outer loop
      vertex 4.7367753982543945 8.861884117126465 15
      vertex 2.84206485748291 5.317130088806152 15
      vertex 3.8247766494750977 4.660503387451172 15
    endloop
  endfacet
  facet normal 0 0 1
    outer loop
      vertex 2.9168920516967773 9.615705490112305 15
      vertex 1.7501354217529297 5.76942253112793 15
      vertex 2.84206485748291 5.317130088806152 15
    endloop
  endfacet
  facet normal 0 0 1
    outer loop
      vertex 0.9849138259887695 10 15
      vertex 1.7501354217529297 5.76942253112793 15
      vertex 2.9168920516967773 9.615705490112305 15
    endloop
  endfacet
  facet normal 0 0 1
    outer loop
      vertex 0.9849138259887695 10 15
      vertex 0.5909481048583984 6 15
      vertex 1.7501354217529297 5.76942253112793 15
    endloop
  endfacet
  facet normal 0 0 1
    outer loop
      vertex 0.9849138259887695 10 15
      vertex -0.5909481048583984 6 15
      vertex 0.5909481048583984 6 15
    endloop
  endfacet
  facet normal 0 0 1
    outer loop
      vertex -0.9849138259887695 10 15
      vertex -0.5909481048583984 6 15
      vertex 0.9849138259887695 10 15
    endloop
  endfacet
  facet normal 0 0 1
    outer loop
      vertex -0.9849138259887695 10 15
      vertex -1.7501354217529297 5.76942253112793 15
      vertex -0.5909481048583984 6 15
    endloop
  endfacet
  facet normal 0 0 1
    outer loop
      vertex -2.9168920516967773 9.615705490112305 15
      vertex -1.7501354217529297 5.76942253112793 15
      vertex -0.9849138259887695 10 15
    endloop
  endfacet
  facet normal 0 0 1
    outer loop
      vertex -1.7501354217529297 5.76942253112793 15
      vertex -2.9168920516967773 9.615705490112305 15
      vertex -2.84206485748291 5.317130088806152 15
    endloop
  endfacet
  facet normal 0 0 1
    outer loop
      vertex -4.7367753982543945 8.861884117126465 15
      vertex -2.84206485748291 5.317130088806152 15
      vertex -2.9168920516967773 9.615705490112305 15
    endloop
  endfacet
  facet normal 0 0 1
    outer loop
      vertex -2.84206485748291 5.317130088806152 15
      vertex -4.7367753982543945 8.861884117126465 15
      vertex -3.8247766494750977 4.660503387451172 15
    endloop
  endfacet
  facet normal 0 0 1
    outer loop
      vertex -6.374628067016602 7.7675065994262695 15
      vertex -3.8247766494750977 4.660503387451172 15
      vertex -4.7367753982543945 8.861884117126465 15
    endloop
  endfacet
  facet normal 0 0 1
    outer loop
      vertex -3.8247766494750977 4.660503387451172 15
      vertex -6.374628067016602 7.7675065994262695 15
      vertex -4.660503387451172 3.8247766494750977 15
    endloop
  endfacet
  facet normal 0 0 1
    outer loop
      vertex -7.7675065994262695 6.374628067016602 15
      vertex -4.660503387451172 3.8247766494750977 15
      vertex -6.374628067016602 7.7675065994262695 15
    endloop
  endfacet
  facet normal 0 0 1
    outer loop
      vertex -4.660503387451172 3.8247766494750977 15
      vertex -7.7675065994262695 6.374628067016602 15
      vertex -5.317130088806152 2.84206485748291 15
    endloop
  endfacet
  facet normal 0 0 1
    outer loop
      vertex -5.317130088806152 2.84206485748291 15
      vertex -8.861884117126465 4.7367753982543945 15
      vertex -5.76942253112793 1.7501354217529297 15
    endloop
  endfacet
  facet normal 0 0 1
    outer loop
      vertex -8.861884117126465 4.7367753982543945 15
      vertex -5.317130088806152 2.84206485748291 15
      vertex -7.7675065994262695 6.374628067016602 15
    endloop
  endfacet
  facet normal 0 0 1
    outer loop
      vertex 5.317130088806152 -2.84206485748291 15
      vertex 8.861884117126465 -4.7367753982543945 15
      vertex 5.76942253112793 -1.7501354217529297 15
    endloop
  endfacet
  facet normal 0 0 1
    outer loop
      vertex 8.861884117126465 -4.7367753982543945 15
      vertex 5.317130088806152 -2.84206485748291 15
      vertex 7.7675065994262695 -6.374628067016602 15
    endloop
  endfacet
  facet normal 0 0 1
    outer loop
      vertex 4.660503387451172 -3.8247766494750977 15
      vertex 7.7675065994262695 -6.374628067016602 15
      vertex 5.317130088806152 -2.84206485748291 15
    endloop
  endfacet
  facet normal 0 0 1
    outer loop
      vertex 7.7675065994262695 -6.374628067016602 15
      vertex 4.660503387451172 -3.8247766494750977 15
      vertex 6.374628067016602 -7.7675065994262695 15
    endloop
  endfacet
  facet normal 0 0 1
    outer loop
      vertex 3.8247766494750977 -4.660503387451172 15
      vertex 6.374628067016602 -7.7675065994262695 15
      vertex 4.660503387451172 -3.8247766494750977 15
    endloop
  endfacet
  facet normal 0 0 1
    outer loop
      vertex 6.374628067016602 -7.7675065994262695 15
      vertex 3.8247766494750977 -4.660503387451172 15
      vertex 4.7367753982543945 -8.861884117126465 15
    endloop
  endfacet
  facet normal 0 0 1
    outer loop
      vertex 2.84206485748291 -5.317130088806152 15
      vertex 4.7367753982543945 -8.861884117126465 15
      vertex 3.8247766494750977 -4.660503387451172 15
    endloop
  endfacet
  facet normal 0 0 1
    outer loop
      vertex 4.7367753982543945 -8.861884117126465 15
      vertex 2.84206485748291 -5.317130088806152 15
      vertex 2.9168920516967773 -9.615705490112305 15
    endloop
  endfacet
  facet normal 0 0 1
    outer loop
      vertex 1.7501354217529297 -5.76942253112793 15
      vertex 2.9168920516967773 -9.615705490112305 15
      vertex 2.84206485748291 -5.317130088806152 15
    endloop
  endfacet
  facet normal 0 0 1
    outer loop
      vertex 1.7501354217529297 -5.76942253112793 15
      vertex 0.9849138259887695 -10 15
      vertex 2.9168920516967773 -9.615705490112305 15
    endloop
  endfacet
  facet normal 0 0 1
    outer loop
      vertex 0.5909481048583984 -6 15
      vertex 0.9849138259887695 -10 15
      vertex 1.7501354217529297 -5.76942253112793 15
    endloop
  endfacet
  facet normal 0 0 1
    outer loop
      vertex -0.5909481048583984 -6 15
      vertex 0.9849138259887695 -10 15
      vertex 0.5909481048583984 -6 15
    endloop
  endfacet
  facet normal 0 0 1
    outer loop
      vertex -0.5909481048583984 -6 15
      vertex -0.9849138259887695 -10 15
      vertex 0.9849138259887695 -10 15
    endloop
  endfacet
  facet normal 0 0 1
    outer loop
      vertex -1.7501354217529297 -5.76942253112793 15
      vertex -0.9849138259887695 -10 15
      vertex -0.5909481048583984 -6 15
    endloop
  endfacet
  facet normal 0 0 1
    outer loop
      vertex -2.9168920516967773 -9.615705490112305 15
      vertex -1.7501354217529297 -5.76942253112793 15
      vertex -2.84206485748291 -5.317130088806152 15
    endloop
  endfacet
  facet normal 0 0 1
    outer loop
      vertex -1.7501354217529297 -5.76942253112793 15
      vertex -2.9168920516967773 -9.615705490112305 15
      vertex -0.9849138259887695 -10 15
    endloop
  endfacet
  facet normal 0 0 1
    outer loop
      vertex -4.7367753982543945 -8.861884117126465 15
      vertex -2.84206485748291 -5.317130088806152 15
      vertex -3.8247766494750977 -4.660503387451172 15
    endloop
  endfacet
  facet normal 0 0 1
    outer loop
      vertex -6.374628067016602 -7.7675065994262695 15
      vertex -3.8247766494750977 -4.660503387451172 15
      vertex -4.660503387451172 -3.8247766494750977 15
    endloop
  endfacet
  facet normal 0 0 1
    outer loop
      vertex -2.84206485748291 -5.317130088806152 15
      vertex -4.7367753982543945 -8.861884117126465 15
      vertex -2.9168920516967773 -9.615705490112305 15
    endloop
  endfacet
  facet normal 0 0 1
    outer loop
      vertex -7.7675065994262695 -6.374628067016602 15
      vertex -4.660503387451172 -3.8247766494750977 15
      vertex -5.317130088806152 -2.84206485748291 15
    endloop
  endfacet
  facet normal 0 0 1
    outer loop
      vertex -8.861884117126465 -4.7367753982543945 15
      vertex -5.317130088806152 -2.84206485748291 15
      vertex -5.76942253112793 -1.7501354217529297 15
    endloop
  endfacet
  facet normal 0 0 1
    outer loop
      vertex -9.615705490112305 -2.9168920516967773 15
      vertex -5.76942253112793 -1.7501354217529297 15
      vertex -6 -0.5909481048583984 15
    endloop
  endfacet
  facet normal 0 0 1
    outer loop
      vertex -3.8247766494750977 -4.660503387451172 15
      vertex -6.374628067016602 -7.7675065994262695 15
      vertex -4.7367753982543945 -8.861884117126465 15
    endloop
  endfacet
  facet normal 0 0 1
    outer loop
      vertex -9.615705490112305 2.9168920516967773 15
      vertex -5.76942253112793 1.7501354217529297 15
      vertex -8.861884117126465 4.7367753982543945 15
    endloop
  endfacet
  facet normal 0 0 1
    outer loop
      vertex -5.76942253112793 1.7501354217529297 15
      vertex -9.615705490112305 2.9168920516967773 15
      vertex -6 0.5909481048583984 15
    endloop
  endfacet
  facet normal 0 0 1
    outer loop
      vertex -4.660503387451172 -3.8247766494750977 15
      vertex -7.7675065994262695 -6.374628067016602 15
      vertex -6.374628067016602 -7.7675065994262695 15
    endloop
  endfacet
  facet normal 0 0 1
    outer loop
      vertex -10 0.9849138259887695 15
      vertex -6 0.5909481048583984 15
      vertex -9.615705490112305 2.9168920516967773 15
    endloop
  endfacet
  facet normal 0 0 1
    outer loop
      vertex -5.317130088806152 -2.84206485748291 15
      vertex -8.861884117126465 -4.7367753982543945 15
      vertex -7.7675065994262695 -6.374628067016602 15
    endloop
  endfacet
  facet normal 0 0 1
    outer loop
      vertex -6 0.5909481048583984 15
      vertex -10 0.9849138259887695 15
      vertex -6 -0.5909481048583984 15
    endloop
  endfacet
  facet normal 0 0 1
    outer loop
      vertex -5.76942253112793 -1.7501354217529297 15
      vertex -9.615705490112305 -2.9168920516967773 15
      vertex -8.861884117126465 -4.7367753982543945 15
    endloop
  endfacet
  facet normal 0 0 1
    outer loop
      vertex -10 -0.9849138259887695 15
      vertex -6 -0.5909481048583984 15
      vertex -10 0.9849138259887695 15
    endloop
  endfacet
  facet normal 0 0 1
    outer loop
      vertex -6 -0.5909481048583984 15
      vertex -10 -0.9849138259887695 15
      vertex -9.615705490112305 -2.9168920516967773 15
    endloop
  endfacet
endsolid OpenSCAD_Model
