solid OpenSCAD_Model
  facet normal 0.9807855250739898 0.1950890919691262 0
    outer loop
      vertex -6 1.5984907150268555 10
      vertex -6.038429260253906 1.7916889190673828 0
      vertex -6.038429260253906 1.7916889190673828 10
    endloop
  endfacet
  facet normal 0.9807855250739898 0.1950890919691262 0
    outer loop
      vertex -6.038429260253906 1.7916889190673828 0
      vertex -6 1.5984907150268555 10
      vertex -6 1.5984907150268555 0
    endloop
  endfacet
  facet normal 0 1 0
    outer loop
      vertex -6.901508331298828 2.5 0
      vertex -10.399999618530273 2.5 10
      vertex -6.901508331298828 2.5 10
    endloop
  endfacet
  facet normal 0 1 0
    outer loop
      vertex -10.399999618530273 2.5 10
      vertex -6.901508331298828 2.5 0
      vertex -10.399999618530273 2.5 0
    endloop
  endfacet
  facet normal 0.7071067811865476 0.7071067811865476 0
    outer loop
      vertex -6.223248481750488 2.137462615966797 10
      vertex -6.362536430358887 2.2767505645751953 0
      vertex -6.362536430358887 2.2767505645751953 10
    endloop
  endfacet
  facet normal 0.7071067811865476 0.7071067811865476 0
    outer loop
      vertex -6.362536430358887 2.2767505645751953 0
      vertex -6.223248481750488 2.137462615966797 10
      vertex -6.223248481750488 2.137462615966797 0
    endloop
  endfacet
  facet normal 0.8314725993515246 0.5555657625588702 0
    outer loop
      vertex -6.113811492919922 1.9736766815185547 10
      vertex -6.223248481750488 2.137462615966797 0
      vertex -6.223248481750488 2.137462615966797 10
    endloop
  endfacet
  facet normal 0.8314725993515246 0.5555657625588702 0
    outer loop
      vertex -6.223248481750488 2.137462615966797 0
      vertex -6.113811492919922 1.9736766815185547 10
      vertex -6.113811492919922 1.9736766815185547 0
    endloop
  endfacet
  facet normal 0.9238787548503221 -0.3826853097993421 0
    outer loop
      vertex -6.113811492919922 -1.9736766815185547 10
      vertex -6.038429260253906 -1.7916889190673828 0
      vertex -6.038429260253906 -1.7916889190673828 10
    endloop
  endfacet
  facet normal 0.9238787548503221 -0.3826853097993421 0
    outer loop
      vertex -6.038429260253906 -1.7916889190673828 0
      vertex -6.113811492919922 -1.9736766815185547 10
      vertex -6.113811492919922 -1.9736766815185547 0
    endloop
  endfacet
  facet normal 1 0 0
    outer loop
      vertex -6 -1.5984907150268555 10
      vertex -6 1.5984907150268555 0
      vertex -6 1.5984907150268555 10
    endloop
  endfacet
  facet normal 1 0 0
    outer loop
      vertex -6 1.5984907150268555 0
      vertex -6 -1.5984907150268555 10
      vertex -6 -1.5984907150268555 0
    endloop
  endfacet
  facet normal 0.19509374910093288 0.9807845987074543 0
    outer loop
      vertex -6.708310127258301 2.4615697860717773 0
      vertex -6.901508331298828 2.5 10
      vertex -6.708310127258301 2.4615697860717773 10
    endloop
  endfacet
  facet normal 0.19509374910093288 0.9807845987074543 0
    outer loop
      vertex -6.901508331298828 2.5 10
      vertex -6.708310127258301 2.4615697860717773 0
      vertex -6.901508331298828 2.5 0
    endloop
  endfacet
  facet normal 0.9238787548503221 0.3826853097993421 0
    outer loop
      vertex -6.038429260253906 1.7916889190673828 10
      vertex -6.113811492919922 1.9736766815185547 0
      vertex -6.113811492919922 1.9736766815185547 10
    endloop
  endfacet
  facet normal 0.9238787548503221 0.3826853097993421 0
    outer loop
      vertex -6.113811492919922 1.9736766815185547 0
      vertex -6.038429260253906 1.7916889190673828 10
      vertex -6.038429260253906 1.7916889190673828 0
    endloop
  endfacet
  facet normal 0.38268117738319934 -0.9238804665521445 0
    outer loop
      vertex -6.708310127258301 -2.4615697860717773 0
      vertex -6.526322364807129 -2.386188507080078 10
      vertex -6.708310127258301 -2.4615697860717773 10
    endloop
  endfacet
  facet normal 0.38268117738319934 -0.9238804665521445 0
    outer loop
      vertex -6.526322364807129 -2.386188507080078 10
      vertex -6.708310127258301 -2.4615697860717773 0
      vertex -6.526322364807129 -2.386188507080078 0
    endloop
  endfacet
  facet normal 0.19509374910093288 -0.9807845987074543 0
    outer loop
      vertex -6.901508331298828 -2.5 0
      vertex -6.708310127258301 -2.4615697860717773 10
      vertex -6.901508331298828 -2.5 10
    endloop
  endfacet
  facet normal 0.19509374910093288 -0.9807845987074543 0
    outer loop
      vertex -6.708310127258301 -2.4615697860717773 10
      vertex -6.901508331298828 -2.5 0
      vertex -6.708310127258301 -2.4615697860717773 0
    endloop
  endfacet
  facet normal 0 -1 0
    outer loop
      vertex -10.399999618530273 -2.5 0
      vertex -6.901508331298828 -2.5 10
      vertex -10.399999618530273 -2.5 10
    endloop
  endfacet
  facet normal 0 -1 0
    outer loop
      vertex -6.901508331298828 -2.5 10
      vertex -10.399999618530273 -2.5 0
      vertex -6.901508331298828 -2.5 0
    endloop
  endfacet
  facet normal 0.8314725993515246 -0.5555657625588702 0
    outer loop
      vertex -6.223248481750488 -2.137462615966797 10
      vertex -6.113811492919922 -1.9736766815185547 0
      vertex -6.113811492919922 -1.9736766815185547 10
    endloop
  endfacet
  facet normal 0.8314725993515246 -0.5555657625588702 0
    outer loop
      vertex -6.113811492919922 -1.9736766815185547 0
      vertex -6.223248481750488 -2.137462615966797 10
      vertex -6.223248481750488 -2.137462615966797 0
    endloop
  endfacet
  facet normal 0.5555691096347443 0.8314703629232117 0
    outer loop
      vertex -6.362536430358887 2.2767505645751953 0
      vertex -6.526322364807129 2.386188507080078 10
      vertex -6.362536430358887 2.2767505645751953 10
    endloop
  endfacet
  facet normal 0.5555691096347443 0.8314703629232117 0
    outer loop
      vertex -6.526322364807129 2.386188507080078 10
      vertex -6.362536430358887 2.2767505645751953 0
      vertex -6.526322364807129 2.386188507080078 0
    endloop
  endfacet
  facet normal 0.9807855250739898 -0.1950890919691262 0
    outer loop
      vertex -6.038429260253906 -1.7916889190673828 10
      vertex -6 -1.5984907150268555 0
      vertex -6 -1.5984907150268555 10
    endloop
  endfacet
  facet normal 0.9807855250739898 -0.1950890919691262 0
    outer loop
      vertex -6 -1.5984907150268555 0
      vertex -6.038429260253906 -1.7916889190673828 10
      vertex -6.038429260253906 -1.7916889190673828 0
    endloop
  endfacet
  facet normal 0.7071067811865476 -0.7071067811865476 0
    outer loop
      vertex -6.362536430358887 -2.2767505645751953 10
      vertex -6.223248481750488 -2.137462615966797 0
      vertex -6.223248481750488 -2.137462615966797 10
    endloop
  endfacet
  facet normal 0.7071067811865476 -0.7071067811865476 0
    outer loop
      vertex -6.223248481750488 -2.137462615966797 0
      vertex -6.362536430358887 -2.2767505645751953 10
      vertex -6.362536430358887 -2.2767505645751953 0
    endloop
  endfacet
  facet normal 0.38268117738319934 0.9238804665521445 0
    outer loop
      vertex -6.526322364807129 2.386188507080078 0
      vertex -6.708310127258301 2.4615697860717773 10
      vertex -6.526322364807129 2.386188507080078 10
    endloop
  endfacet
  facet normal 0.38268117738319934 0.9238804665521445 0
    outer loop
      vertex -6.708310127258301 2.4615697860717773 10
      vertex -6.526322364807129 2.386188507080078 0
      vertex -6.708310127258301 2.4615697860717773 0
    endloop
  endfacet
  facet normal 0.5555691096347443 -0.8314703629232117 0
    outer loop
      vertex -6.526322364807129 -2.386188507080078 0
      vertex -6.362536430358887 -2.2767505645751953 10
      vertex -6.526322364807129 -2.386188507080078 10
    endloop
  endfacet
  facet normal 0.5555691096347443 -0.8314703629232117 0
    outer loop
      vertex -6.362536430358887 -2.2767505645751953 10
      vertex -6.526322364807129 -2.386188507080078 0
      vertex -6.362536430358887 -2.2767505645751953 0
    endloop
  endfacet
  facet normal 0 0 1
    outer loop
      vertex -14.399999618530273 8.196982383728027 10
      vertex -10.399999618530273 2.5 10
      vertex -10.399999618530273 8.196982383728027 10
    endloop
  endfacet
  facet normal 0 0 1
    outer loop
      vertex -10.399999618530273 2.5 10
      vertex -14.399999618530273 8.196982383728027 10
      vertex -10.399999618530273 -2.5 10
    endloop
  endfacet
  facet normal 0 0 1
    outer loop
      vertex -14.399999618530273 8.196982383728027 10
      vertex -10.399999618530273 8.196982383728027 10
      vertex -10.476858139038086 8.583377838134766 10
    endloop
  endfacet
  facet normal 0 0 1
    outer loop
      vertex -6.901508331298828 2.5 10
      vertex -6 1.5984907150268555 10
      vertex -6.038429260253906 1.7916889190673828 10
    endloop
  endfacet
  facet normal 0 0 1
    outer loop
      vertex -6 1.5984907150268555 10
      vertex -6.901508331298828 2.5 10
      vertex -6 -1.5984907150268555 10
    endloop
  endfacet
  facet normal 0 0 1
    outer loop
      vertex -6.901508331298828 2.5 10
      vertex -6.038429260253906 1.7916889190673828 10
      vertex -6.113811492919922 1.9736766815185547 10
    endloop
  endfacet
  facet normal 0 0 1
    outer loop
      vertex -6.901508331298828 -2.5 10
      vertex -6 -1.5984907150268555 10
      vertex -6.901508331298828 2.5 10
    endloop
  endfacet
  facet normal 0 0 1
    outer loop
      vertex -6.901508331298828 2.5 10
      vertex -6.113811492919922 1.9736766815185547 10
      vertex -6.223248481750488 2.137462615966797 10
    endloop
  endfacet
  facet normal 0 0 1
    outer loop
      vertex -6 -1.5984907150268555 10
      vertex -6.901508331298828 -2.5 10
      vertex -6.038429260253906 -1.7916889190673828 10
    endloop
  endfacet
  facet normal 0 0 1
    outer loop
      vertex -6.901508331298828 2.5 10
      vertex -6.223248481750488 2.137462615966797 10
      vertex -6.362536430358887 2.2767505645751953 10
    endloop
  endfacet
  facet normal 0 0 1
    outer loop
      vertex -6.038429260253906 -1.7916889190673828 10
      vertex -6.901508331298828 -2.5 10
      vertex -6.113811492919922 -1.9736766815185547 10
    endloop
  endfacet
  facet normal 0 0 1
    outer loop
      vertex -6.901508331298828 2.5 10
      vertex -6.362536430358887 2.2767505645751953 10
      vertex -6.526322364807129 2.386188507080078 10
    endloop
  endfacet
  facet normal 0 0 1
    outer loop
      vertex -6.113811492919922 -1.9736766815185547 10
      vertex -6.901508331298828 -2.5 10
      vertex -6.223248481750488 -2.137462615966797 10
    endloop
  endfacet
  facet normal 0 0 1
    outer loop
      vertex -6.901508331298828 2.5 10
      vertex -6.526322364807129 2.386188507080078 10
      vertex -6.708310127258301 2.4615697860717773 10
    endloop
  endfacet
  facet normal 0 0 1
    outer loop
      vertex -6.223248481750488 -2.137462615966797 10
      vertex -6.901508331298828 -2.5 10
      vertex -6.362536430358887 -2.2767505645751953 10
    endloop
  endfacet
  facet normal 0 0 1
    outer loop
      vertex -6.362536430358887 -2.2767505645751953 10
      vertex -6.901508331298828 -2.5 10
      vertex -6.526322364807129 -2.386188507080078 10
    endloop
  endfacet
  facet normal 0 0 1
    outer loop
      vertex -6.526322364807129 -2.386188507080078 10
      vertex -6.901508331298828 -2.5 10
      vertex -6.708310127258301 -2.4615697860717773 10
    endloop
  endfacet
  facet normal 0 0 1
    outer loop
      vertex -10.399999618530273 2.5 10
      vertex -6.901508331298828 -2.5 10
      vertex -6.901508331298828 2.5 10
    endloop
  endfacet
  facet normal 0 0 1
    outer loop
      vertex -6.901508331298828 -2.5 10
      vertex -10.399999618530273 2.5 10
      vertex -10.399999618530273 -2.5 10
    endloop
  endfacet
  facet normal 0 0 1
    outer loop
      vertex 1.5984907150268555 -6 10
      vertex 2.5 -6.901508331298828 10
      vertex 2.4615697860717773 -6.708310127258301 10
    endloop
  endfacet
  facet normal 0 0 1
    outer loop
      vertex 6.901508331298828 2.5 10
      vertex 10.399999618530273 -2.5 10
      vertex 10.399999618530273 2.5 10
    endloop
  endfacet
  facet normal 0 0 1
    outer loop
      vertex 6.901508331298828 2.5 10
      vertex 6.901508331298828 -2.5 10
      vertex 10.399999618530273 -2.5 10
    endloop
  endfacet
  facet normal 0 0 1
    outer loop
      vertex 6 1.5984907150268555 10
      vertex 6.901508331298828 2.5 10
      vertex 6.708310127258301 2.4615697860717773 10
    endloop
  endfacet
  facet normal 0 0 1
    outer loop
      vertex 6.901508331298828 2.5 10
      vertex 6 1.5984907150268555 10
      vertex 6.901508331298828 -2.5 10
    endloop
  endfacet
  facet normal 0 0 1
    outer loop
      vertex 6 1.5984907150268555 10
      vertex 6.708310127258301 2.4615697860717773 10
      vertex 6.526322364807129 2.386188507080078 10
    endloop
  endfacet
  facet normal 0 0 1
    outer loop
      vertex 6 -1.5984907150268555 10
      vertex 6.901508331298828 -2.5 10
      vertex 6 1.5984907150268555 10
    endloop
  endfacet
  facet normal 0 0 1
    outer loop
      vertex 6 1.5984907150268555 10
      vertex 6.526322364807129 2.386188507080078 10
      vertex 6.362536430358887 2.2767505645751953 10
    endloop
  endfacet
  facet normal 0 0 1
    outer loop
      vertex 6.901508331298828 -2.5 10
      vertex 6 -1.5984907150268555 10
      vertex 6.708310127258301 -2.4615697860717773 10
    endloop
  endfacet
  facet normal 0 0 1
    outer loop
      vertex 6 1.5984907150268555 10
      vertex 6.362536430358887 2.2767505645751953 10
      vertex 6.223248481750488 2.137462615966797 10
    endloop
  endfacet
  facet normal 0 0 1
    outer loop
      vertex 6.708310127258301 -2.4615697860717773 10
      vertex 6 -1.5984907150268555 10
      vertex 6.526322364807129 -2.386188507080078 10
    endloop
  endfacet
  facet normal 0 0 1
    outer loop
      vertex 6 1.5984907150268555 10
      vertex 6.223248481750488 2.137462615966797 10
      vertex 6.113811492919922 1.9736766815185547 10
    endloop
  endfacet
  facet normal 0 0 1
    outer loop
      vertex 6.526322364807129 -2.386188507080078 10
      vertex 6 -1.5984907150268555 10
      vertex 6.362536430358887 -2.2767505645751953 10
    endloop
  endfacet
  facet normal 0 0 1
    outer loop
      vertex 6 1.5984907150268555 10
      vertex 6.113811492919922 1.9736766815185547 10
      vertex 6.038429260253906 1.7916889190673828 10
    endloop
  endfacet
  facet normal 0 0 1
    outer loop
      vertex 6.362536430358887 -2.2767505645751953 10
      vertex 6 -1.5984907150268555 10
      vertex 6.223248481750488 -2.137462615966797 10
    endloop
  endfacet
  facet normal 0 0 1
    outer loop
      vertex 6.223248481750488 -2.137462615966797 10
      vertex 6 -1.5984907150268555 10
      vertex 6.113811492919922 -1.9736766815185547 10
    endloop
  endfacet
  facet normal 0 0 1
    outer loop
      vertex 6.113811492919922 -1.9736766815185547 10
      vertex 6 -1.5984907150268555 10
      vertex 6.038429260253906 -1.7916889190673828 10
    endloop
  endfacet
  facet normal 0 0 1
    outer loop
      vertex 10.399999618530273 8.196982383728027 10
      vertex 14.399999618530273 8.196982383728027 10
      vertex 14.323141098022461 8.583377838134766 10
    endloop
  endfacet
  facet normal 0 0 1
    outer loop
      vertex 14.399999618530273 8.196982383728027 10
      vertex 10.399999618530273 -2.5 10
      vertex 14.399999618530273 -12.5969820022583 10
    endloop
  endfacet
  facet normal 0 0 1
    outer loop
      vertex 10.399999618530273 8.196982383728027 10
      vertex 14.323141098022461 8.583377838134766 10
      vertex 14.17237663269043 8.947354316711426 10
    endloop
  endfacet
  facet normal 0 0 1
    outer loop
      vertex 10.399999618530273 -10.399999618530273 10
      vertex 14.399999618530273 -12.5969820022583 10
      vertex 10.399999618530273 -2.5 10
    endloop
  endfacet
  facet normal 0 0 1
    outer loop
      vertex 10.399999618530273 8.196982383728027 10
      vertex 14.17237663269043 8.947354316711426 10
      vertex 13.953500747680664 9.274925231933594 10
    endloop
  endfacet
  facet normal 0 0 1
    outer loop
      vertex 12.19999885559082 -14.399399757385254 10
      vertex 14.399999618530273 -12.5969820022583 10
      vertex 10.399999618530273 -10.399999618530273 10
    endloop
  endfacet
  facet normal 0 0 1
    outer loop
      vertex 10.399999618530273 8.196982383728027 10
      vertex 13.953500747680664 9.274925231933594 10
      vertex 13.674924850463867 9.55350112915039 10
    endloop
  endfacet
  facet normal 0 0 1
    outer loop
      vertex 14.399999618530273 -12.5969820022583 10
      vertex 12.19999885559082 -14.399399757385254 10
      vertex 14.323141098022461 -12.983378410339355 10
    endloop
  endfacet
  facet normal 0 0 1
    outer loop
      vertex 10.399999618530273 8.196982383728027 10
      vertex 13.674924850463867 9.55350112915039 10
      vertex 13.347354888916016 9.77237606048584 10
    endloop
  endfacet
  facet normal 0 0 1
    outer loop
      vertex 14.323141098022461 -12.983378410339355 10
      vertex 12.19999885559082 -14.399399757385254 10
      vertex 14.17237663269043 -13.347354888916016 10
    endloop
  endfacet
  facet normal 0 0 1
    outer loop
      vertex 10.399999618530273 8.196982383728027 10
      vertex 13.347354888916016 9.77237606048584 10
      vertex 12.983378410339355 9.923140525817871 10
    endloop
  endfacet
  facet normal 0 0 1
    outer loop
      vertex 14.17237663269043 -13.347354888916016 10
      vertex 12.19999885559082 -14.399399757385254 10
      vertex 13.953500747680664 -13.674924850463867 10
    endloop
  endfacet
  facet normal 0 0 1
    outer loop
      vertex 10.399999618530273 8.196982383728027 10
      vertex 12.983378410339355 9.923140525817871 10
      vertex 12.5969820022583 10 10
    endloop
  endfacet
  facet normal 0 0 1
    outer loop
      vertex 13.953500747680664 -13.674924850463867 10
      vertex 12.19999885559082 -14.399399757385254 10
      vertex 13.674924850463867 -13.953500747680664 10
    endloop
  endfacet
  facet normal 0 0 1
    outer loop
      vertex 10.399999618530273 8.196982383728027 10
      vertex 12.5969820022583 10 10
      vertex 12.20301628112793 10 10
    endloop
  endfacet
  facet normal 0 0 1
    outer loop
      vertex 13.674924850463867 -13.953500747680664 10
      vertex 12.19999885559082 -14.399399757385254 10
      vertex 13.347354888916016 -14.17237663269043 10
    endloop
  endfacet
  facet normal 0 0 1
    outer loop
      vertex 13.347354888916016 -14.17237663269043 10
      vertex 12.19999885559082 -14.399399757385254 10
      vertex 12.983378410339355 -14.323141098022461 10
    endloop
  endfacet
  facet normal 0 0 1
    outer loop
      vertex 12.983378410339355 -14.323141098022461 10
      vertex 12.19999885559082 -14.399399757385254 10
      vertex 12.5969820022583 -14.399999618530273 10
    endloop
  endfacet
  facet normal 0 0 1
    outer loop
      vertex 10.399999618530273 8.196982383728027 10
      vertex 12.20301628112793 10 10
      vertex 11.816620826721191 9.923140525817871 10
    endloop
  endfacet
  facet normal 0 0 1
    outer loop
      vertex 10.399999618530273 8.196982383728027 10
      vertex 11.816620826721191 9.923140525817871 10
      vertex 11.452644348144531 9.77237606048584 10
    endloop
  endfacet
  facet normal 0 0 1
    outer loop
      vertex 10.399999618530273 8.196982383728027 10
      vertex 11.452644348144531 9.77237606048584 10
      vertex 11.125073432922363 9.55350112915039 10
    endloop
  endfacet
  facet normal 0 0 1
    outer loop
      vertex 10.399999618530273 8.196982383728027 10
      vertex 11.125073432922363 9.55350112915039 10
      vertex 10.846498489379883 9.274925231933594 10
    endloop
  endfacet
  facet normal 0 0 1
    outer loop
      vertex 10.399999618530273 8.196982383728027 10
      vertex 10.846498489379883 9.274925231933594 10
      vertex 10.627622604370117 8.947354316711426 10
    endloop
  endfacet
  facet normal 0 0 1
    outer loop
      vertex 10.399999618530273 8.196982383728027 10
      vertex 10.627622604370117 8.947354316711426 10
      vertex 10.476858139038086 8.583377838134766 10
    endloop
  endfacet
  facet normal 0 0 1
    outer loop
      vertex 14.399999618530273 8.196982383728027 10
      vertex 10.399999618530273 8.196982383728027 10
      vertex 10.399999618530273 2.5 10
    endloop
  endfacet
  facet normal 0 0 1
    outer loop
      vertex 14.399999618530273 8.196982383728027 10
      vertex 10.399999618530273 2.5 10
      vertex 10.399999618530273 -2.5 10
    endloop
  endfacet
  facet normal 0 0 1
    outer loop
      vertex 12.5969820022583 -14.399999618530273 10
      vertex 12.19999885559082 -14.399399757385254 10
      vertex 12.20301628112793 -14.399999618530273 10
    endloop
  endfacet
  facet normal 0 0 1
    outer loop
      vertex 12.19999885559082 -14.399399757385254 10
      vertex 10.399999618530273 -10.399999618530273 10
      vertex 12.196982383728027 -14.399999618530273 10
    endloop
  endfacet
  facet normal 0 0 1
    outer loop
      vertex 2.5 -10.399999618530273 10
      vertex 12.196982383728027 -14.399999618530273 10
      vertex 10.399999618530273 -10.399999618530273 10
    endloop
  endfacet
  facet normal 0 0 1
    outer loop
      vertex 1.5984907150268555 -6 10
      vertex 2.4615697860717773 -6.708310127258301 10
      vertex 2.386188507080078 -6.526322364807129 10
    endloop
  endfacet
  facet normal 0 0 1
    outer loop
      vertex 1.5984907150268555 -6 10
      vertex 2.386188507080078 -6.526322364807129 10
      vertex 2.2767505645751953 -6.362536430358887 10
    endloop
  endfacet
  facet normal 0 0 1
    outer loop
      vertex 1.5984907150268555 -6 10
      vertex 2.2767505645751953 -6.362536430358887 10
      vertex 2.137462615966797 -6.223248481750488 10
    endloop
  endfacet
  facet normal 0 0 1
    outer loop
      vertex 1.5984907150268555 -6 10
      vertex 2.137462615966797 -6.223248481750488 10
      vertex 1.9736766815185547 -6.113811492919922 10
    endloop
  endfacet
  facet normal 0 0 1
    outer loop
      vertex 1.5984907150268555 -6 10
      vertex 1.9736766815185547 -6.113811492919922 10
      vertex 1.7916889190673828 -6.038429260253906 10
    endloop
  endfacet
  facet normal 0 0 1
    outer loop
      vertex -2.5 -6.901508331298828 10
      vertex 2.5 -6.901508331298828 10
      vertex 1.5984907150268555 -6 10
    endloop
  endfacet
  facet normal 0 0 1
    outer loop
      vertex -2.5 -6.901508331298828 10
      vertex 1.5984907150268555 -6 10
      vertex -1.5984907150268555 -6 10
    endloop
  endfacet
  facet normal 0 0 1
    outer loop
      vertex -2.5 -6.901508331298828 10
      vertex -1.5984907150268555 -6 10
      vertex -1.7916889190673828 -6.038429260253906 10
    endloop
  endfacet
  facet normal 0 0 1
    outer loop
      vertex -2.5 -6.901508331298828 10
      vertex -1.7916889190673828 -6.038429260253906 10
      vertex -1.9736766815185547 -6.113811492919922 10
    endloop
  endfacet
  facet normal 0 0 1
    outer loop
      vertex -2.5 -6.901508331298828 10
      vertex -1.9736766815185547 -6.113811492919922 10
      vertex -2.137462615966797 -6.223248481750488 10
    endloop
  endfacet
  facet normal 0 0 1
    outer loop
      vertex -2.5 -6.901508331298828 10
      vertex -2.137462615966797 -6.223248481750488 10
      vertex -2.2767505645751953 -6.362536430358887 10
    endloop
  endfacet
  facet normal 0 0 1
    outer loop
      vertex -2.5 -6.901508331298828 10
      vertex -2.2767505645751953 -6.362536430358887 10
      vertex -2.386188507080078 -6.526322364807129 10
    endloop
  endfacet
  facet normal 0 0 1
    outer loop
      vertex -2.5 -6.901508331298828 10
      vertex -2.386188507080078 -6.526322364807129 10
      vertex -2.4615697860717773 -6.708310127258301 10
    endloop
  endfacet
  facet normal 0 0 1
    outer loop
      vertex 2.5 -6.901508331298828 10
      vertex -2.5 -6.901508331298828 10
      vertex 2.5 -10.399999618530273 10
    endloop
  endfacet
  facet normal 0 0 1
    outer loop
      vertex -2.5 -10.399999618530273 10
      vertex 2.5 -10.399999618530273 10
      vertex -2.5 -6.901508331298828 10
    endloop
  endfacet
  facet normal 0 0 1
    outer loop
      vertex -2.5 -10.399999618530273 10
      vertex 12.196982383728027 -14.399999618530273 10
      vertex 2.5 -10.399999618530273 10
    endloop
  endfacet
  facet normal 0 0 1
    outer loop
      vertex -12.196982383728027 -14.399999618530273 10
      vertex -2.5 -10.399999618530273 10
      vertex -10.399999618530273 -10.399999618530273 10
    endloop
  endfacet
  facet normal 0 0 1
    outer loop
      vertex -14.399999618530273 8.196982383728027 10
      vertex -10.476858139038086 8.583377838134766 10
      vertex -10.627622604370117 8.947354316711426 10
    endloop
  endfacet
  facet normal 0 0 1
    outer loop
      vertex -14.399999618530273 8.196982383728027 10
      vertex -10.627622604370117 8.947354316711426 10
      vertex -10.846498489379883 9.274925231933594 10
    endloop
  endfacet
  facet normal 0 0 1
    outer loop
      vertex -14.399999618530273 8.196982383728027 10
      vertex -10.846498489379883 9.274925231933594 10
      vertex -11.125073432922363 9.55350112915039 10
    endloop
  endfacet
  facet normal 0 0 1
    outer loop
      vertex -14.399999618530273 8.196982383728027 10
      vertex -11.125073432922363 9.55350112915039 10
      vertex -11.452644348144531 9.77237606048584 10
    endloop
  endfacet
  facet normal 0 0 1
    outer loop
      vertex -14.399999618530273 8.196982383728027 10
      vertex -11.452644348144531 9.77237606048584 10
      vertex -11.816620826721191 9.923140525817871 10
    endloop
  endfacet
  facet normal 0 0 1
    outer loop
      vertex -2.5 -10.399999618530273 10
      vertex -12.196982383728027 -14.399999618530273 10
      vertex 12.196982383728027 -14.399999618530273 10
    endloop
  endfacet
  facet normal 0 0 1
    outer loop
      vertex -14.399999618530273 -12.5969820022583 10
      vertex -10.399999618530273 -2.5 10
      vertex -14.399999618530273 8.196982383728027 10
    endloop
  endfacet
  facet normal 0 0 1
    outer loop
      vertex -12.19999885559082 -14.399399757385254 10
      vertex -10.399999618530273 -10.399999618530273 10
      vertex -14.399999618530273 -12.5969820022583 10
    endloop
  endfacet
  facet normal 0 0 1
    outer loop
      vertex -14.399999618530273 8.196982383728027 10
      vertex -11.816620826721191 9.923140525817871 10
      vertex -12.20301628112793 10 10
    endloop
  endfacet
  facet normal 0 0 1
    outer loop
      vertex -10.399999618530273 -2.5 10
      vertex -14.399999618530273 -12.5969820022583 10
      vertex -10.399999618530273 -10.399999618530273 10
    endloop
  endfacet
  facet normal 0 0 1
    outer loop
      vertex -14.399999618530273 8.196982383728027 10
      vertex -12.20301628112793 10 10
      vertex -12.5969820022583 10 10
    endloop
  endfacet
  facet normal 0 0 1
    outer loop
      vertex -10.399999618530273 -10.399999618530273 10
      vertex -12.19999885559082 -14.399399757385254 10
      vertex -12.196982383728027 -14.399999618530273 10
    endloop
  endfacet
  facet normal 0 0 1
    outer loop
      vertex -14.399999618530273 8.196982383728027 10
      vertex -12.5969820022583 10 10
      vertex -12.983378410339355 9.923140525817871 10
    endloop
  endfacet
  facet normal 0 0 1
    outer loop
      vertex -12.5969820022583 -14.399999618530273 10
      vertex -12.19999885559082 -14.399399757385254 10
      vertex -14.399999618530273 -12.5969820022583 10
    endloop
  endfacet
  facet normal 0 0 1
    outer loop
      vertex -14.399999618530273 8.196982383728027 10
      vertex -12.983378410339355 9.923140525817871 10
      vertex -13.347354888916016 9.77237606048584 10
    endloop
  endfacet
  facet normal 0 0 1
    outer loop
      vertex -12.19999885559082 -14.399399757385254 10
      vertex -12.5969820022583 -14.399999618530273 10
      vertex -12.20301628112793 -14.399999618530273 10
    endloop
  endfacet
  facet normal 0 0 1
    outer loop
      vertex -14.399999618530273 8.196982383728027 10
      vertex -13.347354888916016 9.77237606048584 10
      vertex -13.674924850463867 9.55350112915039 10
    endloop
  endfacet
  facet normal 0 0 1
    outer loop
      vertex -12.5969820022583 -14.399999618530273 10
      vertex -14.399999618530273 -12.5969820022583 10
      vertex -12.983378410339355 -14.323141098022461 10
    endloop
  endfacet
  facet normal 0 0 1
    outer loop
      vertex -14.399999618530273 8.196982383728027 10
      vertex -13.674924850463867 9.55350112915039 10
      vertex -13.953500747680664 9.274925231933594 10
    endloop
  endfacet
  facet normal 0 0 1
    outer loop
      vertex -12.983378410339355 -14.323141098022461 10
      vertex -14.399999618530273 -12.5969820022583 10
      vertex -13.347354888916016 -14.17237663269043 10
    endloop
  endfacet
  facet normal 0 0 1
    outer loop
      vertex -14.399999618530273 8.196982383728027 10
      vertex -13.953500747680664 9.274925231933594 10
      vertex -14.17237663269043 8.947354316711426 10
    endloop
  endfacet
  facet normal 0 0 1
    outer loop
      vertex -13.347354888916016 -14.17237663269043 10
      vertex -14.399999618530273 -12.5969820022583 10
      vertex -13.674924850463867 -13.953500747680664 10
    endloop
  endfacet
  facet normal 0 0 1
    outer loop
      vertex -14.399999618530273 8.196982383728027 10
      vertex -14.17237663269043 8.947354316711426 10
      vertex -14.323141098022461 8.583377838134766 10
    endloop
  endfacet
  facet normal 0 0 1
    outer loop
      vertex -13.674924850463867 -13.953500747680664 10
      vertex -14.399999618530273 -12.5969820022583 10
      vertex -13.953500747680664 -13.674924850463867 10
    endloop
  endfacet
  facet normal 0 0 1
    outer loop
      vertex -13.953500747680664 -13.674924850463867 10
      vertex -14.399999618530273 -12.5969820022583 10
      vertex -14.17237663269043 -13.347354888916016 10
    endloop
  endfacet
  facet normal 0 0 1
    outer loop
      vertex -14.17237663269043 -13.347354888916016 10
      vertex -14.399999618530273 -12.5969820022583 10
      vertex -14.323141098022461 -12.983378410339355 10
    endloop
  endfacet
  facet normal -0.17615362206635526 0.8855799997629155 0.4297882797992733
    outer loop
      vertex -12.5969820022583 10 10
      vertex -61.39396667480469 10 -10
      vertex -62.16675567626953 9.846282005310059 -10
    endloop
  endfacet
  facet normal -0.36885427009724764 0.07336937626813121 0.926586996486057
    outer loop
      vertex -14.399999618530273 8.196982383728027 10
      vertex -14.323141098022461 8.583377838134766 10
      vertex -65 6.393964767456055 -10
    endloop
  endfacet
  facet normal -0.7071067811865476 -0.7071067811865476 0
    outer loop
      vertex -63.54985046386719 2.8929967880249023 -15
      vertex -64.10700225830078 3.450148582458496 -10
      vertex -64.10700225830078 3.450148582458496 -15
    endloop
  endfacet
  facet normal -0.7071067811865476 -0.7071067811865476 0
    outer loop
      vertex -64.10700225830078 3.450148582458496 -10
      vertex -63.54985046386719 2.8929967880249023 -15
      vertex -63.54985046386719 2.8929967880249023 -10
    endloop
  endfacet
  facet normal -0.36758495619038944 0 0.9299899461728119
    outer loop
      vertex -65 5.606034278869629 -10
      vertex -14.399999618530273 8.196982383728027 10
      vertex -65 6.393964767456055 -10
    endloop
  endfacet
  facet normal -0.3675849561903894 0 0.9299899461728118
    outer loop
      vertex -14.399999618530273 8.196982383728027 10
      vertex -65 5.606034278869629 -10
      vertex -14.399999618530273 -12.5969820022583 10
    endloop
  endfacet
  facet normal -0.8314692421708348 0.5555707869604535 0
    outer loop
      vertex -64.54475402832031 7.894709587097168 -15
      vertex -64.10700225830078 8.549850463867188 -10
      vertex -64.10700225830078 8.549850463867188 -15
    endloop
  endfacet
  facet normal -0.8314692421708348 0.5555707869604535 0
    outer loop
      vertex -64.10700225830078 8.549850463867188 -10
      vertex -64.54475402832031 7.894709587097168 -15
      vertex -64.54475402832031 7.894709587097168 -10
    endloop
  endfacet
  facet normal -0.3826835980984485 -0.9238794638622644 0
    outer loop
      vertex -62.894710540771484 2.4552459716796875 -15
      vertex -62.16675567626953 2.153717041015625 -10
      vertex -62.894710540771484 2.4552459716796875 -10
    endloop
  endfacet
  facet normal -0.3826835980984485 -0.9238794638622644 0
    outer loop
      vertex -62.16675567626953 2.153717041015625 -10
      vertex -62.894710540771484 2.4552459716796875 -15
      vertex -62.16675567626953 2.153717041015625 -15
    endloop
  endfacet
  facet normal 1 0 0
    outer loop
      vertex -10.399999618530273 2.5 10
      vertex -10.399999618530273 8.196982383728027 0
      vertex -10.399999618530273 8.196982383728027 10
    endloop
  endfacet
  facet normal 1 0 0
    outer loop
      vertex -10.399999618530273 8.196982383728027 0
      vertex -10.399999618530273 2.5 10
      vertex -10.399999618530273 2.5 0
    endloop
  endfacet
  facet normal 1 0 0
    outer loop
      vertex -10.399999618530273 -10.399999618530273 10
      vertex -10.399999618530273 -2.5 0
      vertex -10.399999618530273 -2.5 10
    endloop
  endfacet
  facet normal 1 0 0
    outer loop
      vertex -10.399999618530273 -2.5 0
      vertex -10.399999618530273 -10.399999618530273 10
      vertex -10.399999618530273 -10.399999618530273 0
    endloop
  endfacet
  facet normal 0.707107991539202 0.7071055708318214 0
    outer loop
      vertex -10.846498489379883 9.274925231933594 10
      vertex -11.125073432922363 9.55350112915039 0
      vertex -11.125073432922363 9.55350112915039 10
    endloop
  endfacet
  facet normal 0.707107991539202 0.7071055708318214 0
    outer loop
      vertex -11.125073432922363 9.55350112915039 0
      vertex -10.846498489379883 9.274925231933594 10
      vertex -10.846498489379883 9.274925231933594 0
    endloop
  endfacet
  facet normal -0.3280349483337192 0.49093971043829837 0.8070757544285753
    outer loop
      vertex -13.674924850463867 9.55350112915039 10
      vertex -13.347354888916016 9.77237606048584 10
      vertex -62.894710540771484 9.544753074645996 -10
    endloop
  endfacet
  facet normal -0.39051825703909876 -0.07767840186811097 0.9173121370626034
    outer loop
      vertex -14.323141098022461 -12.983378410339355 10
      vertex -14.399999618530273 -12.5969820022583 10
      vertex -65 5.606034278869629 -10
    endloop
  endfacet
  facet normal -0.9807854790082758 -0.19508932355848405 0
    outer loop
      vertex -64.84628295898438 4.833242416381836 -15
      vertex -65 5.606034278869629 -10
      vertex -65 5.606034278869629 -15
    endloop
  endfacet
  facet normal -0.9807854790082758 -0.19508932355848405 0
    outer loop
      vertex -65 5.606034278869629 -10
      vertex -64.84628295898438 4.833242416381836 -15
      vertex -64.84628295898438 4.833242416381836 -10
    endloop
  endfacet
  facet normal -0.3511924580957299 0.3511924580957299 0.8679445343761075
    outer loop
      vertex -63.54985046386719 9.107002258300781 -10
      vertex -13.953500747680664 9.274925231933594 10
      vertex -13.674924850463867 9.55350112915039 10
    endloop
  endfacet
  facet normal -0.3511924580957299 0.3511924580957299 0.8679445343761075
    outer loop
      vertex -13.953500747680664 9.274925231933594 10
      vertex -63.54985046386719 9.107002258300781 -10
      vertex -64.10700225830078 8.549850463867188 -10
    endloop
  endfacet
  facet normal -0.1950911826190712 0.9807851092182692 0
    outer loop
      vertex -61.39396667480469 10 -15
      vertex -62.16675567626953 9.846282005310059 -10
      vertex -61.39396667480469 10 -10
    endloop
  endfacet
  facet normal -0.1950911826190712 0.9807851092182692 0
    outer loop
      vertex -62.16675567626953 9.846282005310059 -10
      vertex -61.39396667480469 10 -15
      vertex -62.16675567626953 9.846282005310059 -15
    endloop
  endfacet
  facet normal -0.37663396299068147 -0.9092743601481296 0.17710730052469253
    outer loop
      vertex -62.16675567626953 2.153717041015625 -10
      vertex -13.347354888916016 -14.17237663269043 10
      vertex -62.894710540771484 2.4552459716796875 -10
    endloop
  endfacet
  facet normal -0.3766346491606117 -0.9092736342713651 0.17710956798153668
    outer loop
      vertex -13.347354888916016 -14.17237663269043 10
      vertex -62.16675567626953 2.153717041015625 -10
      vertex -12.983378410339355 -14.323141098022461 10
    endloop
  endfacet
  facet normal -0.43883326007702844 -0.29321985971247005 0.8493806471308176
    outer loop
      vertex -13.953500747680664 -13.674924850463867 10
      vertex -14.17237663269043 -13.347354888916016 10
      vertex -64.10700225830078 3.450148582458496 -10
    endloop
  endfacet
  facet normal -0.36746648038724233 0.15221007593587532 0.9174968548040956
    outer loop
      vertex -64.54475402832031 7.894709587097168 -10
      vertex -14.323141098022461 8.583377838134766 10
      vertex -14.17237663269043 8.947354316711426 10
    endloop
  endfacet
  facet normal -0.36746648038724233 0.15221007593587532 0.9174968548040956
    outer loop
      vertex -14.323141098022461 8.583377838134766 10
      vertex -64.54475402832031 7.894709587097168 -10
      vertex -64.84628295898438 7.166756629943848 -10
    endloop
  endfacet
  facet normal -0.5555705093039743 0.8314694276951634 0
    outer loop
      vertex -62.894710540771484 9.544753074645996 -15
      vertex -63.54985046386719 9.107002258300781 -10
      vertex -62.894710540771484 9.544753074645996 -10
    endloop
  endfacet
  facet normal -0.5555705093039743 0.8314694276951634 0
    outer loop
      vertex -63.54985046386719 9.107002258300781 -10
      vertex -62.894710540771484 9.544753074645996 -15
      vertex -63.54985046386719 9.107002258300781 -15
    endloop
  endfacet
  facet normal -0.3688542691599696 0.07336928553921859 0.9265870040432951
    outer loop
      vertex -14.323141098022461 8.583377838134766 10
      vertex -64.84628295898438 7.166756629943848 -10
      vertex -65 6.393964767456055 -10
    endloop
  endfacet
  facet normal 0.38268445394714545 0.9238791093574824 0
    outer loop
      vertex -11.452644348144531 9.77237606048584 0
      vertex -11.816620826721191 9.923140525817871 10
      vertex -11.452644348144531 9.77237606048584 10
    endloop
  endfacet
  facet normal 0.38268445394714545 0.9238791093574824 0
    outer loop
      vertex -11.816620826721191 9.923140525817871 10
      vertex -11.452644348144531 9.77237606048584 0
      vertex -11.816620826721191 9.923140525817871 0
    endloop
  endfacet
  facet normal -0.3905182860489278 -0.07767850349858314 0.9173121161064146
    outer loop
      vertex -64.84628295898438 4.833242416381836 -10
      vertex -14.323141098022461 -12.983378410339355 10
      vertex -65 5.606034278869629 -10
    endloop
  endfacet
  facet normal -0.5555705093039743 -0.8314694276951634 0
    outer loop
      vertex -63.54985046386719 2.8929967880249023 -15
      vertex -62.894710540771484 2.4552459716796875 -10
      vertex -63.54985046386719 2.8929967880249023 -10
    endloop
  endfacet
  facet normal -0.5555705093039743 -0.8314694276951634 0
    outer loop
      vertex -62.894710540771484 2.4552459716796875 -10
      vertex -63.54985046386719 2.8929967880249023 -15
      vertex -62.894710540771484 2.4552459716796875 -15
    endloop
  endfacet
  facet normal 0.1949833506254205 -0.9808065522715905 0
    outer loop
      vertex -12.20301628112793 -14.399999618530273 -15
      vertex -12.19999885559082 -14.399399757385254 10
      vertex -12.20301628112793 -14.399999618530273 10
    endloop
  endfacet
  facet normal 0.1949833506254205 -0.9808065522715905 0
    outer loop
      vertex -12.19999885559082 -14.399399757385254 10
      vertex -12.20301628112793 -14.399999618530273 -15
      vertex -12.19999885559082 -14.399399757385254 -15
    endloop
  endfacet
  facet normal -0.3826835980984485 0.9238794638622644 0
    outer loop
      vertex -62.16675567626953 9.846282005310059 -15
      vertex -62.894710540771484 9.544753074645996 -10
      vertex -62.16675567626953 9.846282005310059 -10
    endloop
  endfacet
  facet normal -0.3826835980984485 0.9238794638622644 0
    outer loop
      vertex -62.894710540771484 9.544753074645996 -10
      vertex -62.16675567626953 9.846282005310059 -15
      vertex -62.894710540771484 9.544753074645996 -15
    endloop
  endfacet
  facet normal 0.555568554316088 0.8314707339739217 0
    outer loop
      vertex -11.125073432922363 9.55350112915039 0
      vertex -11.452644348144531 9.77237606048584 10
      vertex -11.125073432922363 9.55350112915039 10
    endloop
  endfacet
  facet normal 0.555568554316088 0.8314707339739217 0
    outer loop
      vertex -11.452644348144531 9.77237606048584 10
      vertex -11.125073432922363 9.55350112915039 0
      vertex -11.452644348144531 9.77237606048584 0
    endloop
  endfacet
  facet normal -0.7071067811865476 0.7071067811865476 0
    outer loop
      vertex -64.10700225830078 8.549850463867188 -15
      vertex -63.54985046386719 9.107002258300781 -10
      vertex -63.54985046386719 9.107002258300781 -15
    endloop
  endfacet
  facet normal -0.7071067811865476 0.7071067811865476 0
    outer loop
      vertex -63.54985046386719 9.107002258300781 -10
      vertex -64.10700225830078 8.549850463867188 -15
      vertex -64.10700225830078 8.549850463867188 -10
    endloop
  endfacet
  facet normal -0.9807854790082758 0.19508932355848405 0
    outer loop
      vertex -65 6.393964767456055 -15
      vertex -64.84628295898438 7.166756629943848 -10
      vertex -64.84628295898438 7.166756629943848 -15
    endloop
  endfacet
  facet normal -0.9807854790082758 0.19508932355848405 0
    outer loop
      vertex -64.84628295898438 7.166756629943848 -10
      vertex -65 6.393964767456055 -15
      vertex -65 6.393964767456055 -10
    endloop
  endfacet
  facet normal -0.27917763007076357 0.6739923128885014 0.6839548325988204
    outer loop
      vertex -62.16675567626953 9.846282005310059 -10
      vertex -13.347354888916016 9.77237606048584 10
      vertex -12.983378410339355 9.923140525817871 10
    endloop
  endfacet
  facet normal -0.27917729653486634 0.6739932736254745 0.6839540219978969
    outer loop
      vertex -13.347354888916016 9.77237606048584 10
      vertex -62.16675567626953 9.846282005310059 -10
      vertex -62.894710540771484 9.544753074645996 -10
    endloop
  endfacet
  facet normal 0 1 0
    outer loop
      vertex -12.20301628112793 10 -15
      vertex -12.5969820022583 10 10
      vertex -12.20301628112793 10 10
    endloop
  endfacet
  facet normal 0 1 0
    outer loop
      vertex -12.5969820022583 10 10
      vertex -12.20301628112793 10 -15
      vertex -61.39396667480469 10 -10
    endloop
  endfacet
  facet normal 0 1 0
    outer loop
      vertex -61.39396667480469 10 -10
      vertex -12.20301628112793 10 -15
      vertex -61.39396667480469 10 -15
    endloop
  endfacet
  facet normal -0.36240464539590345 0.24215139157168997 0.9000142090852585
    outer loop
      vertex -14.17237663269043 8.947354316711426 10
      vertex -64.10700225830078 8.549850463867188 -10
      vertex -64.54475402832031 7.894709587097168 -10
    endloop
  endfacet
  facet normal -0.36240467404452054 0.24215105822008606 0.9000142872385845
    outer loop
      vertex -14.17237663269043 8.947354316711426 10
      vertex -13.953500747680664 9.274925231933594 10
      vertex -64.10700225830078 8.549850463867188 -10
    endloop
  endfacet
  facet normal 0.9807854329423978 0.19508955514838086 0
    outer loop
      vertex -10.399999618530273 8.196982383728027 10
      vertex -10.476858139038086 8.583377838134766 0
      vertex -10.476858139038086 8.583377838134766 10
    endloop
  endfacet
  facet normal 0.9807854329423978 0.19508955514838086 0
    outer loop
      vertex -10.476858139038086 8.583377838134766 0
      vertex -10.399999618530273 8.196982383728027 10
      vertex -10.399999618530273 8.196982383728027 0
    endloop
  endfacet
  facet normal 0.8314696157560885 0.5555702278510096 0
    outer loop
      vertex -10.627622604370117 8.947354316711426 10
      vertex -10.846498489379883 9.274925231933594 0
      vertex -10.846498489379883 9.274925231933594 10
    endloop
  endfacet
  facet normal 0.8314696157560885 0.5555702278510096 0
    outer loop
      vertex -10.846498489379883 9.274925231933594 0
      vertex -10.627622604370117 8.947354316711426 10
      vertex -10.627622604370117 8.947354316711426 0
    endloop
  endfacet
  facet normal -0.458329756513202 -0.6859369670193094 0.5651763543982531
    outer loop
      vertex -13.347354888916016 -14.17237663269043 10
      vertex -13.674924850463867 -13.953500747680664 10
      vertex -63.54985046386719 2.8929967880249023 -10
    endloop
  endfacet
  facet normal -0.31765712004548663 -0.9482056496796502 0
    outer loop
      vertex -12.983378410339355 -14.323141098022461 -15
      vertex -62.16675567626953 2.153717041015625 -10
      vertex -62.16675567626953 2.153717041015625 -15
    endloop
  endfacet
  facet normal -0.31765712004548663 -0.9482056496796502 0
    outer loop
      vertex -62.16675567626953 2.153717041015625 -10
      vertex -12.983378410339355 -14.323141098022461 -15
      vertex -12.983378410339355 -14.323141098022461 10
    endloop
  endfacet
  facet normal 0 0 -1
    outer loop
      vertex 64.84628295898438 4.833242416381836 -15
      vertex 65 6.393964767456055 -15
      vertex 65 5.606034278869629 -15
    endloop
  endfacet
  facet normal 0 0 -1
    outer loop
      vertex 64.84628295898438 4.833242416381836 -15
      vertex 64.84628295898438 7.166756629943848 -15
      vertex 65 6.393964767456055 -15
    endloop
  endfacet
  facet normal 0 0 -1
    outer loop
      vertex 64.54475402832031 4.105289459228516 -15
      vertex 64.84628295898438 7.166756629943848 -15
      vertex 64.84628295898438 4.833242416381836 -15
    endloop
  endfacet
  facet normal 0 0 -1
    outer loop
      vertex 64.54475402832031 4.105289459228516 -15
      vertex 64.54475402832031 7.894709587097168 -15
      vertex 64.84628295898438 7.166756629943848 -15
    endloop
  endfacet
  facet normal 0 0 -1
    outer loop
      vertex 64.10700225830078 3.450148582458496 -15
      vertex 64.54475402832031 7.894709587097168 -15
      vertex 64.54475402832031 4.105289459228516 -15
    endloop
  endfacet
  facet normal 0 0 -1
    outer loop
      vertex 64.10700225830078 3.450148582458496 -15
      vertex 64.10700225830078 8.549850463867188 -15
      vertex 64.54475402832031 7.894709587097168 -15
    endloop
  endfacet
  facet normal 0 0 -1
    outer loop
      vertex 63.54985046386719 2.8929967880249023 -15
      vertex 64.10700225830078 8.549850463867188 -15
      vertex 64.10700225830078 3.450148582458496 -15
    endloop
  endfacet
  facet normal 0 0 -1
    outer loop
      vertex 63.54985046386719 2.8929967880249023 -15
      vertex 63.54985046386719 9.107002258300781 -15
      vertex 64.10700225830078 8.549850463867188 -15
    endloop
  endfacet
  facet normal 0 0 -1
    outer loop
      vertex 62.894710540771484 2.4552459716796875 -15
      vertex 63.54985046386719 9.107002258300781 -15
      vertex 63.54985046386719 2.8929967880249023 -15
    endloop
  endfacet
  facet normal 0 0 -1
    outer loop
      vertex 62.894710540771484 2.4552459716796875 -15
      vertex 62.894710540771484 9.544753074645996 -15
      vertex 63.54985046386719 9.107002258300781 -15
    endloop
  endfacet
  facet normal 0 0 -1
    outer loop
      vertex 62.16675567626953 2.153717041015625 -15
      vertex 62.894710540771484 9.544753074645996 -15
      vertex 62.894710540771484 2.4552459716796875 -15
    endloop
  endfacet
  facet normal 0 0 -1
    outer loop
      vertex 62.16675567626953 2.153717041015625 -15
      vertex 62.16675567626953 9.846282005310059 -15
      vertex 62.894710540771484 9.544753074645996 -15
    endloop
  endfacet
  facet normal 0 0 -1
    outer loop
      vertex 62.16675567626953 2.153717041015625 -15
      vertex 61.39396667480469 10 -15
      vertex 62.16675567626953 9.846282005310059 -15
    endloop
  endfacet
  facet normal 0 0 -1
    outer loop
      vertex 12.20301628112793 10 -15
      vertex 62.16675567626953 2.153717041015625 -15
      vertex 12.983378410339355 -14.323141098022461 -15
    endloop
  endfacet
  facet normal 0 0 -1
    outer loop
      vertex 12.19999885559082 -14.399399757385254 -15
      vertex 12.983378410339355 -14.323141098022461 -15
      vertex 12.5969820022583 -14.399999618530273 -15
    endloop
  endfacet
  facet normal 0 0 -1
    outer loop
      vertex 12.19999885559082 -14.399399757385254 -15
      vertex 12.5969820022583 -14.399999618530273 -15
      vertex 12.20301628112793 -14.399999618530273 -15
    endloop
  endfacet
  facet normal 0 0 -1
    outer loop
      vertex 62.16675567626953 2.153717041015625 -15
      vertex 12.20301628112793 10 -15
      vertex 61.39396667480469 10 -15
    endloop
  endfacet
  facet normal 0 0 -1
    outer loop
      vertex 12.983378410339355 -14.323141098022461 -15
      vertex 12.19999885559082 -14.399399757385254 -15
      vertex 5.317130088806152 -2.84206485748291 -15
    endloop
  endfacet
  facet normal 0 0 -1
    outer loop
      vertex 12.983378410339355 -14.323141098022461 -15
      vertex 6 -0.5909481048583984 -15
      vertex 12.20301628112793 10 -15
    endloop
  endfacet
  facet normal 0 0 -1
    outer loop
      vertex 4.660503387451172 -3.8247766494750977 -15
      vertex 12.19999885559082 -14.399399757385254 -15
      vertex 12.196982383728027 -14.399999618530273 -15
    endloop
  endfacet
  facet normal 0 0 -1
    outer loop
      vertex 6 0.5909481048583984 -15
      vertex 12.20301628112793 10 -15
      vertex 6 -0.5909481048583984 -15
    endloop
  endfacet
  facet normal 0 0 -1
    outer loop
      vertex 12.20301628112793 10 -15
      vertex 6 0.5909481048583984 -15
      vertex 12.19999885559082 9.99940013885498 -15
    endloop
  endfacet
  facet normal 0 0 -1
    outer loop
      vertex 12.983378410339355 -14.323141098022461 -15
      vertex 5.76942253112793 -1.7501354217529297 -15
      vertex 6 -0.5909481048583984 -15
    endloop
  endfacet
  facet normal 0 0 -1
    outer loop
      vertex 12.983378410339355 -14.323141098022461 -15
      vertex 5.317130088806152 -2.84206485748291 -15
      vertex 5.76942253112793 -1.7501354217529297 -15
    endloop
  endfacet
  facet normal 0 0 -1
    outer loop
      vertex 12.19999885559082 -14.399399757385254 -15
      vertex 4.660503387451172 -3.8247766494750977 -15
      vertex 5.317130088806152 -2.84206485748291 -15
    endloop
  endfacet
  facet normal 0 0 -1
    outer loop
      vertex 12.196982383728027 -14.399999618530273 -15
      vertex 3.8247766494750977 -4.660503387451172 -15
      vertex 4.660503387451172 -3.8247766494750977 -15
    endloop
  endfacet
  facet normal 0 0 -1
    outer loop
      vertex 12.196982383728027 -14.399999618530273 -15
      vertex 2.84206485748291 -5.317130088806152 -15
      vertex 3.8247766494750977 -4.660503387451172 -15
    endloop
  endfacet
  facet normal 0 0 -1
    outer loop
      vertex 12.196982383728027 -14.399999618530273 -15
      vertex 1.7501354217529297 -5.76942253112793 -15
      vertex 2.84206485748291 -5.317130088806152 -15
    endloop
  endfacet
  facet normal 0 0 -1
    outer loop
      vertex 12.196982383728027 -14.399999618530273 -15
      vertex 0.5909481048583984 -6 -15
      vertex 1.7501354217529297 -5.76942253112793 -15
    endloop
  endfacet
  facet normal 0 0 -1
    outer loop
      vertex 12.196982383728027 -14.399999618530273 -15
      vertex -0.5909481048583984 -6 -15
      vertex 0.5909481048583984 -6 -15
    endloop
  endfacet
  facet normal 0 0 -1
    outer loop
      vertex -12.196982383728027 -14.399999618530273 -15
      vertex -0.5909481048583984 -6 -15
      vertex 12.196982383728027 -14.399999618530273 -15
    endloop
  endfacet
  facet normal 0 0 -1
    outer loop
      vertex -0.5909481048583984 -6 -15
      vertex -12.196982383728027 -14.399999618530273 -15
      vertex -1.7501354217529297 -5.76942253112793 -15
    endloop
  endfacet
  facet normal 0 0 -1
    outer loop
      vertex -5.317130088806152 -2.84206485748291 -15
      vertex -12.983378410339355 -14.323141098022461 -15
      vertex -5.76942253112793 -1.7501354217529297 -15
    endloop
  endfacet
  facet normal 0 0 -1
    outer loop
      vertex -12.983378410339355 -14.323141098022461 -15
      vertex -5.317130088806152 -2.84206485748291 -15
      vertex -12.19999885559082 -14.399399757385254 -15
    endloop
  endfacet
  facet normal 0 0 -1
    outer loop
      vertex -4.660503387451172 -3.8247766494750977 -15
      vertex -12.19999885559082 -14.399399757385254 -15
      vertex -5.317130088806152 -2.84206485748291 -15
    endloop
  endfacet
  facet normal 0 0 -1
    outer loop
      vertex -12.19999885559082 -14.399399757385254 -15
      vertex -4.660503387451172 -3.8247766494750977 -15
      vertex -12.196982383728027 -14.399999618530273 -15
    endloop
  endfacet
  facet normal 0 0 -1
    outer loop
      vertex -3.8247766494750977 -4.660503387451172 -15
      vertex -12.196982383728027 -14.399999618530273 -15
      vertex -4.660503387451172 -3.8247766494750977 -15
    endloop
  endfacet
  facet normal 0 0 -1
    outer loop
      vertex -2.84206485748291 -5.317130088806152 -15
      vertex -12.196982383728027 -14.399999618530273 -15
      vertex -3.8247766494750977 -4.660503387451172 -15
    endloop
  endfacet
  facet normal 0 0 -1
    outer loop
      vertex -1.7501354217529297 -5.76942253112793 -15
      vertex -12.196982383728027 -14.399999618530273 -15
      vertex -2.84206485748291 -5.317130088806152 -15
    endloop
  endfacet
  facet normal 0 0 -1
    outer loop
      vertex 5.76942253112793 1.7501354217529297 -15
      vertex 12.19999885559082 9.99940013885498 -15
      vertex 6 0.5909481048583984 -15
    endloop
  endfacet
  facet normal 0 0 -1
    outer loop
      vertex 12.19999885559082 9.99940013885498 -15
      vertex 5.76942253112793 1.7501354217529297 -15
      vertex 12.196982383728027 10 -15
    endloop
  endfacet
  facet normal 0 0 -1
    outer loop
      vertex 5.317130088806152 2.84206485748291 -15
      vertex 12.196982383728027 10 -15
      vertex 5.76942253112793 1.7501354217529297 -15
    endloop
  endfacet
  facet normal 0 0 -1
    outer loop
      vertex 4.660503387451172 3.8247766494750977 -15
      vertex 12.196982383728027 10 -15
      vertex 5.317130088806152 2.84206485748291 -15
    endloop
  endfacet
  facet normal 0 0 -1
    outer loop
      vertex 3.8247766494750977 4.660503387451172 -15
      vertex 12.196982383728027 10 -15
      vertex 4.660503387451172 3.8247766494750977 -15
    endloop
  endfacet
  facet normal 0 0 -1
    outer loop
      vertex 2.84206485748291 5.317130088806152 -15
      vertex 12.196982383728027 10 -15
      vertex 3.8247766494750977 4.660503387451172 -15
    endloop
  endfacet
  facet normal 0 0 -1
    outer loop
      vertex 1.7501354217529297 5.76942253112793 -15
      vertex 12.196982383728027 10 -15
      vertex 2.84206485748291 5.317130088806152 -15
    endloop
  endfacet
  facet normal 0 0 -1
    outer loop
      vertex 0.5909481048583984 6 -15
      vertex 12.196982383728027 10 -15
      vertex 1.7501354217529297 5.76942253112793 -15
    endloop
  endfacet
  facet normal 0 0 -1
    outer loop
      vertex -0.5909481048583984 6 -15
      vertex 12.196982383728027 10 -15
      vertex 0.5909481048583984 6 -15
    endloop
  endfacet
  facet normal 0 0 -1
    outer loop
      vertex -12.196982383728027 10 -15
      vertex -0.5909481048583984 6 -15
      vertex -1.7501354217529297 5.76942253112793 -15
    endloop
  endfacet
  facet normal 0 0 -1
    outer loop
      vertex -5.76942253112793 -1.7501354217529297 -15
      vertex -12.983378410339355 -14.323141098022461 -15
      vertex -6 -0.5909481048583984 -15
    endloop
  endfacet
  facet normal 0 0 -1
    outer loop
      vertex -0.5909481048583984 6 -15
      vertex -12.196982383728027 10 -15
      vertex 12.196982383728027 10 -15
    endloop
  endfacet
  facet normal 0 0 -1
    outer loop
      vertex -2.84206485748291 5.317130088806152 -15
      vertex -12.196982383728027 10 -15
      vertex -1.7501354217529297 5.76942253112793 -15
    endloop
  endfacet
  facet normal 0 0 -1
    outer loop
      vertex -3.8247766494750977 4.660503387451172 -15
      vertex -12.196982383728027 10 -15
      vertex -2.84206485748291 5.317130088806152 -15
    endloop
  endfacet
  facet normal 0 0 -1
    outer loop
      vertex -4.660503387451172 3.8247766494750977 -15
      vertex -12.196982383728027 10 -15
      vertex -3.8247766494750977 4.660503387451172 -15
    endloop
  endfacet
  facet normal 0 0 -1
    outer loop
      vertex -5.317130088806152 2.84206485748291 -15
      vertex -12.196982383728027 10 -15
      vertex -4.660503387451172 3.8247766494750977 -15
    endloop
  endfacet
  facet normal 0 0 -1
    outer loop
      vertex -5.76942253112793 1.7501354217529297 -15
      vertex -12.196982383728027 10 -15
      vertex -5.317130088806152 2.84206485748291 -15
    endloop
  endfacet
  facet normal 0 0 -1
    outer loop
      vertex -12.20301628112793 10 -15
      vertex -6 -0.5909481048583984 -15
      vertex -12.983378410339355 -14.323141098022461 -15
    endloop
  endfacet
  facet normal 0 0 -1
    outer loop
      vertex -6 -0.5909481048583984 -15
      vertex -12.20301628112793 10 -15
      vertex -6 0.5909481048583984 -15
    endloop
  endfacet
  facet normal 0 0 -1
    outer loop
      vertex -5.76942253112793 1.7501354217529297 -15
      vertex -12.19999885559082 9.99940013885498 -15
      vertex -12.196982383728027 10 -15
    endloop
  endfacet
  facet normal 0 0 -1
    outer loop
      vertex -12.5969820022583 -14.399999618530273 -15
      vertex -12.19999885559082 -14.399399757385254 -15
      vertex -12.20301628112793 -14.399999618530273 -15
    endloop
  endfacet
  facet normal 0 0 -1
    outer loop
      vertex -12.19999885559082 9.99940013885498 -15
      vertex -6 0.5909481048583984 -15
      vertex -12.20301628112793 10 -15
    endloop
  endfacet
  facet normal 0 0 -1
    outer loop
      vertex -12.19999885559082 -14.399399757385254 -15
      vertex -12.5969820022583 -14.399999618530273 -15
      vertex -12.983378410339355 -14.323141098022461 -15
    endloop
  endfacet
  facet normal 0 0 -1
    outer loop
      vertex -6 0.5909481048583984 -15
      vertex -12.19999885559082 9.99940013885498 -15
      vertex -5.76942253112793 1.7501354217529297 -15
    endloop
  endfacet
  facet normal 0 0 -1
    outer loop
      vertex -62.16675567626953 2.153717041015625 -15
      vertex -12.20301628112793 10 -15
      vertex -12.983378410339355 -14.323141098022461 -15
    endloop
  endfacet
  facet normal 0 0 -1
    outer loop
      vertex -12.20301628112793 10 -15
      vertex -62.16675567626953 2.153717041015625 -15
      vertex -61.39396667480469 10 -15
    endloop
  endfacet
  facet normal 0 0 -1
    outer loop
      vertex -62.16675567626953 2.153717041015625 -15
      vertex -62.16675567626953 9.846282005310059 -15
      vertex -61.39396667480469 10 -15
    endloop
  endfacet
  facet normal 0 0 -1
    outer loop
      vertex -62.894710540771484 2.4552459716796875 -15
      vertex -62.16675567626953 9.846282005310059 -15
      vertex -62.16675567626953 2.153717041015625 -15
    endloop
  endfacet
  facet normal 0 0 -1
    outer loop
      vertex -62.894710540771484 2.4552459716796875 -15
      vertex -62.894710540771484 9.544753074645996 -15
      vertex -62.16675567626953 9.846282005310059 -15
    endloop
  endfacet
  facet normal 0 0 -1
    outer loop
      vertex -63.54985046386719 2.8929967880249023 -15
      vertex -62.894710540771484 9.544753074645996 -15
      vertex -62.894710540771484 2.4552459716796875 -15
    endloop
  endfacet
  facet normal 0 0 -1
    outer loop
      vertex -63.54985046386719 2.8929967880249023 -15
      vertex -63.54985046386719 9.107002258300781 -15
      vertex -62.894710540771484 9.544753074645996 -15
    endloop
  endfacet
  facet normal 0 0 -1
    outer loop
      vertex -64.10700225830078 3.450148582458496 -15
      vertex -63.54985046386719 9.107002258300781 -15
      vertex -63.54985046386719 2.8929967880249023 -15
    endloop
  endfacet
  facet normal 0 0 -1
    outer loop
      vertex -64.10700225830078 3.450148582458496 -15
      vertex -64.10700225830078 8.549850463867188 -15
      vertex -63.54985046386719 9.107002258300781 -15
    endloop
  endfacet
  facet normal 0 0 -1
    outer loop
      vertex -64.54475402832031 4.105289459228516 -15
      vertex -64.10700225830078 8.549850463867188 -15
      vertex -64.10700225830078 3.450148582458496 -15
    endloop
  endfacet
  facet normal 0 0 -1
    outer loop
      vertex -64.54475402832031 4.105289459228516 -15
      vertex -64.54475402832031 7.894709587097168 -15
      vertex -64.10700225830078 8.549850463867188 -15
    endloop
  endfacet
  facet normal 0 0 -1
    outer loop
      vertex -64.84628295898438 4.833242416381836 -15
      vertex -64.54475402832031 7.894709587097168 -15
      vertex -64.54475402832031 4.105289459228516 -15
    endloop
  endfacet
  facet normal 0 0 -1
    outer loop
      vertex -64.84628295898438 4.833242416381836 -15
      vertex -64.84628295898438 7.166756629943848 -15
      vertex -64.54475402832031 7.894709587097168 -15
    endloop
  endfacet
  facet normal 0 0 -1
    outer loop
      vertex -65 5.606034278869629 -15
      vertex -64.84628295898438 7.166756629943848 -15
      vertex -64.84628295898438 4.833242416381836 -15
    endloop
  endfacet
  facet normal 0 0 -1
    outer loop
      vertex -64.84628295898438 7.166756629943848 -15
      vertex -65 5.606034278869629 -15
      vertex -65 6.393964767456055 -15
    endloop
  endfacet
  facet normal 0 -1 0
    outer loop
      vertex -12.5969820022583 -14.399999618530273 -15
      vertex -12.20301628112793 -14.399999618530273 10
      vertex -12.5969820022583 -14.399999618530273 10
    endloop
  endfacet
  facet normal 0 -1 0
    outer loop
      vertex -12.20301628112793 -14.399999618530273 10
      vertex -12.5969820022583 -14.399999618530273 -15
      vertex -12.20301628112793 -14.399999618530273 -15
    endloop
  endfacet
  facet normal -1 0 0
    outer loop
      vertex -65 5.606034278869629 -15
      vertex -65 6.393964767456055 -10
      vertex -65 6.393964767456055 -15
    endloop
  endfacet
  facet normal -1 0 0
    outer loop
      vertex -65 6.393964767456055 -10
      vertex -65 5.606034278869629 -15
      vertex -65 5.606034278869629 -10
    endloop
  endfacet
  facet normal -0.1950890919691262 -0.9807855250739898 0
    outer loop
      vertex -12.983378410339355 -14.323141098022461 -15
      vertex -12.5969820022583 -14.399999618530273 10
      vertex -12.983378410339355 -14.323141098022461 10
    endloop
  endfacet
  facet normal -0.1950890919691262 -0.9807855250739898 0
    outer loop
      vertex -12.5969820022583 -14.399999618530273 10
      vertex -12.983378410339355 -14.323141098022461 -15
      vertex -12.5969820022583 -14.399999618530273 -15
    endloop
  endfacet
  facet normal -0.32803512045597616 0.4909388984868015 0.807076178374755
    outer loop
      vertex -13.674924850463867 9.55350112915039 10
      vertex -62.894710540771484 9.544753074645996 -10
      vertex -63.54985046386719 9.107002258300781 -10
    endloop
  endfacet
  facet normal 0.9238791093574824 0.38268445394714545 0
    outer loop
      vertex -10.476858139038086 8.583377838134766 10
      vertex -10.627622604370117 8.947354316711426 0
      vertex -10.627622604370117 8.947354316711426 10
    endloop
  endfacet
  facet normal 0.9238791093574824 0.38268445394714545 0
    outer loop
      vertex -10.627622604370117 8.947354316711426 0
      vertex -10.476858139038086 8.583377838134766 10
      vertex -10.476858139038086 8.583377838134766 0
    endloop
  endfacet
  facet normal 0.19509188372102473 0.9807849697595198 0
    outer loop
      vertex -11.816620826721191 9.923140525817871 0
      vertex -12.20301628112793 10 10
      vertex -11.816620826721191 9.923140525817871 10
    endloop
  endfacet
  facet normal 0.19509273791613752 0.9807847998477465 3.431164383188058e-8
    outer loop
      vertex -12.19999885559082 9.99940013885498 0
      vertex -12.20301628112793 10 10
      vertex -11.816620826721191 9.923140525817871 0
    endloop
  endfacet
  facet normal 0.19498335062542052 0.9808065522715906 0
    outer loop
      vertex -12.20301628112793 10 -15
      vertex -12.19999885559082 9.99940013885498 0
      vertex -12.19999885559082 9.99940013885498 -15
    endloop
  endfacet
  facet normal 0.1949833506254205 0.9808065522715905 0
    outer loop
      vertex -12.19999885559082 9.99940013885498 0
      vertex -12.20301628112793 10 -15
      vertex -12.20301628112793 10 10
    endloop
  endfacet
  facet normal -0.9238791093574824 -0.38268445394714545 0
    outer loop
      vertex -64.54475402832031 4.105289459228516 -15
      vertex -64.84628295898438 4.833242416381836 -10
      vertex -64.84628295898438 4.833242416381836 -15
    endloop
  endfacet
  facet normal -0.9238791093574824 -0.38268445394714545 0
    outer loop
      vertex -64.84628295898438 4.833242416381836 -10
      vertex -64.54475402832031 4.105289459228516 -15
      vertex -64.54475402832031 4.105289459228516 -10
    endloop
  endfacet
  facet normal -0.4143382302010207 -0.17162505112186846 0.8937945361330545
    outer loop
      vertex -14.323141098022461 -12.983378410339355 10
      vertex -64.54475402832031 4.105289459228516 -10
      vertex -14.17237663269043 -13.347354888916016 10
    endloop
  endfacet
  facet normal -0.4143382302010207 -0.17162505112186846 0.8937945361330545
    outer loop
      vertex -64.54475402832031 4.105289459228516 -10
      vertex -14.323141098022461 -12.983378410339355 10
      vertex -64.84628295898438 4.833242416381836 -10
    endloop
  endfacet
  facet normal -0.1761537965542282 0.8855797542552135 0.42978871415243947
    outer loop
      vertex -12.983378410339355 9.923140525817871 10
      vertex -12.5969820022583 10 10
      vertex -62.16675567626953 9.846282005310059 -10
    endloop
  endfacet
  facet normal -0.45832961700267244 -0.6859382525944117 0.5651749072684568
    outer loop
      vertex -62.894710540771484 2.4552459716796875 -10
      vertex -13.347354888916016 -14.17237663269043 10
      vertex -63.54985046386719 2.8929967880249023 -10
    endloop
  endfacet
  facet normal -0.45993700089800393 -0.45993700089800393 0.7595498077215865
    outer loop
      vertex -13.953500747680664 -13.674924850463867 10
      vertex -63.54985046386719 2.8929967880249023 -10
      vertex -13.674924850463867 -13.953500747680664 10
    endloop
  endfacet
  facet normal -0.45993700089800393 -0.45993700089800393 0.7595498077215865
    outer loop
      vertex -63.54985046386719 2.8929967880249023 -10
      vertex -13.953500747680664 -13.674924850463867 10
      vertex -64.10700225830078 3.450148582458496 -10
    endloop
  endfacet
  facet normal -0.9238791093574824 0.38268445394714545 0
    outer loop
      vertex -64.84628295898438 7.166756629943848 -15
      vertex -64.54475402832031 7.894709587097168 -10
      vertex -64.54475402832031 7.894709587097168 -15
    endloop
  endfacet
  facet normal -0.9238791093574824 0.38268445394714545 0
    outer loop
      vertex -64.54475402832031 7.894709587097168 -10
      vertex -64.84628295898438 7.166756629943848 -15
      vertex -64.84628295898438 7.166756629943848 -10
    endloop
  endfacet
  facet normal -0.43883318137844357 -0.2932193802939126 0.8493808532933432
    outer loop
      vertex -64.10700225830078 3.450148582458496 -10
      vertex -14.17237663269043 -13.347354888916016 10
      vertex -64.54475402832031 4.105289459228516 -10
    endloop
  endfacet
  facet normal -0.8314692421708348 -0.5555707869604535 0
    outer loop
      vertex -64.10700225830078 3.450148582458496 -15
      vertex -64.54475402832031 4.105289459228516 -10
      vertex -64.54475402832031 4.105289459228516 -15
    endloop
  endfacet
  facet normal -0.8314692421708348 -0.5555707869604535 0
    outer loop
      vertex -64.54475402832031 4.105289459228516 -10
      vertex -64.10700225830078 3.450148582458496 -15
      vertex -64.10700225830078 3.450148582458496 -10
    endloop
  endfacet
  facet normal -0.9807855250739898 0.1950890919691262 0
    outer loop
      vertex 6 1.5984907150268555 0
      vertex 6.038429260253906 1.7916889190673828 10
      vertex 6.038429260253906 1.7916889190673828 0
    endloop
  endfacet
  facet normal -0.9807855250739898 0.1950890919691262 0
    outer loop
      vertex 6.038429260253906 1.7916889190673828 10
      vertex 6 1.5984907150268555 0
      vertex 6 1.5984907150268555 10
    endloop
  endfacet
  facet normal 0 1 0
    outer loop
      vertex 10.399999618530273 2.5 0
      vertex 6.901508331298828 2.5 10
      vertex 10.399999618530273 2.5 10
    endloop
  endfacet
  facet normal 0 1 0
    outer loop
      vertex 6.901508331298828 2.5 10
      vertex 10.399999618530273 2.5 0
      vertex 6.901508331298828 2.5 0
    endloop
  endfacet
  facet normal -0.7071067811865476 0.7071067811865476 0
    outer loop
      vertex 6.223248481750488 2.137462615966797 0
      vertex 6.362536430358887 2.2767505645751953 10
      vertex 6.362536430358887 2.2767505645751953 0
    endloop
  endfacet
  facet normal -0.7071067811865476 0.7071067811865476 0
    outer loop
      vertex 6.362536430358887 2.2767505645751953 10
      vertex 6.223248481750488 2.137462615966797 0
      vertex 6.223248481750488 2.137462615966797 10
    endloop
  endfacet
  facet normal -0.8314725993515246 0.5555657625588702 0
    outer loop
      vertex 6.113811492919922 1.9736766815185547 0
      vertex 6.223248481750488 2.137462615966797 10
      vertex 6.223248481750488 2.137462615966797 0
    endloop
  endfacet
  facet normal -0.8314725993515246 0.5555657625588702 0
    outer loop
      vertex 6.223248481750488 2.137462615966797 10
      vertex 6.113811492919922 1.9736766815185547 0
      vertex 6.113811492919922 1.9736766815185547 10
    endloop
  endfacet
  facet normal -0.9238787548503221 -0.3826853097993421 0
    outer loop
      vertex 6.113811492919922 -1.9736766815185547 0
      vertex 6.038429260253906 -1.7916889190673828 10
      vertex 6.038429260253906 -1.7916889190673828 0
    endloop
  endfacet
  facet normal -0.9238787548503221 -0.3826853097993421 0
    outer loop
      vertex 6.038429260253906 -1.7916889190673828 10
      vertex 6.113811492919922 -1.9736766815185547 0
      vertex 6.113811492919922 -1.9736766815185547 10
    endloop
  endfacet
  facet normal -1 0 0
    outer loop
      vertex 6 -1.5984907150268555 0
      vertex 6 1.5984907150268555 10
      vertex 6 1.5984907150268555 0
    endloop
  endfacet
  facet normal -1 0 0
    outer loop
      vertex 6 1.5984907150268555 10
      vertex 6 -1.5984907150268555 0
      vertex 6 -1.5984907150268555 10
    endloop
  endfacet
  facet normal -0.19509374910093288 0.9807845987074543 0
    outer loop
      vertex 6.901508331298828 2.5 0
      vertex 6.708310127258301 2.4615697860717773 10
      vertex 6.901508331298828 2.5 10
    endloop
  endfacet
  facet normal -0.19509374910093288 0.9807845987074543 0
    outer loop
      vertex 6.708310127258301 2.4615697860717773 10
      vertex 6.901508331298828 2.5 0
      vertex 6.708310127258301 2.4615697860717773 0
    endloop
  endfacet
  facet normal -0.9238787548503221 0.3826853097993421 0
    outer loop
      vertex 6.038429260253906 1.7916889190673828 0
      vertex 6.113811492919922 1.9736766815185547 10
      vertex 6.113811492919922 1.9736766815185547 0
    endloop
  endfacet
  facet normal -0.9238787548503221 0.3826853097993421 0
    outer loop
      vertex 6.113811492919922 1.9736766815185547 10
      vertex 6.038429260253906 1.7916889190673828 0
      vertex 6.038429260253906 1.7916889190673828 10
    endloop
  endfacet
  facet normal -0.38268117738319934 -0.9238804665521445 0
    outer loop
      vertex 6.526322364807129 -2.386188507080078 0
      vertex 6.708310127258301 -2.4615697860717773 10
      vertex 6.526322364807129 -2.386188507080078 10
    endloop
  endfacet
  facet normal -0.38268117738319934 -0.9238804665521445 0
    outer loop
      vertex 6.708310127258301 -2.4615697860717773 10
      vertex 6.526322364807129 -2.386188507080078 0
      vertex 6.708310127258301 -2.4615697860717773 0
    endloop
  endfacet
  facet normal -0.19509374910093288 -0.9807845987074543 0
    outer loop
      vertex 6.708310127258301 -2.4615697860717773 0
      vertex 6.901508331298828 -2.5 10
      vertex 6.708310127258301 -2.4615697860717773 10
    endloop
  endfacet
  facet normal -0.19509374910093288 -0.9807845987074543 0
    outer loop
      vertex 6.901508331298828 -2.5 10
      vertex 6.708310127258301 -2.4615697860717773 0
      vertex 6.901508331298828 -2.5 0
    endloop
  endfacet
  facet normal 0 -1 0
    outer loop
      vertex 6.901508331298828 -2.5 0
      vertex 10.399999618530273 -2.5 10
      vertex 6.901508331298828 -2.5 10
    endloop
  endfacet
  facet normal 0 -1 0
    outer loop
      vertex 10.399999618530273 -2.5 10
      vertex 6.901508331298828 -2.5 0
      vertex 10.399999618530273 -2.5 0
    endloop
  endfacet
  facet normal -0.8314725993515246 -0.5555657625588702 0
    outer loop
      vertex 6.223248481750488 -2.137462615966797 0
      vertex 6.113811492919922 -1.9736766815185547 10
      vertex 6.113811492919922 -1.9736766815185547 0
    endloop
  endfacet
  facet normal -0.8314725993515246 -0.5555657625588702 0
    outer loop
      vertex 6.113811492919922 -1.9736766815185547 10
      vertex 6.223248481750488 -2.137462615966797 0
      vertex 6.223248481750488 -2.137462615966797 10
    endloop
  endfacet
  facet normal -0.5555691096347443 0.8314703629232117 0
    outer loop
      vertex 6.526322364807129 2.386188507080078 0
      vertex 6.362536430358887 2.2767505645751953 10
      vertex 6.526322364807129 2.386188507080078 10
    endloop
  endfacet
  facet normal -0.5555691096347443 0.8314703629232117 0
    outer loop
      vertex 6.362536430358887 2.2767505645751953 10
      vertex 6.526322364807129 2.386188507080078 0
      vertex 6.362536430358887 2.2767505645751953 0
    endloop
  endfacet
  facet normal -0.9807855250739898 -0.1950890919691262 0
    outer loop
      vertex 6.038429260253906 -1.7916889190673828 0
      vertex 6 -1.5984907150268555 10
      vertex 6 -1.5984907150268555 0
    endloop
  endfacet
  facet normal -0.9807855250739898 -0.1950890919691262 0
    outer loop
      vertex 6 -1.5984907150268555 10
      vertex 6.038429260253906 -1.7916889190673828 0
      vertex 6.038429260253906 -1.7916889190673828 10
    endloop
  endfacet
  facet normal -0.7071067811865476 -0.7071067811865476 0
    outer loop
      vertex 6.362536430358887 -2.2767505645751953 0
      vertex 6.223248481750488 -2.137462615966797 10
      vertex 6.223248481750488 -2.137462615966797 0
    endloop
  endfacet
  facet normal -0.7071067811865476 -0.7071067811865476 0
    outer loop
      vertex 6.223248481750488 -2.137462615966797 10
      vertex 6.362536430358887 -2.2767505645751953 0
      vertex 6.362536430358887 -2.2767505645751953 10
    endloop
  endfacet
  facet normal -0.38268117738319934 0.9238804665521445 0
    outer loop
      vertex 6.708310127258301 2.4615697860717773 0
      vertex 6.526322364807129 2.386188507080078 10
      vertex 6.708310127258301 2.4615697860717773 10
    endloop
  endfacet
  facet normal -0.38268117738319934 0.9238804665521445 0
    outer loop
      vertex 6.526322364807129 2.386188507080078 10
      vertex 6.708310127258301 2.4615697860717773 0
      vertex 6.526322364807129 2.386188507080078 0
    endloop
  endfacet
  facet normal -0.5555691096347443 -0.8314703629232117 0
    outer loop
      vertex 6.362536430358887 -2.2767505645751953 0
      vertex 6.526322364807129 -2.386188507080078 10
      vertex 6.362536430358887 -2.2767505645751953 10
    endloop
  endfacet
  facet normal -0.5555691096347443 -0.8314703629232117 0
    outer loop
      vertex 6.526322364807129 -2.386188507080078 10
      vertex 6.362536430358887 -2.2767505645751953 0
      vertex 6.526322364807129 -2.386188507080078 0
    endloop
  endfacet
  facet normal 0.17615362206635526 0.8855799997629155 0.4297882797992733
    outer loop
      vertex 61.39396667480469 10 -10
      vertex 12.5969820022583 10 10
      vertex 62.16675567626953 9.846282005310059 -10
    endloop
  endfacet
  facet normal 0.36885427009724764 0.07336937626813121 0.926586996486057
    outer loop
      vertex 65 6.393964767456055 -10
      vertex 14.323141098022461 8.583377838134766 10
      vertex 14.399999618530273 8.196982383728027 10
    endloop
  endfacet
  facet normal 0.7071067811865476 -0.7071067811865476 0
    outer loop
      vertex 63.54985046386719 2.8929967880249023 -10
      vertex 64.10700225830078 3.450148582458496 -15
      vertex 64.10700225830078 3.450148582458496 -10
    endloop
  endfacet
  facet normal 0.7071067811865476 -0.7071067811865476 0
    outer loop
      vertex 64.10700225830078 3.450148582458496 -15
      vertex 63.54985046386719 2.8929967880249023 -10
      vertex 63.54985046386719 2.8929967880249023 -15
    endloop
  endfacet
  facet normal 0.36758495619038944 0 0.9299899461728119
    outer loop
      vertex 14.399999618530273 8.196982383728027 10
      vertex 65 5.606034278869629 -10
      vertex 65 6.393964767456055 -10
    endloop
  endfacet
  facet normal 0.3675849561903894 0 0.9299899461728118
    outer loop
      vertex 65 5.606034278869629 -10
      vertex 14.399999618530273 8.196982383728027 10
      vertex 14.399999618530273 -12.5969820022583 10
    endloop
  endfacet
  facet normal 0.8314692421708348 0.5555707869604535 0
    outer loop
      vertex 64.54475402832031 7.894709587097168 -10
      vertex 64.10700225830078 8.549850463867188 -15
      vertex 64.10700225830078 8.549850463867188 -10
    endloop
  endfacet
  facet normal 0.8314692421708348 0.5555707869604535 0
    outer loop
      vertex 64.10700225830078 8.549850463867188 -15
      vertex 64.54475402832031 7.894709587097168 -10
      vertex 64.54475402832031 7.894709587097168 -15
    endloop
  endfacet
  facet normal 0.3826835980984485 -0.9238794638622644 0
    outer loop
      vertex 62.16675567626953 2.153717041015625 -15
      vertex 62.894710540771484 2.4552459716796875 -10
      vertex 62.16675567626953 2.153717041015625 -10
    endloop
  endfacet
  facet normal 0.3826835980984485 -0.9238794638622644 0
    outer loop
      vertex 62.894710540771484 2.4552459716796875 -10
      vertex 62.16675567626953 2.153717041015625 -15
      vertex 62.894710540771484 2.4552459716796875 -15
    endloop
  endfacet
  facet normal -1 0 0
    outer loop
      vertex 10.399999618530273 2.5 0
      vertex 10.399999618530273 8.196982383728027 10
      vertex 10.399999618530273 8.196982383728027 0
    endloop
  endfacet
  facet normal -1 0 0
    outer loop
      vertex 10.399999618530273 8.196982383728027 10
      vertex 10.399999618530273 2.5 0
      vertex 10.399999618530273 2.5 10
    endloop
  endfacet
  facet normal -1 0 0
    outer loop
      vertex 10.399999618530273 -10.399999618530273 0
      vertex 10.399999618530273 -2.5 10
      vertex 10.399999618530273 -2.5 0
    endloop
  endfacet
  facet normal -1 0 0
    outer loop
      vertex 10.399999618530273 -2.5 10
      vertex 10.399999618530273 -10.399999618530273 0
      vertex 10.399999618530273 -10.399999618530273 10
    endloop
  endfacet
  facet normal -0.707107991539202 0.7071055708318214 0
    outer loop
      vertex 10.846498489379883 9.274925231933594 0
      vertex 11.125073432922363 9.55350112915039 10
      vertex 11.125073432922363 9.55350112915039 0
    endloop
  endfacet
  facet normal -0.707107991539202 0.7071055708318214 0
    outer loop
      vertex 11.125073432922363 9.55350112915039 10
      vertex 10.846498489379883 9.274925231933594 0
      vertex 10.846498489379883 9.274925231933594 10
    endloop
  endfacet
  facet normal 0.3280349483337192 0.49093971043829837 0.8070757544285753
    outer loop
      vertex 62.894710540771484 9.544753074645996 -10
      vertex 13.347354888916016 9.77237606048584 10
      vertex 13.674924850463867 9.55350112915039 10
    endloop
  endfacet
  facet normal 0.39051825703909876 -0.07767840186811097 0.9173121370626034
    outer loop
      vertex 14.399999618530273 -12.5969820022583 10
      vertex 14.323141098022461 -12.983378410339355 10
      vertex 65 5.606034278869629 -10
    endloop
  endfacet
  facet normal 0.9807854790082758 -0.19508932355848405 0
    outer loop
      vertex 64.84628295898438 4.833242416381836 -10
      vertex 65 5.606034278869629 -15
      vertex 65 5.606034278869629 -10
    endloop
  endfacet
  facet normal 0.9807854790082758 -0.19508932355848405 0
    outer loop
      vertex 65 5.606034278869629 -15
      vertex 64.84628295898438 4.833242416381836 -10
      vertex 64.84628295898438 4.833242416381836 -15
    endloop
  endfacet
  facet normal 0.3511924580957299 0.3511924580957299 0.8679445343761075
    outer loop
      vertex 63.54985046386719 9.107002258300781 -10
      vertex 13.953500747680664 9.274925231933594 10
      vertex 64.10700225830078 8.549850463867188 -10
    endloop
  endfacet
  facet normal 0.3511924580957299 0.3511924580957299 0.8679445343761075
    outer loop
      vertex 13.953500747680664 9.274925231933594 10
      vertex 63.54985046386719 9.107002258300781 -10
      vertex 13.674924850463867 9.55350112915039 10
    endloop
  endfacet
  facet normal 0.1950911826190712 0.9807851092182692 0
    outer loop
      vertex 62.16675567626953 9.846282005310059 -15
      vertex 61.39396667480469 10 -10
      vertex 62.16675567626953 9.846282005310059 -10
    endloop
  endfacet
  facet normal 0.1950911826190712 0.9807851092182692 0
    outer loop
      vertex 61.39396667480469 10 -10
      vertex 62.16675567626953 9.846282005310059 -15
      vertex 61.39396667480469 10 -15
    endloop
  endfacet
  facet normal 0.3766346491606117 -0.9092736342713651 0.17710956798153668
    outer loop
      vertex 62.16675567626953 2.153717041015625 -10
      vertex 13.347354888916016 -14.17237663269043 10
      vertex 12.983378410339355 -14.323141098022461 10
    endloop
  endfacet
  facet normal 0.37663396299068147 -0.9092743601481296 0.17710730052469253
    outer loop
      vertex 13.347354888916016 -14.17237663269043 10
      vertex 62.16675567626953 2.153717041015625 -10
      vertex 62.894710540771484 2.4552459716796875 -10
    endloop
  endfacet
  facet normal 0.43883326007702844 -0.29321985971247005 0.8493806471308176
    outer loop
      vertex 14.17237663269043 -13.347354888916016 10
      vertex 13.953500747680664 -13.674924850463867 10
      vertex 64.10700225830078 3.450148582458496 -10
    endloop
  endfacet
  facet normal 0.36746648038724233 0.15221007593587532 0.9174968548040956
    outer loop
      vertex 64.54475402832031 7.894709587097168 -10
      vertex 14.323141098022461 8.583377838134766 10
      vertex 64.84628295898438 7.166756629943848 -10
    endloop
  endfacet
  facet normal 0.36746648038724233 0.15221007593587532 0.9174968548040956
    outer loop
      vertex 14.323141098022461 8.583377838134766 10
      vertex 64.54475402832031 7.894709587097168 -10
      vertex 14.17237663269043 8.947354316711426 10
    endloop
  endfacet
  facet normal 0.5555705093039743 0.8314694276951634 0
    outer loop
      vertex 63.54985046386719 9.107002258300781 -15
      vertex 62.894710540771484 9.544753074645996 -10
      vertex 63.54985046386719 9.107002258300781 -10
    endloop
  endfacet
  facet normal 0.5555705093039743 0.8314694276951634 0
    outer loop
      vertex 62.894710540771484 9.544753074645996 -10
      vertex 63.54985046386719 9.107002258300781 -15
      vertex 62.894710540771484 9.544753074645996 -15
    endloop
  endfacet
  facet normal 0.3688542691599696 0.07336928553921859 0.9265870040432951
    outer loop
      vertex 64.84628295898438 7.166756629943848 -10
      vertex 14.323141098022461 8.583377838134766 10
      vertex 65 6.393964767456055 -10
    endloop
  endfacet
  facet normal -0.38268445394714545 0.9238791093574824 0
    outer loop
      vertex 11.816620826721191 9.923140525817871 0
      vertex 11.452644348144531 9.77237606048584 10
      vertex 11.816620826721191 9.923140525817871 10
    endloop
  endfacet
  facet normal -0.38268445394714545 0.9238791093574824 0
    outer loop
      vertex 11.452644348144531 9.77237606048584 10
      vertex 11.816620826721191 9.923140525817871 0
      vertex 11.452644348144531 9.77237606048584 0
    endloop
  endfacet
  facet normal 0.3905182860489278 -0.07767850349858314 0.9173121161064146
    outer loop
      vertex 65 5.606034278869629 -10
      vertex 14.323141098022461 -12.983378410339355 10
      vertex 64.84628295898438 4.833242416381836 -10
    endloop
  endfacet
  facet normal 0.5555705093039743 -0.8314694276951634 0
    outer loop
      vertex 62.894710540771484 2.4552459716796875 -15
      vertex 63.54985046386719 2.8929967880249023 -10
      vertex 62.894710540771484 2.4552459716796875 -10
    endloop
  endfacet
  facet normal 0.5555705093039743 -0.8314694276951634 0
    outer loop
      vertex 63.54985046386719 2.8929967880249023 -10
      vertex 62.894710540771484 2.4552459716796875 -15
      vertex 63.54985046386719 2.8929967880249023 -15
    endloop
  endfacet
  facet normal -0.1949833506254205 -0.9808065522715905 0
    outer loop
      vertex 12.19999885559082 -14.399399757385254 -15
      vertex 12.20301628112793 -14.399999618530273 10
      vertex 12.19999885559082 -14.399399757385254 10
    endloop
  endfacet
  facet normal -0.1949833506254205 -0.9808065522715905 0
    outer loop
      vertex 12.20301628112793 -14.399999618530273 10
      vertex 12.19999885559082 -14.399399757385254 -15
      vertex 12.20301628112793 -14.399999618530273 -15
    endloop
  endfacet
  facet normal 0.3826835980984485 0.9238794638622644 0
    outer loop
      vertex 62.894710540771484 9.544753074645996 -15
      vertex 62.16675567626953 9.846282005310059 -10
      vertex 62.894710540771484 9.544753074645996 -10
    endloop
  endfacet
  facet normal 0.3826835980984485 0.9238794638622644 0
    outer loop
      vertex 62.16675567626953 9.846282005310059 -10
      vertex 62.894710540771484 9.544753074645996 -15
      vertex 62.16675567626953 9.846282005310059 -15
    endloop
  endfacet
  facet normal -0.555568554316088 0.8314707339739217 0
    outer loop
      vertex 11.452644348144531 9.77237606048584 0
      vertex 11.125073432922363 9.55350112915039 10
      vertex 11.452644348144531 9.77237606048584 10
    endloop
  endfacet
  facet normal -0.555568554316088 0.8314707339739217 0
    outer loop
      vertex 11.125073432922363 9.55350112915039 10
      vertex 11.452644348144531 9.77237606048584 0
      vertex 11.125073432922363 9.55350112915039 0
    endloop
  endfacet
  facet normal 0.7071067811865476 0.7071067811865476 0
    outer loop
      vertex 64.10700225830078 8.549850463867188 -10
      vertex 63.54985046386719 9.107002258300781 -15
      vertex 63.54985046386719 9.107002258300781 -10
    endloop
  endfacet
  facet normal 0.7071067811865476 0.7071067811865476 0
    outer loop
      vertex 63.54985046386719 9.107002258300781 -15
      vertex 64.10700225830078 8.549850463867188 -10
      vertex 64.10700225830078 8.549850463867188 -15
    endloop
  endfacet
  facet normal 0.9807854790082758 0.19508932355848405 0
    outer loop
      vertex 65 6.393964767456055 -10
      vertex 64.84628295898438 7.166756629943848 -15
      vertex 64.84628295898438 7.166756629943848 -10
    endloop
  endfacet
  facet normal 0.9807854790082758 0.19508932355848405 0
    outer loop
      vertex 64.84628295898438 7.166756629943848 -15
      vertex 65 6.393964767456055 -10
      vertex 65 6.393964767456055 -15
    endloop
  endfacet
  facet normal 0.27917729653486634 0.6739932736254745 0.6839540219978969
    outer loop
      vertex 62.16675567626953 9.846282005310059 -10
      vertex 13.347354888916016 9.77237606048584 10
      vertex 62.894710540771484 9.544753074645996 -10
    endloop
  endfacet
  facet normal 0.27917763007076357 0.6739923128885014 0.6839548325988204
    outer loop
      vertex 13.347354888916016 9.77237606048584 10
      vertex 62.16675567626953 9.846282005310059 -10
      vertex 12.983378410339355 9.923140525817871 10
    endloop
  endfacet
  facet normal 0 1 0
    outer loop
      vertex 12.20301628112793 10 -15
      vertex 12.5969820022583 10 10
      vertex 61.39396667480469 10 -10
    endloop
  endfacet
  facet normal 0 1 0
    outer loop
      vertex 12.20301628112793 10 -15
      vertex 61.39396667480469 10 -10
      vertex 61.39396667480469 10 -15
    endloop
  endfacet
  facet normal 0 1 0
    outer loop
      vertex 12.5969820022583 10 10
      vertex 12.20301628112793 10 -15
      vertex 12.20301628112793 10 10
    endloop
  endfacet
  facet normal 0.36240464539590345 0.24215139157168997 0.9000142090852585
    outer loop
      vertex 64.10700225830078 8.549850463867188 -10
      vertex 14.17237663269043 8.947354316711426 10
      vertex 64.54475402832031 7.894709587097168 -10
    endloop
  endfacet
  facet normal 0.36240467404452054 0.24215105822008606 0.9000142872385845
    outer loop
      vertex 64.10700225830078 8.549850463867188 -10
      vertex 13.953500747680664 9.274925231933594 10
      vertex 14.17237663269043 8.947354316711426 10
    endloop
  endfacet
  facet normal -0.9807854329423978 0.19508955514838086 0
    outer loop
      vertex 10.399999618530273 8.196982383728027 0
      vertex 10.476858139038086 8.583377838134766 10
      vertex 10.476858139038086 8.583377838134766 0
    endloop
  endfacet
  facet normal -0.9807854329423978 0.19508955514838086 0
    outer loop
      vertex 10.476858139038086 8.583377838134766 10
      vertex 10.399999618530273 8.196982383728027 0
      vertex 10.399999618530273 8.196982383728027 10
    endloop
  endfacet
  facet normal -0.8314696157560885 0.5555702278510096 0
    outer loop
      vertex 10.627622604370117 8.947354316711426 0
      vertex 10.846498489379883 9.274925231933594 10
      vertex 10.846498489379883 9.274925231933594 0
    endloop
  endfacet
  facet normal -0.8314696157560885 0.5555702278510096 0
    outer loop
      vertex 10.846498489379883 9.274925231933594 10
      vertex 10.627622604370117 8.947354316711426 0
      vertex 10.627622604370117 8.947354316711426 10
    endloop
  endfacet
  facet normal 0.458329756513202 -0.6859369670193094 0.5651763543982531
    outer loop
      vertex 13.674924850463867 -13.953500747680664 10
      vertex 13.347354888916016 -14.17237663269043 10
      vertex 63.54985046386719 2.8929967880249023 -10
    endloop
  endfacet
  facet normal 0.31765712004548663 -0.9482056496796502 0
    outer loop
      vertex 12.983378410339355 -14.323141098022461 -15
      vertex 62.16675567626953 2.153717041015625 -10
      vertex 12.983378410339355 -14.323141098022461 10
    endloop
  endfacet
  facet normal 0.31765712004548663 -0.9482056496796502 0
    outer loop
      vertex 62.16675567626953 2.153717041015625 -10
      vertex 12.983378410339355 -14.323141098022461 -15
      vertex 62.16675567626953 2.153717041015625 -15
    endloop
  endfacet
  facet normal 0 -1 0
    outer loop
      vertex 12.20301628112793 -14.399999618530273 -15
      vertex 12.5969820022583 -14.399999618530273 10
      vertex 12.20301628112793 -14.399999618530273 10
    endloop
  endfacet
  facet normal 0 -1 0
    outer loop
      vertex 12.5969820022583 -14.399999618530273 10
      vertex 12.20301628112793 -14.399999618530273 -15
      vertex 12.5969820022583 -14.399999618530273 -15
    endloop
  endfacet
  facet normal 1 0 0
    outer loop
      vertex 65 5.606034278869629 -10
      vertex 65 6.393964767456055 -15
      vertex 65 6.393964767456055 -10
    endloop
  endfacet
  facet normal 1 0 0
    outer loop
      vertex 65 6.393964767456055 -15
      vertex 65 5.606034278869629 -10
      vertex 65 5.606034278869629 -15
    endloop
  endfacet
  facet normal 0.1950890919691262 -0.9807855250739898 0
    outer loop
      vertex 12.5969820022583 -14.399999618530273 -15
      vertex 12.983378410339355 -14.323141098022461 10
      vertex 12.5969820022583 -14.399999618530273 10
    endloop
  endfacet
  facet normal 0.1950890919691262 -0.9807855250739898 0
    outer loop
      vertex 12.983378410339355 -14.323141098022461 10
      vertex 12.5969820022583 -14.399999618530273 -15
      vertex 12.983378410339355 -14.323141098022461 -15
    endloop
  endfacet
  facet normal 0.32803512045597616 0.4909388984868015 0.807076178374755
    outer loop
      vertex 62.894710540771484 9.544753074645996 -10
      vertex 13.674924850463867 9.55350112915039 10
      vertex 63.54985046386719 9.107002258300781 -10
    endloop
  endfacet
  facet normal -0.9238791093574824 0.38268445394714545 0
    outer loop
      vertex 10.476858139038086 8.583377838134766 0
      vertex 10.627622604370117 8.947354316711426 10
      vertex 10.627622604370117 8.947354316711426 0
    endloop
  endfacet
  facet normal -0.9238791093574824 0.38268445394714545 0
    outer loop
      vertex 10.627622604370117 8.947354316711426 10
      vertex 10.476858139038086 8.583377838134766 0
      vertex 10.476858139038086 8.583377838134766 10
    endloop
  endfacet
  facet normal -0.19509188372102462 0.9807849697595192 3.404370447008595e-8
    outer loop
      vertex 12.20301628112793 10 10
      vertex 12.19999885559082 9.99940013885498 0
      vertex 11.816620826721191 9.923140525817871 10
    endloop
  endfacet
  facet normal -0.1949833506254205 0.9808065522715905 0
    outer loop
      vertex 12.20301628112793 10 -15
      vertex 12.19999885559082 9.99940013885498 0
      vertex 12.20301628112793 10 10
    endloop
  endfacet
  facet normal -0.19498335062542052 0.9808065522715906 0
    outer loop
      vertex 12.19999885559082 9.99940013885498 0
      vertex 12.20301628112793 10 -15
      vertex 12.19999885559082 9.99940013885498 -15
    endloop
  endfacet
  facet normal -0.19509273791613763 0.980784799847747 0
    outer loop
      vertex 11.816620826721191 9.923140525817871 10
      vertex 12.19999885559082 9.99940013885498 0
      vertex 11.816620826721191 9.923140525817871 0
    endloop
  endfacet
  facet normal 0.9238791093574824 -0.38268445394714545 0
    outer loop
      vertex 64.54475402832031 4.105289459228516 -10
      vertex 64.84628295898438 4.833242416381836 -15
      vertex 64.84628295898438 4.833242416381836 -10
    endloop
  endfacet
  facet normal 0.9238791093574824 -0.38268445394714545 0
    outer loop
      vertex 64.84628295898438 4.833242416381836 -15
      vertex 64.54475402832031 4.105289459228516 -10
      vertex 64.54475402832031 4.105289459228516 -15
    endloop
  endfacet
  facet normal 0.4143382302010207 -0.17162505112186846 0.8937945361330545
    outer loop
      vertex 14.323141098022461 -12.983378410339355 10
      vertex 64.54475402832031 4.105289459228516 -10
      vertex 64.84628295898438 4.833242416381836 -10
    endloop
  endfacet
  facet normal 0.4143382302010207 -0.17162505112186846 0.8937945361330545
    outer loop
      vertex 64.54475402832031 4.105289459228516 -10
      vertex 14.323141098022461 -12.983378410339355 10
      vertex 14.17237663269043 -13.347354888916016 10
    endloop
  endfacet
  facet normal 0.1761537965542282 0.8855797542552135 0.42978871415243947
    outer loop
      vertex 62.16675567626953 9.846282005310059 -10
      vertex 12.5969820022583 10 10
      vertex 12.983378410339355 9.923140525817871 10
    endloop
  endfacet
  facet normal 0.45832961700267244 -0.6859382525944117 0.5651749072684568
    outer loop
      vertex 63.54985046386719 2.8929967880249023 -10
      vertex 13.347354888916016 -14.17237663269043 10
      vertex 62.894710540771484 2.4552459716796875 -10
    endloop
  endfacet
  facet normal 0.45993700089800393 -0.45993700089800393 0.7595498077215865
    outer loop
      vertex 13.953500747680664 -13.674924850463867 10
      vertex 63.54985046386719 2.8929967880249023 -10
      vertex 64.10700225830078 3.450148582458496 -10
    endloop
  endfacet
  facet normal 0.45993700089800393 -0.45993700089800393 0.7595498077215865
    outer loop
      vertex 63.54985046386719 2.8929967880249023 -10
      vertex 13.953500747680664 -13.674924850463867 10
      vertex 13.674924850463867 -13.953500747680664 10
    endloop
  endfacet
  facet normal 0.9238791093574824 0.38268445394714545 0
    outer loop
      vertex 64.84628295898438 7.166756629943848 -10
      vertex 64.54475402832031 7.894709587097168 -15
      vertex 64.54475402832031 7.894709587097168 -10
    endloop
  endfacet
  facet normal 0.9238791093574824 0.38268445394714545 0
    outer loop
      vertex 64.54475402832031 7.894709587097168 -15
      vertex 64.84628295898438 7.166756629943848 -10
      vertex 64.84628295898438 7.166756629943848 -15
    endloop
  endfacet
  facet normal 0.43883318137844357 -0.2932193802939126 0.8493808532933432
    outer loop
      vertex 64.54475402832031 4.105289459228516 -10
      vertex 14.17237663269043 -13.347354888916016 10
      vertex 64.10700225830078 3.450148582458496 -10
    endloop
  endfacet
  facet normal 0.8314692421708348 -0.5555707869604535 0
    outer loop
      vertex 64.10700225830078 3.450148582458496 -10
      vertex 64.54475402832031 4.105289459228516 -15
      vertex 64.54475402832031 4.105289459228516 -10
    endloop
  endfacet
  facet normal 0.8314692421708348 -0.5555707869604535 0
    outer loop
      vertex 64.54475402832031 4.105289459228516 -15
      vertex 64.10700225830078 3.450148582458496 -10
      vertex 64.10700225830078 3.450148582458496 -15
    endloop
  endfacet
  facet normal -0.8314703629232117 0.5555691096347443 0
    outer loop
      vertex -2.386188507080078 -6.526322364807129 0
      vertex -2.2767505645751953 -6.362536430358887 10
      vertex -2.2767505645751953 -6.362536430358887 0
    endloop
  endfacet
  facet normal -0.8314703629232117 0.5555691096347443 0
    outer loop
      vertex -2.2767505645751953 -6.362536430358887 10
      vertex -2.386188507080078 -6.526322364807129 0
      vertex -2.386188507080078 -6.526322364807129 10
    endloop
  endfacet
  facet normal -0.7071067811865476 0.7071067811865476 0
    outer loop
      vertex -2.2767505645751953 -6.362536430358887 0
      vertex -2.137462615966797 -6.223248481750488 10
      vertex -2.137462615966797 -6.223248481750488 0
    endloop
  endfacet
  facet normal -0.7071067811865476 0.7071067811865476 0
    outer loop
      vertex -2.137462615966797 -6.223248481750488 10
      vertex -2.2767505645751953 -6.362536430358887 0
      vertex -2.2767505645751953 -6.362536430358887 10
    endloop
  endfacet
  facet normal 0 1 0
    outer loop
      vertex 1.5984907150268555 -6 0
      vertex -1.5984907150268555 -6 10
      vertex 1.5984907150268555 -6 10
    endloop
  endfacet
  facet normal 0 1 0
    outer loop
      vertex -1.5984907150268555 -6 10
      vertex 1.5984907150268555 -6 0
      vertex -1.5984907150268555 -6 0
    endloop
  endfacet
  facet normal 0.9807845987074543 0.19509374910093288 0
    outer loop
      vertex 2.5 -6.901508331298828 10
      vertex 2.4615697860717773 -6.708310127258301 0
      vertex 2.4615697860717773 -6.708310127258301 10
    endloop
  endfacet
  facet normal 0.9807845987074543 0.19509374910093288 0
    outer loop
      vertex 2.4615697860717773 -6.708310127258301 0
      vertex 2.5 -6.901508331298828 10
      vertex 2.5 -6.901508331298828 0
    endloop
  endfacet
  facet normal 0.5555657625588702 0.8314725993515246 0
    outer loop
      vertex 2.137462615966797 -6.223248481750488 0
      vertex 1.9736766815185547 -6.113811492919922 10
      vertex 2.137462615966797 -6.223248481750488 10
    endloop
  endfacet
  facet normal 0.5555657625588702 0.8314725993515246 0
    outer loop
      vertex 1.9736766815185547 -6.113811492919922 10
      vertex 2.137462615966797 -6.223248481750488 0
      vertex 1.9736766815185547 -6.113811492919922 0
    endloop
  endfacet
  facet normal -0.9807845987074543 0.19509374910093288 0
    outer loop
      vertex -2.5 -6.901508331298828 0
      vertex -2.4615697860717773 -6.708310127258301 10
      vertex -2.4615697860717773 -6.708310127258301 0
    endloop
  endfacet
  facet normal -0.9807845987074543 0.19509374910093288 0
    outer loop
      vertex -2.4615697860717773 -6.708310127258301 10
      vertex -2.5 -6.901508331298828 0
      vertex -2.5 -6.901508331298828 10
    endloop
  endfacet
  facet normal 0.8314703629232117 0.5555691096347443 0
    outer loop
      vertex 2.386188507080078 -6.526322364807129 10
      vertex 2.2767505645751953 -6.362536430358887 0
      vertex 2.2767505645751953 -6.362536430358887 10
    endloop
  endfacet
  facet normal 0.8314703629232117 0.5555691096347443 0
    outer loop
      vertex 2.2767505645751953 -6.362536430358887 0
      vertex 2.386188507080078 -6.526322364807129 10
      vertex 2.386188507080078 -6.526322364807129 0
    endloop
  endfacet
  facet normal 0.9238804665521445 0.38268117738319934 0
    outer loop
      vertex 2.4615697860717773 -6.708310127258301 10
      vertex 2.386188507080078 -6.526322364807129 0
      vertex 2.386188507080078 -6.526322364807129 10
    endloop
  endfacet
  facet normal 0.9238804665521445 0.38268117738319934 0
    outer loop
      vertex 2.386188507080078 -6.526322364807129 0
      vertex 2.4615697860717773 -6.708310127258301 10
      vertex 2.4615697860717773 -6.708310127258301 0
    endloop
  endfacet
  facet normal -1 0 0
    outer loop
      vertex -2.5 -10.399999618530273 0
      vertex -2.5 -6.901508331298828 10
      vertex -2.5 -6.901508331298828 0
    endloop
  endfacet
  facet normal -1 0 0
    outer loop
      vertex -2.5 -6.901508331298828 10
      vertex -2.5 -10.399999618530273 0
      vertex -2.5 -10.399999618530273 10
    endloop
  endfacet
  facet normal 1 0 0
    outer loop
      vertex 2.5 -10.399999618530273 10
      vertex 2.5 -6.901508331298828 0
      vertex 2.5 -6.901508331298828 10
    endloop
  endfacet
  facet normal 1 0 0
    outer loop
      vertex 2.5 -6.901508331298828 0
      vertex 2.5 -10.399999618530273 10
      vertex 2.5 -10.399999618530273 0
    endloop
  endfacet
  facet normal -0.9238804665521445 0.38268117738319934 0
    outer loop
      vertex -2.4615697860717773 -6.708310127258301 0
      vertex -2.386188507080078 -6.526322364807129 10
      vertex -2.386188507080078 -6.526322364807129 0
    endloop
  endfacet
  facet normal -0.9238804665521445 0.38268117738319934 0
    outer loop
      vertex -2.386188507080078 -6.526322364807129 10
      vertex -2.4615697860717773 -6.708310127258301 0
      vertex -2.4615697860717773 -6.708310127258301 10
    endloop
  endfacet
  facet normal -0.1950890919691262 0.9807855250739898 0
    outer loop
      vertex -1.5984907150268555 -6 0
      vertex -1.7916889190673828 -6.038429260253906 10
      vertex -1.5984907150268555 -6 10
    endloop
  endfacet
  facet normal -0.1950890919691262 0.9807855250739898 0
    outer loop
      vertex -1.7916889190673828 -6.038429260253906 10
      vertex -1.5984907150268555 -6 0
      vertex -1.7916889190673828 -6.038429260253906 0
    endloop
  endfacet
  facet normal -0.5555657625588702 0.8314725993515246 0
    outer loop
      vertex -1.9736766815185547 -6.113811492919922 0
      vertex -2.137462615966797 -6.223248481750488 10
      vertex -1.9736766815185547 -6.113811492919922 10
    endloop
  endfacet
  facet normal -0.5555657625588702 0.8314725993515246 0
    outer loop
      vertex -2.137462615966797 -6.223248481750488 10
      vertex -1.9736766815185547 -6.113811492919922 0
      vertex -2.137462615966797 -6.223248481750488 0
    endloop
  endfacet
  facet normal -0.3826853097993421 0.9238787548503221 0
    outer loop
      vertex -1.7916889190673828 -6.038429260253906 0
      vertex -1.9736766815185547 -6.113811492919922 10
      vertex -1.7916889190673828 -6.038429260253906 10
    endloop
  endfacet
  facet normal -0.3826853097993421 0.9238787548503221 0
    outer loop
      vertex -1.9736766815185547 -6.113811492919922 10
      vertex -1.7916889190673828 -6.038429260253906 0
      vertex -1.9736766815185547 -6.113811492919922 0
    endloop
  endfacet
  facet normal 0.3826853097993421 0.9238787548503221 0
    outer loop
      vertex 1.9736766815185547 -6.113811492919922 0
      vertex 1.7916889190673828 -6.038429260253906 10
      vertex 1.9736766815185547 -6.113811492919922 10
    endloop
  endfacet
  facet normal 0.3826853097993421 0.9238787548503221 0
    outer loop
      vertex 1.7916889190673828 -6.038429260253906 10
      vertex 1.9736766815185547 -6.113811492919922 0
      vertex 1.7916889190673828 -6.038429260253906 0
    endloop
  endfacet
  facet normal 0.1950890919691262 0.9807855250739898 0
    outer loop
      vertex 1.7916889190673828 -6.038429260253906 0
      vertex 1.5984907150268555 -6 10
      vertex 1.7916889190673828 -6.038429260253906 10
    endloop
  endfacet
  facet normal 0.1950890919691262 0.9807855250739898 0
    outer loop
      vertex 1.5984907150268555 -6 10
      vertex 1.7916889190673828 -6.038429260253906 0
      vertex 1.5984907150268555 -6 0
    endloop
  endfacet
  facet normal 0.7071067811865476 0.7071067811865476 0
    outer loop
      vertex 2.2767505645751953 -6.362536430358887 10
      vertex 2.137462615966797 -6.223248481750488 0
      vertex 2.137462615966797 -6.223248481750488 10
    endloop
  endfacet
  facet normal 0.7071067811865476 0.7071067811865476 0
    outer loop
      vertex 2.137462615966797 -6.223248481750488 0
      vertex 2.2767505645751953 -6.362536430358887 10
      vertex 2.2767505645751953 -6.362536430358887 0
    endloop
  endfacet
  facet normal 0 -1 0
    outer loop
      vertex -12.196982383728027 -14.399999618530273 -15
      vertex 12.196982383728027 -14.399999618530273 10
      vertex -12.196982383728027 -14.399999618530273 10
    endloop
  endfacet
  facet normal 0 -1 0
    outer loop
      vertex 12.196982383728027 -14.399999618530273 10
      vertex -12.196982383728027 -14.399999618530273 -15
      vertex 12.196982383728027 -14.399999618530273 -15
    endloop
  endfacet
  facet normal 0 1 0
    outer loop
      vertex -2.5 -10.399999618530273 0
      vertex -10.399999618530273 -10.399999618530273 10
      vertex -2.5 -10.399999618530273 10
    endloop
  endfacet
  facet normal 0 1 0
    outer loop
      vertex -10.399999618530273 -10.399999618530273 10
      vertex -2.5 -10.399999618530273 0
      vertex -10.399999618530273 -10.399999618530273 0
    endloop
  endfacet
  facet normal 0 1 0
    outer loop
      vertex 10.399999618530273 -10.399999618530273 0
      vertex 2.5 -10.399999618530273 10
      vertex 10.399999618530273 -10.399999618530273 10
    endloop
  endfacet
  facet normal 0 1 0
    outer loop
      vertex 2.5 -10.399999618530273 10
      vertex 10.399999618530273 -10.399999618530273 0
      vertex 2.5 -10.399999618530273 0
    endloop
  endfacet
  facet normal -0.19504265097086002 -0.9807947615593485 0
    outer loop
      vertex -12.19999885559082 -14.399399757385254 -15
      vertex -12.196982383728027 -14.399999618530273 10
      vertex -12.19999885559082 -14.399399757385254 10
    endloop
  endfacet
  facet normal -0.19504265097086002 -0.9807947615593485 0
    outer loop
      vertex -12.196982383728027 -14.399999618530273 10
      vertex -12.19999885559082 -14.399399757385254 -15
      vertex -12.196982383728027 -14.399999618530273 -15
    endloop
  endfacet
  facet normal 0.19504265097086002 -0.9807947615593485 0
    outer loop
      vertex 12.196982383728027 -14.399999618530273 -15
      vertex 12.19999885559082 -14.399399757385254 10
      vertex 12.196982383728027 -14.399999618530273 10
    endloop
  endfacet
  facet normal 0.19504265097086002 -0.9807947615593485 0
    outer loop
      vertex 12.19999885559082 -14.399399757385254 10
      vertex 12.196982383728027 -14.399999618530273 -15
      vertex 12.19999885559082 -14.399399757385254 -15
    endloop
  endfacet
  facet normal 0 1 0
    outer loop
      vertex 12.196982383728027 10 -15
      vertex -12.196982383728027 10 0
      vertex 12.196982383728027 10 0
    endloop
  endfacet
  facet normal 0 1 0
    outer loop
      vertex -12.196982383728027 10 0
      vertex 12.196982383728027 10 -15
      vertex -12.196982383728027 10 -15
    endloop
  endfacet
  facet normal -0.19504265097086002 0.9807947615593485 0
    outer loop
      vertex -12.196982383728027 10 -15
      vertex -12.19999885559082 9.99940013885498 0
      vertex -12.196982383728027 10 0
    endloop
  endfacet
  facet normal -0.19504265097086002 0.9807947615593485 0
    outer loop
      vertex -12.19999885559082 9.99940013885498 0
      vertex -12.196982383728027 10 -15
      vertex -12.19999885559082 9.99940013885498 -15
    endloop
  endfacet
  facet normal 0 0 1
    outer loop
      vertex 6.708310127258301 -2.4615697860717773 0
      vertex 2.4615697860717773 -6.708310127258301 0
      vertex 2.5 -6.901508331298828 0
    endloop
  endfacet
  facet normal 0 0 1
    outer loop
      vertex 6.362536430358887 -2.2767505645751953 0
      vertex 2.386188507080078 -6.526322364807129 0
      vertex 2.4615697860717773 -6.708310127258301 0
    endloop
  endfacet
  facet normal 0 0 1
    outer loop
      vertex 6.362536430358887 -2.2767505645751953 0
      vertex 2.2767505645751953 -6.362536430358887 0
      vertex 2.386188507080078 -6.526322364807129 0
    endloop
  endfacet
  facet normal 0 0 1
    outer loop
      vertex 2.07175350189209 -2.524439811706543 0
      vertex 2.2767505645751953 -6.362536430358887 0
      vertex 2.524439811706543 -2.07175350189209 0
    endloop
  endfacet
  facet normal 0 0 1
    outer loop
      vertex 2.2767505645751953 -6.362536430358887 0
      vertex 2.07175350189209 -2.524439811706543 0
      vertex 2.137462615966797 -6.223248481750488 0
    endloop
  endfacet
  facet normal 0 0 1
    outer loop
      vertex 2.07175350189209 -2.524439811706543 0
      vertex 1.9736766815185547 -6.113811492919922 0
      vertex 2.137462615966797 -6.223248481750488 0
    endloop
  endfacet
  facet normal 0 0 1
    outer loop
      vertex 1.5394515991210938 -2.8801116943359375 0
      vertex 1.9736766815185547 -6.113811492919922 0
      vertex 2.07175350189209 -2.524439811706543 0
    endloop
  endfacet
  facet normal 0 0 1
    outer loop
      vertex 1.9736766815185547 -6.113811492919922 0
      vertex 1.5394515991210938 -2.8801116943359375 0
      vertex 1.7916889190673828 -6.038429260253906 0
    endloop
  endfacet
  facet normal 0 0 1
    outer loop
      vertex 1.7916889190673828 -6.038429260253906 0
      vertex 1.5394515991210938 -2.8801116943359375 0
      vertex 1.5984907150268555 -6 0
    endloop
  endfacet
  facet normal 0 0 1
    outer loop
      vertex 0.9479894638061523 -3.1251039505004883 0
      vertex 1.5984907150268555 -6 0
      vertex 1.5394515991210938 -2.8801116943359375 0
    endloop
  endfacet
  facet normal 0 0 1
    outer loop
      vertex 0.3200969696044922 -3.25 0
      vertex 1.5984907150268555 -6 0
      vertex 0.9479894638061523 -3.1251039505004883 0
    endloop
  endfacet
  facet normal 0 0 1
    outer loop
      vertex -0.3200969696044922 -3.25 0
      vertex 1.5984907150268555 -6 0
      vertex 0.3200969696044922 -3.25 0
    endloop
  endfacet
  facet normal 0 0 1
    outer loop
      vertex -1.5984907150268555 -6 0
      vertex -0.3200969696044922 -3.25 0
      vertex -0.9479894638061523 -3.1251039505004883 0
    endloop
  endfacet
  facet normal 0 0 1
    outer loop
      vertex -1.5984907150268555 -6 0
      vertex -0.9479894638061523 -3.1251039505004883 0
      vertex -1.5394515991210938 -2.8801116943359375 0
    endloop
  endfacet
  facet normal 0 0 1
    outer loop
      vertex -0.3200969696044922 -3.25 0
      vertex -1.5984907150268555 -6 0
      vertex 1.5984907150268555 -6 0
    endloop
  endfacet
  facet normal 0 0 1
    outer loop
      vertex -1.5394515991210938 -2.8801116943359375 0
      vertex -1.7916889190673828 -6.038429260253906 0
      vertex -1.5984907150268555 -6 0
    endloop
  endfacet
  facet normal 0 0 1
    outer loop
      vertex -1.5394515991210938 -2.8801116943359375 0
      vertex -1.9736766815185547 -6.113811492919922 0
      vertex -1.7916889190673828 -6.038429260253906 0
    endloop
  endfacet
  facet normal 0 0 1
    outer loop
      vertex -2.07175350189209 -2.524439811706543 0
      vertex -1.9736766815185547 -6.113811492919922 0
      vertex -1.5394515991210938 -2.8801116943359375 0
    endloop
  endfacet
  facet normal 0 0 1
    outer loop
      vertex -2.07175350189209 -2.524439811706543 0
      vertex -2.137462615966797 -6.223248481750488 0
      vertex -1.9736766815185547 -6.113811492919922 0
    endloop
  endfacet
  facet normal 0 0 1
    outer loop
      vertex -2.07175350189209 -2.524439811706543 0
      vertex -2.2767505645751953 -6.362536430358887 0
      vertex -2.137462615966797 -6.223248481750488 0
    endloop
  endfacet
  facet normal 0 0 1
    outer loop
      vertex -6.362536430358887 -2.2767505645751953 0
      vertex -2.2767505645751953 -6.362536430358887 0
      vertex -2.07175350189209 -2.524439811706543 0
    endloop
  endfacet
  facet normal 0 0 1
    outer loop
      vertex -2.2767505645751953 -6.362536430358887 0
      vertex -6.362536430358887 -2.2767505645751953 0
      vertex -2.386188507080078 -6.526322364807129 0
    endloop
  endfacet
  facet normal 0 0 1
    outer loop
      vertex -6.526322364807129 -2.386188507080078 0
      vertex -2.386188507080078 -6.526322364807129 0
      vertex -6.362536430358887 -2.2767505645751953 0
    endloop
  endfacet
  facet normal 0 0 1
    outer loop
      vertex -6.362536430358887 -2.2767505645751953 0
      vertex -2.07175350189209 -2.524439811706543 0
      vertex -2.524439811706543 -2.07175350189209 0
    endloop
  endfacet
  facet normal 0 0 1
    outer loop
      vertex -2.386188507080078 -6.526322364807129 0
      vertex -6.526322364807129 -2.386188507080078 0
      vertex -2.4615697860717773 -6.708310127258301 0
    endloop
  endfacet
  facet normal 0 0 1
    outer loop
      vertex -6.113811492919922 -1.9736766815185547 0
      vertex -2.524439811706543 -2.07175350189209 0
      vertex -2.8801116943359375 -1.5394515991210938 0
    endloop
  endfacet
  facet normal 0 0 1
    outer loop
      vertex -6 -1.5984907150268555 0
      vertex -2.8801116943359375 -1.5394515991210938 0
      vertex -3.1251039505004883 -0.9479894638061523 0
    endloop
  endfacet
  facet normal 0 0 1
    outer loop
      vertex -6 -1.5984907150268555 0
      vertex -3.1251039505004883 -0.9479894638061523 0
      vertex -3.25 -0.3200969696044922 0
    endloop
  endfacet
  facet normal 0 0 1
    outer loop
      vertex -6 -1.5984907150268555 0
      vertex -3.25 -0.3200969696044922 0
      vertex -6 1.5984907150268555 0
    endloop
  endfacet
  facet normal 0 0 1
    outer loop
      vertex -2.8801116943359375 -1.5394515991210938 0
      vertex -6 -1.5984907150268555 0
      vertex -6.038429260253906 -1.7916889190673828 0
    endloop
  endfacet
  facet normal 0 0 1
    outer loop
      vertex -2.8801116943359375 -1.5394515991210938 0
      vertex -6.038429260253906 -1.7916889190673828 0
      vertex -6.113811492919922 -1.9736766815185547 0
    endloop
  endfacet
  facet normal 0 0 1
    outer loop
      vertex -2.524439811706543 -2.07175350189209 0
      vertex -6.113811492919922 -1.9736766815185547 0
      vertex -6.223248481750488 -2.137462615966797 0
    endloop
  endfacet
  facet normal 0 0 1
    outer loop
      vertex -2.524439811706543 -2.07175350189209 0
      vertex -6.223248481750488 -2.137462615966797 0
      vertex -6.362536430358887 -2.2767505645751953 0
    endloop
  endfacet
  facet normal 0 0 1
    outer loop
      vertex -6.708310127258301 -2.4615697860717773 0
      vertex -2.4615697860717773 -6.708310127258301 0
      vertex -6.526322364807129 -2.386188507080078 0
    endloop
  endfacet
  facet normal 0 0 1
    outer loop
      vertex -2.4615697860717773 -6.708310127258301 0
      vertex -6.708310127258301 -2.4615697860717773 0
      vertex -2.5 -6.901508331298828 0
    endloop
  endfacet
  facet normal 0 0 1
    outer loop
      vertex -6.901508331298828 -2.5 0
      vertex -2.5 -6.901508331298828 0
      vertex -6.708310127258301 -2.4615697860717773 0
    endloop
  endfacet
  facet normal 0 0 1
    outer loop
      vertex -10.399999618530273 -10.399999618530273 0
      vertex -2.5 -6.901508331298828 0
      vertex -6.901508331298828 -2.5 0
    endloop
  endfacet
  facet normal 0 0 1
    outer loop
      vertex -10.399999618530273 -10.399999618530273 0
      vertex -6.901508331298828 -2.5 0
      vertex -10.399999618530273 -2.5 0
    endloop
  endfacet
  facet normal 0 0 1
    outer loop
      vertex -2.5 -6.901508331298828 0
      vertex -10.399999618530273 -10.399999618530273 0
      vertex -2.5 -10.399999618530273 0
    endloop
  endfacet
  facet normal 0 0 1
    outer loop
      vertex 12.196982383728027 10 0
      vertex 11.816620826721191 9.923140525817871 0
      vertex 12.19999885559082 9.99940013885498 0
    endloop
  endfacet
  facet normal 0 0 1
    outer loop
      vertex 10.399999618530273 8.196982383728027 0
      vertex 6.901508331298828 2.5 0
      vertex 10.399999618530273 2.5 0
    endloop
  endfacet
  facet normal 0 0 1
    outer loop
      vertex 0.9479894638061523 3.1251039505004883 0
      vertex 10.399999618530273 8.196982383728027 0
      vertex 10.476858139038086 8.583377838134766 0
    endloop
  endfacet
  facet normal 0 0 1
    outer loop
      vertex 0.3200969696044922 3.25 0
      vertex 10.476858139038086 8.583377838134766 0
      vertex 10.627622604370117 8.947354316711426 0
    endloop
  endfacet
  facet normal 0 0 1
    outer loop
      vertex 10.399999618530273 8.196982383728027 0
      vertex 6.708310127258301 2.4615697860717773 0
      vertex 6.901508331298828 2.5 0
    endloop
  endfacet
  facet normal 0 0 1
    outer loop
      vertex 10.399999618530273 8.196982383728027 0
      vertex 1.5394515991210938 2.8801116943359375 0
      vertex 6.708310127258301 2.4615697860717773 0
    endloop
  endfacet
  facet normal 0 0 1
    outer loop
      vertex 6.708310127258301 2.4615697860717773 0
      vertex 1.5394515991210938 2.8801116943359375 0
      vertex 6.526322364807129 2.386188507080078 0
    endloop
  endfacet
  facet normal 0 0 1
    outer loop
      vertex 2.07175350189209 2.524439811706543 0
      vertex 6.526322364807129 2.386188507080078 0
      vertex 1.5394515991210938 2.8801116943359375 0
    endloop
  endfacet
  facet normal 0 0 1
    outer loop
      vertex 6.526322364807129 2.386188507080078 0
      vertex 2.07175350189209 2.524439811706543 0
      vertex 6.362536430358887 2.2767505645751953 0
    endloop
  endfacet
  facet normal 0 0 1
    outer loop
      vertex 6 1.5984907150268555 0
      vertex 3.25 0.3200969696044922 0
      vertex 6 -1.5984907150268555 0
    endloop
  endfacet
  facet normal 0 0 1
    outer loop
      vertex 2.8801116943359375 1.5394515991210938 0
      vertex 6 1.5984907150268555 0
      vertex 6.038429260253906 1.7916889190673828 0
    endloop
  endfacet
  facet normal 0 0 1
    outer loop
      vertex 2.8801116943359375 1.5394515991210938 0
      vertex 6.038429260253906 1.7916889190673828 0
      vertex 6.113811492919922 1.9736766815185547 0
    endloop
  endfacet
  facet normal 0 0 1
    outer loop
      vertex 2.524439811706543 2.07175350189209 0
      vertex 6.362536430358887 2.2767505645751953 0
      vertex 2.07175350189209 2.524439811706543 0
    endloop
  endfacet
  facet normal 0 0 1
    outer loop
      vertex -10.627622604370117 8.947354316711426 0
      vertex 10.627622604370117 8.947354316711426 0
      vertex 10.846498489379883 9.274925231933594 0
    endloop
  endfacet
  facet normal 0 0 1
    outer loop
      vertex 6 1.5984907150268555 0
      vertex 3.1251039505004883 0.9479894638061523 0
      vertex 3.25 0.3200969696044922 0
    endloop
  endfacet
  facet normal 0 0 1
    outer loop
      vertex 6 1.5984907150268555 0
      vertex 2.8801116943359375 1.5394515991210938 0
      vertex 3.1251039505004883 0.9479894638061523 0
    endloop
  endfacet
  facet normal 0 0 1
    outer loop
      vertex -10.846498489379883 9.274925231933594 0
      vertex 10.846498489379883 9.274925231933594 0
      vertex 11.125073432922363 9.55350112915039 0
    endloop
  endfacet
  facet normal 0 0 1
    outer loop
      vertex 6.113811492919922 1.9736766815185547 0
      vertex 2.524439811706543 2.07175350189209 0
      vertex 2.8801116943359375 1.5394515991210938 0
    endloop
  endfacet
  facet normal 0 0 1
    outer loop
      vertex 6.223248481750488 2.137462615966797 0
      vertex 2.524439811706543 2.07175350189209 0
      vertex 6.113811492919922 1.9736766815185547 0
    endloop
  endfacet
  facet normal 0 0 1
    outer loop
      vertex 6.362536430358887 2.2767505645751953 0
      vertex 2.524439811706543 2.07175350189209 0
      vertex 6.223248481750488 2.137462615966797 0
    endloop
  endfacet
  facet normal 0 0 1
    outer loop
      vertex 10.399999618530273 8.196982383728027 0
      vertex 0.9479894638061523 3.1251039505004883 0
      vertex 1.5394515991210938 2.8801116943359375 0
    endloop
  endfacet
  facet normal 0 0 1
    outer loop
      vertex -11.125073432922363 9.55350112915039 0
      vertex 11.125073432922363 9.55350112915039 0
      vertex 11.452644348144531 9.77237606048584 0
    endloop
  endfacet
  facet normal 0 0 1
    outer loop
      vertex 10.476858139038086 8.583377838134766 0
      vertex 0.3200969696044922 3.25 0
      vertex 0.9479894638061523 3.1251039505004883 0
    endloop
  endfacet
  facet normal 0 0 1
    outer loop
      vertex 10.627622604370117 8.947354316711426 0
      vertex -10.627622604370117 8.947354316711426 0
      vertex 0.3200969696044922 3.25 0
    endloop
  endfacet
  facet normal 0 0 1
    outer loop
      vertex 0.3200969696044922 3.25 0
      vertex -10.627622604370117 8.947354316711426 0
      vertex -0.3200969696044922 3.25 0
    endloop
  endfacet
  facet normal 0 0 1
    outer loop
      vertex -10.476858139038086 8.583377838134766 0
      vertex -0.3200969696044922 3.25 0
      vertex -10.627622604370117 8.947354316711426 0
    endloop
  endfacet
  facet normal 0 0 1
    outer loop
      vertex -3.25 0.3200969696044922 0
      vertex -6 1.5984907150268555 0
      vertex -3.25 -0.3200969696044922 0
    endloop
  endfacet
  facet normal 0 0 1
    outer loop
      vertex -3.1251039505004883 0.9479894638061523 0
      vertex -6 1.5984907150268555 0
      vertex -3.25 0.3200969696044922 0
    endloop
  endfacet
  facet normal 0 0 1
    outer loop
      vertex -2.8801116943359375 1.5394515991210938 0
      vertex -6 1.5984907150268555 0
      vertex -3.1251039505004883 0.9479894638061523 0
    endloop
  endfacet
  facet normal 0 0 1
    outer loop
      vertex -6.113811492919922 1.9736766815185547 0
      vertex -2.8801116943359375 1.5394515991210938 0
      vertex -2.524439811706543 2.07175350189209 0
    endloop
  endfacet
  facet normal 0 0 1
    outer loop
      vertex -6.362536430358887 2.2767505645751953 0
      vertex -2.524439811706543 2.07175350189209 0
      vertex -2.07175350189209 2.524439811706543 0
    endloop
  endfacet
  facet normal 0 0 1
    outer loop
      vertex -6.526322364807129 2.386188507080078 0
      vertex -2.07175350189209 2.524439811706543 0
      vertex -1.5394515991210938 2.8801116943359375 0
    endloop
  endfacet
  facet normal 0 0 1
    outer loop
      vertex -0.3200969696044922 3.25 0
      vertex -10.476858139038086 8.583377838134766 0
      vertex -0.9479894638061523 3.1251039505004883 0
    endloop
  endfacet
  facet normal 0 0 1
    outer loop
      vertex -2.8801116943359375 1.5394515991210938 0
      vertex -6.038429260253906 1.7916889190673828 0
      vertex -6 1.5984907150268555 0
    endloop
  endfacet
  facet normal 0 0 1
    outer loop
      vertex -2.8801116943359375 1.5394515991210938 0
      vertex -6.113811492919922 1.9736766815185547 0
      vertex -6.038429260253906 1.7916889190673828 0
    endloop
  endfacet
  facet normal 0 0 1
    outer loop
      vertex -2.524439811706543 2.07175350189209 0
      vertex -6.223248481750488 2.137462615966797 0
      vertex -6.113811492919922 1.9736766815185547 0
    endloop
  endfacet
  facet normal 0 0 1
    outer loop
      vertex -2.524439811706543 2.07175350189209 0
      vertex -6.362536430358887 2.2767505645751953 0
      vertex -6.223248481750488 2.137462615966797 0
    endloop
  endfacet
  facet normal 0 0 1
    outer loop
      vertex -0.9479894638061523 3.1251039505004883 0
      vertex -10.399999618530273 8.196982383728027 0
      vertex -1.5394515991210938 2.8801116943359375 0
    endloop
  endfacet
  facet normal 0 0 1
    outer loop
      vertex -11.452644348144531 9.77237606048584 0
      vertex 11.452644348144531 9.77237606048584 0
      vertex 11.816620826721191 9.923140525817871 0
    endloop
  endfacet
  facet normal 0 0 1
    outer loop
      vertex -6.708310127258301 2.4615697860717773 0
      vertex -1.5394515991210938 2.8801116943359375 0
      vertex -10.399999618530273 8.196982383728027 0
    endloop
  endfacet
  facet normal 0 0 1
    outer loop
      vertex -2.07175350189209 2.524439811706543 0
      vertex -6.526322364807129 2.386188507080078 0
      vertex -6.362536430358887 2.2767505645751953 0
    endloop
  endfacet
  facet normal 0 0 1
    outer loop
      vertex -1.5394515991210938 2.8801116943359375 0
      vertex -6.708310127258301 2.4615697860717773 0
      vertex -6.526322364807129 2.386188507080078 0
    endloop
  endfacet
  facet normal 0 0 1
    outer loop
      vertex -11.816620826721191 9.923140525817871 0
      vertex 11.816620826721191 9.923140525817871 0
      vertex 12.196982383728027 10 0
    endloop
  endfacet
  facet normal 0 0 1
    outer loop
      vertex -6.708310127258301 2.4615697860717773 0
      vertex -10.399999618530273 8.196982383728027 0
      vertex -6.901508331298828 2.5 0
    endloop
  endfacet
  facet normal 0 0 1
    outer loop
      vertex -10.399999618530273 8.196982383728027 0
      vertex -0.9479894638061523 3.1251039505004883 0
      vertex -10.476858139038086 8.583377838134766 0
    endloop
  endfacet
  facet normal 0 0 1
    outer loop
      vertex 10.846498489379883 9.274925231933594 0
      vertex -10.846498489379883 9.274925231933594 0
      vertex -10.627622604370117 8.947354316711426 0
    endloop
  endfacet
  facet normal 0 0 1
    outer loop
      vertex 11.125073432922363 9.55350112915039 0
      vertex -11.125073432922363 9.55350112915039 0
      vertex -10.846498489379883 9.274925231933594 0
    endloop
  endfacet
  facet normal 0 0 1
    outer loop
      vertex 11.452644348144531 9.77237606048584 0
      vertex -11.452644348144531 9.77237606048584 0
      vertex -11.125073432922363 9.55350112915039 0
    endloop
  endfacet
  facet normal 0 0 1
    outer loop
      vertex 11.816620826721191 9.923140525817871 0
      vertex -11.816620826721191 9.923140525817871 0
      vertex -11.452644348144531 9.77237606048584 0
    endloop
  endfacet
  facet normal 0 0 1
    outer loop
      vertex -12.196982383728027 10 0
      vertex -11.816620826721191 9.923140525817871 0
      vertex 12.196982383728027 10 0
    endloop
  endfacet
  facet normal 0 0 1
    outer loop
      vertex -11.816620826721191 9.923140525817871 0
      vertex -12.196982383728027 10 0
      vertex -12.19999885559082 9.99940013885498 0
    endloop
  endfacet
  facet normal 0 0 1
    outer loop
      vertex 6.901508331298828 -2.5 0
      vertex 10.399999618530273 -10.399999618530273 0
      vertex 10.399999618530273 -2.5 0
    endloop
  endfacet
  facet normal 0 0 1
    outer loop
      vertex 2.5 -6.901508331298828 0
      vertex 6.901508331298828 -2.5 0
      vertex 6.708310127258301 -2.4615697860717773 0
    endloop
  endfacet
  facet normal 0 0 1
    outer loop
      vertex 2.4615697860717773 -6.708310127258301 0
      vertex 6.708310127258301 -2.4615697860717773 0
      vertex 6.526322364807129 -2.386188507080078 0
    endloop
  endfacet
  facet normal 0 0 1
    outer loop
      vertex 2.4615697860717773 -6.708310127258301 0
      vertex 6.526322364807129 -2.386188507080078 0
      vertex 6.362536430358887 -2.2767505645751953 0
    endloop
  endfacet
  facet normal 0 0 1
    outer loop
      vertex 2.524439811706543 -2.07175350189209 0
      vertex 6.362536430358887 -2.2767505645751953 0
      vertex 6.223248481750488 -2.137462615966797 0
    endloop
  endfacet
  facet normal 0 0 1
    outer loop
      vertex 2.524439811706543 -2.07175350189209 0
      vertex 6.223248481750488 -2.137462615966797 0
      vertex 6.113811492919922 -1.9736766815185547 0
    endloop
  endfacet
  facet normal 0 0 1
    outer loop
      vertex 3.25 -0.3200969696044922 0
      vertex 6 -1.5984907150268555 0
      vertex 3.25 0.3200969696044922 0
    endloop
  endfacet
  facet normal 0 0 1
    outer loop
      vertex 3.1251039505004883 -0.9479894638061523 0
      vertex 6 -1.5984907150268555 0
      vertex 3.25 -0.3200969696044922 0
    endloop
  endfacet
  facet normal 0 0 1
    outer loop
      vertex 2.8801116943359375 -1.5394515991210938 0
      vertex 6 -1.5984907150268555 0
      vertex 3.1251039505004883 -0.9479894638061523 0
    endloop
  endfacet
  facet normal 0 0 1
    outer loop
      vertex 6 -1.5984907150268555 0
      vertex 2.8801116943359375 -1.5394515991210938 0
      vertex 6.038429260253906 -1.7916889190673828 0
    endloop
  endfacet
  facet normal 0 0 1
    outer loop
      vertex 6.038429260253906 -1.7916889190673828 0
      vertex 2.8801116943359375 -1.5394515991210938 0
      vertex 6.113811492919922 -1.9736766815185547 0
    endloop
  endfacet
  facet normal 0 0 1
    outer loop
      vertex 2.524439811706543 -2.07175350189209 0
      vertex 6.113811492919922 -1.9736766815185547 0
      vertex 2.8801116943359375 -1.5394515991210938 0
    endloop
  endfacet
  facet normal 0 0 1
    outer loop
      vertex 2.2767505645751953 -6.362536430358887 0
      vertex 6.362536430358887 -2.2767505645751953 0
      vertex 2.524439811706543 -2.07175350189209 0
    endloop
  endfacet
  facet normal 0 0 1
    outer loop
      vertex 6.901508331298828 -2.5 0
      vertex 2.5 -6.901508331298828 0
      vertex 10.399999618530273 -10.399999618530273 0
    endloop
  endfacet
  facet normal 0 0 1
    outer loop
      vertex 10.399999618530273 -10.399999618530273 0
      vertex 2.5 -6.901508331298828 0
      vertex 2.5 -10.399999618530273 0
    endloop
  endfacet
  facet normal 0 0 1
    outer loop
      vertex -6.901508331298828 2.5 0
      vertex -10.399999618530273 8.196982383728027 0
      vertex -10.399999618530273 2.5 0
    endloop
  endfacet
  facet normal 0.19504265097086002 0.9807947615593485 0
    outer loop
      vertex 12.19999885559082 9.99940013885498 -15
      vertex 12.196982383728027 10 0
      vertex 12.19999885559082 9.99940013885498 0
    endloop
  endfacet
  facet normal 0.19504265097086002 0.9807947615593485 0
    outer loop
      vertex 12.196982383728027 10 0
      vertex 12.19999885559082 9.99940013885498 -15
      vertex 12.196982383728027 10 -15
    endloop
  endfacet
  facet normal -1 0 0
    outer loop
      vertex 3.25 5.044556617736816 -5
      vertex 3.25 3.25 -4.800000190734863
      vertex 3.25 5.044556617736816 -4.800000190734863
    endloop
  endfacet
  facet normal -1 0 0
    outer loop
      vertex 3.25 3.25 -4.800000190734863
      vertex 3.25 1.3461933135986328 -4.600000381469727
      vertex 3.25 3.25 -4.600000381469727
    endloop
  endfacet
  facet normal -1 0 0
    outer loop
      vertex 3.25 -3.25 -4.800000190734863
      vertex 3.25 3.25 -4.800000190734863
      vertex 3.25 5.044556617736816 -5
    endloop
  endfacet
  facet normal -1 0 0
    outer loop
      vertex 3.25 1.3461933135986328 -4.600000381469727
      vertex 3.25 0.3200969696044922 -4.40000057220459
      vertex 3.25 1.3461933135986328 -4.40000057220459
    endloop
  endfacet
  facet normal -1 0 0
    outer loop
      vertex 3.25 0.3200969696044922 -4.40000057220459
      vertex 3.25 -0.3200969696044922 -4.40000057220459
      vertex 3.25 0.3200969696044922 0
    endloop
  endfacet
  facet normal -1 0 0
    outer loop
      vertex 3.25 1.3461933135986328 -4.600000381469727
      vertex 3.25 -0.3200969696044922 -4.40000057220459
      vertex 3.25 0.3200969696044922 -4.40000057220459
    endloop
  endfacet
  facet normal -1 0 0
    outer loop
      vertex 3.25 1.3461933135986328 -4.600000381469727
      vertex 3.25 -1.3461933135986328 -4.600000381469727
      vertex 3.25 -0.3200969696044922 -4.40000057220459
    endloop
  endfacet
  facet normal -1 0 0
    outer loop
      vertex 3.25 3.25 -4.800000190734863
      vertex 3.25 -3.25 -4.800000190734863
      vertex 3.25 1.3461933135986328 -4.600000381469727
    endloop
  endfacet
  facet normal -1 0 0
    outer loop
      vertex 3.25 1.3461933135986328 -4.600000381469727
      vertex 3.25 -3.25 -4.800000190734863
      vertex 3.25 -1.3461933135986328 -4.600000381469727
    endloop
  endfacet
  facet normal -1 0 0
    outer loop
      vertex 3.25 -5.044556617736816 -5
      vertex 3.25 -3.25 -4.800000190734863
      vertex 3.25 5.044556617736816 -5
    endloop
  endfacet
  facet normal -1 0 0
    outer loop
      vertex 3.25 -3.25 -4.800000190734863
      vertex 3.25 -5.044556617736816 -5
      vertex 3.25 -5.044556617736816 -4.800000190734863
    endloop
  endfacet
  facet normal -1 0 0
    outer loop
      vertex 3.25 0.3200969696044922 0
      vertex 3.25 -0.3200969696044922 -4.40000057220459
      vertex 3.25 -0.3200969696044922 0
    endloop
  endfacet
  facet normal -1 0 0
    outer loop
      vertex 3.25 -0.3200969696044922 -4.40000057220459
      vertex 3.25 -1.3461933135986328 -4.600000381469727
      vertex 3.25 -1.3461933135986328 -4.40000057220459
    endloop
  endfacet
  facet normal -1 0 0
    outer loop
      vertex 3.25 -1.3461933135986328 -4.600000381469727
      vertex 3.25 -3.25 -4.800000190734863
      vertex 3.25 -3.25 -4.600000381469727
    endloop
  endfacet
  facet normal 0 0 -1
    outer loop
      vertex 3.25 3.25 -4.800000190734863
      vertex 2.84206485748291 5.317130088806152 -4.800000190734863
      vertex 3.25 5.044556617736816 -4.800000190734863
    endloop
  endfacet
  facet normal 0 0 -1
    outer loop
      vertex 3.25 3.25 -4.800000190734863
      vertex 1.7501354217529297 5.76942253112793 -4.800000190734863
      vertex 2.84206485748291 5.317130088806152 -4.800000190734863
    endloop
  endfacet
  facet normal 0 0 -1
    outer loop
      vertex 3.25 3.25 -4.800000190734863
      vertex 0.5909481048583984 6 -4.800000190734863
      vertex 1.7501354217529297 5.76942253112793 -4.800000190734863
    endloop
  endfacet
  facet normal 0 0 -1
    outer loop
      vertex 3.25 3.25 -4.800000190734863
      vertex -0.5909481048583984 6 -4.800000190734863
      vertex 0.5909481048583984 6 -4.800000190734863
    endloop
  endfacet
  facet normal 0 0 -1
    outer loop
      vertex -3.25 3.25 -4.800000190734863
      vertex -0.5909481048583984 6 -4.800000190734863
      vertex 3.25 3.25 -4.800000190734863
    endloop
  endfacet
  facet normal 0 0 -1
    outer loop
      vertex -0.5909481048583984 6 -4.800000190734863
      vertex -3.25 3.25 -4.800000190734863
      vertex -1.7501354217529297 5.76942253112793 -4.800000190734863
    endloop
  endfacet
  facet normal 0 0 -1
    outer loop
      vertex -1.7501354217529297 5.76942253112793 -4.800000190734863
      vertex -3.25 3.25 -4.800000190734863
      vertex -2.84206485748291 5.317130088806152 -4.800000190734863
    endloop
  endfacet
  facet normal 0 0 -1
    outer loop
      vertex -2.84206485748291 5.317130088806152 -4.800000190734863
      vertex -3.25 3.25 -4.800000190734863
      vertex -3.25 5.044556617736816 -4.800000190734863
    endloop
  endfacet
  facet normal 0 0 -1
    outer loop
      vertex 2.84206485748291 -5.317130088806152 -4.800000190734863
      vertex 3.25 -3.25 -4.800000190734863
      vertex 3.25 -5.044556617736816 -4.800000190734863
    endloop
  endfacet
  facet normal 0 0 -1
    outer loop
      vertex 1.7501354217529297 -5.76942253112793 -4.800000190734863
      vertex 3.25 -3.25 -4.800000190734863
      vertex 2.84206485748291 -5.317130088806152 -4.800000190734863
    endloop
  endfacet
  facet normal 0 0 -1
    outer loop
      vertex 0.5909481048583984 -6 -4.800000190734863
      vertex 3.25 -3.25 -4.800000190734863
      vertex 1.7501354217529297 -5.76942253112793 -4.800000190734863
    endloop
  endfacet
  facet normal 0 0 -1
    outer loop
      vertex -0.5909481048583984 -6 -4.800000190734863
      vertex 3.25 -3.25 -4.800000190734863
      vertex 0.5909481048583984 -6 -4.800000190734863
    endloop
  endfacet
  facet normal 0 0 -1
    outer loop
      vertex -3.25 -3.25 -4.800000190734863
      vertex -0.5909481048583984 -6 -4.800000190734863
      vertex -1.7501354217529297 -5.76942253112793 -4.800000190734863
    endloop
  endfacet
  facet normal 0 0 -1
    outer loop
      vertex -3.25 -3.25 -4.800000190734863
      vertex -1.7501354217529297 -5.76942253112793 -4.800000190734863
      vertex -2.84206485748291 -5.317130088806152 -4.800000190734863
    endloop
  endfacet
  facet normal 0 0 -1
    outer loop
      vertex -3.25 -3.25 -4.800000190734863
      vertex -2.84206485748291 -5.317130088806152 -4.800000190734863
      vertex -3.25 -5.044556617736816 -4.800000190734863
    endloop
  endfacet
  facet normal 0 0 -1
    outer loop
      vertex -0.5909481048583984 -6 -4.800000190734863
      vertex -3.25 -3.25 -4.800000190734863
      vertex 3.25 -3.25 -4.800000190734863
    endloop
  endfacet
  facet normal 1 0 0
    outer loop
      vertex -3.25 0.3200969696044922 0
      vertex -3.25 -0.3200969696044922 0
      vertex -3.25 0.3200969696044922 -4.40000057220459
    endloop
  endfacet
  facet normal 1 0 0
    outer loop
      vertex -3.25 1.3461933135986328 -4.40000057220459
      vertex -3.25 0.3200969696044922 -4.40000057220459
      vertex -3.25 1.3461933135986328 -4.600000381469727
    endloop
  endfacet
  facet normal 1 0 0
    outer loop
      vertex -3.25 3.25 -4.800000190734863
      vertex -3.25 5.044556617736816 -5
      vertex -3.25 5.044556617736816 -4.800000190734863
    endloop
  endfacet
  facet normal 1 0 0
    outer loop
      vertex -3.25 -3.25 -4.800000190734863
      vertex -3.25 3.25 -4.800000190734863
      vertex -3.25 1.3461933135986328 -4.600000381469727
    endloop
  endfacet
  facet normal 1 0 0
    outer loop
      vertex -3.25 -0.3200969696044922 -4.40000057220459
      vertex -3.25 0.3200969696044922 -4.40000057220459
      vertex -3.25 -0.3200969696044922 0
    endloop
  endfacet
  facet normal 1 0 0
    outer loop
      vertex -3.25 -0.3200969696044922 -4.40000057220459
      vertex -3.25 1.3461933135986328 -4.600000381469727
      vertex -3.25 0.3200969696044922 -4.40000057220459
    endloop
  endfacet
  facet normal 1 0 0
    outer loop
      vertex -3.25 -1.3461933135986328 -4.600000381469727
      vertex -3.25 -0.3200969696044922 -4.40000057220459
      vertex -3.25 -1.3461933135986328 -4.40000057220459
    endloop
  endfacet
  facet normal 1 0 0
    outer loop
      vertex -3.25 -0.3200969696044922 -4.40000057220459
      vertex -3.25 -1.3461933135986328 -4.600000381469727
      vertex -3.25 1.3461933135986328 -4.600000381469727
    endloop
  endfacet
  facet normal 1 0 0
    outer loop
      vertex -3.25 -3.25 -4.800000190734863
      vertex -3.25 1.3461933135986328 -4.600000381469727
      vertex -3.25 -1.3461933135986328 -4.600000381469727
    endloop
  endfacet
  facet normal 1 0 0
    outer loop
      vertex -3.25 -3.25 -4.800000190734863
      vertex -3.25 -1.3461933135986328 -4.600000381469727
      vertex -3.25 -3.25 -4.600000381469727
    endloop
  endfacet
  facet normal 1 0 0
    outer loop
      vertex -3.25 3.25 -4.800000190734863
      vertex -3.25 -3.25 -4.800000190734863
      vertex -3.25 5.044556617736816 -5
    endloop
  endfacet
  facet normal 1 0 0
    outer loop
      vertex -3.25 -5.044556617736816 -5
      vertex -3.25 -3.25 -4.800000190734863
      vertex -3.25 -5.044556617736816 -4.800000190734863
    endloop
  endfacet
  facet normal 1 0 0
    outer loop
      vertex -3.25 -3.25 -4.800000190734863
      vertex -3.25 -5.044556617736816 -5
      vertex -3.25 5.044556617736816 -5
    endloop
  endfacet
  facet normal 1 0 0
    outer loop
      vertex -3.25 3.25 -4.600000381469727
      vertex -3.25 1.3461933135986328 -4.600000381469727
      vertex -3.25 3.25 -4.800000190734863
    endloop
  endfacet
  facet normal 0 0 -1
    outer loop
      vertex 3.25 -1.3461933135986328 -4.600000381469727
      vertex 3.25 -3.25 -4.600000381469727
      vertex 1.3461933135986328 -3.25 -4.600000381469727
    endloop
  endfacet
  facet normal 0 0 -1
    outer loop
      vertex 3.25 3.25 -4.600000381469727
      vertex 3.25 1.3461933135986328 -4.600000381469727
      vertex 1.3461933135986328 3.25 -4.600000381469727
    endloop
  endfacet
  facet normal 0 0 -1
    outer loop
      vertex -1.3461933135986328 3.25 -4.600000381469727
      vertex -3.25 1.3461933135986328 -4.600000381469727
      vertex -3.25 3.25 -4.600000381469727
    endloop
  endfacet
  facet normal 0 0 -1
    outer loop
      vertex -1.3461933135986328 -3.25 -4.600000381469727
      vertex -3.25 -3.25 -4.600000381469727
      vertex -3.25 -1.3461933135986328 -4.600000381469727
    endloop
  endfacet
  facet normal 0 1 0
    outer loop
      vertex 3.25 -3.25 -4.800000190734863
      vertex 1.3461933135986328 -3.25 -4.600000381469727
      vertex 3.25 -3.25 -4.600000381469727
    endloop
  endfacet
  facet normal 0 1 0
    outer loop
      vertex 1.3461933135986328 -3.25 -4.600000381469727
      vertex 3.25 -3.25 -4.800000190734863
      vertex -1.3461933135986328 -3.25 -4.600000381469727
    endloop
  endfacet
  facet normal 0 1 0
    outer loop
      vertex -3.25 -3.25 -4.800000190734863
      vertex -1.3461933135986328 -3.25 -4.600000381469727
      vertex 3.25 -3.25 -4.800000190734863
    endloop
  endfacet
  facet normal 0 1 0
    outer loop
      vertex -1.3461933135986328 -3.25 -4.600000381469727
      vertex -3.25 -3.25 -4.800000190734863
      vertex -3.25 -3.25 -4.600000381469727
    endloop
  endfacet
  facet normal 0 1 0
    outer loop
      vertex 1.3461933135986328 -3.25 -4.600000381469727
      vertex 0.3200969696044922 -3.25 -4.40000057220459
      vertex 1.3461933135986328 -3.25 -4.40000057220459
    endloop
  endfacet
  facet normal 0 1 0
    outer loop
      vertex 0.3200969696044922 -3.25 -4.40000057220459
      vertex 1.3461933135986328 -3.25 -4.600000381469727
      vertex -0.3200969696044922 -3.25 -4.40000057220459
    endloop
  endfacet
  facet normal 0 1 0
    outer loop
      vertex -1.3461933135986328 -3.25 -4.600000381469727
      vertex -0.3200969696044922 -3.25 -4.40000057220459
      vertex 1.3461933135986328 -3.25 -4.600000381469727
    endloop
  endfacet
  facet normal 0 1 0
    outer loop
      vertex -0.3200969696044922 -3.25 -4.40000057220459
      vertex -1.3461933135986328 -3.25 -4.600000381469727
      vertex -1.3461933135986328 -3.25 -4.40000057220459
    endloop
  endfacet
  facet normal 0 1 0
    outer loop
      vertex 0.3200969696044922 -3.25 -4.40000057220459
      vertex -0.3200969696044922 -3.25 0
      vertex 0.3200969696044922 -3.25 0
    endloop
  endfacet
  facet normal 0 1 0
    outer loop
      vertex -0.3200969696044922 -3.25 0
      vertex 0.3200969696044922 -3.25 -4.40000057220459
      vertex -0.3200969696044922 -3.25 -4.40000057220459
    endloop
  endfacet
  facet normal 0 -1 0
    outer loop
      vertex -3.25 3.25 -4.800000190734863
      vertex -1.3461933135986328 3.25 -4.600000381469727
      vertex -3.25 3.25 -4.600000381469727
    endloop
  endfacet
  facet normal 0 -1 0
    outer loop
      vertex -1.3461933135986328 3.25 -4.600000381469727
      vertex -3.25 3.25 -4.800000190734863
      vertex 1.3461933135986328 3.25 -4.600000381469727
    endloop
  endfacet
  facet normal 0 -1 0
    outer loop
      vertex 3.25 3.25 -4.800000190734863
      vertex 1.3461933135986328 3.25 -4.600000381469727
      vertex -3.25 3.25 -4.800000190734863
    endloop
  endfacet
  facet normal 0 -1 0
    outer loop
      vertex 1.3461933135986328 3.25 -4.600000381469727
      vertex 3.25 3.25 -4.800000190734863
      vertex 3.25 3.25 -4.600000381469727
    endloop
  endfacet
  facet normal 0 -1 0
    outer loop
      vertex -1.3461933135986328 3.25 -4.600000381469727
      vertex -0.3200969696044922 3.25 -4.40000057220459
      vertex -1.3461933135986328 3.25 -4.40000057220459
    endloop
  endfacet
  facet normal 0 -1 0
    outer loop
      vertex -0.3200969696044922 3.25 -4.40000057220459
      vertex -1.3461933135986328 3.25 -4.600000381469727
      vertex 0.3200969696044922 3.25 -4.40000057220459
    endloop
  endfacet
  facet normal 0 -1 0
    outer loop
      vertex 1.3461933135986328 3.25 -4.600000381469727
      vertex 0.3200969696044922 3.25 -4.40000057220459
      vertex -1.3461933135986328 3.25 -4.600000381469727
    endloop
  endfacet
  facet normal 0 -1 0
    outer loop
      vertex 0.3200969696044922 3.25 -4.40000057220459
      vertex 1.3461933135986328 3.25 -4.600000381469727
      vertex 1.3461933135986328 3.25 -4.40000057220459
    endloop
  endfacet
  facet normal 0 -1 0
    outer loop
      vertex -0.3200969696044922 3.25 -4.40000057220459
      vertex 0.3200969696044922 3.25 0
      vertex -0.3200969696044922 3.25 0
    endloop
  endfacet
  facet normal 0 -1 0
    outer loop
      vertex 0.3200969696044922 3.25 0
      vertex -0.3200969696044922 3.25 -4.40000057220459
      vertex 0.3200969696044922 3.25 -4.40000057220459
    endloop
  endfacet
  facet normal -0.7071067811865475 0.7071067811865475 0
    outer loop
      vertex 3.25 -1.3461933135986328 -4.600000381469727
      vertex 2.524439811706543 -2.07175350189209 -4.40000057220459
      vertex 3.25 -1.3461933135986328 -4.40000057220459
    endloop
  endfacet
  facet normal -0.7071067811865475 0.7071067811865475 0
    outer loop
      vertex 2.524439811706543 -2.07175350189209 -4.40000057220459
      vertex 2.07175350189209 -2.524439811706543 -4.40000057220459
      vertex 2.524439811706543 -2.07175350189209 0
    endloop
  endfacet
  facet normal -0.7071067811865475 0.7071067811865475 0
    outer loop
      vertex 3.25 -1.3461933135986328 -4.600000381469727
      vertex 2.07175350189209 -2.524439811706543 -4.40000057220459
      vertex 2.524439811706543 -2.07175350189209 -4.40000057220459
    endloop
  endfacet
  facet normal -0.7071067811865475 0.7071067811865475 0
    outer loop
      vertex 1.3461933135986328 -3.25 -4.600000381469727
      vertex 2.07175350189209 -2.524439811706543 -4.40000057220459
      vertex 3.25 -1.3461933135986328 -4.600000381469727
    endloop
  endfacet
  facet normal -0.7071067811865475 0.7071067811865475 0
    outer loop
      vertex 2.07175350189209 -2.524439811706543 -4.40000057220459
      vertex 1.3461933135986328 -3.25 -4.600000381469727
      vertex 1.3461933135986328 -3.25 -4.40000057220459
    endloop
  endfacet
  facet normal -0.7071067811865475 0.7071067811865475 0
    outer loop
      vertex 2.524439811706543 -2.07175350189209 0
      vertex 2.07175350189209 -2.524439811706543 -4.40000057220459
      vertex 2.07175350189209 -2.524439811706543 0
    endloop
  endfacet
  facet normal 0.7071067811865475 0.7071067811865475 0
    outer loop
      vertex -2.524439811706543 -2.07175350189209 -4.40000057220459
      vertex -3.25 -1.3461933135986328 -4.600000381469727
      vertex -3.25 -1.3461933135986328 -4.40000057220459
    endloop
  endfacet
  facet normal 0.7071067811865475 0.7071067811865475 0
    outer loop
      vertex -2.07175350189209 -2.524439811706543 -4.40000057220459
      vertex -2.524439811706543 -2.07175350189209 -4.40000057220459
      vertex -2.07175350189209 -2.524439811706543 0
    endloop
  endfacet
  facet normal 0.7071067811865475 0.7071067811865475 0
    outer loop
      vertex -2.07175350189209 -2.524439811706543 -4.40000057220459
      vertex -3.25 -1.3461933135986328 -4.600000381469727
      vertex -2.524439811706543 -2.07175350189209 -4.40000057220459
    endloop
  endfacet
  facet normal 0.7071067811865475 0.7071067811865475 0
    outer loop
      vertex -1.3461933135986328 -3.25 -4.600000381469727
      vertex -2.07175350189209 -2.524439811706543 -4.40000057220459
      vertex -1.3461933135986328 -3.25 -4.40000057220459
    endloop
  endfacet
  facet normal 0.7071067811865475 0.7071067811865475 0
    outer loop
      vertex -2.07175350189209 -2.524439811706543 -4.40000057220459
      vertex -1.3461933135986328 -3.25 -4.600000381469727
      vertex -3.25 -1.3461933135986328 -4.600000381469727
    endloop
  endfacet
  facet normal 0.7071067811865475 0.7071067811865475 0
    outer loop
      vertex -2.524439811706543 -2.07175350189209 0
      vertex -2.07175350189209 -2.524439811706543 0
      vertex -2.524439811706543 -2.07175350189209 -4.40000057220459
    endloop
  endfacet
  facet normal 0.7071067811865475 -0.7071067811865475 0
    outer loop
      vertex -2.07175350189209 2.524439811706543 0
      vertex -2.524439811706543 2.07175350189209 0
      vertex -2.07175350189209 2.524439811706543 -4.40000057220459
    endloop
  endfacet
  facet normal 0.7071067811865475 -0.7071067811865475 0
    outer loop
      vertex -2.07175350189209 2.524439811706543 -4.40000057220459
      vertex -1.3461933135986328 3.25 -4.600000381469727
      vertex -1.3461933135986328 3.25 -4.40000057220459
    endloop
  endfacet
  facet normal 0.7071067811865475 -0.7071067811865475 0
    outer loop
      vertex -2.524439811706543 2.07175350189209 -4.40000057220459
      vertex -2.07175350189209 2.524439811706543 -4.40000057220459
      vertex -2.524439811706543 2.07175350189209 0
    endloop
  endfacet
  facet normal 0.7071067811865475 -0.7071067811865475 0
    outer loop
      vertex -2.524439811706543 2.07175350189209 -4.40000057220459
      vertex -1.3461933135986328 3.25 -4.600000381469727
      vertex -2.07175350189209 2.524439811706543 -4.40000057220459
    endloop
  endfacet
  facet normal 0.7071067811865475 -0.7071067811865475 0
    outer loop
      vertex -3.25 1.3461933135986328 -4.600000381469727
      vertex -2.524439811706543 2.07175350189209 -4.40000057220459
      vertex -3.25 1.3461933135986328 -4.40000057220459
    endloop
  endfacet
  facet normal 0.7071067811865475 -0.7071067811865475 0
    outer loop
      vertex -2.524439811706543 2.07175350189209 -4.40000057220459
      vertex -3.25 1.3461933135986328 -4.600000381469727
      vertex -1.3461933135986328 3.25 -4.600000381469727
    endloop
  endfacet
  facet normal -0.7071067811865475 -0.7071067811865475 0
    outer loop
      vertex 1.3461933135986328 3.25 -4.600000381469727
      vertex 2.07175350189209 2.524439811706543 -4.40000057220459
      vertex 1.3461933135986328 3.25 -4.40000057220459
    endloop
  endfacet
  facet normal -0.7071067811865475 -0.7071067811865475 0
    outer loop
      vertex 2.07175350189209 2.524439811706543 -4.40000057220459
      vertex 2.524439811706543 2.07175350189209 -4.40000057220459
      vertex 2.07175350189209 2.524439811706543 0
    endloop
  endfacet
  facet normal -0.7071067811865475 -0.7071067811865475 0
    outer loop
      vertex 1.3461933135986328 3.25 -4.600000381469727
      vertex 2.524439811706543 2.07175350189209 -4.40000057220459
      vertex 2.07175350189209 2.524439811706543 -4.40000057220459
    endloop
  endfacet
  facet normal -0.7071067811865475 -0.7071067811865475 0
    outer loop
      vertex 3.25 1.3461933135986328 -4.600000381469727
      vertex 2.524439811706543 2.07175350189209 -4.40000057220459
      vertex 1.3461933135986328 3.25 -4.600000381469727
    endloop
  endfacet
  facet normal -0.7071067811865475 -0.7071067811865475 0
    outer loop
      vertex 2.524439811706543 2.07175350189209 -4.40000057220459
      vertex 3.25 1.3461933135986328 -4.600000381469727
      vertex 3.25 1.3461933135986328 -4.40000057220459
    endloop
  endfacet
  facet normal -0.7071067811865475 -0.7071067811865475 0
    outer loop
      vertex 2.07175350189209 2.524439811706543 0
      vertex 2.524439811706543 2.07175350189209 -4.40000057220459
      vertex 2.524439811706543 2.07175350189209 0
    endloop
  endfacet
  facet normal 0 0 -1
    outer loop
      vertex -0.9479894638061523 3.1251039505004883 -4.40000057220459
      vertex -1.3461933135986328 3.25 -4.40000057220459
      vertex -0.3200969696044922 3.25 -4.40000057220459
    endloop
  endfacet
  facet normal 0 0 -1
    outer loop
      vertex -1.5394515991210938 2.8801116943359375 -4.40000057220459
      vertex -1.3461933135986328 3.25 -4.40000057220459
      vertex -0.9479894638061523 3.1251039505004883 -4.40000057220459
    endloop
  endfacet
  facet normal 0 0 -1
    outer loop
      vertex -1.3461933135986328 3.25 -4.40000057220459
      vertex -1.5394515991210938 2.8801116943359375 -4.40000057220459
      vertex -2.07175350189209 2.524439811706543 -4.40000057220459
    endloop
  endfacet
  facet normal 0 0 -1
    outer loop
      vertex 1.5394515991210938 2.8801116943359375 -4.40000057220459
      vertex 1.3461933135986328 3.25 -4.40000057220459
      vertex 2.07175350189209 2.524439811706543 -4.40000057220459
    endloop
  endfacet
  facet normal 0 0 -1
    outer loop
      vertex 0.9479894638061523 3.1251039505004883 -4.40000057220459
      vertex 1.3461933135986328 3.25 -4.40000057220459
      vertex 1.5394515991210938 2.8801116943359375 -4.40000057220459
    endloop
  endfacet
  facet normal 0 0 -1
    outer loop
      vertex 1.3461933135986328 3.25 -4.40000057220459
      vertex 0.9479894638061523 3.1251039505004883 -4.40000057220459
      vertex 0.3200969696044922 3.25 -4.40000057220459
    endloop
  endfacet
  facet normal 0 0 -1
    outer loop
      vertex -2.8801116943359375 1.5394515991210938 -4.40000057220459
      vertex -3.25 1.3461933135986328 -4.40000057220459
      vertex -2.524439811706543 2.07175350189209 -4.40000057220459
    endloop
  endfacet
  facet normal 0 0 -1
    outer loop
      vertex -3.1251039505004883 0.9479894638061523 -4.40000057220459
      vertex -3.25 1.3461933135986328 -4.40000057220459
      vertex -2.8801116943359375 1.5394515991210938 -4.40000057220459
    endloop
  endfacet
  facet normal 0 0 -1
    outer loop
      vertex -3.25 1.3461933135986328 -4.40000057220459
      vertex -3.1251039505004883 0.9479894638061523 -4.40000057220459
      vertex -3.25 0.3200969696044922 -4.40000057220459
    endloop
  endfacet
  facet normal 0 0 -1
    outer loop
      vertex -3.25 -1.3461933135986328 -4.40000057220459
      vertex -2.8801116943359375 -1.5394515991210938 -4.40000057220459
      vertex -2.524439811706543 -2.07175350189209 -4.40000057220459
    endloop
  endfacet
  facet normal 0 0 -1
    outer loop
      vertex -3.25 -1.3461933135986328 -4.40000057220459
      vertex -3.1251039505004883 -0.9479894638061523 -4.40000057220459
      vertex -2.8801116943359375 -1.5394515991210938 -4.40000057220459
    endloop
  endfacet
  facet normal 0 0 -1
    outer loop
      vertex -3.1251039505004883 -0.9479894638061523 -4.40000057220459
      vertex -3.25 -1.3461933135986328 -4.40000057220459
      vertex -3.25 -0.3200969696044922 -4.40000057220459
    endloop
  endfacet
  facet normal 0 0 -1
    outer loop
      vertex 3.1251039505004883 0.9479894638061523 -4.40000057220459
      vertex 3.25 1.3461933135986328 -4.40000057220459
      vertex 3.25 0.3200969696044922 -4.40000057220459
    endloop
  endfacet
  facet normal 0 0 -1
    outer loop
      vertex 2.8801116943359375 1.5394515991210938 -4.40000057220459
      vertex 3.25 1.3461933135986328 -4.40000057220459
      vertex 3.1251039505004883 0.9479894638061523 -4.40000057220459
    endloop
  endfacet
  facet normal 0 0 -1
    outer loop
      vertex 3.25 1.3461933135986328 -4.40000057220459
      vertex 2.8801116943359375 1.5394515991210938 -4.40000057220459
      vertex 2.524439811706543 2.07175350189209 -4.40000057220459
    endloop
  endfacet
  facet normal 0 0 -1
    outer loop
      vertex 3.25 -1.3461933135986328 -4.40000057220459
      vertex 3.1251039505004883 -0.9479894638061523 -4.40000057220459
      vertex 3.25 -0.3200969696044922 -4.40000057220459
    endloop
  endfacet
  facet normal 0 0 -1
    outer loop
      vertex 3.25 -1.3461933135986328 -4.40000057220459
      vertex 2.8801116943359375 -1.5394515991210938 -4.40000057220459
      vertex 3.1251039505004883 -0.9479894638061523 -4.40000057220459
    endloop
  endfacet
  facet normal 0 0 -1
    outer loop
      vertex 2.8801116943359375 -1.5394515991210938 -4.40000057220459
      vertex 3.25 -1.3461933135986328 -4.40000057220459
      vertex 2.524439811706543 -2.07175350189209 -4.40000057220459
    endloop
  endfacet
  facet normal 0 0 -1
    outer loop
      vertex -1.3461933135986328 -3.25 -4.40000057220459
      vertex -0.9479894638061523 -3.1251039505004883 -4.40000057220459
      vertex -0.3200969696044922 -3.25 -4.40000057220459
    endloop
  endfacet
  facet normal 0 0 -1
    outer loop
      vertex -1.3461933135986328 -3.25 -4.40000057220459
      vertex -1.5394515991210938 -2.8801116943359375 -4.40000057220459
      vertex -0.9479894638061523 -3.1251039505004883 -4.40000057220459
    endloop
  endfacet
  facet normal 0 0 -1
    outer loop
      vertex -1.5394515991210938 -2.8801116943359375 -4.40000057220459
      vertex -1.3461933135986328 -3.25 -4.40000057220459
      vertex -2.07175350189209 -2.524439811706543 -4.40000057220459
    endloop
  endfacet
  facet normal 0 0 -1
    outer loop
      vertex 1.3461933135986328 -3.25 -4.40000057220459
      vertex 1.5394515991210938 -2.8801116943359375 -4.40000057220459
      vertex 2.07175350189209 -2.524439811706543 -4.40000057220459
    endloop
  endfacet
  facet normal 0 0 -1
    outer loop
      vertex 1.3461933135986328 -3.25 -4.40000057220459
      vertex 0.9479894638061523 -3.1251039505004883 -4.40000057220459
      vertex 1.5394515991210938 -2.8801116943359375 -4.40000057220459
    endloop
  endfacet
  facet normal 0 0 -1
    outer loop
      vertex 0.9479894638061523 -3.1251039505004883 -4.40000057220459
      vertex 1.3461933135986328 -3.25 -4.40000057220459
      vertex 0.3200969696044922 -3.25 -4.40000057220459
    endloop
  endfacet
  facet normal 0.3826837652137285 -0.9238793946407962 0
    outer loop
      vertex -2.84206485748291 5.317130088806152 -15
      vertex -1.7501354217529297 5.76942253112793 -4.800000190734863
      vertex -2.84206485748291 5.317130088806152 -4.800000190734863
    endloop
  endfacet
  facet normal 0.3826837652137285 -0.9238793946407962 0
    outer loop
      vertex -1.7501354217529297 5.76942253112793 -4.800000190734863
      vertex -2.84206485748291 5.317130088806152 -15
      vertex -1.7501354217529297 5.76942253112793 -15
    endloop
  endfacet
  facet normal 0 -1 0
    outer loop
      vertex -0.5909481048583984 6 -15
      vertex 0.5909481048583984 6 -4.800000190734863
      vertex -0.5909481048583984 6 -4.800000190734863
    endloop
  endfacet
  facet normal 0 -1 0
    outer loop
      vertex 0.5909481048583984 6 -4.800000190734863
      vertex -0.5909481048583984 6 -15
      vertex 0.5909481048583984 6 -15
    endloop
  endfacet
  facet normal -0.5555701247749968 -0.8314696846292681 0
    outer loop
      vertex 2.84206485748291 5.317130088806152 -4.800000190734863
      vertex 3.25 5.044556617736816 -5
      vertex 3.25 5.044556617736816 -4.800000190734863
    endloop
  endfacet
  facet normal -0.5555701247749968 -0.8314696846292682 0
    outer loop
      vertex 2.84206485748291 5.317130088806152 -15
      vertex 3.25 5.044556617736816 -5
      vertex 2.84206485748291 5.317130088806152 -4.800000190734863
    endloop
  endfacet
  facet normal -0.555570042746278 -0.8314697394390843 -4.840209893518806e-9
    outer loop
      vertex 3.8247766494750977 4.660503387451172 -15
      vertex 3.25 5.044556617736816 -5
      vertex 2.84206485748291 5.317130088806152 -15
    endloop
  endfacet
  facet normal -0.5555699845281811 -0.8314697783391509 0
    outer loop
      vertex 3.25 5.044556617736816 -5
      vertex 3.8247766494750977 4.660503387451172 -15
      vertex 3.8247766494750977 4.660503387451172 -5
    endloop
  endfacet
  facet normal -0.1950909531360542 0.9807851548654607 0
    outer loop
      vertex 1.7501354217529297 -5.76942253112793 -15
      vertex 0.5909481048583984 -6 -4.800000190734863
      vertex 1.7501354217529297 -5.76942253112793 -4.800000190734863
    endloop
  endfacet
  facet normal -0.1950909531360542 0.9807851548654607 0
    outer loop
      vertex 0.5909481048583984 -6 -4.800000190734863
      vertex 1.7501354217529297 -5.76942253112793 -15
      vertex 0.5909481048583984 -6 -15
    endloop
  endfacet
  facet normal -0.3826837652137285 -0.9238793946407962 0
    outer loop
      vertex 1.7501354217529297 5.76942253112793 -15
      vertex 2.84206485748291 5.317130088806152 -4.800000190734863
      vertex 1.7501354217529297 5.76942253112793 -4.800000190734863
    endloop
  endfacet
  facet normal -0.3826837652137285 -0.9238793946407962 0
    outer loop
      vertex 2.84206485748291 5.317130088806152 -4.800000190734863
      vertex 1.7501354217529297 5.76942253112793 -15
      vertex 2.84206485748291 5.317130088806152 -15
    endloop
  endfacet
  facet normal 0 1 0
    outer loop
      vertex 0.5909481048583984 -6 -15
      vertex -0.5909481048583984 -6 -4.800000190734863
      vertex 0.5909481048583984 -6 -4.800000190734863
    endloop
  endfacet
  facet normal 0 1 0
    outer loop
      vertex -0.5909481048583984 -6 -4.800000190734863
      vertex 0.5909481048583984 -6 -15
      vertex -0.5909481048583984 -6 -15
    endloop
  endfacet
  facet normal 0.1950909531360542 0.9807851548654607 0
    outer loop
      vertex -0.5909481048583984 -6 -15
      vertex -1.7501354217529297 -5.76942253112793 -4.800000190734863
      vertex -0.5909481048583984 -6 -4.800000190734863
    endloop
  endfacet
  facet normal 0.1950909531360542 0.9807851548654607 0
    outer loop
      vertex -1.7501354217529297 -5.76942253112793 -4.800000190734863
      vertex -0.5909481048583984 -6 -15
      vertex -1.7501354217529297 -5.76942253112793 -15
    endloop
  endfacet
  facet normal -0.5555699845281811 0.8314697783391509 0
    outer loop
      vertex 3.8247766494750977 -4.660503387451172 -5
      vertex 3.8247766494750977 -4.660503387451172 -15
      vertex 3.25 -5.044556617736816 -5
    endloop
  endfacet
  facet normal -0.5555701247749968 0.8314696846292681 0
    outer loop
      vertex 3.25 -5.044556617736816 -5
      vertex 2.84206485748291 -5.317130088806152 -4.800000190734863
      vertex 3.25 -5.044556617736816 -4.800000190734863
    endloop
  endfacet
  facet normal -0.555570042746278 0.8314697394390843 -4.840209893518806e-9
    outer loop
      vertex 2.84206485748291 -5.317130088806152 -15
      vertex 3.25 -5.044556617736816 -5
      vertex 3.8247766494750977 -4.660503387451172 -15
    endloop
  endfacet
  facet normal -0.5555701247749968 0.8314696846292682 0
    outer loop
      vertex 3.25 -5.044556617736816 -5
      vertex 2.84206485748291 -5.317130088806152 -15
      vertex 2.84206485748291 -5.317130088806152 -4.800000190734863
    endloop
  endfacet
  facet normal -0.3826837652137285 0.9238793946407962 0
    outer loop
      vertex 2.84206485748291 -5.317130088806152 -15
      vertex 1.7501354217529297 -5.76942253112793 -4.800000190734863
      vertex 2.84206485748291 -5.317130088806152 -4.800000190734863
    endloop
  endfacet
  facet normal -0.3826837652137285 0.9238793946407962 0
    outer loop
      vertex 1.7501354217529297 -5.76942253112793 -4.800000190734863
      vertex 2.84206485748291 -5.317130088806152 -15
      vertex 1.7501354217529297 -5.76942253112793 -15
    endloop
  endfacet
  facet normal 0.3826837652137285 0.9238793946407962 0
    outer loop
      vertex -1.7501354217529297 -5.76942253112793 -15
      vertex -2.84206485748291 -5.317130088806152 -4.800000190734863
      vertex -1.7501354217529297 -5.76942253112793 -4.800000190734863
    endloop
  endfacet
  facet normal 0.3826837652137285 0.9238793946407962 0
    outer loop
      vertex -2.84206485748291 -5.317130088806152 -4.800000190734863
      vertex -1.7501354217529297 -5.76942253112793 -15
      vertex -2.84206485748291 -5.317130088806152 -15
    endloop
  endfacet
  facet normal 0.5555699845281811 -0.8314697783391509 0
    outer loop
      vertex -3.8247766494750977 4.660503387451172 -5
      vertex -3.8247766494750977 4.660503387451172 -15
      vertex -3.25 5.044556617736816 -5
    endloop
  endfacet
  facet normal 0.5555701247749968 -0.8314696846292681 0
    outer loop
      vertex -3.25 5.044556617736816 -5
      vertex -2.84206485748291 5.317130088806152 -4.800000190734863
      vertex -3.25 5.044556617736816 -4.800000190734863
    endloop
  endfacet
  facet normal 0.555570042746278 -0.8314697394390843 -4.840209893518806e-9
    outer loop
      vertex -2.84206485748291 5.317130088806152 -15
      vertex -3.25 5.044556617736816 -5
      vertex -3.8247766494750977 4.660503387451172 -15
    endloop
  endfacet
  facet normal 0.5555701247749968 -0.8314696846292682 0
    outer loop
      vertex -3.25 5.044556617736816 -5
      vertex -2.84206485748291 5.317130088806152 -15
      vertex -2.84206485748291 5.317130088806152 -4.800000190734863
    endloop
  endfacet
  facet normal 0.5555701247749968 0.8314696846292681 0
    outer loop
      vertex -2.84206485748291 -5.317130088806152 -4.800000190734863
      vertex -3.25 -5.044556617736816 -5
      vertex -3.25 -5.044556617736816 -4.800000190734863
    endloop
  endfacet
  facet normal 0.5555701247749968 0.8314696846292682 0
    outer loop
      vertex -2.84206485748291 -5.317130088806152 -15
      vertex -3.25 -5.044556617736816 -5
      vertex -2.84206485748291 -5.317130088806152 -4.800000190734863
    endloop
  endfacet
  facet normal 0.555570042746278 0.8314697394390843 -4.840209893518806e-9
    outer loop
      vertex -3.8247766494750977 -4.660503387451172 -15
      vertex -3.25 -5.044556617736816 -5
      vertex -2.84206485748291 -5.317130088806152 -15
    endloop
  endfacet
  facet normal 0.5555699845281811 0.8314697783391509 0
    outer loop
      vertex -3.25 -5.044556617736816 -5
      vertex -3.8247766494750977 -4.660503387451172 -15
      vertex -3.8247766494750977 -4.660503387451172 -5
    endloop
  endfacet
  facet normal 0.1950909531360542 -0.9807851548654607 0
    outer loop
      vertex -1.7501354217529297 5.76942253112793 -15
      vertex -0.5909481048583984 6 -4.800000190734863
      vertex -1.7501354217529297 5.76942253112793 -4.800000190734863
    endloop
  endfacet
  facet normal 0.1950909531360542 -0.9807851548654607 0
    outer loop
      vertex -0.5909481048583984 6 -4.800000190734863
      vertex -1.7501354217529297 5.76942253112793 -15
      vertex -0.5909481048583984 6 -15
    endloop
  endfacet
  facet normal -0.1950909531360542 -0.9807851548654607 0
    outer loop
      vertex 0.5909481048583984 6 -15
      vertex 1.7501354217529297 5.76942253112793 -4.800000190734863
      vertex 0.5909481048583984 6 -4.800000190734863
    endloop
  endfacet
  facet normal -0.1950909531360542 -0.9807851548654607 0
    outer loop
      vertex 1.7501354217529297 5.76942253112793 -4.800000190734863
      vertex 0.5909481048583984 6 -15
      vertex 1.7501354217529297 5.76942253112793 -15
    endloop
  endfacet
  facet normal -0.9807851408202083 0.19509102374605583 0
    outer loop
      vertex 3.1251039505004883 -0.9479894638061523 -4.40000057220459
      vertex 3.25 -0.3200969696044922 0
      vertex 3.25 -0.3200969696044922 -4.40000057220459
    endloop
  endfacet
  facet normal -0.9807851408202083 0.19509102374605583 0
    outer loop
      vertex 3.25 -0.3200969696044922 0
      vertex 3.1251039505004883 -0.9479894638061523 -4.40000057220459
      vertex 3.1251039505004883 -0.9479894638061523 0
    endloop
  endfacet
  facet normal 0.9807851408202083 0.19509102374605583 0
    outer loop
      vertex -3.1251039505004883 -0.9479894638061523 0
      vertex -3.25 -0.3200969696044922 -4.40000057220459
      vertex -3.25 -0.3200969696044922 0
    endloop
  endfacet
  facet normal 0.9807851408202083 0.19509102374605583 0
    outer loop
      vertex -3.25 -0.3200969696044922 -4.40000057220459
      vertex -3.1251039505004883 -0.9479894638061523 0
      vertex -3.1251039505004883 -0.9479894638061523 -4.40000057220459
    endloop
  endfacet
  facet normal 0.3826842564432894 -0.9238791911664894 0
    outer loop
      vertex -1.5394515991210938 2.8801116943359375 -4.40000057220459
      vertex -0.9479894638061523 3.1251039505004883 0
      vertex -1.5394515991210938 2.8801116943359375 0
    endloop
  endfacet
  facet normal 0.3826842564432894 -0.9238791911664894 0
    outer loop
      vertex -0.9479894638061523 3.1251039505004883 0
      vertex -1.5394515991210938 2.8801116943359375 -4.40000057220459
      vertex -0.9479894638061523 3.1251039505004883 -4.40000057220459
    endloop
  endfacet
  facet normal 0.9238791911664894 -0.3826842564432894 0
    outer loop
      vertex -3.1251039505004883 0.9479894638061523 0
      vertex -2.8801116943359375 1.5394515991210938 -4.40000057220459
      vertex -2.8801116943359375 1.5394515991210938 0
    endloop
  endfacet
  facet normal 0.9238791911664894 -0.3826842564432894 0
    outer loop
      vertex -2.8801116943359375 1.5394515991210938 -4.40000057220459
      vertex -3.1251039505004883 0.9479894638061523 0
      vertex -3.1251039505004883 0.9479894638061523 -4.40000057220459
    endloop
  endfacet
  facet normal 0.9807851408202083 -0.19509102374605583 0
    outer loop
      vertex -3.25 0.3200969696044922 0
      vertex -3.1251039505004883 0.9479894638061523 -4.40000057220459
      vertex -3.1251039505004883 0.9479894638061523 0
    endloop
  endfacet
  facet normal 0.9807851408202083 -0.19509102374605583 0
    outer loop
      vertex -3.1251039505004883 0.9479894638061523 -4.40000057220459
      vertex -3.25 0.3200969696044922 0
      vertex -3.25 0.3200969696044922 -4.40000057220459
    endloop
  endfacet
  facet normal 0.8314702456362886 -0.5555692851675028 0
    outer loop
      vertex -2.8801116943359375 1.5394515991210938 0
      vertex -2.524439811706543 2.07175350189209 -4.40000057220459
      vertex -2.524439811706543 2.07175350189209 0
    endloop
  endfacet
  facet normal 0.8314702456362886 -0.5555692851675028 0
    outer loop
      vertex -2.524439811706543 2.07175350189209 -4.40000057220459
      vertex -2.8801116943359375 1.5394515991210938 0
      vertex -2.8801116943359375 1.5394515991210938 -4.40000057220459
    endloop
  endfacet
  facet normal -0.5555692851675028 -0.8314702456362886 0
    outer loop
      vertex 1.5394515991210938 2.8801116943359375 -4.40000057220459
      vertex 2.07175350189209 2.524439811706543 0
      vertex 1.5394515991210938 2.8801116943359375 0
    endloop
  endfacet
  facet normal -0.5555692851675028 -0.8314702456362886 0
    outer loop
      vertex 2.07175350189209 2.524439811706543 0
      vertex 1.5394515991210938 2.8801116943359375 -4.40000057220459
      vertex 2.07175350189209 2.524439811706543 -4.40000057220459
    endloop
  endfacet
  facet normal 0.8314702456362886 0.5555692851675028 0
    outer loop
      vertex -2.524439811706543 -2.07175350189209 0
      vertex -2.8801116943359375 -1.5394515991210938 -4.40000057220459
      vertex -2.8801116943359375 -1.5394515991210938 0
    endloop
  endfacet
  facet normal 0.8314702456362886 0.5555692851675028 0
    outer loop
      vertex -2.8801116943359375 -1.5394515991210938 -4.40000057220459
      vertex -2.524439811706543 -2.07175350189209 0
      vertex -2.524439811706543 -2.07175350189209 -4.40000057220459
    endloop
  endfacet
  facet normal -0.19509102374605583 0.9807851408202083 0
    outer loop
      vertex 0.9479894638061523 -3.1251039505004883 -4.40000057220459
      vertex 0.3200969696044922 -3.25 0
      vertex 0.9479894638061523 -3.1251039505004883 0
    endloop
  endfacet
  facet normal -0.19509102374605583 0.9807851408202083 0
    outer loop
      vertex 0.3200969696044922 -3.25 0
      vertex 0.9479894638061523 -3.1251039505004883 -4.40000057220459
      vertex 0.3200969696044922 -3.25 -4.40000057220459
    endloop
  endfacet
  facet normal -0.8314702456362886 0.5555692851675028 0
    outer loop
      vertex 2.524439811706543 -2.07175350189209 -4.40000057220459
      vertex 2.8801116943359375 -1.5394515991210938 0
      vertex 2.8801116943359375 -1.5394515991210938 -4.40000057220459
    endloop
  endfacet
  facet normal -0.8314702456362886 0.5555692851675028 0
    outer loop
      vertex 2.8801116943359375 -1.5394515991210938 0
      vertex 2.524439811706543 -2.07175350189209 -4.40000057220459
      vertex 2.524439811706543 -2.07175350189209 0
    endloop
  endfacet
  facet normal -0.9238791911664894 0.3826842564432894 0
    outer loop
      vertex 2.8801116943359375 -1.5394515991210938 -4.40000057220459
      vertex 3.1251039505004883 -0.9479894638061523 0
      vertex 3.1251039505004883 -0.9479894638061523 -4.40000057220459
    endloop
  endfacet
  facet normal -0.9238791911664894 0.3826842564432894 0
    outer loop
      vertex 3.1251039505004883 -0.9479894638061523 0
      vertex 2.8801116943359375 -1.5394515991210938 -4.40000057220459
      vertex 2.8801116943359375 -1.5394515991210938 0
    endloop
  endfacet
  facet normal 0.9238791911664894 0.3826842564432894 0
    outer loop
      vertex -2.8801116943359375 -1.5394515991210938 0
      vertex -3.1251039505004883 -0.9479894638061523 -4.40000057220459
      vertex -3.1251039505004883 -0.9479894638061523 0
    endloop
  endfacet
  facet normal 0.9238791911664894 0.3826842564432894 0
    outer loop
      vertex -3.1251039505004883 -0.9479894638061523 -4.40000057220459
      vertex -2.8801116943359375 -1.5394515991210938 0
      vertex -2.8801116943359375 -1.5394515991210938 -4.40000057220459
    endloop
  endfacet
  facet normal -0.3826842564432894 -0.9238791911664894 0
    outer loop
      vertex 0.9479894638061523 3.1251039505004883 -4.40000057220459
      vertex 1.5394515991210938 2.8801116943359375 0
      vertex 0.9479894638061523 3.1251039505004883 0
    endloop
  endfacet
  facet normal -0.3826842564432894 -0.9238791911664894 0
    outer loop
      vertex 1.5394515991210938 2.8801116943359375 0
      vertex 0.9479894638061523 3.1251039505004883 -4.40000057220459
      vertex 1.5394515991210938 2.8801116943359375 -4.40000057220459
    endloop
  endfacet
  facet normal -0.9238791911664894 -0.3826842564432894 0
    outer loop
      vertex 3.1251039505004883 0.9479894638061523 -4.40000057220459
      vertex 2.8801116943359375 1.5394515991210938 0
      vertex 2.8801116943359375 1.5394515991210938 -4.40000057220459
    endloop
  endfacet
  facet normal -0.9238791911664894 -0.3826842564432894 0
    outer loop
      vertex 2.8801116943359375 1.5394515991210938 0
      vertex 3.1251039505004883 0.9479894638061523 -4.40000057220459
      vertex 3.1251039505004883 0.9479894638061523 0
    endloop
  endfacet
  facet normal 0.19509102374605583 0.9807851408202083 0
    outer loop
      vertex -0.3200969696044922 -3.25 -4.40000057220459
      vertex -0.9479894638061523 -3.1251039505004883 0
      vertex -0.3200969696044922 -3.25 0
    endloop
  endfacet
  facet normal 0.19509102374605583 0.9807851408202083 0
    outer loop
      vertex -0.9479894638061523 -3.1251039505004883 0
      vertex -0.3200969696044922 -3.25 -4.40000057220459
      vertex -0.9479894638061523 -3.1251039505004883 -4.40000057220459
    endloop
  endfacet
  facet normal -0.5555692851675028 0.8314702456362886 0
    outer loop
      vertex 2.07175350189209 -2.524439811706543 -4.40000057220459
      vertex 1.5394515991210938 -2.8801116943359375 0
      vertex 2.07175350189209 -2.524439811706543 0
    endloop
  endfacet
  facet normal -0.5555692851675028 0.8314702456362886 0
    outer loop
      vertex 1.5394515991210938 -2.8801116943359375 0
      vertex 2.07175350189209 -2.524439811706543 -4.40000057220459
      vertex 1.5394515991210938 -2.8801116943359375 -4.40000057220459
    endloop
  endfacet
  facet normal -0.3826842564432894 0.9238791911664894 0
    outer loop
      vertex 1.5394515991210938 -2.8801116943359375 -4.40000057220459
      vertex 0.9479894638061523 -3.1251039505004883 0
      vertex 1.5394515991210938 -2.8801116943359375 0
    endloop
  endfacet
  facet normal -0.3826842564432894 0.9238791911664894 0
    outer loop
      vertex 0.9479894638061523 -3.1251039505004883 0
      vertex 1.5394515991210938 -2.8801116943359375 -4.40000057220459
      vertex 0.9479894638061523 -3.1251039505004883 -4.40000057220459
    endloop
  endfacet
  facet normal -0.9807851408202083 -0.19509102374605583 0
    outer loop
      vertex 3.25 0.3200969696044922 -4.40000057220459
      vertex 3.1251039505004883 0.9479894638061523 0
      vertex 3.1251039505004883 0.9479894638061523 -4.40000057220459
    endloop
  endfacet
  facet normal -0.9807851408202083 -0.19509102374605583 0
    outer loop
      vertex 3.1251039505004883 0.9479894638061523 0
      vertex 3.25 0.3200969696044922 -4.40000057220459
      vertex 3.25 0.3200969696044922 0
    endloop
  endfacet
  facet normal 0.3826842564432894 0.9238791911664894 0
    outer loop
      vertex -0.9479894638061523 -3.1251039505004883 -4.40000057220459
      vertex -1.5394515991210938 -2.8801116943359375 0
      vertex -0.9479894638061523 -3.1251039505004883 0
    endloop
  endfacet
  facet normal 0.3826842564432894 0.9238791911664894 0
    outer loop
      vertex -1.5394515991210938 -2.8801116943359375 0
      vertex -0.9479894638061523 -3.1251039505004883 -4.40000057220459
      vertex -1.5394515991210938 -2.8801116943359375 -4.40000057220459
    endloop
  endfacet
  facet normal 0 0 -1
    outer loop
      vertex -4.660503387451172 -3.8247766494750977 -5
      vertex -3.25 -5.044556617736816 -5
      vertex -3.8247766494750977 -4.660503387451172 -5
    endloop
  endfacet
  facet normal 0 0 -1
    outer loop
      vertex -5.317130088806152 -2.84206485748291 -5
      vertex -3.25 -5.044556617736816 -5
      vertex -4.660503387451172 -3.8247766494750977 -5
    endloop
  endfacet
  facet normal 0 0 -1
    outer loop
      vertex -3.25 -5.044556617736816 -5
      vertex -5.317130088806152 -2.84206485748291 -5
      vertex -3.25 5.044556617736816 -5
    endloop
  endfacet
  facet normal 0 0 -1
    outer loop
      vertex -3.25 5.044556617736816 -5
      vertex -4.660503387451172 3.8247766494750977 -5
      vertex -3.8247766494750977 4.660503387451172 -5
    endloop
  endfacet
  facet normal 0 0 -1
    outer loop
      vertex -5.317130088806152 2.84206485748291 -5
      vertex -3.25 5.044556617736816 -5
      vertex -5.317130088806152 -2.84206485748291 -5
    endloop
  endfacet
  facet normal 0 0 -1
    outer loop
      vertex -3.25 5.044556617736816 -5
      vertex -5.317130088806152 2.84206485748291 -5
      vertex -4.660503387451172 3.8247766494750977 -5
    endloop
  endfacet
  facet normal 0 0 -1
    outer loop
      vertex -5.76942253112793 -1.7501354217529297 -5
      vertex -5.317130088806152 2.84206485748291 -5
      vertex -5.317130088806152 -2.84206485748291 -5
    endloop
  endfacet
  facet normal 0 0 -1
    outer loop
      vertex -5.76942253112793 -1.7501354217529297 -5
      vertex -5.76942253112793 1.7501354217529297 -5
      vertex -5.317130088806152 2.84206485748291 -5
    endloop
  endfacet
  facet normal 0 0 -1
    outer loop
      vertex -6 -0.5909481048583984 -5
      vertex -5.76942253112793 1.7501354217529297 -5
      vertex -5.76942253112793 -1.7501354217529297 -5
    endloop
  endfacet
  facet normal 0 0 -1
    outer loop
      vertex -5.76942253112793 1.7501354217529297 -5
      vertex -6 -0.5909481048583984 -5
      vertex -6 0.5909481048583984 -5
    endloop
  endfacet
  facet normal 0 0 -1
    outer loop
      vertex 5.76942253112793 -1.7501354217529297 -5
      vertex 6 0.5909481048583984 -5
      vertex 6 -0.5909481048583984 -5
    endloop
  endfacet
  facet normal 0 0 -1
    outer loop
      vertex 5.76942253112793 -1.7501354217529297 -5
      vertex 5.76942253112793 1.7501354217529297 -5
      vertex 6 0.5909481048583984 -5
    endloop
  endfacet
  facet normal 0 0 -1
    outer loop
      vertex 5.317130088806152 -2.84206485748291 -5
      vertex 5.76942253112793 1.7501354217529297 -5
      vertex 5.76942253112793 -1.7501354217529297 -5
    endloop
  endfacet
  facet normal 0 0 -1
    outer loop
      vertex 5.317130088806152 -2.84206485748291 -5
      vertex 5.317130088806152 2.84206485748291 -5
      vertex 5.76942253112793 1.7501354217529297 -5
    endloop
  endfacet
  facet normal 0 0 -1
    outer loop
      vertex 3.25 -5.044556617736816 -5
      vertex 5.317130088806152 -2.84206485748291 -5
      vertex 4.660503387451172 -3.8247766494750977 -5
    endloop
  endfacet
  facet normal 0 0 -1
    outer loop
      vertex 5.317130088806152 -2.84206485748291 -5
      vertex 3.25 -5.044556617736816 -5
      vertex 5.317130088806152 2.84206485748291 -5
    endloop
  endfacet
  facet normal 0 0 -1
    outer loop
      vertex 3.25 -5.044556617736816 -5
      vertex 4.660503387451172 -3.8247766494750977 -5
      vertex 3.8247766494750977 -4.660503387451172 -5
    endloop
  endfacet
  facet normal 0 0 -1
    outer loop
      vertex 3.25 5.044556617736816 -5
      vertex 5.317130088806152 2.84206485748291 -5
      vertex 3.25 -5.044556617736816 -5
    endloop
  endfacet
  facet normal 0 0 -1
    outer loop
      vertex 5.317130088806152 2.84206485748291 -5
      vertex 3.25 5.044556617736816 -5
      vertex 4.660503387451172 3.8247766494750977 -5
    endloop
  endfacet
  facet normal 0 0 -1
    outer loop
      vertex 4.660503387451172 3.8247766494750977 -5
      vertex 3.25 5.044556617736816 -5
      vertex 3.8247766494750977 4.660503387451172 -5
    endloop
  endfacet
  facet normal 0.5555692851675028 -0.8314702456362886 0
    outer loop
      vertex -2.07175350189209 2.524439811706543 -4.40000057220459
      vertex -1.5394515991210938 2.8801116943359375 0
      vertex -2.07175350189209 2.524439811706543 0
    endloop
  endfacet
  facet normal 0.5555692851675028 -0.8314702456362886 0
    outer loop
      vertex -1.5394515991210938 2.8801116943359375 0
      vertex -2.07175350189209 2.524439811706543 -4.40000057220459
      vertex -1.5394515991210938 2.8801116943359375 -4.40000057220459
    endloop
  endfacet
  facet normal -0.8314702456362886 -0.5555692851675028 0
    outer loop
      vertex 2.8801116943359375 1.5394515991210938 -4.40000057220459
      vertex 2.524439811706543 2.07175350189209 0
      vertex 2.524439811706543 2.07175350189209 -4.40000057220459
    endloop
  endfacet
  facet normal -0.8314702456362886 -0.5555692851675028 0
    outer loop
      vertex 2.524439811706543 2.07175350189209 0
      vertex 2.8801116943359375 1.5394515991210938 -4.40000057220459
      vertex 2.8801116943359375 1.5394515991210938 0
    endloop
  endfacet
  facet normal 0.5555692851675028 0.8314702456362886 0
    outer loop
      vertex -1.5394515991210938 -2.8801116943359375 -4.40000057220459
      vertex -2.07175350189209 -2.524439811706543 0
      vertex -1.5394515991210938 -2.8801116943359375 0
    endloop
  endfacet
  facet normal 0.5555692851675028 0.8314702456362886 0
    outer loop
      vertex -2.07175350189209 -2.524439811706543 0
      vertex -1.5394515991210938 -2.8801116943359375 -4.40000057220459
      vertex -2.07175350189209 -2.524439811706543 -4.40000057220459
    endloop
  endfacet
  facet normal 0.19509102374605583 -0.9807851408202083 0
    outer loop
      vertex -0.9479894638061523 3.1251039505004883 -4.40000057220459
      vertex -0.3200969696044922 3.25 0
      vertex -0.9479894638061523 3.1251039505004883 0
    endloop
  endfacet
  facet normal 0.19509102374605583 -0.9807851408202083 0
    outer loop
      vertex -0.3200969696044922 3.25 0
      vertex -0.9479894638061523 3.1251039505004883 -4.40000057220459
      vertex -0.3200969696044922 3.25 -4.40000057220459
    endloop
  endfacet
  facet normal -0.19509102374605583 -0.9807851408202083 0
    outer loop
      vertex 0.3200969696044922 3.25 -4.40000057220459
      vertex 0.9479894638061523 3.1251039505004883 0
      vertex 0.3200969696044922 3.25 0
    endloop
  endfacet
  facet normal -0.19509102374605583 -0.9807851408202083 0
    outer loop
      vertex 0.9479894638061523 3.1251039505004883 0
      vertex 0.3200969696044922 3.25 -4.40000057220459
      vertex 0.9479894638061523 3.1251039505004883 -4.40000057220459
    endloop
  endfacet
  facet normal -0.9807851548654608 0.19509095313605423 0
    outer loop
      vertex 5.76942253112793 -1.7501354217529297 -15
      vertex 6 -0.5909481048583984 -5
      vertex 6 -0.5909481048583984 -15
    endloop
  endfacet
  facet normal -0.9807851548654608 0.19509095313605423 0
    outer loop
      vertex 6 -0.5909481048583984 -5
      vertex 5.76942253112793 -1.7501354217529297 -15
      vertex 5.76942253112793 -1.7501354217529297 -5
    endloop
  endfacet
  facet normal 0.9807851548654608 0.19509095313605423 0
    outer loop
      vertex -5.76942253112793 -1.7501354217529297 -5
      vertex -6 -0.5909481048583984 -15
      vertex -6 -0.5909481048583984 -5
    endloop
  endfacet
  facet normal 0.9807851548654608 0.19509095313605423 0
    outer loop
      vertex -6 -0.5909481048583984 -15
      vertex -5.76942253112793 -1.7501354217529297 -5
      vertex -5.76942253112793 -1.7501354217529297 -15
    endloop
  endfacet
  facet normal 0.9238793946407962 -0.3826837652137285 0
    outer loop
      vertex -5.76942253112793 1.7501354217529297 -5
      vertex -5.317130088806152 2.84206485748291 -15
      vertex -5.317130088806152 2.84206485748291 -5
    endloop
  endfacet
  facet normal 0.9238793946407962 -0.3826837652137285 0
    outer loop
      vertex -5.317130088806152 2.84206485748291 -15
      vertex -5.76942253112793 1.7501354217529297 -5
      vertex -5.76942253112793 1.7501354217529297 -15
    endloop
  endfacet
  facet normal 0.9807851548654608 -0.19509095313605423 0
    outer loop
      vertex -6 0.5909481048583984 -5
      vertex -5.76942253112793 1.7501354217529297 -15
      vertex -5.76942253112793 1.7501354217529297 -5
    endloop
  endfacet
  facet normal 0.9807851548654608 -0.19509095313605423 0
    outer loop
      vertex -5.76942253112793 1.7501354217529297 -15
      vertex -6 0.5909481048583984 -5
      vertex -6 0.5909481048583984 -15
    endloop
  endfacet
  facet normal 0.7071067811865476 -0.7071067811865476 0
    outer loop
      vertex -4.660503387451172 3.8247766494750977 -5
      vertex -3.8247766494750977 4.660503387451172 -15
      vertex -3.8247766494750977 4.660503387451172 -5
    endloop
  endfacet
  facet normal 0.7071067811865476 -0.7071067811865476 0
    outer loop
      vertex -3.8247766494750977 4.660503387451172 -15
      vertex -4.660503387451172 3.8247766494750977 -5
      vertex -4.660503387451172 3.8247766494750977 -15
    endloop
  endfacet
  facet normal 0.8314697394390843 -0.555570042746278 0
    outer loop
      vertex -5.317130088806152 2.84206485748291 -5
      vertex -4.660503387451172 3.8247766494750977 -15
      vertex -4.660503387451172 3.8247766494750977 -5
    endloop
  endfacet
  facet normal 0.8314697394390843 -0.555570042746278 0
    outer loop
      vertex -4.660503387451172 3.8247766494750977 -15
      vertex -5.317130088806152 2.84206485748291 -5
      vertex -5.317130088806152 2.84206485748291 -15
    endloop
  endfacet
  facet normal 0.8314697394390843 0.555570042746278 0
    outer loop
      vertex -4.660503387451172 -3.8247766494750977 -5
      vertex -5.317130088806152 -2.84206485748291 -15
      vertex -5.317130088806152 -2.84206485748291 -5
    endloop
  endfacet
  facet normal 0.8314697394390843 0.555570042746278 0
    outer loop
      vertex -5.317130088806152 -2.84206485748291 -15
      vertex -4.660503387451172 -3.8247766494750977 -5
      vertex -4.660503387451172 -3.8247766494750977 -15
    endloop
  endfacet
  facet normal -0.8314697394390843 0.555570042746278 0
    outer loop
      vertex 4.660503387451172 -3.8247766494750977 -15
      vertex 5.317130088806152 -2.84206485748291 -5
      vertex 5.317130088806152 -2.84206485748291 -15
    endloop
  endfacet
  facet normal -0.8314697394390843 0.555570042746278 0
    outer loop
      vertex 5.317130088806152 -2.84206485748291 -5
      vertex 4.660503387451172 -3.8247766494750977 -15
      vertex 4.660503387451172 -3.8247766494750977 -5
    endloop
  endfacet
  facet normal -0.9238793946407962 0.3826837652137285 0
    outer loop
      vertex 5.317130088806152 -2.84206485748291 -15
      vertex 5.76942253112793 -1.7501354217529297 -5
      vertex 5.76942253112793 -1.7501354217529297 -15
    endloop
  endfacet
  facet normal -0.9238793946407962 0.3826837652137285 0
    outer loop
      vertex 5.76942253112793 -1.7501354217529297 -5
      vertex 5.317130088806152 -2.84206485748291 -15
      vertex 5.317130088806152 -2.84206485748291 -5
    endloop
  endfacet
  facet normal -0.7071067811865476 0.7071067811865476 0
    outer loop
      vertex 3.8247766494750977 -4.660503387451172 -15
      vertex 4.660503387451172 -3.8247766494750977 -5
      vertex 4.660503387451172 -3.8247766494750977 -15
    endloop
  endfacet
  facet normal -0.7071067811865476 0.7071067811865476 0
    outer loop
      vertex 4.660503387451172 -3.8247766494750977 -5
      vertex 3.8247766494750977 -4.660503387451172 -15
      vertex 3.8247766494750977 -4.660503387451172 -5
    endloop
  endfacet
  facet normal 0.9238793946407962 0.3826837652137285 0
    outer loop
      vertex -5.317130088806152 -2.84206485748291 -5
      vertex -5.76942253112793 -1.7501354217529297 -15
      vertex -5.76942253112793 -1.7501354217529297 -5
    endloop
  endfacet
  facet normal 0.9238793946407962 0.3826837652137285 0
    outer loop
      vertex -5.76942253112793 -1.7501354217529297 -15
      vertex -5.317130088806152 -2.84206485748291 -5
      vertex -5.317130088806152 -2.84206485748291 -15
    endloop
  endfacet
  facet normal 0.7071067811865476 0.7071067811865476 0
    outer loop
      vertex -3.8247766494750977 -4.660503387451172 -5
      vertex -4.660503387451172 -3.8247766494750977 -15
      vertex -4.660503387451172 -3.8247766494750977 -5
    endloop
  endfacet
  facet normal 0.7071067811865476 0.7071067811865476 0
    outer loop
      vertex -4.660503387451172 -3.8247766494750977 -15
      vertex -3.8247766494750977 -4.660503387451172 -5
      vertex -3.8247766494750977 -4.660503387451172 -15
    endloop
  endfacet
  facet normal -0.9238793946407962 -0.3826837652137285 0
    outer loop
      vertex 5.76942253112793 1.7501354217529297 -15
      vertex 5.317130088806152 2.84206485748291 -5
      vertex 5.317130088806152 2.84206485748291 -15
    endloop
  endfacet
  facet normal -0.9238793946407962 -0.3826837652137285 0
    outer loop
      vertex 5.317130088806152 2.84206485748291 -5
      vertex 5.76942253112793 1.7501354217529297 -15
      vertex 5.76942253112793 1.7501354217529297 -5
    endloop
  endfacet
  facet normal 1 0 0
    outer loop
      vertex -6 -0.5909481048583984 -5
      vertex -6 0.5909481048583984 -15
      vertex -6 0.5909481048583984 -5
    endloop
  endfacet
  facet normal 1 0 0
    outer loop
      vertex -6 0.5909481048583984 -15
      vertex -6 -0.5909481048583984 -5
      vertex -6 -0.5909481048583984 -15
    endloop
  endfacet
  facet normal -0.9807851548654608 -0.19509095313605423 0
    outer loop
      vertex 6 0.5909481048583984 -15
      vertex 5.76942253112793 1.7501354217529297 -5
      vertex 5.76942253112793 1.7501354217529297 -15
    endloop
  endfacet
  facet normal -0.9807851548654608 -0.19509095313605423 0
    outer loop
      vertex 5.76942253112793 1.7501354217529297 -5
      vertex 6 0.5909481048583984 -15
      vertex 6 0.5909481048583984 -5
    endloop
  endfacet
  facet normal -1 0 0
    outer loop
      vertex 6 -0.5909481048583984 -15
      vertex 6 0.5909481048583984 -5
      vertex 6 0.5909481048583984 -15
    endloop
  endfacet
  facet normal -1 0 0
    outer loop
      vertex 6 0.5909481048583984 -5
      vertex 6 -0.5909481048583984 -15
      vertex 6 -0.5909481048583984 -5
    endloop
  endfacet
  facet normal -0.7071067811865476 -0.7071067811865476 0
    outer loop
      vertex 4.660503387451172 3.8247766494750977 -15
      vertex 3.8247766494750977 4.660503387451172 -5
      vertex 3.8247766494750977 4.660503387451172 -15
    endloop
  endfacet
  facet normal -0.7071067811865476 -0.7071067811865476 0
    outer loop
      vertex 3.8247766494750977 4.660503387451172 -5
      vertex 4.660503387451172 3.8247766494750977 -15
      vertex 4.660503387451172 3.8247766494750977 -5
    endloop
  endfacet
  facet normal -0.8314697394390843 -0.555570042746278 0
    outer loop
      vertex 5.317130088806152 2.84206485748291 -15
      vertex 4.660503387451172 3.8247766494750977 -5
      vertex 4.660503387451172 3.8247766494750977 -15
    endloop
  endfacet
  facet normal -0.8314697394390843 -0.555570042746278 0
    outer loop
      vertex 4.660503387451172 3.8247766494750977 -5
      vertex 5.317130088806152 2.84206485748291 -15
      vertex 5.317130088806152 2.84206485748291 -5
    endloop
  endfacet
endsolid OpenSCAD_Model
