solid OpenSCAD_Model
  facet normal 0.19508990438312973 0 0.9807853634755066
    outer loop
      vertex -63.520938873291016 12.800000190734863 5.480618476867676
      vertex -62.61290740966797 12 5.300000190734863
      vertex -62.61290740966797 12.800000190734863 5.300000190734863
    endloop
  endfacet
  facet normal 0.19508990438312973 0 0.9807853634755066
    outer loop
      vertex -62.61290740966797 12 5.300000190734863
      vertex -63.520938873291016 12.800000190734863 5.480618476867676
      vertex -63.520938873291016 12 5.480618476867676
    endloop
  endfacet
  facet normal -0.19508990438312973 0 -0.9807853634755066
    outer loop
      vertex -61.68709182739258 12 14.699999809265137
      vertex -60.77906036376953 12.800000190734863 14.519381523132324
      vertex -60.77906036376953 12 14.519381523132324
    endloop
  endfacet
  facet normal -0.19508990438312973 0 -0.9807853634755066
    outer loop
      vertex -60.77906036376953 12.800000190734863 14.519381523132324
      vertex -61.68709182739258 12 14.699999809265137
      vertex -61.68709182739258 12.800000190734863 14.699999809265137
    endloop
  endfacet
  facet normal 0.8314691867463757 0 -0.5555708699088897
    outer loop
      vertex -65.80072784423828 12 12.996074676513672
      vertex -66.3150863647461 12.800000190734863 12.22628402709961
      vertex -65.80072784423828 12.800000190734863 12.996074676513672
    endloop
  endfacet
  facet normal 0.8314691867463757 0 -0.5555708699088897
    outer loop
      vertex -66.3150863647461 12.800000190734863 12.22628402709961
      vertex -65.80072784423828 12 12.996074676513672
      vertex -66.3150863647461 12 12.22628402709961
    endloop
  endfacet
  facet normal -0.9238801366346215 0 -0.3826819738790854
    outer loop
      vertex -57.630619049072266 12 11.370939254760742
      vertex -57.98491287231445 12.800000190734863 12.22628402709961
      vertex -57.630619049072266 12.800000190734863 11.370939254760742
    endloop
  endfacet
  facet normal -0.9238801366346215 0 -0.3826819738790854
    outer loop
      vertex -57.98491287231445 12.800000190734863 12.22628402709961
      vertex -57.630619049072266 12 11.370939254760742
      vertex -57.98491287231445 12 12.22628402709961
    endloop
  endfacet
  facet normal 0.8314691867463757 0 0.5555708699088897
    outer loop
      vertex -66.3150863647461 12 7.773715972900391
      vertex -65.80072784423828 12.800000190734863 7.003925323486328
      vertex -66.3150863647461 12.800000190734863 7.773715972900391
    endloop
  endfacet
  facet normal 0.8314691867463757 0 0.5555708699088897
    outer loop
      vertex -65.80072784423828 12.800000190734863 7.003925323486328
      vertex -66.3150863647461 12 7.773715972900391
      vertex -65.80072784423828 12 7.003925323486328
    endloop
  endfacet
  facet normal 1 0 0
    outer loop
      vertex -66.8499984741211 12 10.462908744812012
      vertex -66.8499984741211 12.800000190734863 9.537091255187988
      vertex -66.8499984741211 12.800000190734863 10.462908744812012
    endloop
  endfacet
  facet normal 1 0 0
    outer loop
      vertex -66.8499984741211 12.800000190734863 9.537091255187988
      vertex -66.8499984741211 12 10.462908744812012
      vertex -66.8499984741211 12 9.537091255187988
    endloop
  endfacet
  facet normal 0 0 -1
    outer loop
      vertex -62.61290740966797 12 14.699999809265137
      vertex -61.68709182739258 12.800000190734863 14.699999809265137
      vertex -61.68709182739258 12 14.699999809265137
    endloop
  endfacet
  facet normal 0 0 -1
    outer loop
      vertex -61.68709182739258 12.800000190734863 14.699999809265137
      vertex -62.61290740966797 12 14.699999809265137
      vertex -62.61290740966797 12.800000190734863 14.699999809265137
    endloop
  endfacet
  facet normal -0.9807853242703297 0 -0.1950901014811979
    outer loop
      vertex -57.45000076293945 12 10.462908744812012
      vertex -57.630619049072266 12.800000190734863 11.370939254760742
      vertex -57.45000076293945 12.800000190734863 10.462908744812012
    endloop
  endfacet
  facet normal -0.9807853242703297 0 -0.1950901014811979
    outer loop
      vertex -57.630619049072266 12.800000190734863 11.370939254760742
      vertex -57.45000076293945 12 10.462908744812012
      vertex -57.630619049072266 12 11.370939254760742
    endloop
  endfacet
  facet normal -0.8314691867463757 0 -0.5555708699088897
    outer loop
      vertex -57.98491287231445 12 12.22628402709961
      vertex -58.499271392822266 12.800000190734863 12.996074676513672
      vertex -57.98491287231445 12.800000190734863 12.22628402709961
    endloop
  endfacet
  facet normal -0.8314691867463757 0 -0.5555708699088897
    outer loop
      vertex -58.499271392822266 12.800000190734863 12.996074676513672
      vertex -57.98491287231445 12 12.22628402709961
      vertex -58.499271392822266 12 12.996074676513672
    endloop
  endfacet
  facet normal 0.7071057511011141 0 0.7071078112704804
    outer loop
      vertex -65.80072784423828 12.800000190734863 7.003925323486328
      vertex -65.14607238769531 12 6.349271774291992
      vertex -65.14607238769531 12.800000190734863 6.349271774291992
    endloop
  endfacet
  facet normal 0.7071057511011141 0 0.7071078112704804
    outer loop
      vertex -65.14607238769531 12 6.349271774291992
      vertex -65.80072784423828 12.800000190734863 7.003925323486328
      vertex -65.80072784423828 12 7.003925323486328
    endloop
  endfacet
  facet normal 0 0 1
    outer loop
      vertex -62.61290740966797 12.800000190734863 5.300000190734863
      vertex -61.68709182739258 12 5.300000190734863
      vertex -61.68709182739258 12.800000190734863 5.300000190734863
    endloop
  endfacet
  facet normal 0 0 1
    outer loop
      vertex -61.68709182739258 12 5.300000190734863
      vertex -62.61290740966797 12.800000190734863 5.300000190734863
      vertex -62.61290740966797 12 5.300000190734863
    endloop
  endfacet
  facet normal -0.8314691867463757 0 0.5555708699088897
    outer loop
      vertex -58.499271392822266 12 7.003925323486328
      vertex -57.98491287231445 12.800000190734863 7.773715972900391
      vertex -58.499271392822266 12.800000190734863 7.003925323486328
    endloop
  endfacet
  facet normal -0.8314691867463757 0 0.5555708699088897
    outer loop
      vertex -57.98491287231445 12.800000190734863 7.773715972900391
      vertex -58.499271392822266 12 7.003925323486328
      vertex -57.98491287231445 12 7.773715972900391
    endloop
  endfacet
  facet normal -0.19508990438312973 0 0.9807853634755066
    outer loop
      vertex -61.68709182739258 12.800000190734863 5.300000190734863
      vertex -60.77906036376953 12 5.480618476867676
      vertex -60.77906036376953 12.800000190734863 5.480618476867676
    endloop
  endfacet
  facet normal -0.19508990438312973 0 0.9807853634755066
    outer loop
      vertex -60.77906036376953 12 5.480618476867676
      vertex -61.68709182739258 12.800000190734863 5.300000190734863
      vertex -61.68709182739258 12 5.300000190734863
    endloop
  endfacet
  facet normal 0.7071057511011141 0 -0.7071078112704804
    outer loop
      vertex -65.80072784423828 12 12.996074676513672
      vertex -65.14607238769531 12.800000190734863 13.650728225708008
      vertex -65.14607238769531 12 13.650728225708008
    endloop
  endfacet
  facet normal 0.7071057511011141 0 -0.7071078112704804
    outer loop
      vertex -65.14607238769531 12.800000190734863 13.650728225708008
      vertex -65.80072784423828 12 12.996074676513672
      vertex -65.80072784423828 12.800000190734863 12.996074676513672
    endloop
  endfacet
  facet normal 0.5555701577673712 0 -0.8314696625844735
    outer loop
      vertex -65.14607238769531 12 13.650728225708008
      vertex -64.37628173828125 12.800000190734863 14.165085792541504
      vertex -64.37628173828125 12 14.165085792541504
    endloop
  endfacet
  facet normal 0.5555701577673712 0 -0.8314696625844735
    outer loop
      vertex -64.37628173828125 12.800000190734863 14.165085792541504
      vertex -65.14607238769531 12 13.650728225708008
      vertex -65.14607238769531 12.800000190734863 13.650728225708008
    endloop
  endfacet
  facet normal 0.3826844607339415 0 -0.9238791065462907
    outer loop
      vertex -64.37628173828125 12 14.165085792541504
      vertex -63.520938873291016 12.800000190734863 14.519381523132324
      vertex -63.520938873291016 12 14.519381523132324
    endloop
  endfacet
  facet normal 0.3826844607339415 0 -0.9238791065462907
    outer loop
      vertex -63.520938873291016 12.800000190734863 14.519381523132324
      vertex -64.37628173828125 12 14.165085792541504
      vertex -64.37628173828125 12.800000190734863 14.165085792541504
    endloop
  endfacet
  facet normal -0.5555701577673712 0 -0.8314696625844735
    outer loop
      vertex -59.9237174987793 12 14.165085792541504
      vertex -59.153926849365234 12.800000190734863 13.650728225708008
      vertex -59.153926849365234 12 13.650728225708008
    endloop
  endfacet
  facet normal -0.5555701577673712 0 -0.8314696625844735
    outer loop
      vertex -59.153926849365234 12.800000190734863 13.650728225708008
      vertex -59.9237174987793 12 14.165085792541504
      vertex -59.9237174987793 12.800000190734863 14.165085792541504
    endloop
  endfacet
  facet normal -1 0 0
    outer loop
      vertex -57.45000076293945 12 9.537091255187988
      vertex -57.45000076293945 12.800000190734863 10.462908744812012
      vertex -57.45000076293945 12.800000190734863 9.537091255187988
    endloop
  endfacet
  facet normal -1 0 0
    outer loop
      vertex -57.45000076293945 12.800000190734863 10.462908744812012
      vertex -57.45000076293945 12 9.537091255187988
      vertex -57.45000076293945 12 10.462908744812012
    endloop
  endfacet
  facet normal 0.19508990438312973 0 -0.9807853634755066
    outer loop
      vertex -63.520938873291016 12 14.519381523132324
      vertex -62.61290740966797 12.800000190734863 14.699999809265137
      vertex -62.61290740966797 12 14.699999809265137
    endloop
  endfacet
  facet normal 0.19508990438312973 0 -0.9807853634755066
    outer loop
      vertex -62.61290740966797 12.800000190734863 14.699999809265137
      vertex -63.520938873291016 12 14.519381523132324
      vertex -63.520938873291016 12.800000190734863 14.519381523132324
    endloop
  endfacet
  facet normal -0.3826844607339415 0 0.9238791065462907
    outer loop
      vertex -60.77906036376953 12.800000190734863 5.480618476867676
      vertex -59.9237174987793 12 5.834914207458496
      vertex -59.9237174987793 12.800000190734863 5.834914207458496
    endloop
  endfacet
  facet normal -0.3826844607339415 0 0.9238791065462907
    outer loop
      vertex -59.9237174987793 12 5.834914207458496
      vertex -60.77906036376953 12.800000190734863 5.480618476867676
      vertex -60.77906036376953 12 5.480618476867676
    endloop
  endfacet
  facet normal -0.7071057511011141 0 -0.7071078112704804
    outer loop
      vertex -59.153926849365234 12 13.650728225708008
      vertex -58.499271392822266 12.800000190734863 12.996074676513672
      vertex -58.499271392822266 12 12.996074676513672
    endloop
  endfacet
  facet normal -0.7071057511011141 0 -0.7071078112704804
    outer loop
      vertex -58.499271392822266 12.800000190734863 12.996074676513672
      vertex -59.153926849365234 12 13.650728225708008
      vertex -59.153926849365234 12.800000190734863 13.650728225708008
    endloop
  endfacet
  facet normal -0.9238801366346215 0 0.3826819738790854
    outer loop
      vertex -57.98491287231445 12 7.773715972900391
      vertex -57.630619049072266 12.800000190734863 8.629060745239258
      vertex -57.98491287231445 12.800000190734863 7.773715972900391
    endloop
  endfacet
  facet normal -0.9238801366346215 0 0.3826819738790854
    outer loop
      vertex -57.630619049072266 12.800000190734863 8.629060745239258
      vertex -57.98491287231445 12 7.773715972900391
      vertex -57.630619049072266 12 8.629060745239258
    endloop
  endfacet
  facet normal -0.3826844607339415 0 -0.9238791065462907
    outer loop
      vertex -60.77906036376953 12 14.519381523132324
      vertex -59.9237174987793 12.800000190734863 14.165085792541504
      vertex -59.9237174987793 12 14.165085792541504
    endloop
  endfacet
  facet normal -0.3826844607339415 0 -0.9238791065462907
    outer loop
      vertex -59.9237174987793 12.800000190734863 14.165085792541504
      vertex -60.77906036376953 12 14.519381523132324
      vertex -60.77906036376953 12.800000190734863 14.519381523132324
    endloop
  endfacet
  facet normal 0.3826844607339415 0 0.9238791065462907
    outer loop
      vertex -64.37628173828125 12.800000190734863 5.834914207458496
      vertex -63.520938873291016 12 5.480618476867676
      vertex -63.520938873291016 12.800000190734863 5.480618476867676
    endloop
  endfacet
  facet normal 0.3826844607339415 0 0.9238791065462907
    outer loop
      vertex -63.520938873291016 12 5.480618476867676
      vertex -64.37628173828125 12.800000190734863 5.834914207458496
      vertex -64.37628173828125 12 5.834914207458496
    endloop
  endfacet
  facet normal 0.9807853242703297 0 -0.1950901014811979
    outer loop
      vertex -66.66938018798828 12 11.370939254760742
      vertex -66.8499984741211 12.800000190734863 10.462908744812012
      vertex -66.66938018798828 12.800000190734863 11.370939254760742
    endloop
  endfacet
  facet normal 0.9807853242703297 0 -0.1950901014811979
    outer loop
      vertex -66.8499984741211 12.800000190734863 10.462908744812012
      vertex -66.66938018798828 12 11.370939254760742
      vertex -66.8499984741211 12 10.462908744812012
    endloop
  endfacet
  facet normal 0.9238801366346215 0 0.3826819738790854
    outer loop
      vertex -66.66938018798828 12 8.629060745239258
      vertex -66.3150863647461 12.800000190734863 7.773715972900391
      vertex -66.66938018798828 12.800000190734863 8.629060745239258
    endloop
  endfacet
  facet normal 0.9238801366346215 0 0.3826819738790854
    outer loop
      vertex -66.3150863647461 12.800000190734863 7.773715972900391
      vertex -66.66938018798828 12 8.629060745239258
      vertex -66.3150863647461 12 7.773715972900391
    endloop
  endfacet
  facet normal -0.5555701577673712 0 0.8314696625844735
    outer loop
      vertex -59.9237174987793 12.800000190734863 5.834914207458496
      vertex -59.153926849365234 12 6.349271774291992
      vertex -59.153926849365234 12.800000190734863 6.349271774291992
    endloop
  endfacet
  facet normal -0.5555701577673712 0 0.8314696625844735
    outer loop
      vertex -59.153926849365234 12 6.349271774291992
      vertex -59.9237174987793 12.800000190734863 5.834914207458496
      vertex -59.9237174987793 12 5.834914207458496
    endloop
  endfacet
  facet normal 0.5555701577673712 0 0.8314696625844735
    outer loop
      vertex -65.14607238769531 12.800000190734863 6.349271774291992
      vertex -64.37628173828125 12 5.834914207458496
      vertex -64.37628173828125 12.800000190734863 5.834914207458496
    endloop
  endfacet
  facet normal 0.5555701577673712 0 0.8314696625844735
    outer loop
      vertex -64.37628173828125 12 5.834914207458496
      vertex -65.14607238769531 12.800000190734863 6.349271774291992
      vertex -65.14607238769531 12 6.349271774291992
    endloop
  endfacet
  facet normal -0.9807853242703297 0 0.1950901014811979
    outer loop
      vertex -57.630619049072266 12 8.629060745239258
      vertex -57.45000076293945 12.800000190734863 9.537091255187988
      vertex -57.630619049072266 12.800000190734863 8.629060745239258
    endloop
  endfacet
  facet normal -0.9807853242703297 0 0.1950901014811979
    outer loop
      vertex -57.45000076293945 12.800000190734863 9.537091255187988
      vertex -57.630619049072266 12 8.629060745239258
      vertex -57.45000076293945 12 9.537091255187988
    endloop
  endfacet
  facet normal 0.9807853242703297 0 0.1950901014811979
    outer loop
      vertex -66.8499984741211 12 9.537091255187988
      vertex -66.66938018798828 12.800000190734863 8.629060745239258
      vertex -66.8499984741211 12.800000190734863 9.537091255187988
    endloop
  endfacet
  facet normal 0.9807853242703297 0 0.1950901014811979
    outer loop
      vertex -66.66938018798828 12.800000190734863 8.629060745239258
      vertex -66.8499984741211 12 9.537091255187988
      vertex -66.66938018798828 12 8.629060745239258
    endloop
  endfacet
  facet normal -0.7071057511011141 0 0.7071078112704804
    outer loop
      vertex -59.153926849365234 12.800000190734863 6.349271774291992
      vertex -58.499271392822266 12 7.003925323486328
      vertex -58.499271392822266 12.800000190734863 7.003925323486328
    endloop
  endfacet
  facet normal -0.7071057511011141 0 0.7071078112704804
    outer loop
      vertex -58.499271392822266 12 7.003925323486328
      vertex -59.153926849365234 12.800000190734863 6.349271774291992
      vertex -59.153926849365234 12 6.349271774291992
    endloop
  endfacet
  facet normal 0.9238801366346215 0 -0.3826819738790854
    outer loop
      vertex -66.3150863647461 12 12.22628402709961
      vertex -66.66938018798828 12.800000190734863 11.370939254760742
      vertex -66.3150863647461 12.800000190734863 12.22628402709961
    endloop
  endfacet
  facet normal 0.9238801366346215 0 -0.3826819738790854
    outer loop
      vertex -66.66938018798828 12.800000190734863 11.370939254760742
      vertex -66.3150863647461 12 12.22628402709961
      vertex -66.66938018798828 12 11.370939254760742
    endloop
  endfacet
  facet normal 0.5006232799419242 0.7062231961372091 -0.5006247385197167
    outer loop
      vertex -63.871150970458984 9.995000839233398 12.0972261428833
      vertex -65.80072784423828 12 12.996074676513672
      vertex -65.14607238769531 12 13.650728225708008
    endloop
  endfacet
  facet normal 0.5006264736118013 0.7062242018796792 -0.5006201260421147
    outer loop
      vertex -65.80072784423828 12 12.996074676513672
      vertex -63.871150970458984 9.995000839233398 12.0972261428833
      vertex -64.24722290039062 9.995000839233398 11.721149444580078
    endloop
  endfacet
  facet normal 0.39333677721615523 0.706223216370378 0.5886721909082226
    outer loop
      vertex -63.42892837524414 9.995000839233398 7.607291221618652
      vertex -65.14607238769531 12 6.349271774291992
      vertex -63.871150970458984 9.995000839233398 7.902773857116699
    endloop
  endfacet
  facet normal -0.2709363692950448 0.7062235110577363 -0.6540961979881114
    outer loop
      vertex -59.9237174987793 12 14.165085792541504
      vertex -60.871070861816406 9.995000839233398 12.392708778381348
      vertex -60.77906036376953 12 14.519381523132324
    endloop
  endfacet
  facet normal -0.6943850918731872 0.7062235922299022 0.13812162018365667
    outer loop
      vertex -57.630619049072266 12 8.629060745239258
      vertex -59.45000076293945 9.995000839233398 9.734073638916016
      vertex -57.45000076293945 12 9.537091255187988
    endloop
  endfacet
  facet normal 0.7079888616503756 0.7062235989961009 0
    outer loop
      vertex -64.8499984741211 9.995000839233398 10.265926361083984
      vertex -66.8499984741211 12 9.537091255187988
      vertex -66.8499984741211 12 10.462908744812012
    endloop
  endfacet
  facet normal 0.7079888616503754 0.7062235989961008 0
    outer loop
      vertex -66.8499984741211 12 9.537091255187988
      vertex -64.8499984741211 9.995000839233398 10.265926361083984
      vertex -64.8499984741211 9.995000839233398 9.734073638916016
    endloop
  endfacet
  facet normal -0.7079888616503756 0.7062235989961009 0
    outer loop
      vertex -59.45000076293945 9.995000839233398 9.734073638916016
      vertex -57.45000076293945 12 10.462908744812012
      vertex -57.45000076293945 12 9.537091255187988
    endloop
  endfacet
  facet normal -0.7079888616503754 0.7062235989961008 0
    outer loop
      vertex -57.45000076293945 12 10.462908744812012
      vertex -59.45000076293945 9.995000839233398 9.734073638916016
      vertex -59.45000076293945 9.995000839233398 10.265926361083984
    endloop
  endfacet
  facet normal 0 0.7062235989961008 -0.7079888616503754
    outer loop
      vertex -62.41592788696289 9.995000839233398 12.699999809265137
      vertex -61.68709182739258 12 14.699999809265137
      vertex -61.88407516479492 9.995000839233398 12.699999809265137
    endloop
  endfacet
  facet normal 0 0.7062235989961008 -0.7079888616503756
    outer loop
      vertex -61.68709182739258 12 14.699999809265137
      vertex -62.41592788696289 9.995000839233398 12.699999809265137
      vertex -62.61290740966797 12 14.699999809265137
    endloop
  endfacet
  facet normal 0.654096894707855 0.7062235464008847 0.27093459513782786
    outer loop
      vertex -66.3150863647461 12 7.773715972900391
      vertex -66.66938018798828 12 8.629060745239258
      vertex -64.54270935058594 9.995000839233398 8.721071243286133
    endloop
  endfacet
  facet normal -0.3933375840763128 0.7062234176275849 0.5886714103363805
    outer loop
      vertex -59.9237174987793 12 5.834914207458496
      vertex -60.871070861816406 9.995000839233398 7.607291221618652
      vertex -59.153926849365234 12 6.349271774291992
    endloop
  endfacet
  facet normal 0.6540971970521713 0.7062238029121151 -0.2709331965796055
    outer loop
      vertex -64.7462387084961 9.995000839233398 10.78756046295166
      vertex -66.66938018798828 12 11.370939254760742
      vertex -64.54270935058594 9.995000839233398 11.278928756713867
    endloop
  endfacet
  facet normal -0.5886711548981622 0.7062235206004117 0.3933377814825621
    outer loop
      vertex -58.499271392822266 12 7.003925323486328
      vertex -60.052772521972656 9.995000839233398 8.278850555419922
      vertex -59.75728988647461 9.995000839233398 8.721071243286133
    endloop
  endfacet
  facet normal -0.6943848903385449 0.7062236905855861 0.13812213046865876
    outer loop
      vertex -57.630619049072266 12 8.629060745239258
      vertex -59.55376052856445 9.995000839233398 9.21243953704834
      vertex -59.45000076293945 9.995000839233398 9.734073638916016
    endloop
  endfacet
  facet normal -0.6540971970521713 0.7062238029121151 0.2709331965796055
    outer loop
      vertex -57.630619049072266 12 8.629060745239258
      vertex -59.75728988647461 9.995000839233398 8.721071243286133
      vertex -59.55376052856445 9.995000839233398 9.21243953704834
    endloop
  endfacet
  facet normal -0.6540971970521713 0.7062238029121151 -0.2709331965796055
    outer loop
      vertex -59.55376052856445 9.995000839233398 10.78756046295166
      vertex -59.75728988647461 9.995000839233398 11.278928756713867
      vertex -57.630619049072266 12 11.370939254760742
    endloop
  endfacet
  facet normal 0.5886681710973921 0.7062242899130031 -0.3933408657560588
    outer loop
      vertex -64.54270935058594 9.995000839233398 11.278928756713867
      vertex -65.80072784423828 12 12.996074676513672
      vertex -64.24722290039062 9.995000839233398 11.721149444580078
    endloop
  endfacet
  facet normal -0.5886709426560796 0.7062235753232724 0.39333800087204474
    outer loop
      vertex -58.499271392822266 12 7.003925323486328
      vertex -59.75728988647461 9.995000839233398 8.721071243286133
      vertex -57.98491287231445 12 7.773715972900391
    endloop
  endfacet
  facet normal -0.2709358904911861 0.7062235988766474 -0.6540963014980778
    outer loop
      vertex -60.871070861816406 9.995000839233398 12.392708778381348
      vertex -61.3624382019043 9.995000839233398 12.596240043640137
      vertex -60.77906036376953 12 14.519381523132324
    endloop
  endfacet
  facet normal -0.5886711548981622 0.7062235206004117 -0.3933377814825621
    outer loop
      vertex -59.75728988647461 9.995000839233398 11.278928756713867
      vertex -60.052772521972656 9.995000839233398 11.721149444580078
      vertex -58.499271392822266 12 12.996074676513672
    endloop
  endfacet
  facet normal -0.654096894707855 0.7062235464008847 0.27093459513782786
    outer loop
      vertex -57.98491287231445 12 7.773715972900391
      vertex -59.75728988647461 9.995000839233398 8.721071243286133
      vertex -57.630619049072266 12 8.629060745239258
    endloop
  endfacet
  facet normal 0.6943848903385449 0.7062236905855861 -0.13812213046865876
    outer loop
      vertex -64.8499984741211 9.995000839233398 10.265926361083984
      vertex -66.66938018798828 12 11.370939254760742
      vertex -64.7462387084961 9.995000839233398 10.78756046295166
    endloop
  endfacet
  facet normal -0.3933388380772519 0.7062237304146984 0.5886701971895509
    outer loop
      vertex -59.153926849365234 12 6.349271774291992
      vertex -60.871070861816406 9.995000839233398 7.607291221618652
      vertex -60.42885208129883 9.995000839233398 7.902773857116699
    endloop
  endfacet
  facet normal -0.5006229431902233 0.7062236735673458 -0.5006244017670345
    outer loop
      vertex -58.499271392822266 12 12.996074676513672
      vertex -60.42885208129883 9.995000839233398 12.0972261428833
      vertex -59.153926849365234 12 13.650728225708008
    endloop
  endfacet
  facet normal -0.5006219817784633 0.706223370797525 -0.5006257902861034
    outer loop
      vertex -60.42885208129883 9.995000839233398 12.0972261428833
      vertex -58.499271392822266 12 12.996074676513672
      vertex -60.052772521972656 9.995000839233398 11.721149444580078
    endloop
  endfacet
  facet normal 0.1381223774139441 0.7062236698512859 -0.694384862305697
    outer loop
      vertex -62.93756103515625 9.995000839233398 12.596240043640137
      vertex -63.520938873291016 12 14.519381523132324
      vertex -62.41592788696289 9.995000839233398 12.699999809265137
    endloop
  endfacet
  facet normal -0.2709363692950448 0.7062235110577363 0.6540961979881114
    outer loop
      vertex -60.77906036376953 12 5.480618476867676
      vertex -60.871070861816406 9.995000839233398 7.607291221618652
      vertex -59.9237174987793 12 5.834914207458496
    endloop
  endfacet
  facet normal 0.1381223774139441 0.7062236698512859 0.694384862305697
    outer loop
      vertex -62.41592788696289 9.995000839233398 7.300000190734863
      vertex -63.520938873291016 12 5.480618476867676
      vertex -62.93756103515625 9.995000839233398 7.403759956359863
    endloop
  endfacet
  facet normal -0.5006219817784633 0.706223370797525 0.5006257902861034
    outer loop
      vertex -58.499271392822266 12 7.003925323486328
      vertex -60.42885208129883 9.995000839233398 7.902773857116699
      vertex -60.052772521972656 9.995000839233398 8.278850555419922
    endloop
  endfacet
  facet normal -0.5006229431902233 0.7062236735673458 0.5006244017670345
    outer loop
      vertex -60.42885208129883 9.995000839233398 7.902773857116699
      vertex -58.499271392822266 12 7.003925323486328
      vertex -59.153926849365234 12 6.349271774291992
    endloop
  endfacet
  facet normal -0.654096894707855 0.7062235464008847 -0.27093459513782786
    outer loop
      vertex -57.630619049072266 12 11.370939254760742
      vertex -59.75728988647461 9.995000839233398 11.278928756713867
      vertex -57.98491287231445 12 12.22628402709961
    endloop
  endfacet
  facet normal -0.5886709426560796 0.7062235753232724 -0.39333800087204474
    outer loop
      vertex -57.98491287231445 12 12.22628402709961
      vertex -59.75728988647461 9.995000839233398 11.278928756713867
      vertex -58.499271392822266 12 12.996074676513672
    endloop
  endfacet
  facet normal -0.3933375840763128 0.7062234176275849 -0.5886714103363805
    outer loop
      vertex -59.153926849365234 12 13.650728225708008
      vertex -60.871070861816406 9.995000839233398 12.392708778381348
      vertex -59.9237174987793 12 14.165085792541504
    endloop
  endfacet
  facet normal -0.3933388380772519 0.7062237304146984 -0.5886701971895509
    outer loop
      vertex -60.42885208129883 9.995000839233398 12.0972261428833
      vertex -60.871070861816406 9.995000839233398 12.392708778381348
      vertex -59.153926849365234 12 13.650728225708008
    endloop
  endfacet
  facet normal 0.3933375840763128 0.7062234176275849 -0.5886714103363805
    outer loop
      vertex -63.42892837524414 9.995000839233398 12.392708778381348
      vertex -65.14607238769531 12 13.650728225708008
      vertex -64.37628173828125 12 14.165085792541504
    endloop
  endfacet
  facet normal 0.2709363692950448 0.7062235110577363 -0.6540961979881114
    outer loop
      vertex -63.42892837524414 9.995000839233398 12.392708778381348
      vertex -64.37628173828125 12 14.165085792541504
      vertex -63.520938873291016 12 14.519381523132324
    endloop
  endfacet
  facet normal 0.2709358904911861 0.7062235988766474 -0.6540963014980778
    outer loop
      vertex -63.42892837524414 9.995000839233398 12.392708778381348
      vertex -63.520938873291016 12 14.519381523132324
      vertex -62.93756103515625 9.995000839233398 12.596240043640137
    endloop
  endfacet
  facet normal 0 0.7062235989961008 0.7079888616503754
    outer loop
      vertex -61.68709182739258 12 5.300000190734863
      vertex -62.41592788696289 9.995000839233398 7.300000190734863
      vertex -61.88407516479492 9.995000839233398 7.300000190734863
    endloop
  endfacet
  facet normal 0 0.7062235989961008 0.7079888616503756
    outer loop
      vertex -62.41592788696289 9.995000839233398 7.300000190734863
      vertex -61.68709182739258 12 5.300000190734863
      vertex -62.61290740966797 12 5.300000190734863
    endloop
  endfacet
  facet normal -0.2709358904911861 0.7062235988766474 0.6540963014980778
    outer loop
      vertex -60.77906036376953 12 5.480618476867676
      vertex -61.3624382019043 9.995000839233398 7.403759956359863
      vertex -60.871070861816406 9.995000839233398 7.607291221618652
    endloop
  endfacet
  facet normal -0.13812141527167987 0.7062236210653872 0.6943851033055365
    outer loop
      vertex -60.77906036376953 12 5.480618476867676
      vertex -61.88407516479492 9.995000839233398 7.300000190734863
      vertex -61.3624382019043 9.995000839233398 7.403759956359863
    endloop
  endfacet
  facet normal -0.13812147286851478 0.7062236321670265 0.694385080557931
    outer loop
      vertex -61.68709182739258 12 5.300000190734863
      vertex -61.88407516479492 9.995000839233398 7.300000190734863
      vertex -60.77906036376953 12 5.480618476867676
    endloop
  endfacet
  facet normal 0.13812149850217192 0.7062235004445115 0.6943852094273146
    outer loop
      vertex -62.61290740966797 12 5.300000190734863
      vertex -63.520938873291016 12 5.480618476867676
      vertex -62.41592788696289 9.995000839233398 7.300000190734863
    endloop
  endfacet
  facet normal -0.6943850918731872 0.7062235922299022 -0.13812162018365667
    outer loop
      vertex -57.45000076293945 12 10.462908744812012
      vertex -59.45000076293945 9.995000839233398 10.265926361083984
      vertex -57.630619049072266 12 11.370939254760742
    endloop
  endfacet
  facet normal -0.6943848903385449 0.7062236905855861 -0.13812213046865876
    outer loop
      vertex -59.45000076293945 9.995000839233398 10.265926361083984
      vertex -59.55376052856445 9.995000839233398 10.78756046295166
      vertex -57.630619049072266 12 11.370939254760742
    endloop
  endfacet
  facet normal 0.13812149850217192 0.7062235004445115 -0.6943852094273146
    outer loop
      vertex -62.41592788696289 9.995000839233398 12.699999809265137
      vertex -63.520938873291016 12 14.519381523132324
      vertex -62.61290740966797 12 14.699999809265137
    endloop
  endfacet
  facet normal 0.39333677721615523 0.706223216370378 -0.5886721909082226
    outer loop
      vertex -63.871150970458984 9.995000839233398 12.0972261428833
      vertex -65.14607238769531 12 13.650728225708008
      vertex -63.42892837524414 9.995000839233398 12.392708778381348
    endloop
  endfacet
  facet normal 0.2709363692950448 0.7062235110577363 0.6540961979881114
    outer loop
      vertex -63.520938873291016 12 5.480618476867676
      vertex -64.37628173828125 12 5.834914207458496
      vertex -63.42892837524414 9.995000839233398 7.607291221618652
    endloop
  endfacet
  facet normal 0.2709358904911861 0.7062235988766474 0.6540963014980778
    outer loop
      vertex -62.93756103515625 9.995000839233398 7.403759956359863
      vertex -63.520938873291016 12 5.480618476867676
      vertex -63.42892837524414 9.995000839233398 7.607291221618652
    endloop
  endfacet
  facet normal 0.6540971970521713 0.7062238029121151 0.2709331965796055
    outer loop
      vertex -64.54270935058594 9.995000839233398 8.721071243286133
      vertex -66.66938018798828 12 8.629060745239258
      vertex -64.7462387084961 9.995000839233398 9.21243953704834
    endloop
  endfacet
  facet normal 0.5886709426560796 0.7062235753232724 0.39333800087204474
    outer loop
      vertex -65.80072784423828 12 7.003925323486328
      vertex -66.3150863647461 12 7.773715972900391
      vertex -64.54270935058594 9.995000839233398 8.721071243286133
    endloop
  endfacet
  facet normal -0.13812141527167987 0.7062236210653872 -0.6943851033055365
    outer loop
      vertex -61.3624382019043 9.995000839233398 12.596240043640137
      vertex -61.88407516479492 9.995000839233398 12.699999809265137
      vertex -60.77906036376953 12 14.519381523132324
    endloop
  endfacet
  facet normal -0.13812147286851478 0.7062236321670265 -0.694385080557931
    outer loop
      vertex -60.77906036376953 12 14.519381523132324
      vertex -61.88407516479492 9.995000839233398 12.699999809265137
      vertex -61.68709182739258 12 14.699999809265137
    endloop
  endfacet
  facet normal 0.5886709426560796 0.7062235753232724 -0.39333800087204474
    outer loop
      vertex -64.54270935058594 9.995000839233398 11.278928756713867
      vertex -66.3150863647461 12 12.22628402709961
      vertex -65.80072784423828 12 12.996074676513672
    endloop
  endfacet
  facet normal 0.654096894707855 0.7062235464008847 -0.27093459513782786
    outer loop
      vertex -64.54270935058594 9.995000839233398 11.278928756713867
      vertex -66.66938018798828 12 11.370939254760742
      vertex -66.3150863647461 12 12.22628402709961
    endloop
  endfacet
  facet normal 0.6943850918731872 0.7062235922299022 -0.13812162018365667
    outer loop
      vertex -64.8499984741211 9.995000839233398 10.265926361083984
      vertex -66.8499984741211 12 10.462908744812012
      vertex -66.66938018798828 12 11.370939254760742
    endloop
  endfacet
  facet normal 0.3933375840763128 0.7062234176275849 0.5886714103363805
    outer loop
      vertex -64.37628173828125 12 5.834914207458496
      vertex -65.14607238769531 12 6.349271774291992
      vertex -63.42892837524414 9.995000839233398 7.607291221618652
    endloop
  endfacet
  facet normal 0.5886681710973921 0.7062242899130031 0.3933408657560588
    outer loop
      vertex -64.24722290039062 9.995000839233398 8.278850555419922
      vertex -65.80072784423828 12 7.003925323486328
      vertex -64.54270935058594 9.995000839233398 8.721071243286133
    endloop
  endfacet
  facet normal 0.6943850918731872 0.7062235922299022 0.13812162018365667
    outer loop
      vertex -66.66938018798828 12 8.629060745239258
      vertex -66.8499984741211 12 9.537091255187988
      vertex -64.8499984741211 9.995000839233398 9.734073638916016
    endloop
  endfacet
  facet normal 0.6943848903385449 0.7062236905855861 0.13812213046865876
    outer loop
      vertex -64.7462387084961 9.995000839233398 9.21243953704834
      vertex -66.66938018798828 12 8.629060745239258
      vertex -64.8499984741211 9.995000839233398 9.734073638916016
    endloop
  endfacet
  facet normal 0.5006264736118013 0.7062242018796792 0.5006201260421147
    outer loop
      vertex -63.871150970458984 9.995000839233398 7.902773857116699
      vertex -65.80072784423828 12 7.003925323486328
      vertex -64.24722290039062 9.995000839233398 8.278850555419922
    endloop
  endfacet
  facet normal 0.5006232799419242 0.7062231961372091 0.5006247385197167
    outer loop
      vertex -65.80072784423828 12 7.003925323486328
      vertex -63.871150970458984 9.995000839233398 7.902773857116699
      vertex -65.14607238769531 12 6.349271774291992
    endloop
  endfacet
  facet normal -0.5555721738204088 0 0.8314683154976296
    outer loop
      vertex -60.871070861816406 9.995000839233398 7.607291221618652
      vertex -60.42885208129883 1.5000008344650269 7.902773857116699
      vertex -60.42885208129883 9.995000839233398 7.902773857116699
    endloop
  endfacet
  facet normal -0.5555721738204088 0 0.8314683154976296
    outer loop
      vertex -60.42885208129883 1.5000008344650269 7.902773857116699
      vertex -60.871070861816406 9.995000839233398 7.607291221618652
      vertex -60.871070861816406 1.5000009536743164 7.607291221618652
    endloop
  endfacet
  facet normal -0.19508981997889988 0 0.9807853802645106
    outer loop
      vertex -61.88407516479492 9.995000839233398 7.300000190734863
      vertex -61.3624382019043 1.5000009536743164 7.403759956359863
      vertex -61.3624382019043 9.995000839233398 7.403759956359863
    endloop
  endfacet
  facet normal -0.19508981997889988 0 0.9807853802645106
    outer loop
      vertex -61.3624382019043 1.5000009536743164 7.403759956359863
      vertex -61.88407516479492 9.995000839233398 7.300000190734863
      vertex -61.88407516479492 1.5000009536743164 7.300000190734863
    endloop
  endfacet
  facet normal -0.9807851755259619 0 -0.1950908492690218
    outer loop
      vertex -59.45000076293945 1.5000008344650269 10.265926361083984
      vertex -59.55376052856445 9.995000839233398 10.78756046295166
      vertex -59.45000076293945 9.995000839233398 10.265926361083984
    endloop
  endfacet
  facet normal -0.9807851755259619 0 -0.1950908492690218
    outer loop
      vertex -59.55376052856445 9.995000839233398 10.78756046295166
      vertex -59.45000076293945 1.5000008344650269 10.265926361083984
      vertex -59.55376052856445 1.5000008344650269 10.78756046295166
    endloop
  endfacet
  facet normal -0.9807851755259619 0 0.1950908492690218
    outer loop
      vertex -59.55376052856445 1.5000008344650269 9.21243953704834
      vertex -59.45000076293945 9.995000839233398 9.734073638916016
      vertex -59.55376052856445 9.995000839233398 9.21243953704834
    endloop
  endfacet
  facet normal -0.9807851755259619 0 0.1950908492690218
    outer loop
      vertex -59.45000076293945 9.995000839233398 9.734073638916016
      vertex -59.55376052856445 1.5000008344650269 9.21243953704834
      vertex -59.45000076293945 1.5000008344650269 9.734073638916016
    endloop
  endfacet
  facet normal 0.8314661091805103 0 -0.5555754757764455
    outer loop
      vertex -64.24722290039062 9.995000839233398 11.721149444580078
      vertex -64.54270935058594 1.5000008344650269 11.278928756713867
      vertex -64.54270935058594 9.995000839233398 11.278928756713867
    endloop
  endfacet
  facet normal 0.8314661091805103 0 -0.5555754757764455
    outer loop
      vertex -64.54270935058594 1.5000008344650269 11.278928756713867
      vertex -64.24722290039062 9.995000839233398 11.721149444580078
      vertex -64.24722290039062 1.5000007152557373 11.721149444580078
    endloop
  endfacet
  facet normal -0.8314694224211943 0 -0.5555705171970212
    outer loop
      vertex -59.75728988647461 1.5000008344650269 11.278928756713867
      vertex -60.052772521972656 9.995000839233398 11.721149444580078
      vertex -59.75728988647461 9.995000839233398 11.278928756713867
    endloop
  endfacet
  facet normal -0.8314694224211943 0 -0.5555705171970212
    outer loop
      vertex -60.052772521972656 9.995000839233398 11.721149444580078
      vertex -59.75728988647461 1.5000008344650269 11.278928756713867
      vertex -60.052772521972656 1.5000007152557373 11.721149444580078
    endloop
  endfacet
  facet normal -0.38268383179647086 0 0.9238793670612903
    outer loop
      vertex -61.3624382019043 9.995000839233398 7.403759956359863
      vertex -60.871070861816406 1.5000009536743164 7.607291221618652
      vertex -60.871070861816406 9.995000839233398 7.607291221618652
    endloop
  endfacet
  facet normal -0.38268383179647086 0 0.9238793670612903
    outer loop
      vertex -60.871070861816406 1.5000009536743164 7.607291221618652
      vertex -61.3624382019043 9.995000839233398 7.403759956359863
      vertex -61.3624382019043 1.5000009536743164 7.403759956359863
    endloop
  endfacet
  facet normal 1 0 0
    outer loop
      vertex -64.8499984741211 1.5000008344650269 10.265926361083984
      vertex -64.8499984741211 9.995000839233398 9.734073638916016
      vertex -64.8499984741211 9.995000839233398 10.265926361083984
    endloop
  endfacet
  facet normal 1 0 0
    outer loop
      vertex -64.8499984741211 9.995000839233398 9.734073638916016
      vertex -64.8499984741211 1.5000008344650269 10.265926361083984
      vertex -64.8499984741211 1.5000008344650269 9.734073638916016
    endloop
  endfacet
  facet normal -0.9238808975777573 0 0.3826801367864781
    outer loop
      vertex -59.75728988647461 1.5000008344650269 8.721071243286133
      vertex -59.55376052856445 9.995000839233398 9.21243953704834
      vertex -59.75728988647461 9.995000839233398 8.721071243286133
    endloop
  endfacet
  facet normal -0.9238808975777573 0 0.3826801367864781
    outer loop
      vertex -59.55376052856445 9.995000839233398 9.21243953704834
      vertex -59.75728988647461 1.5000008344650269 8.721071243286133
      vertex -59.55376052856445 1.5000008344650269 9.21243953704834
    endloop
  endfacet
  facet normal 0.38268383179647086 0 0.9238793670612903
    outer loop
      vertex -63.42892837524414 9.995000839233398 7.607291221618652
      vertex -62.93756103515625 1.5000009536743164 7.403759956359863
      vertex -62.93756103515625 9.995000839233398 7.403759956359863
    endloop
  endfacet
  facet normal 0.38268383179647086 0 0.9238793670612903
    outer loop
      vertex -62.93756103515625 1.5000009536743164 7.403759956359863
      vertex -63.42892837524414 9.995000839233398 7.607291221618652
      vertex -63.42892837524414 1.5000009536743164 7.607291221618652
    endloop
  endfacet
  facet normal -0.7071040915159431 0 0.7071094708469211
    outer loop
      vertex -60.42885208129883 9.995000839233398 7.902773857116699
      vertex -60.052772521972656 1.5000008344650269 8.278850555419922
      vertex -60.052772521972656 9.995000839233398 8.278850555419922
    endloop
  endfacet
  facet normal -0.7071040915159431 0 0.7071094708469211
    outer loop
      vertex -60.052772521972656 1.5000008344650269 8.278850555419922
      vertex -60.42885208129883 9.995000839233398 7.902773857116699
      vertex -60.42885208129883 1.5000008344650269 7.902773857116699
    endloop
  endfacet
  facet normal 0.5555688605813078 0 -0.831470529334857
    outer loop
      vertex -63.871150970458984 1.5000007152557373 12.0972261428833
      vertex -63.42892837524414 9.995000839233398 12.392708778381348
      vertex -63.42892837524414 1.5000007152557373 12.392708778381348
    endloop
  endfacet
  facet normal 0.5555688605813078 0 -0.831470529334857
    outer loop
      vertex -63.42892837524414 9.995000839233398 12.392708778381348
      vertex -63.871150970458984 1.5000007152557373 12.0972261428833
      vertex -63.871150970458984 9.995000839233398 12.0972261428833
    endloop
  endfacet
  facet normal -0.38268383179647086 0 -0.9238793670612904
    outer loop
      vertex -61.3624382019043 1.5000007152557373 12.596240043640137
      vertex -60.871070861816406 9.995000839233398 12.392708778381348
      vertex -60.871070861816406 1.5000007152557373 12.392708778381348
    endloop
  endfacet
  facet normal -0.38268383179647086 0 -0.9238793670612904
    outer loop
      vertex -60.871070861816406 9.995000839233398 12.392708778381348
      vertex -61.3624382019043 1.5000007152557373 12.596240043640137
      vertex -61.3624382019043 9.995000839233398 12.596240043640137
    endloop
  endfacet
  facet normal -0.7071040915159431 0 -0.7071094708469212
    outer loop
      vertex -60.42885208129883 1.5000007152557373 12.0972261428833
      vertex -60.052772521972656 9.995000839233398 11.721149444580078
      vertex -60.052772521972656 1.5000007152557373 11.721149444580078
    endloop
  endfacet
  facet normal -0.7071040915159431 0 -0.7071094708469212
    outer loop
      vertex -60.052772521972656 9.995000839233398 11.721149444580078
      vertex -60.42885208129883 1.5000007152557373 12.0972261428833
      vertex -60.42885208129883 9.995000839233398 12.0972261428833
    endloop
  endfacet
  facet normal 0.7071112639936236 0 0.7071022983510518
    outer loop
      vertex -64.24722290039062 1.5000008344650269 8.278850555419922
      vertex -63.871150970458984 9.995000839233398 7.902773857116699
      vertex -64.24722290039062 9.995000839233398 8.278850555419922
    endloop
  endfacet
  facet normal 0.7071112639936236 0 0.7071022983510518
    outer loop
      vertex -63.871150970458984 9.995000839233398 7.902773857116699
      vertex -64.24722290039062 1.5000008344650269 8.278850555419922
      vertex -63.871150970458984 1.5000008344650269 7.902773857116699
    endloop
  endfacet
  facet normal -0.9238808975777573 0 -0.3826801367864781
    outer loop
      vertex -59.55376052856445 1.5000008344650269 10.78756046295166
      vertex -59.75728988647461 9.995000839233398 11.278928756713867
      vertex -59.55376052856445 9.995000839233398 10.78756046295166
    endloop
  endfacet
  facet normal -0.9238808975777573 0 -0.3826801367864781
    outer loop
      vertex -59.75728988647461 9.995000839233398 11.278928756713867
      vertex -59.55376052856445 1.5000008344650269 10.78756046295166
      vertex -59.75728988647461 1.5000008344650269 11.278928756713867
    endloop
  endfacet
  facet normal -0.8314694224211943 0 0.5555705171970212
    outer loop
      vertex -60.052772521972656 1.5000008344650269 8.278850555419922
      vertex -59.75728988647461 9.995000839233398 8.721071243286133
      vertex -60.052772521972656 9.995000839233398 8.278850555419922
    endloop
  endfacet
  facet normal -0.8314694224211943 0 0.5555705171970212
    outer loop
      vertex -59.75728988647461 9.995000839233398 8.721071243286133
      vertex -60.052772521972656 1.5000008344650269 8.278850555419922
      vertex -59.75728988647461 1.5000008344650269 8.721071243286133
    endloop
  endfacet
  facet normal 0 0 -1
    outer loop
      vertex -62.41592788696289 1.5000007152557373 12.699999809265137
      vertex -61.88407516479492 9.995000839233398 12.699999809265137
      vertex -61.88407516479492 1.5000007152557373 12.699999809265137
    endloop
  endfacet
  facet normal 0 0 -1
    outer loop
      vertex -61.88407516479492 9.995000839233398 12.699999809265137
      vertex -62.41592788696289 1.5000007152557373 12.699999809265137
      vertex -62.41592788696289 9.995000839233398 12.699999809265137
    endloop
  endfacet
  facet normal 0.9807851755259619 0 -0.1950908492690218
    outer loop
      vertex -64.7462387084961 1.5000008344650269 10.78756046295166
      vertex -64.8499984741211 9.995000839233398 10.265926361083984
      vertex -64.7462387084961 9.995000839233398 10.78756046295166
    endloop
  endfacet
  facet normal 0.9807851755259619 0 -0.1950908492690218
    outer loop
      vertex -64.8499984741211 9.995000839233398 10.265926361083984
      vertex -64.7462387084961 1.5000008344650269 10.78756046295166
      vertex -64.8499984741211 1.5000008344650269 10.265926361083984
    endloop
  endfacet
  facet normal -1 0 0
    outer loop
      vertex -59.45000076293945 1.5000008344650269 9.734073638916016
      vertex -59.45000076293945 9.995000839233398 10.265926361083984
      vertex -59.45000076293945 9.995000839233398 9.734073638916016
    endloop
  endfacet
  facet normal -1 0 0
    outer loop
      vertex -59.45000076293945 9.995000839233398 10.265926361083984
      vertex -59.45000076293945 1.5000008344650269 9.734073638916016
      vertex -59.45000076293945 1.5000008344650269 10.265926361083984
    endloop
  endfacet
  facet normal 0.9238808975777573 0 -0.3826801367864781
    outer loop
      vertex -64.54270935058594 1.5000008344650269 11.278928756713867
      vertex -64.7462387084961 9.995000839233398 10.78756046295166
      vertex -64.54270935058594 9.995000839233398 11.278928756713867
    endloop
  endfacet
  facet normal 0.9238808975777573 0 -0.3826801367864781
    outer loop
      vertex -64.7462387084961 9.995000839233398 10.78756046295166
      vertex -64.54270935058594 1.5000008344650269 11.278928756713867
      vertex -64.7462387084961 1.5000008344650269 10.78756046295166
    endloop
  endfacet
  facet normal -0.5555721738204088 0 -0.8314683154976296
    outer loop
      vertex -60.871070861816406 1.5000007152557373 12.392708778381348
      vertex -60.42885208129883 9.995000839233398 12.0972261428833
      vertex -60.42885208129883 1.5000007152557373 12.0972261428833
    endloop
  endfacet
  facet normal -0.5555721738204088 0 -0.8314683154976296
    outer loop
      vertex -60.42885208129883 9.995000839233398 12.0972261428833
      vertex -60.871070861816406 1.5000007152557373 12.392708778381348
      vertex -60.871070861816406 9.995000839233398 12.392708778381348
    endloop
  endfacet
  facet normal 0.9807851755259619 0 0.1950908492690218
    outer loop
      vertex -64.8499984741211 1.5000008344650269 9.734073638916016
      vertex -64.7462387084961 9.995000839233398 9.21243953704834
      vertex -64.8499984741211 9.995000839233398 9.734073638916016
    endloop
  endfacet
  facet normal 0.9807851755259619 0 0.1950908492690218
    outer loop
      vertex -64.7462387084961 9.995000839233398 9.21243953704834
      vertex -64.8499984741211 1.5000008344650269 9.734073638916016
      vertex -64.7462387084961 1.5000008344650269 9.21243953704834
    endloop
  endfacet
  facet normal 0.38268383179647086 0 -0.9238793670612904
    outer loop
      vertex -63.42892837524414 1.5000007152557373 12.392708778381348
      vertex -62.93756103515625 9.995000839233398 12.596240043640137
      vertex -62.93756103515625 1.5000007152557373 12.596240043640137
    endloop
  endfacet
  facet normal 0.38268383179647086 0 -0.9238793670612904
    outer loop
      vertex -62.93756103515625 9.995000839233398 12.596240043640137
      vertex -63.42892837524414 1.5000007152557373 12.392708778381348
      vertex -63.42892837524414 9.995000839233398 12.392708778381348
    endloop
  endfacet
  facet normal 0.9238808975777573 0 0.3826801367864781
    outer loop
      vertex -64.7462387084961 1.5000008344650269 9.21243953704834
      vertex -64.54270935058594 9.995000839233398 8.721071243286133
      vertex -64.7462387084961 9.995000839233398 9.21243953704834
    endloop
  endfacet
  facet normal 0.9238808975777573 0 0.3826801367864781
    outer loop
      vertex -64.54270935058594 9.995000839233398 8.721071243286133
      vertex -64.7462387084961 1.5000008344650269 9.21243953704834
      vertex -64.54270935058594 1.5000008344650269 8.721071243286133
    endloop
  endfacet
  facet normal -0.1950898199788999 0 -0.9807853802645106
    outer loop
      vertex -61.88407516479492 1.5000007152557373 12.699999809265137
      vertex -61.3624382019043 9.995000839233398 12.596240043640137
      vertex -61.3624382019043 1.5000007152557373 12.596240043640137
    endloop
  endfacet
  facet normal -0.1950898199788999 0 -0.9807853802645106
    outer loop
      vertex -61.3624382019043 9.995000839233398 12.596240043640137
      vertex -61.88407516479492 1.5000007152557373 12.699999809265137
      vertex -61.88407516479492 9.995000839233398 12.699999809265137
    endloop
  endfacet
  facet normal 0.5555688605813078 0 0.8314705293348571
    outer loop
      vertex -63.871150970458984 9.995000839233398 7.902773857116699
      vertex -63.42892837524414 1.5000009536743164 7.607291221618652
      vertex -63.42892837524414 9.995000839233398 7.607291221618652
    endloop
  endfacet
  facet normal 0.5555688605813078 0 0.8314705293348571
    outer loop
      vertex -63.42892837524414 1.5000009536743164 7.607291221618652
      vertex -63.871150970458984 9.995000839233398 7.902773857116699
      vertex -63.871150970458984 1.5000008344650269 7.902773857116699
    endloop
  endfacet
  facet normal 0.8314661091805103 0 0.5555754757764455
    outer loop
      vertex -64.54270935058594 1.5000008344650269 8.721071243286133
      vertex -64.24722290039062 9.995000839233398 8.278850555419922
      vertex -64.54270935058594 9.995000839233398 8.721071243286133
    endloop
  endfacet
  facet normal 0.8314661091805103 0 0.5555754757764455
    outer loop
      vertex -64.24722290039062 9.995000839233398 8.278850555419922
      vertex -64.54270935058594 1.5000008344650269 8.721071243286133
      vertex -64.24722290039062 1.5000008344650269 8.278850555419922
    endloop
  endfacet
  facet normal 0.7071112639936236 0 -0.7071022983510519
    outer loop
      vertex -63.871150970458984 1.5000007152557373 12.0972261428833
      vertex -64.24722290039062 9.995000839233398 11.721149444580078
      vertex -63.871150970458984 9.995000839233398 12.0972261428833
    endloop
  endfacet
  facet normal 0.7071112639936236 0 -0.7071022983510519
    outer loop
      vertex -64.24722290039062 9.995000839233398 11.721149444580078
      vertex -63.871150970458984 1.5000007152557373 12.0972261428833
      vertex -64.24722290039062 1.5000007152557373 11.721149444580078
    endloop
  endfacet
  facet normal 0.1950911923680949 0 -0.980785107279059
    outer loop
      vertex -62.93756103515625 1.5000007152557373 12.596240043640137
      vertex -62.41592788696289 9.995000839233398 12.699999809265137
      vertex -62.41592788696289 1.5000007152557373 12.699999809265137
    endloop
  endfacet
  facet normal 0.1950911923680949 0 -0.980785107279059
    outer loop
      vertex -62.41592788696289 9.995000839233398 12.699999809265137
      vertex -62.93756103515625 1.5000007152557373 12.596240043640137
      vertex -62.93756103515625 9.995000839233398 12.596240043640137
    endloop
  endfacet
  facet normal 0.19509119236809488 0 0.9807851072790588
    outer loop
      vertex -62.93756103515625 9.995000839233398 7.403759956359863
      vertex -62.41592788696289 1.5000009536743164 7.300000190734863
      vertex -62.41592788696289 9.995000839233398 7.300000190734863
    endloop
  endfacet
  facet normal 0.19509119236809488 0 0.9807851072790588
    outer loop
      vertex -62.41592788696289 1.5000009536743164 7.300000190734863
      vertex -62.93756103515625 9.995000839233398 7.403759956359863
      vertex -62.93756103515625 1.5000009536743164 7.403759956359863
    endloop
  endfacet
  facet normal 0 0 1
    outer loop
      vertex -62.41592788696289 9.995000839233398 7.300000190734863
      vertex -61.88407516479492 1.5000009536743164 7.300000190734863
      vertex -61.88407516479492 9.995000839233398 7.300000190734863
    endloop
  endfacet
  facet normal 0 0 1
    outer loop
      vertex -61.88407516479492 1.5000009536743164 7.300000190734863
      vertex -62.41592788696289 9.995000839233398 7.300000190734863
      vertex -62.41592788696289 1.5000009536743164 7.300000190734863
    endloop
  endfacet
  facet normal 0.1950901014811979 0 0.9807853242703297
    outer loop
      vertex -13.520938873291016 12.800000190734863 5.480618476867676
      vertex -12.612908363342285 12 5.300000190734863
      vertex -12.612908363342285 12.800000190734863 5.300000190734863
    endloop
  endfacet
  facet normal 0.1950901014811979 0 0.9807853242703297
    outer loop
      vertex -12.612908363342285 12 5.300000190734863
      vertex -13.520938873291016 12.800000190734863 5.480618476867676
      vertex -13.520938873291016 12 5.480618476867676
    endloop
  endfacet
  facet normal -0.1950901014811979 0 -0.9807853242703297
    outer loop
      vertex -11.687090873718262 12 14.699999809265137
      vertex -10.779060363769531 12.800000190734863 14.519381523132324
      vertex -10.779060363769531 12 14.519381523132324
    endloop
  endfacet
  facet normal -0.1950901014811979 0 -0.9807853242703297
    outer loop
      vertex -10.779060363769531 12.800000190734863 14.519381523132324
      vertex -11.687090873718262 12 14.699999809265137
      vertex -11.687090873718262 12.800000190734863 14.699999809265137
    endloop
  endfacet
  facet normal 0.8314691867463757 0 -0.5555708699088897
    outer loop
      vertex -15.800727844238281 12 12.996074676513672
      vertex -16.315086364746094 12.800000190734863 12.22628402709961
      vertex -15.800727844238281 12.800000190734863 12.996074676513672
    endloop
  endfacet
  facet normal 0.8314691867463757 0 -0.5555708699088897
    outer loop
      vertex -16.315086364746094 12.800000190734863 12.22628402709961
      vertex -15.800727844238281 12 12.996074676513672
      vertex -16.315086364746094 12 12.22628402709961
    endloop
  endfacet
  facet normal -0.9238794082533046 0 -0.3826837323502579
    outer loop
      vertex -7.630618572235107 12 11.370939254760742
      vertex -7.984914302825928 12.800000190734863 12.22628402709961
      vertex -7.630618572235107 12.800000190734863 11.370939254760742
    endloop
  endfacet
  facet normal -0.9238794082533046 0 -0.3826837323502579
    outer loop
      vertex -7.984914302825928 12.800000190734863 12.22628402709961
      vertex -7.630618572235107 12 11.370939254760742
      vertex -7.984914302825928 12 12.22628402709961
    endloop
  endfacet
  facet normal 0.8314691867463757 0 0.5555708699088897
    outer loop
      vertex -16.315086364746094 12 7.773715972900391
      vertex -15.800727844238281 12.800000190734863 7.003925323486328
      vertex -16.315086364746094 12.800000190734863 7.773715972900391
    endloop
  endfacet
  facet normal 0.8314691867463757 0 0.5555708699088897
    outer loop
      vertex -15.800727844238281 12.800000190734863 7.003925323486328
      vertex -16.315086364746094 12 7.773715972900391
      vertex -15.800727844238281 12 7.003925323486328
    endloop
  endfacet
  facet normal 1 0 0
    outer loop
      vertex -16.850000381469727 12 10.462908744812012
      vertex -16.850000381469727 12.800000190734863 9.537091255187988
      vertex -16.850000381469727 12.800000190734863 10.462908744812012
    endloop
  endfacet
  facet normal 1 0 0
    outer loop
      vertex -16.850000381469727 12.800000190734863 9.537091255187988
      vertex -16.850000381469727 12 10.462908744812012
      vertex -16.850000381469727 12 9.537091255187988
    endloop
  endfacet
  facet normal 0 0 -1
    outer loop
      vertex -12.612908363342285 12 14.699999809265137
      vertex -11.687090873718262 12.800000190734863 14.699999809265137
      vertex -11.687090873718262 12 14.699999809265137
    endloop
  endfacet
  facet normal 0 0 -1
    outer loop
      vertex -11.687090873718262 12.800000190734863 14.699999809265137
      vertex -12.612908363342285 12 14.699999809265137
      vertex -12.612908363342285 12.800000190734863 14.699999809265137
    endloop
  endfacet
  facet normal -0.9807853242703297 0 -0.1950901014811979
    outer loop
      vertex -7.450000286102295 12 10.462908744812012
      vertex -7.630618572235107 12.800000190734863 11.370939254760742
      vertex -7.450000286102295 12.800000190734863 10.462908744812012
    endloop
  endfacet
  facet normal -0.9807853242703297 0 -0.1950901014811979
    outer loop
      vertex -7.630618572235107 12.800000190734863 11.370939254760742
      vertex -7.450000286102295 12 10.462908744812012
      vertex -7.630618572235107 12 11.370939254760742
    endloop
  endfacet
  facet normal -0.8314699005034979 0 -0.5555698016961533
    outer loop
      vertex -7.984914302825928 12 12.22628402709961
      vertex -8.499271392822266 12.800000190734863 12.996074676513672
      vertex -7.984914302825928 12.800000190734863 12.22628402709961
    endloop
  endfacet
  facet normal -0.8314699005034979 0 -0.5555698016961533
    outer loop
      vertex -8.499271392822266 12.800000190734863 12.996074676513672
      vertex -7.984914302825928 12 12.22628402709961
      vertex -8.499271392822266 12 12.996074676513672
    endloop
  endfacet
  facet normal 0.7071067811865475 0 0.7071067811865475
    outer loop
      vertex -15.800727844238281 12 7.003925323486328
      vertex -15.146074295043945 12.800000190734863 6.349271774291992
      vertex -15.800727844238281 12.800000190734863 7.003925323486328
    endloop
  endfacet
  facet normal 0.7071067811865475 0 0.7071067811865475
    outer loop
      vertex -15.146074295043945 12.800000190734863 6.349271774291992
      vertex -15.800727844238281 12 7.003925323486328
      vertex -15.146074295043945 12 6.349271774291992
    endloop
  endfacet
  facet normal 0 0 1
    outer loop
      vertex -12.612908363342285 12.800000190734863 5.300000190734863
      vertex -11.687090873718262 12 5.300000190734863
      vertex -11.687090873718262 12.800000190734863 5.300000190734863
    endloop
  endfacet
  facet normal 0 0 1
    outer loop
      vertex -11.687090873718262 12 5.300000190734863
      vertex -12.612908363342285 12.800000190734863 5.300000190734863
      vertex -12.612908363342285 12 5.300000190734863
    endloop
  endfacet
  facet normal -0.8314699005034979 0 0.5555698016961533
    outer loop
      vertex -8.499271392822266 12 7.003925323486328
      vertex -7.984914302825928 12.800000190734863 7.773715972900391
      vertex -8.499271392822266 12.800000190734863 7.003925323486328
    endloop
  endfacet
  facet normal -0.8314699005034979 0 0.5555698016961533
    outer loop
      vertex -7.984914302825928 12.800000190734863 7.773715972900391
      vertex -8.499271392822266 12 7.003925323486328
      vertex -7.984914302825928 12 7.773715972900391
    endloop
  endfacet
  facet normal -0.1950901014811979 0 0.9807853242703297
    outer loop
      vertex -11.687090873718262 12.800000190734863 5.300000190734863
      vertex -10.779060363769531 12 5.480618476867676
      vertex -10.779060363769531 12.800000190734863 5.480618476867676
    endloop
  endfacet
  facet normal -0.1950901014811979 0 0.9807853242703297
    outer loop
      vertex -10.779060363769531 12 5.480618476867676
      vertex -11.687090873718262 12.800000190734863 5.300000190734863
      vertex -11.687090873718262 12 5.300000190734863
    endloop
  endfacet
  facet normal 0.7071067811865475 0 -0.7071067811865475
    outer loop
      vertex -15.146074295043945 12 13.650728225708008
      vertex -15.800727844238281 12.800000190734863 12.996074676513672
      vertex -15.146074295043945 12.800000190734863 13.650728225708008
    endloop
  endfacet
  facet normal 0.7071067811865475 0 -0.7071067811865475
    outer loop
      vertex -15.800727844238281 12.800000190734863 12.996074676513672
      vertex -15.146074295043945 12 13.650728225708008
      vertex -15.800727844238281 12 12.996074676513672
    endloop
  endfacet
  facet normal 0.5555701577673712 0 -0.8314696625844735
    outer loop
      vertex -15.146074295043945 12 13.650728225708008
      vertex -14.376283645629883 12.800000190734863 14.165085792541504
      vertex -14.376283645629883 12 14.165085792541504
    endloop
  endfacet
  facet normal 0.5555701577673712 0 -0.8314696625844735
    outer loop
      vertex -14.376283645629883 12.800000190734863 14.165085792541504
      vertex -15.146074295043945 12 13.650728225708008
      vertex -15.146074295043945 12.800000190734863 13.650728225708008
    endloop
  endfacet
  facet normal 0.3826837323502579 0 -0.9238794082533046
    outer loop
      vertex -14.376283645629883 12 14.165085792541504
      vertex -13.520938873291016 12.800000190734863 14.519381523132324
      vertex -13.520938873291016 12 14.519381523132324
    endloop
  endfacet
  facet normal 0.3826837323502579 0 -0.9238794082533046
    outer loop
      vertex -13.520938873291016 12.800000190734863 14.519381523132324
      vertex -14.376283645629883 12 14.165085792541504
      vertex -14.376283645629883 12.800000190734863 14.165085792541504
    endloop
  endfacet
  facet normal -0.5555701577673712 0 -0.8314696625844735
    outer loop
      vertex -9.923715591430664 12 14.165085792541504
      vertex -9.153924942016602 12.800000190734863 13.650728225708008
      vertex -9.153924942016602 12 13.650728225708008
    endloop
  endfacet
  facet normal -0.5555701577673712 0 -0.8314696625844735
    outer loop
      vertex -9.153924942016602 12.800000190734863 13.650728225708008
      vertex -9.923715591430664 12 14.165085792541504
      vertex -9.923715591430664 12.800000190734863 14.165085792541504
    endloop
  endfacet
  facet normal -1 0 0
    outer loop
      vertex -7.450000286102295 12 9.537091255187988
      vertex -7.450000286102295 12.800000190734863 10.462908744812012
      vertex -7.450000286102295 12.800000190734863 9.537091255187988
    endloop
  endfacet
  facet normal -1 0 0
    outer loop
      vertex -7.450000286102295 12.800000190734863 10.462908744812012
      vertex -7.450000286102295 12 9.537091255187988
      vertex -7.450000286102295 12 10.462908744812012
    endloop
  endfacet
  facet normal 0.1950901014811979 0 -0.9807853242703297
    outer loop
      vertex -13.520938873291016 12 14.519381523132324
      vertex -12.612908363342285 12.800000190734863 14.699999809265137
      vertex -12.612908363342285 12 14.699999809265137
    endloop
  endfacet
  facet normal 0.1950901014811979 0 -0.9807853242703297
    outer loop
      vertex -12.612908363342285 12.800000190734863 14.699999809265137
      vertex -13.520938873291016 12 14.519381523132324
      vertex -13.520938873291016 12.800000190734863 14.519381523132324
    endloop
  endfacet
  facet normal -0.3826837323502579 0 0.9238794082533046
    outer loop
      vertex -10.779060363769531 12.800000190734863 5.480618476867676
      vertex -9.923715591430664 12 5.834914207458496
      vertex -9.923715591430664 12.800000190734863 5.834914207458496
    endloop
  endfacet
  facet normal -0.3826837323502579 0 0.9238794082533046
    outer loop
      vertex -9.923715591430664 12 5.834914207458496
      vertex -10.779060363769531 12.800000190734863 5.480618476867676
      vertex -10.779060363769531 12 5.480618476867676
    endloop
  endfacet
  facet normal -0.7071067811865475 0 -0.7071067811865475
    outer loop
      vertex -8.499271392822266 12 12.996074676513672
      vertex -9.153924942016602 12.800000190734863 13.650728225708008
      vertex -8.499271392822266 12.800000190734863 12.996074676513672
    endloop
  endfacet
  facet normal -0.7071067811865475 0 -0.7071067811865475
    outer loop
      vertex -9.153924942016602 12.800000190734863 13.650728225708008
      vertex -8.499271392822266 12 12.996074676513672
      vertex -9.153924942016602 12 13.650728225708008
    endloop
  endfacet
  facet normal -0.9238794082533046 0 0.3826837323502579
    outer loop
      vertex -7.984914302825928 12 7.773715972900391
      vertex -7.630618572235107 12.800000190734863 8.629060745239258
      vertex -7.984914302825928 12.800000190734863 7.773715972900391
    endloop
  endfacet
  facet normal -0.9238794082533046 0 0.3826837323502579
    outer loop
      vertex -7.630618572235107 12.800000190734863 8.629060745239258
      vertex -7.984914302825928 12 7.773715972900391
      vertex -7.630618572235107 12 8.629060745239258
    endloop
  endfacet
  facet normal -0.3826837323502579 0 -0.9238794082533046
    outer loop
      vertex -10.779060363769531 12 14.519381523132324
      vertex -9.923715591430664 12.800000190734863 14.165085792541504
      vertex -9.923715591430664 12 14.165085792541504
    endloop
  endfacet
  facet normal -0.3826837323502579 0 -0.9238794082533046
    outer loop
      vertex -9.923715591430664 12.800000190734863 14.165085792541504
      vertex -10.779060363769531 12 14.519381523132324
      vertex -10.779060363769531 12.800000190734863 14.519381523132324
    endloop
  endfacet
  facet normal 0.3826837323502579 0 0.9238794082533046
    outer loop
      vertex -14.376283645629883 12.800000190734863 5.834914207458496
      vertex -13.520938873291016 12 5.480618476867676
      vertex -13.520938873291016 12.800000190734863 5.480618476867676
    endloop
  endfacet
  facet normal 0.3826837323502579 0 0.9238794082533046
    outer loop
      vertex -13.520938873291016 12 5.480618476867676
      vertex -14.376283645629883 12.800000190734863 5.834914207458496
      vertex -14.376283645629883 12 5.834914207458496
    endloop
  endfacet
  facet normal 0.9807853242703297 0 -0.1950901014811979
    outer loop
      vertex -16.669382095336914 12 11.370939254760742
      vertex -16.850000381469727 12.800000190734863 10.462908744812012
      vertex -16.669382095336914 12.800000190734863 11.370939254760742
    endloop
  endfacet
  facet normal 0.9807853242703297 0 -0.1950901014811979
    outer loop
      vertex -16.850000381469727 12.800000190734863 10.462908744812012
      vertex -16.669382095336914 12 11.370939254760742
      vertex -16.850000381469727 12 10.462908744812012
    endloop
  endfacet
  facet normal 0.9238794082533046 0 0.3826837323502579
    outer loop
      vertex -16.669382095336914 12 8.629060745239258
      vertex -16.315086364746094 12.800000190734863 7.773715972900391
      vertex -16.669382095336914 12.800000190734863 8.629060745239258
    endloop
  endfacet
  facet normal 0.9238794082533046 0 0.3826837323502579
    outer loop
      vertex -16.315086364746094 12.800000190734863 7.773715972900391
      vertex -16.669382095336914 12 8.629060745239258
      vertex -16.315086364746094 12 7.773715972900391
    endloop
  endfacet
  facet normal -0.5555701577673712 0 0.8314696625844735
    outer loop
      vertex -9.923715591430664 12.800000190734863 5.834914207458496
      vertex -9.153924942016602 12 6.349271774291992
      vertex -9.153924942016602 12.800000190734863 6.349271774291992
    endloop
  endfacet
  facet normal -0.5555701577673712 0 0.8314696625844735
    outer loop
      vertex -9.153924942016602 12 6.349271774291992
      vertex -9.923715591430664 12.800000190734863 5.834914207458496
      vertex -9.923715591430664 12 5.834914207458496
    endloop
  endfacet
  facet normal 0.5555701577673712 0 0.8314696625844735
    outer loop
      vertex -15.146074295043945 12.800000190734863 6.349271774291992
      vertex -14.376283645629883 12 5.834914207458496
      vertex -14.376283645629883 12.800000190734863 5.834914207458496
    endloop
  endfacet
  facet normal 0.5555701577673712 0 0.8314696625844735
    outer loop
      vertex -14.376283645629883 12 5.834914207458496
      vertex -15.146074295043945 12.800000190734863 6.349271774291992
      vertex -15.146074295043945 12 6.349271774291992
    endloop
  endfacet
  facet normal -0.9807853242703297 0 0.1950901014811979
    outer loop
      vertex -7.630618572235107 12 8.629060745239258
      vertex -7.450000286102295 12.800000190734863 9.537091255187988
      vertex -7.630618572235107 12.800000190734863 8.629060745239258
    endloop
  endfacet
  facet normal -0.9807853242703297 0 0.1950901014811979
    outer loop
      vertex -7.450000286102295 12.800000190734863 9.537091255187988
      vertex -7.630618572235107 12 8.629060745239258
      vertex -7.450000286102295 12 9.537091255187988
    endloop
  endfacet
  facet normal 0.9807853242703297 0 0.1950901014811979
    outer loop
      vertex -16.850000381469727 12 9.537091255187988
      vertex -16.669382095336914 12.800000190734863 8.629060745239258
      vertex -16.850000381469727 12.800000190734863 9.537091255187988
    endloop
  endfacet
  facet normal 0.9807853242703297 0 0.1950901014811979
    outer loop
      vertex -16.669382095336914 12.800000190734863 8.629060745239258
      vertex -16.850000381469727 12 9.537091255187988
      vertex -16.669382095336914 12 8.629060745239258
    endloop
  endfacet
  facet normal -0.7071067811865475 0 0.7071067811865475
    outer loop
      vertex -9.153924942016602 12 6.349271774291992
      vertex -8.499271392822266 12.800000190734863 7.003925323486328
      vertex -9.153924942016602 12.800000190734863 6.349271774291992
    endloop
  endfacet
  facet normal -0.7071067811865475 0 0.7071067811865475
    outer loop
      vertex -8.499271392822266 12.800000190734863 7.003925323486328
      vertex -9.153924942016602 12 6.349271774291992
      vertex -8.499271392822266 12 7.003925323486328
    endloop
  endfacet
  facet normal 0.9238794082533046 0 -0.3826837323502579
    outer loop
      vertex -16.315086364746094 12 12.22628402709961
      vertex -16.669382095336914 12.800000190734863 11.370939254760742
      vertex -16.315086364746094 12.800000190734863 12.22628402709961
    endloop
  endfacet
  facet normal 0.9238794082533046 0 -0.3826837323502579
    outer loop
      vertex -16.669382095336914 12.800000190734863 11.370939254760742
      vertex -16.315086364746094 12 12.22628402709961
      vertex -16.669382095336914 12 11.370939254760742
    endloop
  endfacet
  facet normal 0.500623708303698 0.7062236227771682 -0.500623708303698
    outer loop
      vertex -13.871149063110352 9.995000839233398 12.0972261428833
      vertex -15.800727844238281 12 12.996074676513672
      vertex -15.146074295043945 12 13.650728225708008
    endloop
  endfacet
  facet normal 0.500623708303698 0.7062236227771681 -0.500623708303698
    outer loop
      vertex -15.800727844238281 12 12.996074676513672
      vertex -13.871149063110352 9.995000839233398 12.0972261428833
      vertex -14.247225761413574 9.995000839233398 11.721149444580078
    endloop
  endfacet
  facet normal 0.3933377037028294 0.706223660950104 0.5886710384926522
    outer loop
      vertex -13.42892837524414 9.995000839233398 7.607291221618652
      vertex -15.146074295043945 12 6.349271774291992
      vertex -13.871149063110352 9.995000839233398 7.902773857116699
    endloop
  endfacet
  facet normal -0.27093581478378753 0.7062236127623607 -0.6540963178648268
    outer loop
      vertex -9.923715591430664 12 14.165085792541504
      vertex -10.871070861816406 9.995000839233398 12.392708778381348
      vertex -10.779060363769531 12 14.519381523132324
    endloop
  endfacet
  facet normal -0.6943851728571304 0.7062235094529905 0.13812163629234558
    outer loop
      vertex -7.630618572235107 12 8.629060745239258
      vertex -9.449999809265137 9.995000839233398 9.734073638916016
      vertex -7.450000286102295 12 9.537091255187988
    endloop
  endfacet
  facet normal 0.7079886932740932 0.706223767793213 0
    outer loop
      vertex -14.84999942779541 9.995000839233398 10.265926361083984
      vertex -16.850000381469727 12 9.537091255187988
      vertex -16.850000381469727 12 10.462908744812012
    endloop
  endfacet
  facet normal 0.7079886932740931 0.7062237677932129 0
    outer loop
      vertex -16.850000381469727 12 9.537091255187988
      vertex -14.84999942779541 9.995000839233398 10.265926361083984
      vertex -14.84999942779541 9.995000839233398 9.734073638916016
    endloop
  endfacet
  facet normal -0.7079889458385317 0.7062235145974995 0
    outer loop
      vertex -9.449999809265137 9.995000839233398 9.734073638916016
      vertex -7.450000286102295 12 10.462908744812012
      vertex -7.450000286102295 12 9.537091255187988
    endloop
  endfacet
  facet normal -0.7079889458385317 0.7062235145974995 0
    outer loop
      vertex -7.450000286102295 12 10.462908744812012
      vertex -9.449999809265137 9.995000839233398 9.734073638916016
      vertex -9.449999809265137 9.995000839233398 10.265926361083984
    endloop
  endfacet
  facet normal 0 0.7062235989961008 -0.7079888616503754
    outer loop
      vertex -12.415925979614258 9.995000839233398 12.699999809265137
      vertex -11.687090873718262 12 14.699999809265137
      vertex -11.884073257446289 9.995000839233398 12.699999809265137
    endloop
  endfacet
  facet normal 0 0.7062235989961009 -0.7079888616503756
    outer loop
      vertex -11.687090873718262 12 14.699999809265137
      vertex -12.415925979614258 9.995000839233398 12.699999809265137
      vertex -12.612908363342285 12 14.699999809265137
    endloop
  endfacet
  facet normal 0.6540961741467202 0.7062237687105319 0.2709357552537439
    outer loop
      vertex -16.315086364746094 12 7.773715972900391
      vertex -16.669382095336914 12 8.629060745239258
      vertex -14.542708396911621 9.995000839233398 8.721071243286133
    endloop
  endfacet
  facet normal -0.3933374801348472 0.7062236051849978 0.5886712547769536
    outer loop
      vertex -9.923715591430664 12 5.834914207458496
      vertex -10.871070861816406 9.995000839233398 7.607291221618652
      vertex -9.153924942016602 12 6.349271774291992
    endloop
  endfacet
  facet normal 0.6540962621167329 0.7062238433451872 -0.27093534833179467
    outer loop
      vertex -14.74623966217041 9.995000839233398 10.78756046295166
      vertex -16.669382095336914 12 11.370939254760742
      vertex -14.542708396911621 9.995000839233398 11.278928756713867
    endloop
  endfacet
  facet normal -0.5886710384926522 0.706223660950104 0.3933377037028294
    outer loop
      vertex -8.499271392822266 12 7.003925323486328
      vertex -10.052773475646973 9.995000839233398 8.278850555419922
      vertex -9.757290840148926 9.995000839233398 8.721071243286133
    endloop
  endfacet
  facet normal -0.6943849713224524 0.7062236078087214 0.13812214657740476
    outer loop
      vertex -7.630618572235107 12 8.629060745239258
      vertex -9.553759574890137 9.995000839233398 9.21243953704834
      vertex -9.449999809265137 9.995000839233398 9.734073638916016
    endloop
  endfacet
  facet normal -0.6540964776939853 0.7062236094229094 0.27093543762675226
    outer loop
      vertex -7.630618572235107 12 8.629060745239258
      vertex -9.757290840148926 9.995000839233398 8.721071243286133
      vertex -9.553759574890137 9.995000839233398 9.21243953704834
    endloop
  endfacet
  facet normal -0.6540964776939853 0.7062236094229094 -0.27093543762675226
    outer loop
      vertex -9.553759574890137 9.995000839233398 10.78756046295166
      vertex -9.757290840148926 9.995000839233398 11.278928756713867
      vertex -7.630618572235107 12 11.370939254760742
    endloop
  endfacet
  facet normal 0.5886710384926522 0.706223660950104 -0.3933377037028294
    outer loop
      vertex -14.542708396911621 9.995000839233398 11.278928756713867
      vertex -15.800727844238281 12 12.996074676513672
      vertex -14.247225761413574 9.995000839233398 11.721149444580078
    endloop
  endfacet
  facet normal -0.5886714690402556 0.7062235499408862 0.39333725865582575
    outer loop
      vertex -8.499271392822266 12 7.003925323486328
      vertex -9.757290840148926 9.995000839233398 8.721071243286133
      vertex -7.984914302825928 12 7.773715972900391
    endloop
  endfacet
  facet normal -0.2709354078617631 0.7062236873970277 -0.6540964058348933
    outer loop
      vertex -10.871070861816406 9.995000839233398 12.392708778381348
      vertex -11.362439155578613 9.995000839233398 12.596240043640137
      vertex -10.779060363769531 12 14.519381523132324
    endloop
  endfacet
  facet normal -0.5886710384926522 0.706223660950104 -0.3933377037028294
    outer loop
      vertex -9.757290840148926 9.995000839233398 11.278928756713867
      vertex -10.052773475646973 9.995000839233398 11.721149444580078
      vertex -8.499271392822266 12 12.996074676513672
    endloop
  endfacet
  facet normal -0.6540963897238918 0.7062235347882364 0.2709358445488142
    outer loop
      vertex -7.984914302825928 12 7.773715972900391
      vertex -9.757290840148926 9.995000839233398 8.721071243286133
      vertex -7.630618572235107 12 8.629060745239258
    endloop
  endfacet
  facet normal 0.6943847283707583 0.7062238561392284 -0.13812209825117236
    outer loop
      vertex -14.84999942779541 9.995000839233398 10.265926361083984
      vertex -16.669382095336914 12 11.370939254760742
      vertex -14.74623966217041 9.995000839233398 10.78756046295166
    endloop
  endfacet
  facet normal -0.3933377037028294 0.706223660950104 0.5886710384926522
    outer loop
      vertex -9.153924942016602 12 6.349271774291992
      vertex -10.871070861816406 9.995000839233398 7.607291221618652
      vertex -10.428850173950195 9.995000839233398 7.902773857116699
    endloop
  endfacet
  facet normal -0.500623708303698 0.7062236227771682 -0.500623708303698
    outer loop
      vertex -8.499271392822266 12 12.996074676513672
      vertex -10.428850173950195 9.995000839233398 12.0972261428833
      vertex -9.153924942016602 12 13.650728225708008
    endloop
  endfacet
  facet normal -0.500623708303698 0.7062236227771681 -0.500623708303698
    outer loop
      vertex -10.428850173950195 9.995000839233398 12.0972261428833
      vertex -8.499271392822266 12 12.996074676513672
      vertex -10.052773475646973 9.995000839233398 11.721149444580078
    endloop
  endfacet
  facet normal 0.13812213046865876 0.7062236905855861 -0.6943848903385449
    outer loop
      vertex -12.937560081481934 9.995000839233398 12.596240043640137
      vertex -13.520938873291016 12 14.519381523132324
      vertex -12.415925979614258 9.995000839233398 12.699999809265137
    endloop
  endfacet
  facet normal -0.27093581478378753 0.7062236127623607 0.6540963178648268
    outer loop
      vertex -10.779060363769531 12 5.480618476867676
      vertex -10.871070861816406 9.995000839233398 7.607291221618652
      vertex -9.923715591430664 12 5.834914207458496
    endloop
  endfacet
  facet normal 0.13812213046865876 0.7062236905855861 0.6943848903385449
    outer loop
      vertex -12.415925979614258 9.995000839233398 7.300000190734863
      vertex -13.520938873291016 12 5.480618476867676
      vertex -12.937560081481934 9.995000839233398 7.403759956359863
    endloop
  endfacet
  facet normal -0.500623708303698 0.7062236227771681 0.500623708303698
    outer loop
      vertex -8.499271392822266 12 7.003925323486328
      vertex -10.428850173950195 9.995000839233398 7.902773857116699
      vertex -10.052773475646973 9.995000839233398 8.278850555419922
    endloop
  endfacet
  facet normal -0.500623708303698 0.7062236227771682 0.500623708303698
    outer loop
      vertex -10.428850173950195 9.995000839233398 7.902773857116699
      vertex -8.499271392822266 12 7.003925323486328
      vertex -9.153924942016602 12 6.349271774291992
    endloop
  endfacet
  facet normal -0.6540963897238918 0.7062235347882364 -0.2709358445488142
    outer loop
      vertex -7.630618572235107 12 11.370939254760742
      vertex -9.757290840148926 9.995000839233398 11.278928756713867
      vertex -7.984914302825928 12 12.22628402709961
    endloop
  endfacet
  facet normal -0.5886714690402556 0.7062235499408862 -0.39333725865582575
    outer loop
      vertex -7.984914302825928 12 12.22628402709961
      vertex -9.757290840148926 9.995000839233398 11.278928756713867
      vertex -8.499271392822266 12 12.996074676513672
    endloop
  endfacet
  facet normal -0.3933374801348472 0.7062236051849978 -0.5886712547769536
    outer loop
      vertex -9.153924942016602 12 13.650728225708008
      vertex -10.871070861816406 9.995000839233398 12.392708778381348
      vertex -9.923715591430664 12 14.165085792541504
    endloop
  endfacet
  facet normal -0.3933377037028294 0.706223660950104 -0.5886710384926522
    outer loop
      vertex -10.428850173950195 9.995000839233398 12.0972261428833
      vertex -10.871070861816406 9.995000839233398 12.392708778381348
      vertex -9.153924942016602 12 13.650728225708008
    endloop
  endfacet
  facet normal 0.3933374801348472 0.7062236051849978 -0.5886712547769536
    outer loop
      vertex -13.42892837524414 9.995000839233398 12.392708778381348
      vertex -15.146074295043945 12 13.650728225708008
      vertex -14.376283645629883 12 14.165085792541504
    endloop
  endfacet
  facet normal 0.27093581478378753 0.7062236127623607 -0.6540963178648268
    outer loop
      vertex -13.42892837524414 9.995000839233398 12.392708778381348
      vertex -14.376283645629883 12 14.165085792541504
      vertex -13.520938873291016 12 14.519381523132324
    endloop
  endfacet
  facet normal 0.2709354078617631 0.7062236873970277 -0.6540964058348933
    outer loop
      vertex -13.42892837524414 9.995000839233398 12.392708778381348
      vertex -13.520938873291016 12 14.519381523132324
      vertex -12.937560081481934 9.995000839233398 12.596240043640137
    endloop
  endfacet
  facet normal 0 0.7062235989961008 0.7079888616503754
    outer loop
      vertex -11.687090873718262 12 5.300000190734863
      vertex -12.415925979614258 9.995000839233398 7.300000190734863
      vertex -11.884073257446289 9.995000839233398 7.300000190734863
    endloop
  endfacet
  facet normal 0 0.7062235989961009 0.7079888616503756
    outer loop
      vertex -12.415925979614258 9.995000839233398 7.300000190734863
      vertex -11.687090873718262 12 5.300000190734863
      vertex -12.612908363342285 12 5.300000190734863
    endloop
  endfacet
  facet normal -0.2709354078617631 0.7062236873970277 0.6540964058348933
    outer loop
      vertex -10.779060363769531 12 5.480618476867676
      vertex -11.362439155578613 9.995000839233398 7.403759956359863
      vertex -10.871070861816406 9.995000839233398 7.607291221618652
    endloop
  endfacet
  facet normal -0.13812213046865876 0.7062236905855861 0.6943848903385449
    outer loop
      vertex -10.779060363769531 12 5.480618476867676
      vertex -11.884073257446289 9.995000839233398 7.300000190734863
      vertex -11.362439155578613 9.995000839233398 7.403759956359863
    endloop
  endfacet
  facet normal -0.13812162018365667 0.7062235922299022 0.6943850918731872
    outer loop
      vertex -11.687090873718262 12 5.300000190734863
      vertex -11.884073257446289 9.995000839233398 7.300000190734863
      vertex -10.779060363769531 12 5.480618476867676
    endloop
  endfacet
  facet normal 0.13812162018365667 0.7062235922299022 0.6943850918731872
    outer loop
      vertex -12.612908363342285 12 5.300000190734863
      vertex -13.520938873291016 12 5.480618476867676
      vertex -12.415925979614258 9.995000839233398 7.300000190734863
    endloop
  endfacet
  facet normal -0.6943851728571304 0.7062235094529905 -0.13812163629234558
    outer loop
      vertex -7.450000286102295 12 10.462908744812012
      vertex -9.449999809265137 9.995000839233398 10.265926361083984
      vertex -7.630618572235107 12 11.370939254760742
    endloop
  endfacet
  facet normal -0.6943849713224524 0.7062236078087214 -0.13812214657740476
    outer loop
      vertex -9.449999809265137 9.995000839233398 10.265926361083984
      vertex -9.553759574890137 9.995000839233398 10.78756046295166
      vertex -7.630618572235107 12 11.370939254760742
    endloop
  endfacet
  facet normal 0.13812162018365667 0.7062235922299022 -0.6943850918731872
    outer loop
      vertex -12.415925979614258 9.995000839233398 12.699999809265137
      vertex -13.520938873291016 12 14.519381523132324
      vertex -12.612908363342285 12 14.699999809265137
    endloop
  endfacet
  facet normal 0.3933377037028294 0.706223660950104 -0.5886710384926522
    outer loop
      vertex -13.871149063110352 9.995000839233398 12.0972261428833
      vertex -15.146074295043945 12 13.650728225708008
      vertex -13.42892837524414 9.995000839233398 12.392708778381348
    endloop
  endfacet
  facet normal 0.27093581478378753 0.7062236127623607 0.6540963178648268
    outer loop
      vertex -13.520938873291016 12 5.480618476867676
      vertex -14.376283645629883 12 5.834914207458496
      vertex -13.42892837524414 9.995000839233398 7.607291221618652
    endloop
  endfacet
  facet normal 0.2709354078617631 0.7062236873970277 0.6540964058348933
    outer loop
      vertex -12.937560081481934 9.995000839233398 7.403759956359863
      vertex -13.520938873291016 12 5.480618476867676
      vertex -13.42892837524414 9.995000839233398 7.607291221618652
    endloop
  endfacet
  facet normal 0.6540962621167329 0.7062238433451872 0.27093534833179467
    outer loop
      vertex -14.542708396911621 9.995000839233398 8.721071243286133
      vertex -16.669382095336914 12 8.629060745239258
      vertex -14.74623966217041 9.995000839233398 9.21243953704834
    endloop
  endfacet
  facet normal 0.5886708262506445 0.7062237156728924 0.3933379230922907
    outer loop
      vertex -15.800727844238281 12 7.003925323486328
      vertex -16.315086364746094 12 7.773715972900391
      vertex -14.542708396911621 9.995000839233398 8.721071243286133
    endloop
  endfacet
  facet normal -0.13812213046865876 0.7062236905855861 -0.6943848903385449
    outer loop
      vertex -11.362439155578613 9.995000839233398 12.596240043640137
      vertex -11.884073257446289 9.995000839233398 12.699999809265137
      vertex -10.779060363769531 12 14.519381523132324
    endloop
  endfacet
  facet normal -0.13812162018365667 0.7062235922299022 -0.6943850918731872
    outer loop
      vertex -10.779060363769531 12 14.519381523132324
      vertex -11.884073257446289 9.995000839233398 12.699999809265137
      vertex -11.687090873718262 12 14.699999809265137
    endloop
  endfacet
  facet normal 0.5886708262506445 0.7062237156728924 -0.3933379230922907
    outer loop
      vertex -14.542708396911621 9.995000839233398 11.278928756713867
      vertex -16.315086364746094 12 12.22628402709961
      vertex -15.800727844238281 12 12.996074676513672
    endloop
  endfacet
  facet normal 0.6540961741467202 0.7062237687105319 -0.2709357552537439
    outer loop
      vertex -14.542708396911621 9.995000839233398 11.278928756713867
      vertex -16.669382095336914 12 11.370939254760742
      vertex -16.315086364746094 12 12.22628402709961
    endloop
  endfacet
  facet normal 0.6943849299053292 0.7062237577836384 -0.13812158796628443
    outer loop
      vertex -14.84999942779541 9.995000839233398 10.265926361083984
      vertex -16.850000381469727 12 10.462908744812012
      vertex -16.669382095336914 12 11.370939254760742
    endloop
  endfacet
  facet normal 0.3933374801348472 0.7062236051849978 0.5886712547769536
    outer loop
      vertex -14.376283645629883 12 5.834914207458496
      vertex -15.146074295043945 12 6.349271774291992
      vertex -13.42892837524414 9.995000839233398 7.607291221618652
    endloop
  endfacet
  facet normal 0.5886710384926522 0.706223660950104 0.3933377037028294
    outer loop
      vertex -14.247225761413574 9.995000839233398 8.278850555419922
      vertex -15.800727844238281 12 7.003925323486328
      vertex -14.542708396911621 9.995000839233398 8.721071243286133
    endloop
  endfacet
  facet normal 0.6943849299053292 0.7062237577836384 0.13812158796628443
    outer loop
      vertex -16.669382095336914 12 8.629060745239258
      vertex -16.850000381469727 12 9.537091255187988
      vertex -14.84999942779541 9.995000839233398 9.734073638916016
    endloop
  endfacet
  facet normal 0.6943847283707583 0.7062238561392284 0.13812209825117236
    outer loop
      vertex -14.74623966217041 9.995000839233398 9.21243953704834
      vertex -16.669382095336914 12 8.629060745239258
      vertex -14.84999942779541 9.995000839233398 9.734073638916016
    endloop
  endfacet
  facet normal 0.500623708303698 0.7062236227771681 0.500623708303698
    outer loop
      vertex -13.871149063110352 9.995000839233398 7.902773857116699
      vertex -15.800727844238281 12 7.003925323486328
      vertex -14.247225761413574 9.995000839233398 8.278850555419922
    endloop
  endfacet
  facet normal 0.500623708303698 0.7062236227771682 0.500623708303698
    outer loop
      vertex -15.800727844238281 12 7.003925323486328
      vertex -13.871149063110352 9.995000839233398 7.902773857116699
      vertex -15.146074295043945 12 6.349271774291992
    endloop
  endfacet
  facet normal -0.5555705171970212 0 0.8314694224211943
    outer loop
      vertex -10.871070861816406 9.995000839233398 7.607291221618652
      vertex -10.428850173950195 1.5000008344650269 7.902773857116699
      vertex -10.428850173950195 9.995000839233398 7.902773857116699
    endloop
  endfacet
  facet normal -0.5555705171970212 0 0.8314694224211943
    outer loop
      vertex -10.428850173950195 1.5000008344650269 7.902773857116699
      vertex -10.871070861816406 9.995000839233398 7.607291221618652
      vertex -10.871070861816406 1.5000009536743164 7.607291221618652
    endloop
  endfacet
  facet normal -0.19509084926902176 0 0.9807851755259618
    outer loop
      vertex -11.884073257446289 9.995000839233398 7.300000190734863
      vertex -11.362439155578613 1.5000009536743164 7.403759956359863
      vertex -11.362439155578613 9.995000839233398 7.403759956359863
    endloop
  endfacet
  facet normal -0.19509084926902176 0 0.9807851755259618
    outer loop
      vertex -11.362439155578613 1.5000009536743164 7.403759956359863
      vertex -11.884073257446289 9.995000839233398 7.300000190734863
      vertex -11.884073257446289 1.5000009536743164 7.300000190734863
    endloop
  endfacet
  facet normal -0.9807851755259619 0 -0.1950908492690218
    outer loop
      vertex -9.449999809265137 1.5000008344650269 10.265926361083984
      vertex -9.553759574890137 9.995000839233398 10.78756046295166
      vertex -9.449999809265137 9.995000839233398 10.265926361083984
    endloop
  endfacet
  facet normal -0.9807851755259619 0 -0.1950908492690218
    outer loop
      vertex -9.553759574890137 9.995000839233398 10.78756046295166
      vertex -9.449999809265137 1.5000008344650269 10.265926361083984
      vertex -9.553759574890137 1.5000008344650269 10.78756046295166
    endloop
  endfacet
  facet normal -0.9807851755259619 0 0.1950908492690218
    outer loop
      vertex -9.553759574890137 1.5000008344650269 9.21243953704834
      vertex -9.449999809265137 9.995000839233398 9.734073638916016
      vertex -9.553759574890137 9.995000839233398 9.21243953704834
    endloop
  endfacet
  facet normal -0.9807851755259619 0 0.1950908492690218
    outer loop
      vertex -9.449999809265137 9.995000839233398 9.734073638916016
      vertex -9.553759574890137 1.5000008344650269 9.21243953704834
      vertex -9.449999809265137 1.5000008344650269 9.734073638916016
    endloop
  endfacet
  facet normal 0.8314694224211943 0 -0.5555705171970212
    outer loop
      vertex -14.247225761413574 9.995000839233398 11.721149444580078
      vertex -14.542708396911621 1.5000008344650269 11.278928756713867
      vertex -14.542708396911621 9.995000839233398 11.278928756713867
    endloop
  endfacet
  facet normal 0.8314694224211943 0 -0.5555705171970212
    outer loop
      vertex -14.542708396911621 1.5000008344650269 11.278928756713867
      vertex -14.247225761413574 9.995000839233398 11.721149444580078
      vertex -14.247225761413574 1.5000007152557373 11.721149444580078
    endloop
  endfacet
  facet normal -0.8314694224211943 0 -0.5555705171970212
    outer loop
      vertex -9.757290840148926 1.5000008344650269 11.278928756713867
      vertex -10.052773475646973 9.995000839233398 11.721149444580078
      vertex -9.757290840148926 9.995000839233398 11.278928756713867
    endloop
  endfacet
  facet normal -0.8314694224211943 0 -0.5555705171970212
    outer loop
      vertex -10.052773475646973 9.995000839233398 11.721149444580078
      vertex -9.757290840148926 1.5000008344650269 11.278928756713867
      vertex -10.052773475646973 1.5000007152557373 11.721149444580078
    endloop
  endfacet
  facet normal -0.38268319783364524 0 0.9238796296573571
    outer loop
      vertex -11.362439155578613 9.995000839233398 7.403759956359863
      vertex -10.871070861816406 1.5000009536743164 7.607291221618652
      vertex -10.871070861816406 9.995000839233398 7.607291221618652
    endloop
  endfacet
  facet normal -0.38268319783364524 0 0.9238796296573571
    outer loop
      vertex -10.871070861816406 1.5000009536743164 7.607291221618652
      vertex -11.362439155578613 9.995000839233398 7.403759956359863
      vertex -11.362439155578613 1.5000009536743164 7.403759956359863
    endloop
  endfacet
  facet normal 1 0 0
    outer loop
      vertex -14.84999942779541 1.5000008344650269 10.265926361083984
      vertex -14.84999942779541 9.995000839233398 9.734073638916016
      vertex -14.84999942779541 9.995000839233398 10.265926361083984
    endloop
  endfacet
  facet normal 1 0 0
    outer loop
      vertex -14.84999942779541 9.995000839233398 9.734073638916016
      vertex -14.84999942779541 1.5000008344650269 10.265926361083984
      vertex -14.84999942779541 1.5000008344650269 9.734073638916016
    endloop
  endfacet
  facet normal -0.9238796296573571 0 0.3826831978336452
    outer loop
      vertex -9.757290840148926 1.5000008344650269 8.721071243286133
      vertex -9.553759574890137 9.995000839233398 9.21243953704834
      vertex -9.757290840148926 9.995000839233398 8.721071243286133
    endloop
  endfacet
  facet normal -0.9238796296573571 0 0.3826831978336452
    outer loop
      vertex -9.553759574890137 9.995000839233398 9.21243953704834
      vertex -9.757290840148926 1.5000008344650269 8.721071243286133
      vertex -9.553759574890137 1.5000008344650269 9.21243953704834
    endloop
  endfacet
  facet normal 0.38268319783364524 0 0.9238796296573571
    outer loop
      vertex -13.42892837524414 9.995000839233398 7.607291221618652
      vertex -12.937560081481934 1.5000009536743164 7.403759956359863
      vertex -12.937560081481934 9.995000839233398 7.403759956359863
    endloop
  endfacet
  facet normal 0.38268319783364524 0 0.9238796296573571
    outer loop
      vertex -12.937560081481934 1.5000009536743164 7.403759956359863
      vertex -13.42892837524414 9.995000839233398 7.607291221618652
      vertex -13.42892837524414 1.5000009536743164 7.607291221618652
    endloop
  endfacet
  facet normal -0.7071067811865476 0 0.7071067811865476
    outer loop
      vertex -10.428850173950195 1.5000008344650269 7.902773857116699
      vertex -10.052773475646973 9.995000839233398 8.278850555419922
      vertex -10.428850173950195 9.995000839233398 7.902773857116699
    endloop
  endfacet
  facet normal -0.7071067811865476 0 0.7071067811865476
    outer loop
      vertex -10.052773475646973 9.995000839233398 8.278850555419922
      vertex -10.428850173950195 1.5000008344650269 7.902773857116699
      vertex -10.052773475646973 1.5000008344650269 8.278850555419922
    endloop
  endfacet
  facet normal 0.5555705171970212 0 -0.8314694224211943
    outer loop
      vertex -13.871149063110352 1.5000007152557373 12.0972261428833
      vertex -13.42892837524414 9.995000839233398 12.392708778381348
      vertex -13.42892837524414 1.5000007152557373 12.392708778381348
    endloop
  endfacet
  facet normal 0.5555705171970212 0 -0.8314694224211943
    outer loop
      vertex -13.42892837524414 9.995000839233398 12.392708778381348
      vertex -13.871149063110352 1.5000007152557373 12.0972261428833
      vertex -13.871149063110352 9.995000839233398 12.0972261428833
    endloop
  endfacet
  facet normal -0.38268319783364513 0 -0.9238796296573569
    outer loop
      vertex -11.362439155578613 1.5000007152557373 12.596240043640137
      vertex -10.871070861816406 9.995000839233398 12.392708778381348
      vertex -10.871070861816406 1.5000007152557373 12.392708778381348
    endloop
  endfacet
  facet normal -0.38268319783364513 0 -0.9238796296573569
    outer loop
      vertex -10.871070861816406 9.995000839233398 12.392708778381348
      vertex -11.362439155578613 1.5000007152557373 12.596240043640137
      vertex -11.362439155578613 9.995000839233398 12.596240043640137
    endloop
  endfacet
  facet normal -0.7071067811865476 0 -0.7071067811865476
    outer loop
      vertex -10.052773475646973 1.5000007152557373 11.721149444580078
      vertex -10.428850173950195 9.995000839233398 12.0972261428833
      vertex -10.052773475646973 9.995000839233398 11.721149444580078
    endloop
  endfacet
  facet normal -0.7071067811865476 0 -0.7071067811865476
    outer loop
      vertex -10.428850173950195 9.995000839233398 12.0972261428833
      vertex -10.052773475646973 1.5000007152557373 11.721149444580078
      vertex -10.428850173950195 1.5000007152557373 12.0972261428833
    endloop
  endfacet
  facet normal 0.7071067811865476 0 0.7071067811865476
    outer loop
      vertex -14.247225761413574 1.5000008344650269 8.278850555419922
      vertex -13.871149063110352 9.995000839233398 7.902773857116699
      vertex -14.247225761413574 9.995000839233398 8.278850555419922
    endloop
  endfacet
  facet normal 0.7071067811865476 0 0.7071067811865476
    outer loop
      vertex -13.871149063110352 9.995000839233398 7.902773857116699
      vertex -14.247225761413574 1.5000008344650269 8.278850555419922
      vertex -13.871149063110352 1.5000008344650269 7.902773857116699
    endloop
  endfacet
  facet normal -0.9238796296573571 0 -0.3826831978336452
    outer loop
      vertex -9.553759574890137 1.5000008344650269 10.78756046295166
      vertex -9.757290840148926 9.995000839233398 11.278928756713867
      vertex -9.553759574890137 9.995000839233398 10.78756046295166
    endloop
  endfacet
  facet normal -0.9238796296573571 0 -0.3826831978336452
    outer loop
      vertex -9.757290840148926 9.995000839233398 11.278928756713867
      vertex -9.553759574890137 1.5000008344650269 10.78756046295166
      vertex -9.757290840148926 1.5000008344650269 11.278928756713867
    endloop
  endfacet
  facet normal -0.8314694224211943 0 0.5555705171970212
    outer loop
      vertex -10.052773475646973 1.5000008344650269 8.278850555419922
      vertex -9.757290840148926 9.995000839233398 8.721071243286133
      vertex -10.052773475646973 9.995000839233398 8.278850555419922
    endloop
  endfacet
  facet normal -0.8314694224211943 0 0.5555705171970212
    outer loop
      vertex -9.757290840148926 9.995000839233398 8.721071243286133
      vertex -10.052773475646973 1.5000008344650269 8.278850555419922
      vertex -9.757290840148926 1.5000008344650269 8.721071243286133
    endloop
  endfacet
  facet normal 0 0 -1
    outer loop
      vertex -12.415925979614258 1.5000007152557373 12.699999809265137
      vertex -11.884073257446289 9.995000839233398 12.699999809265137
      vertex -11.884073257446289 1.5000007152557373 12.699999809265137
    endloop
  endfacet
  facet normal 0 0 -1
    outer loop
      vertex -11.884073257446289 9.995000839233398 12.699999809265137
      vertex -12.415925979614258 1.5000007152557373 12.699999809265137
      vertex -12.415925979614258 9.995000839233398 12.699999809265137
    endloop
  endfacet
  facet normal 0.9807851755259619 0 -0.1950908492690218
    outer loop
      vertex -14.74623966217041 1.5000008344650269 10.78756046295166
      vertex -14.84999942779541 9.995000839233398 10.265926361083984
      vertex -14.74623966217041 9.995000839233398 10.78756046295166
    endloop
  endfacet
  facet normal 0.9807851755259619 0 -0.1950908492690218
    outer loop
      vertex -14.84999942779541 9.995000839233398 10.265926361083984
      vertex -14.74623966217041 1.5000008344650269 10.78756046295166
      vertex -14.84999942779541 1.5000008344650269 10.265926361083984
    endloop
  endfacet
  facet normal -1 0 0
    outer loop
      vertex -9.449999809265137 1.5000008344650269 9.734073638916016
      vertex -9.449999809265137 9.995000839233398 10.265926361083984
      vertex -9.449999809265137 9.995000839233398 9.734073638916016
    endloop
  endfacet
  facet normal -1 0 0
    outer loop
      vertex -9.449999809265137 9.995000839233398 10.265926361083984
      vertex -9.449999809265137 1.5000008344650269 9.734073638916016
      vertex -9.449999809265137 1.5000008344650269 10.265926361083984
    endloop
  endfacet
  facet normal 0.9238796296573571 0 -0.3826831978336452
    outer loop
      vertex -14.542708396911621 1.5000008344650269 11.278928756713867
      vertex -14.74623966217041 9.995000839233398 10.78756046295166
      vertex -14.542708396911621 9.995000839233398 11.278928756713867
    endloop
  endfacet
  facet normal 0.9238796296573571 0 -0.3826831978336452
    outer loop
      vertex -14.74623966217041 9.995000839233398 10.78756046295166
      vertex -14.542708396911621 1.5000008344650269 11.278928756713867
      vertex -14.74623966217041 1.5000008344650269 10.78756046295166
    endloop
  endfacet
  facet normal -0.5555705171970212 0 -0.8314694224211943
    outer loop
      vertex -10.871070861816406 1.5000007152557373 12.392708778381348
      vertex -10.428850173950195 9.995000839233398 12.0972261428833
      vertex -10.428850173950195 1.5000007152557373 12.0972261428833
    endloop
  endfacet
  facet normal -0.5555705171970212 0 -0.8314694224211943
    outer loop
      vertex -10.428850173950195 9.995000839233398 12.0972261428833
      vertex -10.871070861816406 1.5000007152557373 12.392708778381348
      vertex -10.871070861816406 9.995000839233398 12.392708778381348
    endloop
  endfacet
  facet normal 0.9807851755259619 0 0.1950908492690218
    outer loop
      vertex -14.84999942779541 1.5000008344650269 9.734073638916016
      vertex -14.74623966217041 9.995000839233398 9.21243953704834
      vertex -14.84999942779541 9.995000839233398 9.734073638916016
    endloop
  endfacet
  facet normal 0.9807851755259619 0 0.1950908492690218
    outer loop
      vertex -14.74623966217041 9.995000839233398 9.21243953704834
      vertex -14.84999942779541 1.5000008344650269 9.734073638916016
      vertex -14.74623966217041 1.5000008344650269 9.21243953704834
    endloop
  endfacet
  facet normal 0.38268319783364513 0 -0.9238796296573569
    outer loop
      vertex -13.42892837524414 1.5000007152557373 12.392708778381348
      vertex -12.937560081481934 9.995000839233398 12.596240043640137
      vertex -12.937560081481934 1.5000007152557373 12.596240043640137
    endloop
  endfacet
  facet normal 0.38268319783364513 0 -0.9238796296573569
    outer loop
      vertex -12.937560081481934 9.995000839233398 12.596240043640137
      vertex -13.42892837524414 1.5000007152557373 12.392708778381348
      vertex -13.42892837524414 9.995000839233398 12.392708778381348
    endloop
  endfacet
  facet normal 0.9238796296573571 0 0.3826831978336452
    outer loop
      vertex -14.74623966217041 1.5000008344650269 9.21243953704834
      vertex -14.542708396911621 9.995000839233398 8.721071243286133
      vertex -14.74623966217041 9.995000839233398 9.21243953704834
    endloop
  endfacet
  facet normal 0.9238796296573571 0 0.3826831978336452
    outer loop
      vertex -14.542708396911621 9.995000839233398 8.721071243286133
      vertex -14.74623966217041 1.5000008344650269 9.21243953704834
      vertex -14.542708396911621 1.5000008344650269 8.721071243286133
    endloop
  endfacet
  facet normal -0.19509084926902176 0 -0.9807851755259618
    outer loop
      vertex -11.884073257446289 1.5000007152557373 12.699999809265137
      vertex -11.362439155578613 9.995000839233398 12.596240043640137
      vertex -11.362439155578613 1.5000007152557373 12.596240043640137
    endloop
  endfacet
  facet normal -0.19509084926902176 0 -0.9807851755259618
    outer loop
      vertex -11.362439155578613 9.995000839233398 12.596240043640137
      vertex -11.884073257446289 1.5000007152557373 12.699999809265137
      vertex -11.884073257446289 9.995000839233398 12.699999809265137
    endloop
  endfacet
  facet normal 0.5555705171970212 0 0.8314694224211943
    outer loop
      vertex -13.871149063110352 9.995000839233398 7.902773857116699
      vertex -13.42892837524414 1.5000009536743164 7.607291221618652
      vertex -13.42892837524414 9.995000839233398 7.607291221618652
    endloop
  endfacet
  facet normal 0.5555705171970212 0 0.8314694224211943
    outer loop
      vertex -13.42892837524414 1.5000009536743164 7.607291221618652
      vertex -13.871149063110352 9.995000839233398 7.902773857116699
      vertex -13.871149063110352 1.5000008344650269 7.902773857116699
    endloop
  endfacet
  facet normal 0.8314694224211943 0 0.5555705171970212
    outer loop
      vertex -14.542708396911621 1.5000008344650269 8.721071243286133
      vertex -14.247225761413574 9.995000839233398 8.278850555419922
      vertex -14.542708396911621 9.995000839233398 8.721071243286133
    endloop
  endfacet
  facet normal 0.8314694224211943 0 0.5555705171970212
    outer loop
      vertex -14.247225761413574 9.995000839233398 8.278850555419922
      vertex -14.542708396911621 1.5000008344650269 8.721071243286133
      vertex -14.247225761413574 1.5000008344650269 8.278850555419922
    endloop
  endfacet
  facet normal 0.7071067811865476 0 -0.7071067811865476
    outer loop
      vertex -13.871149063110352 1.5000007152557373 12.0972261428833
      vertex -14.247225761413574 9.995000839233398 11.721149444580078
      vertex -13.871149063110352 9.995000839233398 12.0972261428833
    endloop
  endfacet
  facet normal 0.7071067811865476 0 -0.7071067811865476
    outer loop
      vertex -14.247225761413574 9.995000839233398 11.721149444580078
      vertex -13.871149063110352 1.5000007152557373 12.0972261428833
      vertex -14.247225761413574 1.5000007152557373 11.721149444580078
    endloop
  endfacet
  facet normal 0.19509084926902176 0 -0.9807851755259618
    outer loop
      vertex -12.937560081481934 1.5000007152557373 12.596240043640137
      vertex -12.415925979614258 9.995000839233398 12.699999809265137
      vertex -12.415925979614258 1.5000007152557373 12.699999809265137
    endloop
  endfacet
  facet normal 0.19509084926902176 0 -0.9807851755259618
    outer loop
      vertex -12.415925979614258 9.995000839233398 12.699999809265137
      vertex -12.937560081481934 1.5000007152557373 12.596240043640137
      vertex -12.937560081481934 9.995000839233398 12.596240043640137
    endloop
  endfacet
  facet normal 0.19509084926902176 0 0.9807851755259618
    outer loop
      vertex -12.937560081481934 9.995000839233398 7.403759956359863
      vertex -12.415925979614258 1.5000009536743164 7.300000190734863
      vertex -12.415925979614258 9.995000839233398 7.300000190734863
    endloop
  endfacet
  facet normal 0.19509084926902176 0 0.9807851755259618
    outer loop
      vertex -12.415925979614258 1.5000009536743164 7.300000190734863
      vertex -12.937560081481934 9.995000839233398 7.403759956359863
      vertex -12.937560081481934 1.5000009536743164 7.403759956359863
    endloop
  endfacet
  facet normal 0 0 1
    outer loop
      vertex -12.415925979614258 9.995000839233398 7.300000190734863
      vertex -11.884073257446289 1.5000009536743164 7.300000190734863
      vertex -11.884073257446289 9.995000839233398 7.300000190734863
    endloop
  endfacet
  facet normal 0 0 1
    outer loop
      vertex -11.884073257446289 1.5000009536743164 7.300000190734863
      vertex -12.415925979614258 9.995000839233398 7.300000190734863
      vertex -12.415925979614258 1.5000009536743164 7.300000190734863
    endloop
  endfacet
  facet normal 0.9807850152718486 0.19509165491686148 0
    outer loop
      vertex 33.150001525878906 5.452707290649414 36.29999923706055
      vertex 32.83679962158203 7.027268409729004 -1.1082371287329806e-7
      vertex 32.83679962158203 7.027268409729004 36.29999923706055
    endloop
  endfacet
  facet normal 0.9807850152718485 0.19509165491686148 0
    outer loop
      vertex 32.83679962158203 7.027268409729004 -1.1082371287329806e-7
      vertex 33.150001525878906 5.452707290649414 36.29999923706055
      vertex 33.150001525878906 5.452707290649414 -1.410518137845429e-7
    endloop
  endfacet
  facet normal 0.9238792984437245 0.3826839974536843 0
    outer loop
      vertex 32.83679962158203 7.027268409729004 36.29999923706055
      vertex 32.222434997558594 8.510473251342773 -8.234945170215724e-8
      vertex 32.222434997558594 8.510473251342773 36.29999923706055
    endloop
  endfacet
  facet normal 0.9238792984437244 0.3826839974536843 0
    outer loop
      vertex 32.222434997558594 8.510473251342773 -8.234945170215724e-8
      vertex 32.83679962158203 7.027268409729004 36.29999923706055
      vertex 32.83679962158203 7.027268409729004 -1.1082371287329806e-7
    endloop
  endfacet
  facet normal 0.8314700584620335 0.5555695652941607 0
    outer loop
      vertex 32.222434997558594 8.510473251342773 36.29999923706055
      vertex 31.33051872253418 9.845322608947754 -5.6723290953186734e-8
      vertex 31.33051872253418 9.845322608947754 36.29999923706055
    endloop
  endfacet
  facet normal 0.8314700584620335 0.5555695652941607 0
    outer loop
      vertex 31.33051872253418 9.845322608947754 -5.6723290953186734e-8
      vertex 32.222434997558594 8.510473251342773 36.29999923706055
      vertex 32.222434997558594 8.510473251342773 -8.234945170215724e-8
    endloop
  endfacet
  facet normal 0.7071067811865476 0.7071067811865476 0
    outer loop
      vertex 31.33051872253418 9.845322608947754 36.29999923706055
      vertex 30.195322036743164 10.98051929473877 -3.4930017989154294e-8
      vertex 30.195322036743164 10.98051929473877 36.29999923706055
    endloop
  endfacet
  facet normal 0.7071067811865475 0.7071067811865475 0
    outer loop
      vertex 30.195322036743164 10.98051929473877 -3.4930017989154294e-8
      vertex 31.33051872253418 9.845322608947754 36.29999923706055
      vertex 31.33051872253418 9.845322608947754 -5.6723290953186734e-8
    endloop
  endfacet
  facet normal 0.5555702503877108 0.8314696006975458 0
    outer loop
      vertex 30.195322036743164 10.98051929473877 36.29999923706055
      vertex 28.8604736328125 11.8724365234375 -1.780717617805294e-8
      vertex 28.8604736328125 11.8724365234375 36.29999923706055
    endloop
  endfacet
  facet normal 0.5555702503877108 0.8314696006975459 0
    outer loop
      vertex 28.8604736328125 11.8724365234375 -1.780717617805294e-8
      vertex 30.195322036743164 10.98051929473877 36.29999923706055
      vertex 30.195322036743164 10.98051929473877 -3.4930017989154294e-8
    endloop
  endfacet
  facet normal 0.3826837874294027 0.9238793854387529 0
    outer loop
      vertex 28.8604736328125 11.8724365234375 36.29999923706055
      vertex 27.377267837524414 12.486801147460938 -6.012730757731788e-9
      vertex 27.377267837524414 12.486801147460938 36.29999923706055
    endloop
  endfacet
  facet normal 0.3826837874294027 0.923879385438753 0
    outer loop
      vertex 27.377267837524414 12.486801147460938 -6.012730757731788e-9
      vertex 28.8604736328125 11.8724365234375 36.29999923706055
      vertex 28.8604736328125 11.8724365234375 -1.780717617805294e-8
    endloop
  endfacet
  facet normal 0.19508982696589186 0.9807853788747151 0
    outer loop
      vertex 27.377267837524414 12.486801147460938 36.29999923706055
      vertex 25.802705764770508 12.800000190734863 9.242640430784377e-7
      vertex 25.802705764770508 12.800000190734863 36.29999923706055
    endloop
  endfacet
  facet normal 0.19508982696589183 0.980785378874715 0
    outer loop
      vertex 27.377267837524414 12.486801147460938 -6.012730757731788e-9
      vertex 25.802705764770508 12.800000190734863 9.242640430784377e-7
      vertex 27.377267837524414 12.486801147460938 36.29999923706055
    endloop
  endfacet
  facet normal 0.19508982696589183 0.9807853788747151 0
    outer loop
      vertex 25.802705764770508 12.800000190734863 9.242640430784377e-7
      vertex 27.377267837524414 12.486801147460938 -6.012730757731788e-9
      vertex 25.802705764770508 12.800000190734863 0
    endloop
  endfacet
  facet normal 0 1 0
    outer loop
      vertex 25.802705764770508 12.800000190734863 9.242640430784377e-7
      vertex 25.05000114440918 12.800000190734863 36.29999923706055
      vertex 25.802705764770508 12.800000190734863 36.29999923706055
    endloop
  endfacet
  facet normal 0 1 0
    outer loop
      vertex 25.05000114440918 12.800000190734863 36.29999923706055
      vertex 25.802705764770508 12.800000190734863 9.242640430784377e-7
      vertex 25.05000114440918 12.800000190734863 9.242640430784377e-7
    endloop
  endfacet
  facet normal -0.607323174161802 -0.7400235053383055 0.28900479870209844
    outer loop
      vertex 26.61514663696289 6.265147686004639 24.950193405151367
      vertex 25.506671905517578 6.724292755126953 23.79649543762207
      vertex 26.367679595947266 6.0176801681518555 23.79649543762207
    endloop
  endfacet
  facet normal -0.6343926369140238 0 0.7730109845463203
    outer loop
      vertex 25.766756057739258 1.9999988079071045 21.036460876464844
      vertex 26.698707580566406 1.5000004768371582 21.801292419433594
      vertex 26.698707580566406 1.9999991655349731 21.801292419433594
    endloop
  endfacet
  facet normal -0.6343926369140239 0 0.7730109845463204
    outer loop
      vertex 26.698707580566406 1.5000004768371582 21.801292419433594
      vertex 25.766756057739258 1.9999988079071045 21.036460876464844
      vertex 25.766756057739258 1.5000004768371582 21.036460876464844
    endloop
  endfacet
  facet normal -0.9904381686308709 -0.09755060656674525 0.09755056779735607
    outer loop
      vertex 28.38182830810547 3.1998050212860107 26.149999618530273
      vertex 28.38182830810547 1.9999992847442627 24.950193405151367
      vertex 28.5 1.9999995231628418 26.149999618530273
    endloop
  endfacet
  facet normal -0.4708893368936808 -0.04637992094283761 0.8809722670624573
    outer loop
      vertex 25.70110321044922 2.6665759086608887 21.036460876464844
      vertex 24.658279418945312 2.4591448307037354 20.4681396484375
      vertex 24.703502655029297 1.9999991655349731 20.4681396484375
    endloop
  endfacet
  facet normal -0.28890049253739514 -0.9523762963345562 0.09754945203190127
    outer loop
      vertex 24.703502655029297 7.681858062744141 26.149999618530273
      vertex 23.5498046875 8.031828880310059 26.149999618530273
      vertex 24.658279418945312 7.572683334350586 24.950193405151367
    endloop
  endfacet
  facet normal -0.9569549942687388 0 0.2902363501426347
    outer loop
      vertex 28.031858444213867 1.999998688697815 23.79649543762207
      vertex 28.031858444213867 1.5000003576278687 23.79649543762207
      vertex 28.032596588134766 1.5000003576278687 23.79892921447754
    endloop
  endfacet
  facet normal -0.3826135657918318 -0.9237117422729227 0.0190650585936996
    outer loop
      vertex 25.5793399810791 7.528566837310791 36.29999923706055
      vertex 24.60713768005371 7.931265830993652 36.29999923706055
      vertex 24.703502655029297 7.681858062744141 26.149999618530273
    endloop
  endfacet
  facet normal -0.7707794398116382 -0.07591676278368426 0.6325628034370208
    outer loop
      vertex 27.36528205871582 2.9976017475128174 22.73324203491211
      vertex 26.61514663696289 2.8483896255493164 21.801292419433594
      vertex 26.698707580566406 1.9999991655349731 21.801292419433594
    endloop
  endfacet
  facet normal -0.7693246177376063 -0.6313665139882981 0.09754976964170672
    outer loop
      vertex 27.463537216186523 5.4167561531066895 26.149999618530273
      vertex 26.698707580566406 6.348706245422363 26.14999771118164
      vertex 27.36528205871582 5.351103782653809 24.950193405151367
    endloop
  endfacet
  facet normal -0.773011123670362 0 0.6343924673905612
    outer loop
      vertex 26.698707580566406 1.5000004768371582 21.801292419433594
      vertex 27.463537216186523 1.9999995231628418 22.73324203491211
      vertex 26.698707580566406 1.9999991655349731 21.801292419433594
    endloop
  endfacet
  facet normal -0.773011123670362 0 0.6343924673905612
    outer loop
      vertex 27.463537216186523 1.9999995231628418 22.73324203491211
      vertex 26.698707580566406 1.5000004768371582 21.801292419433594
      vertex 27.463537216186523 1.5000003576278687 22.73324203491211
    endloop
  endfacet
  facet normal -0.7068719814725358 -0.7068724344588339 0.025755838393117195
    outer loop
      vertex 27.255666732788086 6.161576271057129 36.29999923706055
      vertex 26.51157569885254 6.905666828155518 36.29999923706055
      vertex 26.698707580566406 6.348706245422363 26.14999771118164
    endloop
  endfacet
  facet normal -0.075915841532823 -0.7707798486397801 0.6325624158414732
    outer loop
      vertex 23.34760093688965 7.015282154083252 22.73324203491211
      vertex 22.349998474121094 7.1135382652282715 22.73324203491211
      vertex 23.19839096069336 6.2651472091674805 21.801292419433594
    endloop
  endfacet
  facet normal -0.4512808947279023 -0.8442882632967036 0.28900325692458917
    outer loop
      vertex 25.70110321044922 7.01528263092041 24.950193405151367
      vertex 24.52435302734375 7.24935245513916 23.79649543762207
      vertex 25.506671905517578 6.724292755126953 23.79649543762207
    endloop
  endfacet
  facet normal -0.5600829971481227 -0.682463103120491 0.4696287354759353
    outer loop
      vertex 25.506671905517578 6.724292755126953 23.79649543762207
      vertex 25.190929412841797 6.251750946044922 22.73324203491211
      vertex 25.965816497802734 5.615817546844482 22.73324203491211
    endloop
  endfacet
  facet normal -0.5554091991329176 -0.8312288428347963 0.02406724658236778
    outer loop
      vertex 26.484821319580078 6.927623748779297 36.29999923706055
      vertex 25.60986328125 7.512251853942871 36.29999923706055
      vertex 25.766756057739258 7.1135382652282715 26.149999618530273
    endloop
  endfacet
  facet normal -0.47139702322934907 0 0.8819211112625145
    outer loop
      vertex 24.703502655029297 1.9999991655349731 20.4681396484375
      vertex 25.766756057739258 1.5000004768371582 21.036460876464844
      vertex 25.766756057739258 1.9999988079071045 21.036460876464844
    endloop
  endfacet
  facet normal -0.4713970232293491 0 0.8819211112625146
    outer loop
      vertex 25.766756057739258 1.5000004768371582 21.036460876464844
      vertex 24.703502655029297 1.9999991655349731 20.4681396484375
      vertex 24.703502655029297 1.5000004768371582 20.4681396484375
    endloop
  endfacet
  facet normal -0.9951846381423073 0 0.09801803918445258
    outer loop
      vertex 28.38182830810547 1.5000003576278687 24.950193405151367
      vertex 28.5 1.9999995231628418 26.149999618530273
      vertex 28.38182830810547 1.9999992847442627 24.950193405151367
    endloop
  endfacet
  facet normal -0.9951846381423074 0 0.0980180391844526
    outer loop
      vertex 28.5 1.9999995231628418 26.149999618530273
      vertex 28.38182830810547 1.5000003576278687 24.950193405151367
      vertex 28.5 1.500000238418579 26.149999618530273
    endloop
  endfacet
  facet normal -0.9904386486167955 -0.09754816986932996 0.0975481311009092
    outer loop
      vertex 28.38182830810547 3.1998050212860107 26.149999618530273
      vertex 28.26593017578125 3.176751136779785 24.950193405151367
      vertex 28.38182830810547 1.9999992847442627 24.950193405151367
    endloop
  endfacet
  facet normal -0.47121979916475737 -0.8815917676565589 0.027346957331842038
    outer loop
      vertex 25.766756057739258 7.1135382652282715 26.149999618530273
      vertex 25.5793399810791 7.528566837310791 36.29999923706055
      vertex 24.703502655029297 7.681858062744141 26.149999618530273
    endloop
  endfacet
  facet normal -0.4712190763886107 -0.8815921530845463 0.02734698643760638
    outer loop
      vertex 25.5793399810791 7.528566837310791 36.29999923706055
      vertex 25.766756057739258 7.1135382652282715 26.149999618530273
      vertex 25.60986328125 7.512251853942871 36.29999923706055
    endloop
  endfacet
  facet normal -0.8448482466167488 -0.25628141105052177 0.4696288731951633
    outer loop
      vertex 27.922683715820312 3.1084747314453125 23.79649543762207
      vertex 27.07429313659668 3.9568655490875244 22.73324203491211
      vertex 27.36528205871582 2.9976017475128174 22.73324203491211
    endloop
  endfacet
  facet normal -0.9569404713153867 2.5450012780521577e-7 0.2902842302961367
    outer loop
      vertex 28.032596588134766 1.5000003576278687 23.79892921447754
      vertex 28.38182830810547 1.9999992847442627 24.950193405151367
      vertex 28.031858444213867 1.999998688697815 23.79649543762207
    endloop
  endfacet
  facet normal -0.9569404406117322 0 0.2902843315127833
    outer loop
      vertex 28.38182830810547 1.9999992847442627 24.950193405151367
      vertex 28.032596588134766 1.5000003576278687 23.79892921447754
      vertex 28.38182830810547 1.5000003576278687 24.950193405151367
    endloop
  endfacet
  facet normal 0 -0.7730101538818702 0.6343936490819618
    outer loop
      vertex -72.1500015258789 6.348706245422363 21.801292419433594
      vertex 22.349998474121094 7.1135382652282715 22.73324203491211
      vertex -72.1500015258789 7.1135382652282715 22.73324203491211
    endloop
  endfacet
  facet normal 0 -0.7730101538818702 0.6343936490819618
    outer loop
      vertex 22.349998474121094 7.1135382652282715 22.73324203491211
      vertex -72.1500015258789 6.348706245422363 21.801292419433594
      vertex 22.349998474121094 6.348706245422363 21.801292419433594
    endloop
  endfacet
  facet normal -0.18468589738356364 -0.6088266379862757 0.771505829003227
    outer loop
      vertex 24.014177322387695 6.017680644989014 21.801292419433594
      vertex 23.19839096069336 6.2651472091674805 21.801292419433594
      vertex 23.657535552978516 5.156671524047852 21.036460876464844
    endloop
  endfacet
  facet normal -0.41729680512352657 -0.22305010038290246 0.8809722067993261
    outer loop
      vertex 25.190929412841797 3.898247718811035 21.036460876464844
      vertex 24.52435302734375 2.900646686553955 20.4681396484375
      vertex 25.506671905517578 3.3075358867645264 21.036460876464844
    endloop
  endfacet
  facet normal -0.6313670475306391 -0.7693241108471819 0.09755031400070832
    outer loop
      vertex 25.766756057739258 7.1135382652282715 26.149999618530273
      vertex 25.70110321044922 7.01528263092041 24.950193405151367
      vertex 26.61514663696289 6.265147686004639 24.950193405151367
    endloop
  endfacet
  facet normal -0.7707804150557579 -0.07591517862340787 0.632561805218312
    outer loop
      vertex 27.36528205871582 2.9976017475128174 22.73324203491211
      vertex 26.698707580566406 1.9999991655349731 21.801292419433594
      vertex 27.463537216186523 1.9999995231628418 22.73324203491211
    endloop
  endfacet
  facet normal -0.7726637615433057 -0.6340723290172519 0.030708193896540444
    outer loop
      vertex 26.698707580566406 6.348706245422363 26.14999771118164
      vertex 27.27762222290039 6.134821891784668 36.29999923706055
      vertex 27.255666732788086 6.161576271057129 36.29999923706055
    endloop
  endfacet
  facet normal -0.7726467888942468 -0.6340930789288688 0.03070678859660455
    outer loop
      vertex 27.27762222290039 6.134821891784668 36.29999923706055
      vertex 26.698707580566406 6.348706245422363 26.14999771118164
      vertex 27.463537216186523 5.4167561531066895 26.149999618530273
    endloop
  endfacet
  facet normal -0.4512811607269463 -0.8442880107030751 0.2890035794864558
    outer loop
      vertex 24.658279418945312 7.572683334350586 24.950193405151367
      vertex 24.52435302734375 7.24935245513916 23.79649543762207
      vertex 25.70110321044922 7.01528263092041 24.950193405151367
    endloop
  endfacet
  facet normal 0 -1 0
    outer loop
      vertex 22.349998474121094 8.149999618530273 26.149999618530273
      vertex -72.1500015258789 8.149999618530273 36.29999923706055
      vertex -72.1500015258789 8.149999618530273 26.149999618530273
    endloop
  endfacet
  facet normal 0 -1 0
    outer loop
      vertex -72.1500015258789 8.149999618530273 36.29999923706055
      vertex 22.349998474121094 8.149999618530273 26.149999618530273
      vertex 23.485754013061523 8.149999618530273 36.29999923706055
    endloop
  endfacet
  facet normal -0.0980119041039752 -0.009652585046026932 0.9951384296950062
    outer loop
      vertex 23.526752471923828 2.234070301055908 20.1181697845459
      vertex 22.349998474121094 1.999998927116394 20
      vertex 23.5498046875 1.9999991655349731 20.1181697845459
    endloop
  endfacet
  facet normal 0 -0.956940251579141 0.2902849546698042
    outer loop
      vertex -72.1500015258789 7.681858062744141 23.79649543762207
      vertex 22.349998474121094 8.031828880310059 24.950193405151367
      vertex -72.1500015258789 8.031828880310059 24.950193405151367
    endloop
  endfacet
  facet normal 0 -0.956940251579141 0.2902849546698042
    outer loop
      vertex 22.349998474121094 8.031828880310059 24.950193405151367
      vertex -72.1500015258789 7.681858062744141 23.79649543762207
      vertex 22.349998474121094 7.681858062744141 23.79649543762207
    endloop
  endfacet
  facet normal -0.8786128629500327 -0.08653531242578572 0.4696286583696941
    outer loop
      vertex 27.922683715820312 3.1084747314453125 23.79649543762207
      vertex 27.463537216186523 1.9999995231628418 22.73324203491211
      vertex 28.031858444213867 1.999998688697815 23.79649543762207
    endloop
  endfacet
  facet normal -0.9527182977175279 -0.09383401839797291 0.28900349856966184
    outer loop
      vertex 28.38182830810547 1.9999992847442627 24.950193405151367
      vertex 27.922683715820312 3.1084747314453125 23.79649543762207
      vertex 28.031858444213867 1.999998688697815 23.79649543762207
    endloop
  endfacet
  facet normal 0 0 1
    outer loop
      vertex -72.1500015258789 1.999998927116394 20
      vertex 22.349998474121094 1.5000004768371582 20
      vertex 22.349998474121094 1.999998927116394 20
    endloop
  endfacet
  facet normal 0 0 1
    outer loop
      vertex 22.349998474121094 1.5000004768371582 20
      vertex -72.1500015258789 1.999998927116394 20
      vertex -72.1500015258789 1.5000004768371582 20
    endloop
  endfacet
  facet normal -0.9237117703111858 -0.38261349967344527 0.019065027044660756
    outer loop
      vertex 28.281265258789062 4.257138729095459 36.29999923706055
      vertex 27.87856674194336 5.229340076446533 36.29999923706055
      vertex 28.031858444213867 4.35350227355957 26.149999618530273
    endloop
  endfacet
  facet normal -0.956727187377773 -0.2902454007749094 0.020753222911825207
    outer loop
      vertex 28.031858444213867 4.35350227355957 26.149999618530273
      vertex 28.29131317138672 4.224018096923828 36.29999923706055
      vertex 28.281265258789062 4.257138729095459 36.29999923706055
    endloop
  endfacet
  facet normal -0.9567343142178617 -0.29022187325783527 0.020753705230417464
    outer loop
      vertex 28.29131317138672 4.224018096923828 36.29999923706055
      vertex 28.031858444213867 4.35350227355957 26.149999618530273
      vertex 28.38182830810547 3.1998050212860107 26.149999618530273
    endloop
  endfacet
  facet normal -0.2889006522228179 -0.9523762642626693 0.09754929222866139
    outer loop
      vertex 23.5498046875 8.031828880310059 26.149999618530273
      vertex 23.526752471923828 7.915928840637207 24.950193405151367
      vertex 24.658279418945312 7.572683334350586 24.950193405151367
    endloop
  endfacet
  facet normal -0.36510121890830705 -0.6830557849303717 0.632562957044453
    outer loop
      vertex 25.190929412841797 6.251750946044922 22.73324203491211
      vertex 24.306865692138672 6.724293231964111 22.73324203491211
      vertex 24.766010284423828 5.615817070007324 21.801292419433594
    endloop
  endfacet
  facet normal -0.9161054357940794 -0.2778979511098062 0.2890044277818452
    outer loop
      vertex 27.922683715820312 4.308281421661377 24.950193405151367
      vertex 27.922683715820312 3.1084747314453125 23.79649543762207
      vertex 28.26593017578125 3.176751136779785 24.950193405151367
    endloop
  endfacet
  facet normal -0.8777150936623385 -0.469148647828855 0.09754876010318984
    outer loop
      vertex 28.031858444213867 4.35350227355957 26.149999618530273
      vertex 27.463537216186523 5.4167561531066895 26.149999618530273
      vertex 27.922683715820312 4.308281421661377 24.950193405151367
    endloop
  endfacet
  facet normal -0.09754977884693598 -0.9904383482498245 0.09754957182414054
    outer loop
      vertex 23.5498046875 8.031828880310059 26.149999618530273
      vertex 22.349998474121094 8.149999618530273 26.149999618530273
      vertex 23.526752471923828 7.915928840637207 24.950193405151367
    endloop
  endfacet
  facet normal -0.277898006814594 -0.9161054623441975 0.2890042900574309
    outer loop
      vertex 23.526752471923828 7.915928840637207 24.950193405151367
      vertex 23.45847511291504 7.572682857513428 23.79649543762207
      vertex 24.658279418945312 7.572683334350586 24.950193405151367
    endloop
  endfacet
  facet normal 0 -0.47139669437063136 0.8819212870412199
    outer loop
      vertex -72.1500015258789 5.416757106781006 21.036460876464844
      vertex 22.349998474121094 4.3535027503967285 20.4681396484375
      vertex 22.349998474121094 5.416757106781006 21.036460876464844
    endloop
  endfacet
  facet normal 0 -0.47139669437063136 0.8819212870412199
    outer loop
      vertex 22.349998474121094 4.3535027503967285 20.4681396484375
      vertex -72.1500015258789 5.416757106781006 21.036460876464844
      vertex -72.1500015258789 4.3535027503967285 20.4681396484375
    endloop
  endfacet
  facet normal -0.9951205820447002 -0.09803112150384283 0.011177048255952187
    outer loop
      vertex 28.38182830810547 3.1998050212860107 26.149999618530273
      vertex 28.5 3.157491445541382 36.29999923706055
      vertex 28.496606826782227 3.1919357776641846 36.29999923706055
    endloop
  endfacet
  facet normal -0.9951224669482438 -0.09801197422872761 0.011177150022647311
    outer loop
      vertex 28.5 3.157491445541382 36.29999923706055
      vertex 28.38182830810547 3.1998050212860107 26.149999618530273
      vertex 28.5 1.9999995231628418 26.149999618530273
    endloop
  endfacet
  facet normal -1 0 0
    outer loop
      vertex 28.5 1.4999998807907104 36.29999923706055
      vertex 28.5 1.9999995231628418 26.149999618530273
      vertex 28.5 1.500000238418579 26.149999618530273
    endloop
  endfacet
  facet normal -1 0 0
    outer loop
      vertex 28.5 1.9999995231628418 26.149999618530273
      vertex 28.5 1.4999998807907104 36.29999923706055
      vertex 28.5 3.157491445541382 36.29999923706055
    endloop
  endfacet
  facet normal -0.8819211112625145 0 0.47139702322934907
    outer loop
      vertex 27.463537216186523 1.5000003576278687 22.73324203491211
      vertex 28.031858444213867 1.999998688697815 23.79649543762207
      vertex 27.463537216186523 1.9999995231628418 22.73324203491211
    endloop
  endfacet
  facet normal -0.8819211112625145 0 0.47139702322934907
    outer loop
      vertex 28.031858444213867 1.999998688697815 23.79649543762207
      vertex 27.463537216186523 1.5000003576278687 22.73324203491211
      vertex 28.031858444213867 1.5000003576278687 23.79649543762207
    endloop
  endfacet
  facet normal -0.878612647274492 -0.08653571724938453 0.46962898727553404
    outer loop
      vertex 27.922683715820312 3.1084747314453125 23.79649543762207
      vertex 27.36528205871582 2.9976017475128174 22.73324203491211
      vertex 27.463537216186523 1.9999995231628418 22.73324203491211
    endloop
  endfacet
  facet normal -0.7411583596572187 -0.22482846831492934 0.6325633926693702
    outer loop
      vertex 27.07429313659668 3.9568655490875244 22.73324203491211
      vertex 26.367679595947266 3.664177179336548 21.801292419433594
      vertex 26.61514663696289 2.8483896255493164 21.801292419433594
    endloop
  endfacet
  facet normal -0.9523763813026983 -0.2889006381890763 0.09754819111968122
    outer loop
      vertex 28.38182830810547 3.1998050212860107 26.149999618530273
      vertex 27.922683715820312 4.308281421661377 24.950193405151367
      vertex 28.26593017578125 3.176751136779785 24.950193405151367
    endloop
  endfacet
  facet normal -0.9527181364331881 -0.09383308167564589 0.28900433438708945
    outer loop
      vertex 28.26593017578125 3.176751136779785 24.950193405151367
      vertex 27.922683715820312 3.1084747314453125 23.79649543762207
      vertex 28.38182830810547 1.9999992847442627 24.950193405151367
    endloop
  endfacet
  facet normal -0.49134238259750324 -0.5987040560316966 0.6325631323074432
    outer loop
      vertex 25.190929412841797 6.251750946044922 22.73324203491211
      vertex 24.766010284423828 5.615817070007324 21.801292419433594
      vertex 25.424999237060547 5.075000286102295 21.801292419433594
    endloop
  endfacet
  facet normal -0.4036148545195302 -0.49180746264552716 0.7715053265515065
    outer loop
      vertex 24.766010284423828 5.615817070007324 21.801292419433594
      vertex 24.248249053955078 4.8409295082092285 21.036460876464844
      vertex 25.424999237060547 5.075000286102295 21.801292419433594
    endloop
  endfacet
  facet normal -0.6331578660172048 -0.06236130320274668 0.7715064384458462
    outer loop
      vertex 26.698707580566406 1.9999991655349731 21.801292419433594
      vertex 25.70110321044922 2.6665759086608887 21.036460876464844
      vertex 25.766756057739258 1.9999988079071045 21.036460876464844
    endloop
  endfacet
  facet normal 0 -0.6343936067017376 0.773010188662453
    outer loop
      vertex -72.1500015258789 6.348706245422363 21.801292419433594
      vertex 22.349998474121094 5.416757106781006 21.036460876464844
      vertex 22.349998474121094 6.348706245422363 21.801292419433594
    endloop
  endfacet
  facet normal 0 -0.6343936067017376 0.773010188662453
    outer loop
      vertex 22.349998474121094 5.416757106781006 21.036460876464844
      vertex -72.1500015258789 6.348706245422363 21.801292419433594
      vertex -72.1500015258789 5.416757106781006 21.036460876464844
    endloop
  endfacet
  facet normal 0 -0.29028423029626654 0.9569404713153813
    outer loop
      vertex -72.1500015258789 4.3535027503967285 20.4681396484375
      vertex 22.349998474121094 3.1998047828674316 20.1181697845459
      vertex 22.349998474121094 4.3535027503967285 20.4681396484375
    endloop
  endfacet
  facet normal 0 -0.29028423029626654 0.9569404713153813
    outer loop
      vertex 22.349998474121094 3.1998047828674316 20.1181697845459
      vertex -72.1500015258789 4.3535027503967285 20.4681396484375
      vertex -72.1500015258789 3.1998047828674316 20.1181697845459
    endloop
  endfacet
  facet normal -0.8312284235316905 -0.5554098249741516 0.024067285580283232
    outer loop
      vertex 27.86225128173828 5.25986385345459 36.29999923706055
      vertex 27.27762222290039 6.134821891784668 36.29999923706055
      vertex 27.463537216186523 5.4167561531066895 26.149999618530273
    endloop
  endfacet
  facet normal -0.6313670794417477 -0.7693240894391054 0.09755027629837447
    outer loop
      vertex 26.698707580566406 6.348706245422363 26.14999771118164
      vertex 25.766756057739258 7.1135382652282715 26.149999618530273
      vertex 26.61514663696289 6.265147686004639 24.950193405151367
    endloop
  endfacet
  facet normal -0.6340936773371906 -0.7726462954938618 0.03070684647779683
    outer loop
      vertex 26.698707580566406 6.348706245422363 26.14999771118164
      vertex 26.484821319580078 6.927623748779297 36.29999923706055
      vertex 25.766756057739258 7.1135382652282715 26.149999618530273
    endloop
  endfacet
  facet normal -0.6340970462949926 -0.7726435397207081 0.03070661830649107
    outer loop
      vertex 26.484821319580078 6.927623748779297 36.29999923706055
      vertex 26.698707580566406 6.348706245422363 26.14999771118164
      vertex 26.51157569885254 6.905666828155518 36.29999923706055
    endloop
  endfacet
  facet normal -0.7400232776731989 -0.6073234706466865 0.2890047586173605
    outer loop
      vertex 26.61514663696289 6.265147686004639 24.950193405151367
      vertex 26.367679595947266 6.0176801681518555 23.79649543762207
      vertex 27.07429313659668 5.15667200088501 23.79649543762207
    endloop
  endfacet
  facet normal -0.6073220286925176 -0.7400251272998281 0.2890030526303799
    outer loop
      vertex 25.70110321044922 7.01528263092041 24.950193405151367
      vertex 25.506671905517578 6.724292755126953 23.79649543762207
      vertex 26.61514663696289 6.265147686004639 24.950193405151367
    endloop
  endfacet
  facet normal -0.881589490750793 -0.4712240641046215 0.02734686831213521
    outer loop
      vertex 27.463537216186523 5.4167561531066895 26.149999618530273
      vertex 27.87856674194336 5.229340076446533 36.29999923706055
      vertex 27.86225128173828 5.25986385345459 36.29999923706055
    endloop
  endfacet
  facet normal -0.8815913611494092 -0.4712205566558915 0.02734700955577901
    outer loop
      vertex 27.87856674194336 5.229340076446533 36.29999923706055
      vertex 27.463537216186523 5.4167561531066895 26.149999618530273
      vertex 28.031858444213867 4.35350227355957 26.149999618530273
    endloop
  endfacet
  facet normal -0.9523765191256967 -0.2888999519719286 0.09754887784407801
    outer loop
      vertex 28.031858444213867 4.35350227355957 26.149999618530273
      vertex 27.922683715820312 4.308281421661377 24.950193405151367
      vertex 28.38182830810547 3.1998050212860107 26.149999618530273
    endloop
  endfacet
  facet normal 0 -0.8819216045506791 0.4713961003516634
    outer loop
      vertex -72.1500015258789 7.1135382652282715 22.73324203491211
      vertex 22.349998474121094 7.681858062744141 23.79649543762207
      vertex -72.1500015258789 7.681858062744141 23.79649543762207
    endloop
  endfacet
  facet normal 0 -0.8819216045506791 0.4713961003516634
    outer loop
      vertex 22.349998474121094 7.681858062744141 23.79649543762207
      vertex -72.1500015258789 7.1135382652282715 22.73324203491211
      vertex 22.349998474121094 7.1135382652282715 22.73324203491211
    endloop
  endfacet
  facet normal -0.1950790463460923 -0.9807265181313221 0.010939026954570072
    outer loop
      vertex 24.574018478393555 7.941312789916992 36.29999923706055
      vertex 23.541934967041016 8.146607398986816 36.29999923706055
      vertex 23.5498046875 8.031828880310059 26.149999618530273
    endloop
  endfacet
  facet normal 0 -0.9951847153037992 0.09801725575477158
    outer loop
      vertex -72.1500015258789 8.031828880310059 24.950193405151367
      vertex 22.349998474121094 8.149999618530273 26.149999618530273
      vertex -72.1500015258789 8.149999618530273 26.149999618530273
    endloop
  endfacet
  facet normal 0 -0.9951847153037992 0.09801725575477158
    outer loop
      vertex 22.349998474121094 8.149999618530273 26.149999618530273
      vertex -72.1500015258789 8.031828880310059 24.950193405151367
      vertex 22.349998474121094 8.031828880310059 24.950193405151367
    endloop
  endfacet
  facet normal -0.08464571317729556 -0.27901180117958013 0.9565497990398794
    outer loop
      vertex 23.250646591186523 4.174352645874023 20.4681396484375
      vertex 22.584070205688477 3.176751136779785 20.118167877197266
      vertex 22.809144973754883 3.1084752082824707 20.1181697845459
    endloop
  endfacet
  facet normal -0.2230493358965863 -0.41729718405710026 0.880972220864033
    outer loop
      vertex 23.657535552978516 5.156671524047852 21.036460876464844
      vertex 23.250646591186523 4.174352645874023 20.4681396484375
      vertex 24.248249053955078 4.8409295082092285 21.036460876464844
    endloop
  endfacet
  facet normal -0.06247201240751618 -0.07613546272832013 0.9951385024110462
    outer loop
      vertex 23.01657485961914 2.9976015090942383 20.1181697845459
      vertex 22.349998474121094 1.999998927116394 20
      vertex 23.19839096069336 2.8483896255493164 20.118167877197266
    endloop
  endfacet
  facet normal -0.9807266482957268 -0.1950783913407623 0.010939038098946072
    outer loop
      vertex 28.496606826782227 3.1919357776641846 36.29999923706055
      vertex 28.29131317138672 4.224018096923828 36.29999923706055
      vertex 28.38182830810547 3.1998050212860107 26.149999618530273
    endloop
  endfacet
  facet normal -0.49180494430257793 -0.4036156941678731 0.7715064926369214
    outer loop
      vertex 25.424999237060547 5.075000286102295 21.801292419433594
      vertex 24.766010284423828 4.416010856628418 21.036460876464844
      vertex 25.190929412841797 3.898247718811035 21.036460876464844
    endloop
  endfacet
  facet normal -0.741159068641201 -0.2248277044840965 0.6325628334539733
    outer loop
      vertex 27.07429313659668 3.9568655490875244 22.73324203491211
      vertex 26.61514663696289 2.8483896255493164 21.801292419433594
      vertex 27.36528205871582 2.9976017475128174 22.73324203491211
    endloop
  endfacet
  facet normal -0.09801647232490832 0 0.995184792464686
    outer loop
      vertex 22.349998474121094 1.999998927116394 20
      vertex 23.5498046875 1.5000004768371582 20.1181697845459
      vertex 23.5498046875 1.9999991655349731 20.1181697845459
    endloop
  endfacet
  facet normal -0.09801647232490833 0 0.9951847924646863
    outer loop
      vertex 23.5498046875 1.5000004768371582 20.1181697845459
      vertex 22.349998474121094 1.999998927116394 20
      vertex 22.349998474121094 1.5000004768371582 20
    endloop
  endfacet
  facet normal -0.27789753425309166 -0.9161057607310862 0.2890037986106233
    outer loop
      vertex 24.658279418945312 7.572683334350586 24.950193405151367
      vertex 23.45847511291504 7.572682857513428 23.79649543762207
      vertex 24.52435302734375 7.24935245513916 23.79649543762207
    endloop
  endfacet
  facet normal -0.08653655496930779 -0.8786128348746862 0.4696284819381288
    outer loop
      vertex 23.45847511291504 7.572682857513428 23.79649543762207
      vertex 22.349998474121094 7.1135382652282715 22.73324203491211
      vertex 23.34760093688965 7.015282154083252 22.73324203491211
    endloop
  endfacet
  facet normal -0.07591485269067888 -0.7707794815339164 0.6325629818344254
    outer loop
      vertex 22.349998474121094 7.1135382652282715 22.73324203491211
      vertex 22.349998474121094 6.348706245422363 21.801292419433594
      vertex 23.19839096069336 6.2651472091674805 21.801292419433594
    endloop
  endfacet
  facet normal -0.06236046026169893 -0.6331588816298982 0.7715056730893985
    outer loop
      vertex 22.349998474121094 6.348706245422363 21.801292419433594
      vertex 22.349998474121094 5.416757106781006 21.036460876464844
      vertex 23.19839096069336 6.2651472091674805 21.801292419433594
    endloop
  endfacet
  facet normal -0.7693240578243947 -0.6313670759852714 0.0975505479964907
    outer loop
      vertex 26.698707580566406 6.348706245422363 26.14999771118164
      vertex 26.61514663696289 6.265147686004639 24.950193405151367
      vertex 27.36528205871582 5.351103782653809 24.950193405151367
    endloop
  endfacet
  facet normal -0.740025170835679 -0.6073221336497872 0.2890027205904711
    outer loop
      vertex 27.36528205871582 5.351103782653809 24.950193405151367
      vertex 26.61514663696289 6.265147686004639 24.950193405151367
      vertex 27.07429313659668 5.15667200088501 23.79649543762207
    endloop
  endfacet
  facet normal -0.4161794736849536 -0.7786164010073563 0.46962873183576265
    outer loop
      vertex 25.506671905517578 6.724292755126953 23.79649543762207
      vertex 24.306865692138672 6.724293231964111 22.73324203491211
      vertex 25.190929412841797 6.251750946044922 22.73324203491211
    endloop
  endfacet
  facet normal -0.4913435042944927 -0.5987037891640088 0.6325625136128965
    outer loop
      vertex 25.965816497802734 5.615817546844482 22.73324203491211
      vertex 25.190929412841797 6.251750946044922 22.73324203491211
      vertex 25.424999237060547 5.075000286102295 21.801292419433594
    endloop
  endfacet
  facet normal -0.09801113308783664 -0.9951225508970973 0.011177051797869042
    outer loop
      vertex 23.5498046875 8.031828880310059 26.149999618530273
      vertex 23.507490158081055 8.149999618530273 36.29999923706055
      vertex 22.349998474121094 8.149999618530273 26.149999618530273
    endloop
  endfacet
  facet normal -0.09800249015688722 -0.9951234015986653 0.01117709773379079
    outer loop
      vertex 23.507490158081055 8.149999618530273 36.29999923706055
      vertex 23.5498046875 8.031828880310059 26.149999618530273
      vertex 23.541934967041016 8.146607398986816 36.29999923706055
    endloop
  endfacet
  facet normal -0.29022243277786625 -0.9567341447381289 0.020753693760337394
    outer loop
      vertex 24.703502655029297 7.681858062744141 26.149999618530273
      vertex 24.574018478393555 7.941312789916992 36.29999923706055
      vertex 23.5498046875 8.031828880310059 26.149999618530273
    endloop
  endfacet
  facet normal -0.29023165158891967 -0.9567313522904606 0.020753504774723715
    outer loop
      vertex 24.574018478393555 7.941312789916992 36.29999923706055
      vertex 24.703502655029297 7.681858062744141 26.149999618530273
      vertex 24.60713768005371 7.931265830993652 36.29999923706055
    endloop
  endfacet
  facet normal -0.09383444907450832 -0.9527180783692998 0.28900408183136833
    outer loop
      vertex 23.526752471923828 7.915928840637207 24.950193405151367
      vertex 22.349998474121094 8.031828880310059 24.950193405151367
      vertex 23.45847511291504 7.572682857513428 23.79649543762207
    endloop
  endfacet
  facet normal -0.09754956780722539 -0.9904383486416549 0.09754977888552796
    outer loop
      vertex 22.349998474121094 8.149999618530273 26.149999618530273
      vertex 22.349998474121094 8.031828880310059 24.950193405151367
      vertex 23.526752471923828 7.915928840637207 24.950193405151367
    endloop
  endfacet
  facet normal -0.22482848146637505 -0.7411587480902847 0.6325629328776433
    outer loop
      vertex 24.306865692138672 6.724293231964111 22.73324203491211
      vertex 23.19839096069336 6.2651472091674805 21.801292419433594
      vertex 24.014177322387695 6.017680644989014 21.801292419433594
    endloop
  endfacet
  facet normal -0.13735275608737682 -0.45279378230649664 0.8809721965532049
    outer loop
      vertex 23.657535552978516 5.156671524047852 21.036460876464844
      vertex 23.01657485961914 5.351103782653809 21.036460876464844
      vertex 23.250646591186523 4.174352645874023 20.4681396484375
    endloop
  endfacet
  facet normal 0 -0.09801650126013607 0.9951847896148341
    outer loop
      vertex -72.1500015258789 3.1998047828674316 20.1181697845459
      vertex 22.349998474121094 1.999998927116394 20
      vertex 22.349998474121094 3.1998047828674316 20.1181697845459
    endloop
  endfacet
  facet normal 0 -0.09801650126013607 0.9951847896148341
    outer loop
      vertex 22.349998474121094 1.999998927116394 20
      vertex -72.1500015258789 3.1998047828674316 20.1181697845459
      vertex -72.1500015258789 1.999998927116394 20
    endloop
  endfacet
  facet normal -0.7786164658901273 -0.41617920064065755 0.4696288662325512
    outer loop
      vertex 27.07429313659668 5.15667200088501 23.79649543762207
      vertex 26.60175132751465 4.84092903137207 22.73324203491211
      vertex 27.07429313659668 3.9568655490875244 22.73324203491211
    endloop
  endfacet
  facet normal -0.6824629147570008 -0.5600830684864387 0.46962892412647866
    outer loop
      vertex 27.07429313659668 5.15667200088501 23.79649543762207
      vertex 25.965816497802734 5.615817546844482 22.73324203491211
      vertex 26.60175132751465 4.84092903137207 22.73324203491211
    endloop
  endfacet
  facet normal -0.2999123920823147 -0.5610982708229364 0.7715058571099603
    outer loop
      vertex 24.014177322387695 6.017680644989014 21.801292419433594
      vertex 23.657535552978516 5.156671524047852 21.036460876464844
      vertex 24.248249053955078 4.8409295082092285 21.036460876464844
    endloop
  endfacet
  facet normal -0.41729624999681647 -0.22305055546693714 0.8809723545290653
    outer loop
      vertex 25.190929412841797 3.898247718811035 21.036460876464844
      vertex 24.306865692138672 3.30753493309021 20.4681396484375
      vertex 24.52435302734375 2.900646686553955 20.4681396484375
    endloop
  endfacet
  facet normal -0.25714246057718454 -0.1374461636458836 0.9565491660481128
    outer loop
      vertex 24.306865692138672 3.30753493309021 20.4681396484375
      vertex 23.45847511291504 2.4591448307037354 20.118167877197266
      vertex 24.52435302734375 2.900646686553955 20.4681396484375
    endloop
  endfacet
  facet normal -0.29028423029626654 0 0.9569404713153813
    outer loop
      vertex 23.5498046875 1.9999991655349731 20.1181697845459
      vertex 24.703502655029297 1.5000004768371582 20.4681396484375
      vertex 24.703502655029297 1.9999991655349731 20.4681396484375
    endloop
  endfacet
  facet normal -0.29028423029626654 0 0.9569404713153813
    outer loop
      vertex 24.703502655029297 1.5000004768371582 20.4681396484375
      vertex 23.5498046875 1.9999991655349731 20.1181697845459
      vertex 23.5498046875 1.5000004768371582 20.1181697845459
    endloop
  endfacet
  facet normal -0.46914831039557 -0.8777151101777279 0.0975502343343215
    outer loop
      vertex 25.766756057739258 7.1135382652282715 26.149999618530273
      vertex 24.658279418945312 7.572683334350586 24.950193405151367
      vertex 25.70110321044922 7.01528263092041 24.950193405151367
    endloop
  endfacet
  facet normal -0.46914784995459285 -0.8777154165993214 0.09754969167999687
    outer loop
      vertex 24.703502655029297 7.681858062744141 26.149999618530273
      vertex 24.658279418945312 7.572683334350586 24.950193405151367
      vertex 25.766756057739258 7.1135382652282715 26.149999618530273
    endloop
  endfacet
  facet normal -0.4161789430716212 -0.7786170457724708 0.46962813307588186
    outer loop
      vertex 24.52435302734375 7.24935245513916 23.79649543762207
      vertex 24.306865692138672 6.724293231964111 22.73324203491211
      vertex 25.506671905517578 6.724292755126953 23.79649543762207
    endloop
  endfacet
  facet normal -0.22482762490535174 -0.7411595431449081 0.6325623057728381
    outer loop
      vertex 23.34760093688965 7.015282154083252 22.73324203491211
      vertex 23.19839096069336 6.2651472091674805 21.801292419433594
      vertex 24.306865692138672 6.724293231964111 22.73324203491211
    endloop
  endfacet
  facet normal -0.8777145537003529 -0.4691494591962026 0.09754971634249379
    outer loop
      vertex 27.463537216186523 5.4167561531066895 26.149999618530273
      vertex 27.36528205871582 5.351103782653809 24.950193405151367
      vertex 27.922683715820312 4.308281421661377 24.950193405151367
    endloop
  endfacet
  facet normal -0.8442876315387088 -0.4512823492244991 0.2890028313168826
    outer loop
      vertex 27.36528205871582 5.351103782653809 24.950193405151367
      vertex 27.07429313659668 5.15667200088501 23.79649543762207
      vertex 27.922683715820312 4.308281421661377 24.950193405151367
    endloop
  endfacet
  facet normal -0.560084159336975 -0.6824627488470947 0.4696278642668697
    outer loop
      vertex 26.367679595947266 6.0176801681518555 23.79649543762207
      vertex 25.506671905517578 6.724292755126953 23.79649543762207
      vertex 25.965816497802734 5.615817546844482 22.73324203491211
    endloop
  endfacet
  facet normal -0.6824625068879628 -0.5600844064968346 0.4696279211155207
    outer loop
      vertex 26.367679595947266 6.0176801681518555 23.79649543762207
      vertex 25.965816497802734 5.615817546844482 22.73324203491211
      vertex 27.07429313659668 5.15667200088501 23.79649543762207
    endloop
  endfacet
  facet normal 0 -1 0
    outer loop
      vertex 23.485754013061523 8.149999618530273 36.29999923706055
      vertex 22.349998474121094 8.149999618530273 26.149999618530273
      vertex 23.507490158081055 8.149999618530273 36.29999923706055
    endloop
  endfacet
  facet normal -0.18468448251455571 -0.6088264098456562 0.7715063477333027
    outer loop
      vertex 23.19839096069336 6.2651472091674805 21.801292419433594
      vertex 23.01657485961914 5.351103782653809 21.036460876464844
      vertex 23.657535552978516 5.156671524047852 21.036460876464844
    endloop
  endfacet
  facet normal -0.06236183932239187 -0.6331580312368339 0.7715062595187576
    outer loop
      vertex 23.19839096069336 6.2651472091674805 21.801292419433594
      vertex 22.349998474121094 5.416757106781006 21.036460876464844
      vertex 23.01657485961914 5.351103782653809 21.036460876464844
    endloop
  endfacet
  facet normal -0.29991361183351245 -0.56109822630732 0.7715054153223794
    outer loop
      vertex 24.766010284423828 5.615817070007324 21.801292419433594
      vertex 24.014177322387695 6.017680644989014 21.801292419433594
      vertex 24.248249053955078 4.8409295082092285 21.036460876464844
    endloop
  endfacet
  facet normal -0.3651013607828932 -0.6830557796469423 0.6325628808627547
    outer loop
      vertex 24.306865692138672 6.724293231964111 22.73324203491211
      vertex 24.014177322387695 6.017680644989014 21.801292419433594
      vertex 24.766010284423828 5.615817070007324 21.801292419433594
    endloop
  endfacet
  facet normal -0.4036162651358765 -0.49180438019489875 0.7715065535294418
    outer loop
      vertex 25.424999237060547 5.075000286102295 21.801292419433594
      vertex 24.248249053955078 4.8409295082092285 21.036460876464844
      vertex 24.766010284423828 4.416010856628418 21.036460876464844
    endloop
  endfacet
  facet normal -0.22305028701370164 -0.4172960238521824 0.880972529617277
    outer loop
      vertex 24.248249053955078 4.8409295082092285 21.036460876464844
      vertex 23.250646591186523 4.174352645874023 20.4681396484375
      vertex 23.657535552978516 3.956865072250366 20.4681396484375
    endloop
  endfacet
  facet normal -0.5987042555631285 -0.49134297956408596 0.6325624797628188
    outer loop
      vertex 25.965816497802734 5.615817546844482 22.73324203491211
      vertex 25.424999237060547 5.075000286102295 21.801292419433594
      vertex 25.965816497802734 4.416011333465576 21.801292419433594
    endloop
  endfacet
  facet normal -0.6830558673818345 -0.36510039556510465 0.6325633432261576
    outer loop
      vertex 27.07429313659668 3.9568655490875244 22.73324203491211
      vertex 25.965816497802734 4.416011333465576 21.801292419433594
      vertex 26.367679595947266 3.664177179336548 21.801292419433594
    endloop
  endfacet
  facet normal -0.4918069395464369 -0.40361478109046284 0.7715056984230675
    outer loop
      vertex 25.424999237060547 5.075000286102295 21.801292419433594
      vertex 25.190929412841797 3.898247718811035 21.036460876464844
      vertex 25.965816497802734 4.416011333465576 21.801292419433594
    endloop
  endfacet
  facet normal -0.6088263594314387 -0.1846858988732609 0.7715060484654908
    outer loop
      vertex 26.367679595947266 3.664177179336548 21.801292419433594
      vertex 25.70110321044922 2.6665759086608887 21.036460876464844
      vertex 26.61514663696289 2.8483896255493164 21.801292419433594
    endloop
  endfacet
  facet normal -0.4527938872356368 -0.13735174757065166 0.8809722998604038
    outer loop
      vertex 25.70110321044922 2.6665759086608887 21.036460876464844
      vertex 24.52435302734375 2.900646686553955 20.4681396484375
      vertex 24.658279418945312 2.4591448307037354 20.4681396484375
    endloop
  endfacet
  facet normal -0.4527939403188559 -0.13735228358844534 0.8809721890068741
    outer loop
      vertex 25.506671905517578 3.3075358867645264 21.036460876464844
      vertex 24.52435302734375 2.900646686553955 20.4681396484375
      vertex 25.70110321044922 2.6665759086608887 21.036460876464844
    endloop
  endfacet
  facet normal -0.25628123281588217 -0.8448484989795916 0.4696285164662627
    outer loop
      vertex 23.45847511291504 7.572682857513428 23.79649543762207
      vertex 23.34760093688965 7.015282154083252 22.73324203491211
      vertex 24.306865692138672 6.724293231964111 22.73324203491211
    endloop
  endfacet
  facet normal -0.2562819086934546 -0.8448485646202526 0.46962802954629806
    outer loop
      vertex 24.52435302734375 7.24935245513916 23.79649543762207
      vertex 23.45847511291504 7.572682857513428 23.79649543762207
      vertex 24.306865692138672 6.724293231964111 22.73324203491211
    endloop
  endfacet
  facet normal -0.9161058602296289 -0.27789727892304056 0.28900372873044594
    outer loop
      vertex 27.922683715820312 4.308281421661377 24.950193405151367
      vertex 27.599353790283203 4.174352169036865 23.79649543762207
      vertex 27.922683715820312 3.1084747314453125 23.79649543762207
    endloop
  endfacet
  facet normal -0.8442879158948967 -0.4512810905846971 0.28900396598409916
    outer loop
      vertex 27.922683715820312 4.308281421661377 24.950193405151367
      vertex 27.07429313659668 5.15667200088501 23.79649543762207
      vertex 27.599353790283203 4.174352169036865 23.79649543762207
    endloop
  endfacet
  facet normal -0.08685244626789314 -0.0464329447089695 0.9951385000204427
    outer loop
      vertex 23.34760093688965 2.6665749549865723 20.1181697845459
      vertex 22.349998474121094 1.999998927116394 20
      vertex 23.45847511291504 2.4591448307037354 20.118167877197266
    endloop
  endfacet
  facet normal -0.25713695498170336 -0.13745193752274076 0.9565498163995338
    outer loop
      vertex 24.306865692138672 3.30753493309021 20.4681396484375
      vertex 23.34760093688965 2.6665749549865723 20.1181697845459
      vertex 23.45847511291504 2.4591448307037354 20.118167877197266
    endloop
  endfacet
  facet normal -0.046378380212543945 -0.47088944511802955 0.880972290327735
    outer loop
      vertex 22.349998474121094 5.416757106781006 21.036460876464844
      vertex 22.349998474121094 4.3535027503967285 20.4681396484375
      vertex 22.809144973754883 4.308280944824219 20.4681396484375
    endloop
  endfacet
  facet normal -0.028596602085846735 -0.0942422263236171 0.9951385014794231
    outer loop
      vertex 22.584070205688477 3.176751136779785 20.118167877197266
      vertex 22.349998474121094 1.999998927116394 20
      vertex 22.809144973754883 3.1084752082824707 20.1181697845459
    endloop
  endfacet
  facet normal -0.18497105893861274 -0.22538767792131065 0.9565490588549902
    outer loop
      vertex 23.657535552978516 3.956865072250366 20.4681396484375
      vertex 23.19839096069336 2.8483896255493164 20.118167877197266
      vertex 24.014177322387695 3.6641764640808105 20.4681396484375
    endloop
  endfacet
  facet normal -0.30017442730490085 -0.36576325793790304 0.8809725037337012
    outer loop
      vertex 24.248249053955078 4.8409295082092285 21.036460876464844
      vertex 23.657535552978516 3.956865072250366 20.4681396484375
      vertex 24.014177322387695 3.6641764640808105 20.4681396484375
    endloop
  endfacet
  facet normal -0.5610983565793949 -0.2999128500620142 0.7715056167077348
    outer loop
      vertex 25.965816497802734 4.416011333465576 21.801292419433594
      vertex 25.190929412841797 3.898247718811035 21.036460876464844
      vertex 26.367679595947266 3.664177179336548 21.801292419433594
    endloop
  endfacet
  facet normal -0.6331581091420572 -0.06236195660337053 0.771506186103685
    outer loop
      vertex 26.61514663696289 2.8483896255493164 21.801292419433594
      vertex 25.70110321044922 2.6665759086608887 21.036460876464844
      vertex 26.698707580566406 1.9999991655349731 21.801292419433594
    endloop
  endfacet
  facet normal -0.844848260413399 -0.25628155310882766 0.4696287708526606
    outer loop
      vertex 27.599353790283203 4.174352169036865 23.79649543762207
      vertex 27.07429313659668 3.9568655490875244 22.73324203491211
      vertex 27.922683715820312 3.1084747314453125 23.79649543762207
    endloop
  endfacet
  facet normal -0.7786166247547796 -0.41617906990209086 0.4696287187033023
    outer loop
      vertex 27.07429313659668 5.15667200088501 23.79649543762207
      vertex 27.07429313659668 3.9568655490875244 22.73324203491211
      vertex 27.599353790283203 4.174352169036865 23.79649543762207
    endloop
  endfacet
  facet normal -0.6830558455673152 -0.3651009813620462 0.6325630286736578
    outer loop
      vertex 26.60175132751465 4.84092903137207 22.73324203491211
      vertex 25.965816497802734 4.416011333465576 21.801292419433594
      vertex 27.07429313659668 3.9568655490875244 22.73324203491211
    endloop
  endfacet
  facet normal -0.5987033912053723 -0.4913433758945535 0.6325629900047349
    outer loop
      vertex 25.965816497802734 5.615817546844482 22.73324203491211
      vertex 25.965816497802734 4.416011333465576 21.801292419433594
      vertex 26.60175132751465 4.84092903137207 22.73324203491211
    endloop
  endfacet
  facet normal -0.09383435456941246 -0.9527180620974997 0.28900416615634894
    outer loop
      vertex 22.349998474121094 8.031828880310059 24.950193405151367
      vertex 22.349998474121094 7.681858062744141 23.79649543762207
      vertex 23.45847511291504 7.572682857513428 23.79649543762207
    endloop
  endfacet
  facet normal -0.08653568664814297 -0.8786132974859282 0.469627776454117
    outer loop
      vertex 22.349998474121094 7.681858062744141 23.79649543762207
      vertex 22.349998474121094 7.1135382652282715 22.73324203491211
      vertex 23.45847511291504 7.572682857513428 23.79649543762207
    endloop
  endfacet
  facet normal -0.2790164998345789 -0.08463763521034928 0.9565491432885507
    outer loop
      vertex 24.52435302734375 2.900646686553955 20.4681396484375
      vertex 23.45847511291504 2.4591448307037354 20.118167877197266
      vertex 24.658279418945312 2.4591448307037354 20.4681396484375
    endloop
  endfacet
  facet normal -0.09424666726743143 -0.028581712334985417 0.9951385086654934
    outer loop
      vertex 23.45847511291504 2.4591448307037354 20.118167877197266
      vertex 22.349998474121094 1.999998927116394 20
      vertex 23.526752471923828 2.234070301055908 20.1181697845459
    endloop
  endfacet
  facet normal -0.22539159874154946 -0.18496225032313063 0.9565498383106507
    outer loop
      vertex 24.306865692138672 3.30753493309021 20.4681396484375
      vertex 23.19839096069336 2.8483896255493164 20.118167877197266
      vertex 23.34760093688965 2.6665749549865723 20.1181697845459
    endloop
  endfacet
  facet normal -0.07613561560705602 -0.062471830690018056 0.9951385021223791
    outer loop
      vertex 23.19839096069336 2.8483896255493164 20.118167877197266
      vertex 22.349998474121094 1.999998927116394 20
      vertex 23.34760093688965 2.6665749549865723 20.1181697845459
    endloop
  endfacet
  facet normal -0.08463879261730035 -0.27901619098362196 0.9565491309667667
    outer loop
      vertex 22.809144973754883 4.308280944824219 20.4681396484375
      vertex 22.584070205688477 3.176751136779785 20.118167877197266
      vertex 23.250646591186523 4.174352645874023 20.4681396484375
    endloop
  endfacet
  facet normal -0.028578860791517988 -0.29016718217734294 0.9565491388857762
    outer loop
      vertex 22.809144973754883 4.308280944824219 20.4681396484375
      vertex 22.349998474121094 4.3535027503967285 20.4681396484375
      vertex 22.584070205688477 3.176751136779785 20.118167877197266
    endloop
  endfacet
  facet normal -0.22538770449844825 -0.1849710537309921 0.9565490535997442
    outer loop
      vertex 24.014177322387695 3.6641764640808105 20.4681396484375
      vertex 23.19839096069336 2.8483896255493164 20.118167877197266
      vertex 24.306865692138672 3.30753493309021 20.4681396484375
    endloop
  endfacet
  facet normal -0.3001758962217761 -0.36576281320352705 0.8809721878725203
    outer loop
      vertex 24.248249053955078 4.8409295082092285 21.036460876464844
      vertex 24.014177322387695 3.6641764640808105 20.4681396484375
      vertex 24.766010284423828 4.416010856628418 21.036460876464844
    endloop
  endfacet
  facet normal -0.1373537767065322 -0.45279388338105925 0.8809719854780582
    outer loop
      vertex 23.01657485961914 5.351103782653809 21.036460876464844
      vertex 22.809144973754883 4.308280944824219 20.4681396484375
      vertex 23.250646591186523 4.174352645874023 20.4681396484375
    endloop
  endfacet
  facet normal -0.04637950037356783 -0.470889785570069 0.8809720493811781
    outer loop
      vertex 23.01657485961914 5.351103782653809 21.036460876464844
      vertex 22.349998474121094 5.416757106781006 21.036460876464844
      vertex 22.809144973754883 4.308280944824219 20.4681396484375
    endloop
  endfacet
  facet normal -0.3657638730032303 -0.3001748882295488 0.8809720913184792
    outer loop
      vertex 24.766010284423828 4.416010856628418 21.036460876464844
      vertex 24.014177322387695 3.6641764640808105 20.4681396484375
      vertex 24.306865692138672 3.30753493309021 20.4681396484375
    endloop
  endfacet
  facet normal -0.36576305439595735 -0.30017532522031626 0.8809722822925914
    outer loop
      vertex 24.766010284423828 4.416010856628418 21.036460876464844
      vertex 24.306865692138672 3.30753493309021 20.4681396484375
      vertex 25.190929412841797 3.898247718811035 21.036460876464844
    endloop
  endfacet
  facet normal -0.2790166142677881 -0.08463282406114556 0.956549535598641
    outer loop
      vertex 24.658279418945312 2.4591448307037354 20.4681396484375
      vertex 23.45847511291504 2.4591448307037354 20.118167877197266
      vertex 23.526752471923828 2.234070301055908 20.1181697845459
    endloop
  endfacet
  facet normal -0.4708897697356672 -0.046379112195629846 0.8809720782807113
    outer loop
      vertex 25.70110321044922 2.6665759086608887 21.036460876464844
      vertex 24.703502655029297 1.9999991655349731 20.4681396484375
      vertex 25.766756057739258 1.9999988079071045 21.036460876464844
    endloop
  endfacet
  facet normal -0.2901667900170643 -0.028576728957342576 0.9565493215372072
    outer loop
      vertex 24.658279418945312 2.4591448307037354 20.4681396484375
      vertex 23.526752471923828 2.234070301055908 20.1181697845459
      vertex 23.5498046875 1.9999991655349731 20.1181697845459
    endloop
  endfacet
  facet normal -0.2901656543867149 -0.028579666296034954 0.9565495782701159
    outer loop
      vertex 24.658279418945312 2.4591448307037354 20.4681396484375
      vertex 23.5498046875 1.9999991655349731 20.1181697845459
      vertex 24.703502655029297 1.9999991655349731 20.4681396484375
    endloop
  endfacet
  facet normal -0.13744511916945967 -0.25714146448309594 0.9565495839003757
    outer loop
      vertex 23.250646591186523 4.174352645874023 20.4681396484375
      vertex 22.809144973754883 3.1084752082824707 20.1181697845459
      vertex 23.01657485961914 2.9976015090942383 20.1181697845459
    endloop
  endfacet
  facet normal -0.046426080286077226 -0.08685699679341055 0.9951384231237884
    outer loop
      vertex 22.809144973754883 3.1084752082824707 20.1181697845459
      vertex 22.349998474121094 1.999998927116394 20
      vertex 23.01657485961914 2.9976015090942383 20.1181697845459
    endloop
  endfacet
  facet normal -0.13744549529699177 -0.257141380321583 0.9565495524795751
    outer loop
      vertex 23.250646591186523 4.174352645874023 20.4681396484375
      vertex 23.01657485961914 2.9976015090942383 20.1181697845459
      vertex 23.657535552978516 3.956865072250366 20.4681396484375
    endloop
  endfacet
  facet normal -0.18496290275810934 -0.22539128585325185 0.9565497858787654
    outer loop
      vertex 23.657535552978516 3.956865072250366 20.4681396484375
      vertex 23.01657485961914 2.9976015090942383 20.1181697845459
      vertex 23.19839096069336 2.8483896255493164 20.118167877197266
    endloop
  endfacet
  facet normal -0.02857053063152691 -0.29016573019709996 0.9565498281838833
    outer loop
      vertex 22.349998474121094 4.3535027503967285 20.4681396484375
      vertex 22.349998474121094 3.1998047828674316 20.1181697845459
      vertex 22.584070205688477 3.176751136779785 20.118167877197266
    endloop
  endfacet
  facet normal -0.009645054246588392 -0.09801194206006983 0.9951384989749888
    outer loop
      vertex 22.349998474121094 3.1998047828674316 20.1181697845459
      vertex 22.349998474121094 1.999998927116394 20
      vertex 22.584070205688477 3.176751136779785 20.118167877197266
    endloop
  endfacet
  facet normal -0.6088279049452942 -0.18468423627250274 0.7715052268341195
    outer loop
      vertex 26.367679595947266 3.664177179336548 21.801292419433594
      vertex 25.506671905517578 3.3075358867645264 21.036460876464844
      vertex 25.70110321044922 2.6665759086608887 21.036460876464844
    endloop
  endfacet
  facet normal -0.5610983247859687 -0.29991372119693416 0.7715053011873525
    outer loop
      vertex 26.367679595947266 3.664177179336548 21.801292419433594
      vertex 25.190929412841797 3.898247718811035 21.036460876464844
      vertex 25.506671905517578 3.3075358867645264 21.036460876464844
    endloop
  endfacet
  facet normal -1 0 0
    outer loop
      vertex -72.1500015258789 8.031828880310059 24.950193405151367
      vertex -72.1500015258789 12.800000190734863 36.29999923706055
      vertex -72.1500015258789 12.800000190734863 0
    endloop
  endfacet
  facet normal -1 0 0
    outer loop
      vertex -72.1500015258789 12.800000190734863 36.29999923706055
      vertex -72.1500015258789 8.031828880310059 24.950193405151367
      vertex -72.1500015258789 8.149999618530273 26.149999618530273
    endloop
  endfacet
  facet normal -1 0 0
    outer loop
      vertex -72.1500015258789 12.800000190734863 0
      vertex -72.1500015258789 7.681858062744141 23.79649543762207
      vertex -72.1500015258789 8.031828880310059 24.950193405151367
    endloop
  endfacet
  facet normal -1 0 0
    outer loop
      vertex -72.1500015258789 12.800000190734863 0
      vertex -72.1500015258789 7.1135382652282715 22.73324203491211
      vertex -72.1500015258789 7.681858062744141 23.79649543762207
    endloop
  endfacet
  facet normal -1 0 0
    outer loop
      vertex -72.1500015258789 12.800000190734863 0
      vertex -72.1500015258789 6.348706245422363 21.801292419433594
      vertex -72.1500015258789 7.1135382652282715 22.73324203491211
    endloop
  endfacet
  facet normal -1 0 0
    outer loop
      vertex -72.1500015258789 12.800000190734863 0
      vertex -72.1500015258789 5.416757106781006 21.036460876464844
      vertex -72.1500015258789 6.348706245422363 21.801292419433594
    endloop
  endfacet
  facet normal -1 0 0
    outer loop
      vertex -72.1500015258789 12.800000190734863 0
      vertex -72.1500015258789 4.3535027503967285 20.4681396484375
      vertex -72.1500015258789 5.416757106781006 21.036460876464844
    endloop
  endfacet
  facet normal -1 0 0
    outer loop
      vertex -72.1500015258789 1.5000011920928955 -2.1693504947961628e-7
      vertex -72.1500015258789 4.3535027503967285 20.4681396484375
      vertex -72.1500015258789 12.800000190734863 0
    endloop
  endfacet
  facet normal -1 0 0
    outer loop
      vertex -72.1500015258789 4.3535027503967285 20.4681396484375
      vertex -72.1500015258789 1.5000011920928955 -2.1693504947961628e-7
      vertex -72.1500015258789 3.1998047828674316 20.1181697845459
    endloop
  endfacet
  facet normal -1 0 0
    outer loop
      vertex -72.1500015258789 3.1998047828674316 20.1181697845459
      vertex -72.1500015258789 1.5000011920928955 -2.1693504947961628e-7
      vertex -72.1500015258789 1.999998927116394 20
    endloop
  endfacet
  facet normal -1 0 0
    outer loop
      vertex -72.1500015258789 1.999998927116394 20
      vertex -72.1500015258789 1.5000011920928955 -2.1693504947961628e-7
      vertex -72.1500015258789 1.5000004768371582 20
    endloop
  endfacet
  facet normal -1 0 0
    outer loop
      vertex -72.1500015258789 12.800000190734863 36.29999923706055
      vertex -72.1500015258789 8.149999618530273 26.149999618530273
      vertex -72.1500015258789 8.149999618530273 36.29999923706055
    endloop
  endfacet
  facet normal 1 0 0
    outer loop
      vertex 33.150001525878906 5.452707290649414 36.29999923706055
      vertex 33.150001525878906 1.5000011920928955 -2.1693504947961628e-7
      vertex 33.150001525878906 5.452707290649414 -1.410518137845429e-7
    endloop
  endfacet
  facet normal 1 0 0
    outer loop
      vertex 33.150001525878906 1.5000011920928955 -2.1693504947961628e-7
      vertex 33.150001525878906 5.452707290649414 36.29999923706055
      vertex 33.150001525878906 1.4999998807907104 36.29999923706055
    endloop
  endfacet
  facet normal 0 0 1
    outer loop
      vertex 33.150001525878906 1.4999998807907104 36.29999923706055
      vertex 28.496606826782227 3.1919357776641846 36.29999923706055
      vertex 28.5 3.157491445541382 36.29999923706055
    endloop
  endfacet
  facet normal 0 0 1
    outer loop
      vertex 30.195322036743164 10.98051929473877 36.29999923706055
      vertex 28.29131317138672 4.224018096923828 36.29999923706055
      vertex 28.496606826782227 3.1919357776641846 36.29999923706055
    endloop
  endfacet
  facet normal 0 0 1
    outer loop
      vertex 30.195322036743164 10.98051929473877 36.29999923706055
      vertex 28.281265258789062 4.257138729095459 36.29999923706055
      vertex 28.29131317138672 4.224018096923828 36.29999923706055
    endloop
  endfacet
  facet normal 0 0 1
    outer loop
      vertex 30.195322036743164 10.98051929473877 36.29999923706055
      vertex 27.87856674194336 5.229340076446533 36.29999923706055
      vertex 28.281265258789062 4.257138729095459 36.29999923706055
    endloop
  endfacet
  facet normal 0 0 1
    outer loop
      vertex 30.195322036743164 10.98051929473877 36.29999923706055
      vertex 27.86225128173828 5.25986385345459 36.29999923706055
      vertex 27.87856674194336 5.229340076446533 36.29999923706055
    endloop
  endfacet
  facet normal 0 0 1
    outer loop
      vertex 25.60986328125 7.512251853942871 36.29999923706055
      vertex 28.8604736328125 11.8724365234375 36.29999923706055
      vertex 27.377267837524414 12.486801147460938 36.29999923706055
    endloop
  endfacet
  facet normal 0 0 1
    outer loop
      vertex 30.195322036743164 10.98051929473877 36.29999923706055
      vertex 27.27762222290039 6.134821891784668 36.29999923706055
      vertex 27.86225128173828 5.25986385345459 36.29999923706055
    endloop
  endfacet
  facet normal 0 0 1
    outer loop
      vertex 30.195322036743164 10.98051929473877 36.29999923706055
      vertex 27.255666732788086 6.161576271057129 36.29999923706055
      vertex 27.27762222290039 6.134821891784668 36.29999923706055
    endloop
  endfacet
  facet normal 0 0 1
    outer loop
      vertex 30.195322036743164 10.98051929473877 36.29999923706055
      vertex 26.51157569885254 6.905666828155518 36.29999923706055
      vertex 27.255666732788086 6.161576271057129 36.29999923706055
    endloop
  endfacet
  facet normal 0 0 1
    outer loop
      vertex 30.195322036743164 10.98051929473877 36.29999923706055
      vertex 26.484821319580078 6.927623748779297 36.29999923706055
      vertex 26.51157569885254 6.905666828155518 36.29999923706055
    endloop
  endfacet
  facet normal 0 0 1
    outer loop
      vertex 25.5793399810791 7.528566837310791 36.29999923706055
      vertex 27.377267837524414 12.486801147460938 36.29999923706055
      vertex 25.802705764770508 12.800000190734863 36.29999923706055
    endloop
  endfacet
  facet normal 0 0 1
    outer loop
      vertex 28.8604736328125 11.8724365234375 36.29999923706055
      vertex 25.60986328125 7.512251853942871 36.29999923706055
      vertex 26.484821319580078 6.927623748779297 36.29999923706055
    endloop
  endfacet
  facet normal 0 0 1
    outer loop
      vertex 27.377267837524414 12.486801147460938 36.29999923706055
      vertex 25.5793399810791 7.528566837310791 36.29999923706055
      vertex 25.60986328125 7.512251853942871 36.29999923706055
    endloop
  endfacet
  facet normal 0 0 1
    outer loop
      vertex 24.60713768005371 7.931265830993652 36.29999923706055
      vertex 25.802705764770508 12.800000190734863 36.29999923706055
      vertex 25.05000114440918 12.800000190734863 36.29999923706055
    endloop
  endfacet
  facet normal 0 0 1
    outer loop
      vertex 25.802705764770508 12.800000190734863 36.29999923706055
      vertex 24.60713768005371 7.931265830993652 36.29999923706055
      vertex 25.5793399810791 7.528566837310791 36.29999923706055
    endloop
  endfacet
  facet normal 0 0 1
    outer loop
      vertex 25.05000114440918 12.800000190734863 36.29999923706055
      vertex 24.574018478393555 7.941312789916992 36.29999923706055
      vertex 24.60713768005371 7.931265830993652 36.29999923706055
    endloop
  endfacet
  facet normal 0 0 1
    outer loop
      vertex 25.05000114440918 12.800000190734863 36.29999923706055
      vertex 23.541934967041016 8.146607398986816 36.29999923706055
      vertex 24.574018478393555 7.941312789916992 36.29999923706055
    endloop
  endfacet
  facet normal 0 0 1
    outer loop
      vertex 25.05000114440918 12.800000190734863 36.29999923706055
      vertex 23.507490158081055 8.149999618530273 36.29999923706055
      vertex 23.541934967041016 8.146607398986816 36.29999923706055
    endloop
  endfacet
  facet normal 0 0 1
    outer loop
      vertex 25.05000114440918 12.800000190734863 36.29999923706055
      vertex 23.485754013061523 8.149999618530273 36.29999923706055
      vertex 23.507490158081055 8.149999618530273 36.29999923706055
    endloop
  endfacet
  facet normal 0 0 1
    outer loop
      vertex -72.1500015258789 12.800000190734863 36.29999923706055
      vertex 23.485754013061523 8.149999618530273 36.29999923706055
      vertex 25.05000114440918 12.800000190734863 36.29999923706055
    endloop
  endfacet
  facet normal 0 0 1
    outer loop
      vertex 23.485754013061523 8.149999618530273 36.29999923706055
      vertex -72.1500015258789 12.800000190734863 36.29999923706055
      vertex -72.1500015258789 8.149999618530273 36.29999923706055
    endloop
  endfacet
  facet normal 0 0 1
    outer loop
      vertex 28.496606826782227 3.1919357776641846 36.29999923706055
      vertex 33.150001525878906 5.452707290649414 36.29999923706055
      vertex 32.83679962158203 7.027268409729004 36.29999923706055
    endloop
  endfacet
  facet normal 0 0 1
    outer loop
      vertex 28.496606826782227 3.1919357776641846 36.29999923706055
      vertex 32.83679962158203 7.027268409729004 36.29999923706055
      vertex 32.222434997558594 8.510473251342773 36.29999923706055
    endloop
  endfacet
  facet normal 0 0 1
    outer loop
      vertex 28.496606826782227 3.1919357776641846 36.29999923706055
      vertex 32.222434997558594 8.510473251342773 36.29999923706055
      vertex 31.33051872253418 9.845322608947754 36.29999923706055
    endloop
  endfacet
  facet normal 0 0 1
    outer loop
      vertex 28.496606826782227 3.1919357776641846 36.29999923706055
      vertex 31.33051872253418 9.845322608947754 36.29999923706055
      vertex 30.195322036743164 10.98051929473877 36.29999923706055
    endloop
  endfacet
  facet normal 0 0 1
    outer loop
      vertex 26.484821319580078 6.927623748779297 36.29999923706055
      vertex 30.195322036743164 10.98051929473877 36.29999923706055
      vertex 28.8604736328125 11.8724365234375 36.29999923706055
    endloop
  endfacet
  facet normal 0 0 1
    outer loop
      vertex 28.496606826782227 3.1919357776641846 36.29999923706055
      vertex 33.150001525878906 1.4999998807907104 36.29999923706055
      vertex 33.150001525878906 5.452707290649414 36.29999923706055
    endloop
  endfacet
  facet normal 0 0 1
    outer loop
      vertex 33.150001525878906 1.4999998807907104 36.29999923706055
      vertex 28.5 3.157491445541382 36.29999923706055
      vertex 28.5 1.4999998807907104 36.29999923706055
    endloop
  endfacet
  facet normal -1.9629352289088434e-16 1.9197793562942872e-8 -0.9999999999999999
    outer loop
      vertex 25.802705764770508 12.800000190734863 0
      vertex 33.150001525878906 5.452707290649414 -1.410518137845429e-7
      vertex 33.150001525878906 1.5000011920928955 -2.1693504947961628e-7
    endloop
  endfacet
  facet normal 1.0194095755362444e-15 1.9197794778646443e-8 -0.9999999999999998
    outer loop
      vertex 33.150001525878906 5.452707290649414 -1.410518137845429e-7
      vertex 25.802705764770508 12.800000190734863 0
      vertex 32.83679962158203 7.027268409729004 -1.1082371287329806e-7
    endloop
  endfacet
  facet normal 7.121264284693681e-16 1.9197794404220856e-8 -0.9999999999999999
    outer loop
      vertex 32.83679962158203 7.027268409729004 -1.1082371287329806e-7
      vertex 25.802705764770508 12.800000190734863 0
      vertex 32.222434997558594 8.510473251342773 -8.234945170215724e-8
    endloop
  endfacet
  facet normal -1.226495090512184e-15 1.91977915028694e-8 -0.9999999999999998
    outer loop
      vertex 32.222434997558594 8.510473251342773 -8.234945170215724e-8
      vertex 25.802705764770508 12.800000190734863 0
      vertex 31.33051872253418 9.845322608947754 -5.6723290953186734e-8
    endloop
  endfacet
  facet normal 1.0829718260361577e-15 1.9197795823578104e-8 -0.9999999999999999
    outer loop
      vertex 31.33051872253418 9.845322608947754 -5.6723290953186734e-8
      vertex 25.802705764770508 12.800000190734863 0
      vertex 30.195322036743164 10.98051929473877 -3.4930017989154294e-8
    endloop
  endfacet
  facet normal -8.614632322394903e-16 1.9197791129295742e-8 -0.9999999999999999
    outer loop
      vertex 30.195322036743164 10.98051929473877 -3.4930017989154294e-8
      vertex 25.802705764770508 12.800000190734863 0
      vertex 28.8604736328125 11.8724365234375 -1.780717617805294e-8
    endloop
  endfacet
  facet normal -9.891663810010946e-17 1.9197793643075177e-8 -0.9999999999999998
    outer loop
      vertex 28.8604736328125 11.8724365234375 -1.780717617805294e-8
      vertex 25.802705764770508 12.800000190734863 0
      vertex 27.377267837524414 12.486801147460938 -6.012730757731788e-9
    endloop
  endfacet
  facet normal 0 1.9197793690573552e-8 -0.9999999999999998
    outer loop
      vertex -72.1500015258789 1.5000011920928955 -2.1693504947961628e-7
      vertex 25.802705764770508 12.800000190734863 0
      vertex 33.150001525878906 1.5000011920928955 -2.1693504947961628e-7
    endloop
  endfacet
  facet normal 0 1.9197793690573552e-8 -0.9999999999999998
    outer loop
      vertex 25.802705764770508 12.800000190734863 0
      vertex -72.1500015258789 1.5000011920928955 -2.1693504947961628e-7
      vertex -72.1500015258789 12.800000190734863 0
    endloop
  endfacet
  facet normal 0 1 0
    outer loop
      vertex 25.802705764770508 12.800000190734863 9.242640430784377e-7
      vertex 25.802705764770508 12.800000190734863 0
      vertex 25.05000114440918 12.800000190734863 9.242640430784377e-7
    endloop
  endfacet
  facet normal 0 1 0
    outer loop
      vertex -14.376283645629883 12.800000190734863 14.165085792541504
      vertex -72.1500015258789 12.800000190734863 36.29999923706055
      vertex -13.520938873291016 12.800000190734863 14.519381523132324
    endloop
  endfacet
  facet normal 0 1 0
    outer loop
      vertex -72.1500015258789 12.800000190734863 36.29999923706055
      vertex -60.77906036376953 12.800000190734863 14.519381523132324
      vertex -61.68709182739258 12.800000190734863 14.699999809265137
    endloop
  endfacet
  facet normal 0 1 0
    outer loop
      vertex -15.146074295043945 12.800000190734863 13.650728225708008
      vertex -72.1500015258789 12.800000190734863 36.29999923706055
      vertex -14.376283645629883 12.800000190734863 14.165085792541504
    endloop
  endfacet
  facet normal 0 1 0
    outer loop
      vertex -72.1500015258789 12.800000190734863 36.29999923706055
      vertex -59.9237174987793 12.800000190734863 14.165085792541504
      vertex -60.77906036376953 12.800000190734863 14.519381523132324
    endloop
  endfacet
  facet normal 0 1 0
    outer loop
      vertex -59.153926849365234 12.800000190734863 13.650728225708008
      vertex -72.1500015258789 12.800000190734863 36.29999923706055
      vertex -15.146074295043945 12.800000190734863 13.650728225708008
    endloop
  endfacet
  facet normal 0 1 0
    outer loop
      vertex -72.1500015258789 12.800000190734863 36.29999923706055
      vertex -59.153926849365234 12.800000190734863 13.650728225708008
      vertex -59.9237174987793 12.800000190734863 14.165085792541504
    endloop
  endfacet
  facet normal 0 1 0
    outer loop
      vertex -15.800727844238281 12.800000190734863 12.996074676513672
      vertex -59.153926849365234 12.800000190734863 13.650728225708008
      vertex -15.146074295043945 12.800000190734863 13.650728225708008
    endloop
  endfacet
  facet normal 0 1 0
    outer loop
      vertex -15.800727844238281 12.800000190734863 12.996074676513672
      vertex -58.499271392822266 12.800000190734863 12.996074676513672
      vertex -59.153926849365234 12.800000190734863 13.650728225708008
    endloop
  endfacet
  facet normal 0 1 0
    outer loop
      vertex -16.315086364746094 12.800000190734863 12.22628402709961
      vertex -58.499271392822266 12.800000190734863 12.996074676513672
      vertex -15.800727844238281 12.800000190734863 12.996074676513672
    endloop
  endfacet
  facet normal 0 1 0
    outer loop
      vertex -16.315086364746094 12.800000190734863 12.22628402709961
      vertex -57.98491287231445 12.800000190734863 12.22628402709961
      vertex -58.499271392822266 12.800000190734863 12.996074676513672
    endloop
  endfacet
  facet normal 0 1 0
    outer loop
      vertex -16.669382095336914 12.800000190734863 11.370939254760742
      vertex -57.98491287231445 12.800000190734863 12.22628402709961
      vertex -16.315086364746094 12.800000190734863 12.22628402709961
    endloop
  endfacet
  facet normal 0 1 0
    outer loop
      vertex -16.669382095336914 12.800000190734863 11.370939254760742
      vertex -57.630619049072266 12.800000190734863 11.370939254760742
      vertex -57.98491287231445 12.800000190734863 12.22628402709961
    endloop
  endfacet
  facet normal 0 1 0
    outer loop
      vertex -16.850000381469727 12.800000190734863 10.462908744812012
      vertex -57.630619049072266 12.800000190734863 11.370939254760742
      vertex -16.669382095336914 12.800000190734863 11.370939254760742
    endloop
  endfacet
  facet normal 0 1 0
    outer loop
      vertex -16.850000381469727 12.800000190734863 10.462908744812012
      vertex -57.45000076293945 12.800000190734863 10.462908744812012
      vertex -57.630619049072266 12.800000190734863 11.370939254760742
    endloop
  endfacet
  facet normal 0 1 0
    outer loop
      vertex -16.850000381469727 12.800000190734863 9.537091255187988
      vertex -57.45000076293945 12.800000190734863 10.462908744812012
      vertex -16.850000381469727 12.800000190734863 10.462908744812012
    endloop
  endfacet
  facet normal 0 1 0
    outer loop
      vertex -16.850000381469727 12.800000190734863 9.537091255187988
      vertex -57.45000076293945 12.800000190734863 9.537091255187988
      vertex -57.45000076293945 12.800000190734863 10.462908744812012
    endloop
  endfacet
  facet normal 0 1 0
    outer loop
      vertex -16.669382095336914 12.800000190734863 8.629060745239258
      vertex -57.45000076293945 12.800000190734863 9.537091255187988
      vertex -16.850000381469727 12.800000190734863 9.537091255187988
    endloop
  endfacet
  facet normal 0 1 0
    outer loop
      vertex -16.669382095336914 12.800000190734863 8.629060745239258
      vertex -57.630619049072266 12.800000190734863 8.629060745239258
      vertex -57.45000076293945 12.800000190734863 9.537091255187988
    endloop
  endfacet
  facet normal 0 1 0
    outer loop
      vertex -16.315086364746094 12.800000190734863 7.773715972900391
      vertex -57.630619049072266 12.800000190734863 8.629060745239258
      vertex -16.669382095336914 12.800000190734863 8.629060745239258
    endloop
  endfacet
  facet normal 0 1 0
    outer loop
      vertex -16.315086364746094 12.800000190734863 7.773715972900391
      vertex -57.98491287231445 12.800000190734863 7.773715972900391
      vertex -57.630619049072266 12.800000190734863 8.629060745239258
    endloop
  endfacet
  facet normal 0 1 0
    outer loop
      vertex -15.800727844238281 12.800000190734863 7.003925323486328
      vertex -57.98491287231445 12.800000190734863 7.773715972900391
      vertex -16.315086364746094 12.800000190734863 7.773715972900391
    endloop
  endfacet
  facet normal 0 1 0
    outer loop
      vertex -15.800727844238281 12.800000190734863 7.003925323486328
      vertex -58.499271392822266 12.800000190734863 7.003925323486328
      vertex -57.98491287231445 12.800000190734863 7.773715972900391
    endloop
  endfacet
  facet normal 0 1 0
    outer loop
      vertex -15.146074295043945 12.800000190734863 6.349271774291992
      vertex -58.499271392822266 12.800000190734863 7.003925323486328
      vertex -15.800727844238281 12.800000190734863 7.003925323486328
    endloop
  endfacet
  facet normal 0 1 0
    outer loop
      vertex -15.146074295043945 12.800000190734863 6.349271774291992
      vertex -59.153926849365234 12.800000190734863 6.349271774291992
      vertex -58.499271392822266 12.800000190734863 7.003925323486328
    endloop
  endfacet
  facet normal 0 1 0
    outer loop
      vertex -14.376283645629883 12.800000190734863 5.834914207458496
      vertex -59.153926849365234 12.800000190734863 6.349271774291992
      vertex -15.146074295043945 12.800000190734863 6.349271774291992
    endloop
  endfacet
  facet normal 0 1 0
    outer loop
      vertex -14.376283645629883 12.800000190734863 5.834914207458496
      vertex -59.9237174987793 12.800000190734863 5.834914207458496
      vertex -59.153926849365234 12.800000190734863 6.349271774291992
    endloop
  endfacet
  facet normal 0 1 0
    outer loop
      vertex -13.520938873291016 12.800000190734863 5.480618476867676
      vertex -59.9237174987793 12.800000190734863 5.834914207458496
      vertex -14.376283645629883 12.800000190734863 5.834914207458496
    endloop
  endfacet
  facet normal 0 1 0
    outer loop
      vertex -13.520938873291016 12.800000190734863 5.480618476867676
      vertex -60.77906036376953 12.800000190734863 5.480618476867676
      vertex -59.9237174987793 12.800000190734863 5.834914207458496
    endloop
  endfacet
  facet normal 0 1 0
    outer loop
      vertex -72.1500015258789 12.800000190734863 0
      vertex -13.520938873291016 12.800000190734863 5.480618476867676
      vertex -12.612908363342285 12.800000190734863 5.300000190734863
    endloop
  endfacet
  facet normal 0 1 0
    outer loop
      vertex -13.520938873291016 12.800000190734863 5.480618476867676
      vertex -72.1500015258789 12.800000190734863 0
      vertex -60.77906036376953 12.800000190734863 5.480618476867676
    endloop
  endfacet
  facet normal 0 1 0
    outer loop
      vertex -12.612908363342285 12.800000190734863 14.699999809265137
      vertex 25.05000114440918 12.800000190734863 36.29999923706055
      vertex -11.687090873718262 12.800000190734863 14.699999809265137
    endloop
  endfacet
  facet normal 0 1 0
    outer loop
      vertex 25.05000114440918 12.800000190734863 36.29999923706055
      vertex -10.779060363769531 12.800000190734863 14.519381523132324
      vertex -11.687090873718262 12.800000190734863 14.699999809265137
    endloop
  endfacet
  facet normal 0 1 0
    outer loop
      vertex 25.05000114440918 12.800000190734863 36.29999923706055
      vertex -9.923715591430664 12.800000190734863 14.165085792541504
      vertex -10.779060363769531 12.800000190734863 14.519381523132324
    endloop
  endfacet
  facet normal 0 1 0
    outer loop
      vertex 25.05000114440918 12.800000190734863 36.29999923706055
      vertex -9.153924942016602 12.800000190734863 13.650728225708008
      vertex -9.923715591430664 12.800000190734863 14.165085792541504
    endloop
  endfacet
  facet normal 0 1 0
    outer loop
      vertex 25.05000114440918 12.800000190734863 36.29999923706055
      vertex -8.499271392822266 12.800000190734863 12.996074676513672
      vertex -9.153924942016602 12.800000190734863 13.650728225708008
    endloop
  endfacet
  facet normal 0 1 0
    outer loop
      vertex 25.05000114440918 12.800000190734863 36.29999923706055
      vertex -7.984914302825928 12.800000190734863 12.22628402709961
      vertex -8.499271392822266 12.800000190734863 12.996074676513672
    endloop
  endfacet
  facet normal 0 1 0
    outer loop
      vertex 25.05000114440918 12.800000190734863 36.29999923706055
      vertex -7.630618572235107 12.800000190734863 11.370939254760742
      vertex -7.984914302825928 12.800000190734863 12.22628402709961
    endloop
  endfacet
  facet normal 0 1 0
    outer loop
      vertex 25.05000114440918 12.800000190734863 9.242640430784377e-7
      vertex -7.630618572235107 12.800000190734863 11.370939254760742
      vertex 25.05000114440918 12.800000190734863 36.29999923706055
    endloop
  endfacet
  facet normal 0 1 0
    outer loop
      vertex -7.630618572235107 12.800000190734863 11.370939254760742
      vertex 25.05000114440918 12.800000190734863 9.242640430784377e-7
      vertex -7.450000286102295 12.800000190734863 10.462908744812012
    endloop
  endfacet
  facet normal 0 1 0
    outer loop
      vertex -7.450000286102295 12.800000190734863 10.462908744812012
      vertex 25.05000114440918 12.800000190734863 9.242640430784377e-7
      vertex -7.450000286102295 12.800000190734863 9.537091255187988
    endloop
  endfacet
  facet normal 0 1 0
    outer loop
      vertex -7.450000286102295 12.800000190734863 9.537091255187988
      vertex 25.05000114440918 12.800000190734863 9.242640430784377e-7
      vertex -7.630618572235107 12.800000190734863 8.629060745239258
    endloop
  endfacet
  facet normal 0 1 0
    outer loop
      vertex -7.630618572235107 12.800000190734863 8.629060745239258
      vertex 25.05000114440918 12.800000190734863 9.242640430784377e-7
      vertex -7.984914302825928 12.800000190734863 7.773715972900391
    endloop
  endfacet
  facet normal 0 1 0
    outer loop
      vertex -7.984914302825928 12.800000190734863 7.773715972900391
      vertex 25.05000114440918 12.800000190734863 9.242640430784377e-7
      vertex -8.499271392822266 12.800000190734863 7.003925323486328
    endloop
  endfacet
  facet normal 0 1 0
    outer loop
      vertex 25.05000114440918 12.800000190734863 9.242640430784377e-7
      vertex -12.612908363342285 12.800000190734863 5.300000190734863
      vertex -11.687090873718262 12.800000190734863 5.300000190734863
    endloop
  endfacet
  facet normal 0 1 0
    outer loop
      vertex -60.77906036376953 12.800000190734863 5.480618476867676
      vertex -72.1500015258789 12.800000190734863 0
      vertex -61.68709182739258 12.800000190734863 5.300000190734863
    endloop
  endfacet
  facet normal 0 1 0
    outer loop
      vertex -12.612908363342285 12.800000190734863 5.300000190734863
      vertex 25.05000114440918 12.800000190734863 9.242640430784377e-7
      vertex -72.1500015258789 12.800000190734863 0
    endloop
  endfacet
  facet normal 0 1 0
    outer loop
      vertex -10.779060363769531 12.800000190734863 5.480618476867676
      vertex 25.05000114440918 12.800000190734863 9.242640430784377e-7
      vertex -11.687090873718262 12.800000190734863 5.300000190734863
    endloop
  endfacet
  facet normal 0 1 0
    outer loop
      vertex -9.923715591430664 12.800000190734863 5.834914207458496
      vertex 25.05000114440918 12.800000190734863 9.242640430784377e-7
      vertex -10.779060363769531 12.800000190734863 5.480618476867676
    endloop
  endfacet
  facet normal 0 1 0
    outer loop
      vertex -9.153924942016602 12.800000190734863 6.349271774291992
      vertex 25.05000114440918 12.800000190734863 9.242640430784377e-7
      vertex -9.923715591430664 12.800000190734863 5.834914207458496
    endloop
  endfacet
  facet normal 0 1 0
    outer loop
      vertex -8.499271392822266 12.800000190734863 7.003925323486328
      vertex 25.05000114440918 12.800000190734863 9.242640430784377e-7
      vertex -9.153924942016602 12.800000190734863 6.349271774291992
    endloop
  endfacet
  facet normal 0 1 0
    outer loop
      vertex 25.05000114440918 12.800000190734863 36.29999923706055
      vertex -12.612908363342285 12.800000190734863 14.699999809265137
      vertex -72.1500015258789 12.800000190734863 36.29999923706055
    endloop
  endfacet
  facet normal 0 1 0
    outer loop
      vertex -13.520938873291016 12.800000190734863 14.519381523132324
      vertex -72.1500015258789 12.800000190734863 36.29999923706055
      vertex -12.612908363342285 12.800000190734863 14.699999809265137
    endloop
  endfacet
  facet normal 0 1 0
    outer loop
      vertex -62.61290740966797 12.800000190734863 14.699999809265137
      vertex -72.1500015258789 12.800000190734863 36.29999923706055
      vertex -61.68709182739258 12.800000190734863 14.699999809265137
    endloop
  endfacet
  facet normal 0 1 0
    outer loop
      vertex -63.520938873291016 12.800000190734863 14.519381523132324
      vertex -72.1500015258789 12.800000190734863 36.29999923706055
      vertex -62.61290740966797 12.800000190734863 14.699999809265137
    endloop
  endfacet
  facet normal 0 1 0
    outer loop
      vertex -64.37628173828125 12.800000190734863 14.165085792541504
      vertex -72.1500015258789 12.800000190734863 36.29999923706055
      vertex -63.520938873291016 12.800000190734863 14.519381523132324
    endloop
  endfacet
  facet normal 0 1 0
    outer loop
      vertex -65.14607238769531 12.800000190734863 13.650728225708008
      vertex -72.1500015258789 12.800000190734863 36.29999923706055
      vertex -64.37628173828125 12.800000190734863 14.165085792541504
    endloop
  endfacet
  facet normal 0 1 0
    outer loop
      vertex -65.80072784423828 12.800000190734863 12.996074676513672
      vertex -72.1500015258789 12.800000190734863 36.29999923706055
      vertex -65.14607238769531 12.800000190734863 13.650728225708008
    endloop
  endfacet
  facet normal 0 1 0
    outer loop
      vertex -66.3150863647461 12.800000190734863 12.22628402709961
      vertex -72.1500015258789 12.800000190734863 36.29999923706055
      vertex -65.80072784423828 12.800000190734863 12.996074676513672
    endloop
  endfacet
  facet normal 0 1 0
    outer loop
      vertex -66.66938018798828 12.800000190734863 11.370939254760742
      vertex -72.1500015258789 12.800000190734863 36.29999923706055
      vertex -66.3150863647461 12.800000190734863 12.22628402709961
    endloop
  endfacet
  facet normal 0 1 0
    outer loop
      vertex -72.1500015258789 12.800000190734863 0
      vertex -66.66938018798828 12.800000190734863 11.370939254760742
      vertex -66.8499984741211 12.800000190734863 10.462908744812012
    endloop
  endfacet
  facet normal 0 1 0
    outer loop
      vertex -72.1500015258789 12.800000190734863 0
      vertex -66.8499984741211 12.800000190734863 10.462908744812012
      vertex -66.8499984741211 12.800000190734863 9.537091255187988
    endloop
  endfacet
  facet normal 0 1 0
    outer loop
      vertex -66.66938018798828 12.800000190734863 11.370939254760742
      vertex -72.1500015258789 12.800000190734863 0
      vertex -72.1500015258789 12.800000190734863 36.29999923706055
    endloop
  endfacet
  facet normal 0 1 0
    outer loop
      vertex -66.66938018798828 12.800000190734863 8.629060745239258
      vertex -72.1500015258789 12.800000190734863 0
      vertex -66.8499984741211 12.800000190734863 9.537091255187988
    endloop
  endfacet
  facet normal 0 1 0
    outer loop
      vertex -66.3150863647461 12.800000190734863 7.773715972900391
      vertex -72.1500015258789 12.800000190734863 0
      vertex -66.66938018798828 12.800000190734863 8.629060745239258
    endloop
  endfacet
  facet normal 0 1 0
    outer loop
      vertex -65.80072784423828 12.800000190734863 7.003925323486328
      vertex -72.1500015258789 12.800000190734863 0
      vertex -66.3150863647461 12.800000190734863 7.773715972900391
    endloop
  endfacet
  facet normal 0 1 0
    outer loop
      vertex -65.14607238769531 12.800000190734863 6.349271774291992
      vertex -72.1500015258789 12.800000190734863 0
      vertex -65.80072784423828 12.800000190734863 7.003925323486328
    endloop
  endfacet
  facet normal 0 1 0
    outer loop
      vertex -64.37628173828125 12.800000190734863 5.834914207458496
      vertex -72.1500015258789 12.800000190734863 0
      vertex -65.14607238769531 12.800000190734863 6.349271774291992
    endloop
  endfacet
  facet normal 0 1 0
    outer loop
      vertex -63.520938873291016 12.800000190734863 5.480618476867676
      vertex -72.1500015258789 12.800000190734863 0
      vertex -64.37628173828125 12.800000190734863 5.834914207458496
    endloop
  endfacet
  facet normal 0 1 0
    outer loop
      vertex -62.61290740966797 12.800000190734863 5.300000190734863
      vertex -72.1500015258789 12.800000190734863 0
      vertex -63.520938873291016 12.800000190734863 5.480618476867676
    endloop
  endfacet
  facet normal 0 1 0
    outer loop
      vertex -61.68709182739258 12.800000190734863 5.300000190734863
      vertex -72.1500015258789 12.800000190734863 0
      vertex -62.61290740966797 12.800000190734863 5.300000190734863
    endloop
  endfacet
  facet normal 0 1 0
    outer loop
      vertex -72.1500015258789 12.800000190734863 0
      vertex 25.05000114440918 12.800000190734863 9.242640430784377e-7
      vertex 25.802705764770508 12.800000190734863 0
    endloop
  endfacet
  facet normal -3.3643233619653276e-8 -0.9999999999999961 -8.12218515647962e-8
    outer loop
      vertex -60.871070861816406 1.5000007152557373 12.392708778381348
      vertex -72.1500015258789 1.5000004768371582 20
      vertex -61.3624382019043 1.5000007152557373 12.596240043640137
    endloop
  endfacet
  facet normal 2.4723612780594267e-9 -1 -1.2429364571176459e-8
    outer loop
      vertex -72.1500015258789 1.5000004768371582 20
      vertex -12.937560081481934 1.5000007152557373 12.596240043640137
      vertex -12.415925979614258 1.5000007152557373 12.699999809265137
    endloop
  endfacet
  facet normal 0 -0.9999999999999996 -3.1340798210014174e-8
    outer loop
      vertex -13.42892837524414 1.5000007152557373 12.392708778381348
      vertex -72.1500015258789 1.5000004768371582 20
      vertex -60.871070861816406 1.5000007152557373 12.392708778381348
    endloop
  endfacet
  facet normal 3.0928622195111193e-9 -1 -7.46683527815953e-9
    outer loop
      vertex -72.1500015258789 1.5000004768371582 20
      vertex -13.42892837524414 1.5000007152557373 12.392708778381348
      vertex -12.937560081481934 1.5000007152557373 12.596240043640137
    endloop
  endfacet
  facet normal 0 -1 0
    outer loop
      vertex -60.42885208129883 1.5000007152557373 12.0972261428833
      vertex -13.42892837524414 1.5000007152557373 12.392708778381348
      vertex -60.871070861816406 1.5000007152557373 12.392708778381348
    endloop
  endfacet
  facet normal 0 -1 0
    outer loop
      vertex -60.42885208129883 1.5000007152557373 12.0972261428833
      vertex -13.871149063110352 1.5000007152557373 12.0972261428833
      vertex -13.42892837524414 1.5000007152557373 12.392708778381348
    endloop
  endfacet
  facet normal 0 -1 0
    outer loop
      vertex -60.052772521972656 1.5000007152557373 11.721149444580078
      vertex -13.871149063110352 1.5000007152557373 12.0972261428833
      vertex -60.42885208129883 1.5000007152557373 12.0972261428833
    endloop
  endfacet
  facet normal 0 -1 0
    outer loop
      vertex -60.052772521972656 1.5000007152557373 11.721149444580078
      vertex -14.247225761413574 1.5000007152557373 11.721149444580078
      vertex -13.871149063110352 1.5000007152557373 12.0972261428833
    endloop
  endfacet
  facet normal 0 -0.9999999999999637 -2.6956968052757045e-7
    outer loop
      vertex -59.75728988647461 1.5000008344650269 11.278928756713867
      vertex -14.247225761413574 1.5000007152557373 11.721149444580078
      vertex -60.052772521972656 1.5000007152557373 11.721149444580078
    endloop
  endfacet
  facet normal 0 -0.9999999999999636 -2.695696805275704e-7
    outer loop
      vertex -59.75728988647461 1.5000008344650269 11.278928756713867
      vertex -14.542708396911621 1.5000008344650269 11.278928756713867
      vertex -14.247225761413574 1.5000007152557373 11.721149444580078
    endloop
  endfacet
  facet normal 0 -1 0
    outer loop
      vertex -59.55376052856445 1.5000008344650269 10.78756046295166
      vertex -14.542708396911621 1.5000008344650269 11.278928756713867
      vertex -59.75728988647461 1.5000008344650269 11.278928756713867
    endloop
  endfacet
  facet normal 0 -1 0
    outer loop
      vertex -59.55376052856445 1.5000008344650269 10.78756046295166
      vertex -14.74623966217041 1.5000008344650269 10.78756046295166
      vertex -14.542708396911621 1.5000008344650269 11.278928756713867
    endloop
  endfacet
  facet normal 0 -1 0
    outer loop
      vertex -59.45000076293945 1.5000008344650269 10.265926361083984
      vertex -14.74623966217041 1.5000008344650269 10.78756046295166
      vertex -59.55376052856445 1.5000008344650269 10.78756046295166
    endloop
  endfacet
  facet normal 0 -1 0
    outer loop
      vertex -59.45000076293945 1.5000008344650269 10.265926361083984
      vertex -14.84999942779541 1.5000008344650269 10.265926361083984
      vertex -14.74623966217041 1.5000008344650269 10.78756046295166
    endloop
  endfacet
  facet normal 0 -1 0
    outer loop
      vertex -59.45000076293945 1.5000008344650269 9.734073638916016
      vertex -14.84999942779541 1.5000008344650269 10.265926361083984
      vertex -59.45000076293945 1.5000008344650269 10.265926361083984
    endloop
  endfacet
  facet normal 0 -1 0
    outer loop
      vertex -59.45000076293945 1.5000008344650269 9.734073638916016
      vertex -14.84999942779541 1.5000008344650269 9.734073638916016
      vertex -14.84999942779541 1.5000008344650269 10.265926361083984
    endloop
  endfacet
  facet normal 0 -1 0
    outer loop
      vertex -59.55376052856445 1.5000008344650269 9.21243953704834
      vertex -14.84999942779541 1.5000008344650269 9.734073638916016
      vertex -59.45000076293945 1.5000008344650269 9.734073638916016
    endloop
  endfacet
  facet normal 0 -1 0
    outer loop
      vertex -59.55376052856445 1.5000008344650269 9.21243953704834
      vertex -14.74623966217041 1.5000008344650269 9.21243953704834
      vertex -14.84999942779541 1.5000008344650269 9.734073638916016
    endloop
  endfacet
  facet normal 0 -1 0
    outer loop
      vertex -59.75728988647461 1.5000008344650269 8.721071243286133
      vertex -14.74623966217041 1.5000008344650269 9.21243953704834
      vertex -59.55376052856445 1.5000008344650269 9.21243953704834
    endloop
  endfacet
  facet normal 0 -1 0
    outer loop
      vertex -59.75728988647461 1.5000008344650269 8.721071243286133
      vertex -14.542708396911621 1.5000008344650269 8.721071243286133
      vertex -14.74623966217041 1.5000008344650269 9.21243953704834
    endloop
  endfacet
  facet normal 0 -1 0
    outer loop
      vertex -60.052772521972656 1.5000008344650269 8.278850555419922
      vertex -14.542708396911621 1.5000008344650269 8.721071243286133
      vertex -59.75728988647461 1.5000008344650269 8.721071243286133
    endloop
  endfacet
  facet normal 0 -1 0
    outer loop
      vertex -60.052772521972656 1.5000008344650269 8.278850555419922
      vertex -14.247225761413574 1.5000008344650269 8.278850555419922
      vertex -14.542708396911621 1.5000008344650269 8.721071243286133
    endloop
  endfacet
  facet normal 0 -1 0
    outer loop
      vertex -60.42885208129883 1.5000008344650269 7.902773857116699
      vertex -14.247225761413574 1.5000008344650269 8.278850555419922
      vertex -60.052772521972656 1.5000008344650269 8.278850555419922
    endloop
  endfacet
  facet normal 0 -1 0
    outer loop
      vertex -60.42885208129883 1.5000008344650269 7.902773857116699
      vertex -13.871149063110352 1.5000008344650269 7.902773857116699
      vertex -14.247225761413574 1.5000008344650269 8.278850555419922
    endloop
  endfacet
  facet normal 0 -0.9999999999999186 -4.034392388230865e-7
    outer loop
      vertex -60.871070861816406 1.5000009536743164 7.607291221618652
      vertex -13.871149063110352 1.5000008344650269 7.902773857116699
      vertex -60.42885208129883 1.5000008344650269 7.902773857116699
    endloop
  endfacet
  facet normal 0 -0.9999999999999186 -4.034392388230865e-7
    outer loop
      vertex -60.871070861816406 1.5000009536743164 7.607291221618652
      vertex -13.42892837524414 1.5000009536743164 7.607291221618652
      vertex -13.871149063110352 1.5000008344650269 7.902773857116699
    endloop
  endfacet
  facet normal 3.3643231133315035e-8 -0.9999999999999961 -8.122184556225204e-8
    outer loop
      vertex -72.1500015258789 1.5000011920928955 -2.1693504947961628e-7
      vertex -60.871070861816406 1.5000009536743164 7.607291221618652
      vertex -61.3624382019043 1.5000009536743164 7.403759956359863
    endloop
  endfacet
  facet normal 0 -0.9999999999999996 -3.13407973162772e-8
    outer loop
      vertex -60.871070861816406 1.5000009536743164 7.607291221618652
      vertex -72.1500015258789 1.5000011920928955 -2.1693504947961628e-7
      vertex -13.42892837524414 1.5000009536743164 7.607291221618652
    endloop
  endfacet
  facet normal 9.019475467100659e-9 -0.9999999999999989 -4.5344086517397516e-8
    outer loop
      vertex -72.1500015258789 1.5000011920928955 -2.1693504947961628e-7
      vertex -61.3624382019043 1.5000009536743164 7.403759956359863
      vertex -61.88407516479492 1.5000009536743164 7.300000190734863
    endloop
  endfacet
  facet normal -3.092862198498182e-9 -1 -7.466835227429774e-9
    outer loop
      vertex -13.42892837524414 1.5000009536743164 7.607291221618652
      vertex -72.1500015258789 1.5000011920928955 -2.1693504947961628e-7
      vertex -12.937560081481934 1.5000009536743164 7.403759956359863
    endloop
  endfacet
  facet normal 0 -0.9999999999999994 -3.266007847563654e-8
    outer loop
      vertex -61.88407516479492 1.5000007152557373 12.699999809265137
      vertex -72.1500015258789 1.5000004768371582 20
      vertex -62.41592788696289 1.5000007152557373 12.699999809265137
    endloop
  endfacet
  facet normal 5.134626250493666e-9 -0.9999999999999997 -2.5813389609237327e-8
    outer loop
      vertex -72.1500015258789 1.5000004768371582 20
      vertex -62.93756103515625 1.5000007152557373 12.596240043640137
      vertex -62.41592788696289 1.5000007152557373 12.699999809265137
    endloop
  endfacet
  facet normal 8.802061064085535e-9 -0.9999999999999997 -2.1250029212227527e-8
    outer loop
      vertex -72.1500015258789 1.5000004768371582 20
      vertex -63.42892837524414 1.5000007152557373 12.392708778381348
      vertex -62.93756103515625 1.5000007152557373 12.596240043640137
    endloop
  endfacet
  facet normal 1.185794564698836e-8 -0.9999999999999997 -1.7746733201729596e-8
    outer loop
      vertex -72.1500015258789 1.5000004768371582 20
      vertex -63.871150970458984 1.5000007152557373 12.0972261428833
      vertex -63.42892837524414 1.5000007152557373 12.392708778381348
    endloop
  endfacet
  facet normal 1.4734000084833799e-8 -0.9999999999999999 -1.4733813268719928e-8
    outer loop
      vertex -72.1500015258789 1.5000004768371582 20
      vertex -64.24722290039062 1.5000007152557373 11.721149444580078
      vertex -63.871150970458984 1.5000007152557373 12.0972261428833
    endloop
  endfacet
  facet normal -1.4837120164207997e-7 -0.9999999999999746 -1.704298598738301e-7
    outer loop
      vertex -72.1500015258789 1.5000004768371582 20
      vertex -64.54270935058594 1.5000008344650269 11.278928756713867
      vertex -64.24722290039062 1.5000007152557373 11.721149444580078
    endloop
  endfacet
  facet normal 3.18751594476448e-8 -0.9999999999999993 -1.3202990135954063e-8
    outer loop
      vertex -72.1500015258789 1.5000004768371582 20
      vertex -64.7462387084961 1.5000008344650269 10.78756046295166
      vertex -64.54270935058594 1.5000008344650269 11.278928756713867
    endloop
  endfacet
  facet normal 3.8720087259892396e-8 -0.9999999999999992 -7.70192586083096e-9
    outer loop
      vertex -72.1500015258789 1.5000004768371582 20
      vertex -64.8499984741211 1.5000008344650269 10.265926361083984
      vertex -64.7462387084961 1.5000008344650269 10.78756046295166
    endloop
  endfacet
  facet normal 4.8990098513209244e-8 -0.9999999999999989 0
    outer loop
      vertex -72.1500015258789 1.5000004768371582 20
      vertex -64.8499984741211 1.5000008344650269 9.734073638916016
      vertex -64.8499984741211 1.5000008344650269 10.265926361083984
    endloop
  endfacet
  facet normal -1.3027753171620117e-9 -0.9999999999999994 -3.576278647732426e-8
    outer loop
      vertex -72.1500015258789 1.5000011920928955 -2.1693504947961628e-7
      vertex -64.8499984741211 1.5000008344650269 9.734073638916016
      vertex -72.1500015258789 1.5000004768371582 20
    endloop
  endfacet
  facet normal -3.872008707899429e-8 -0.9999999999999992 -7.701925824847987e-9
    outer loop
      vertex -64.8499984741211 1.5000008344650269 9.734073638916016
      vertex -72.1500015258789 1.5000011920928955 -2.1693504947961628e-7
      vertex -64.7462387084961 1.5000008344650269 9.21243953704834
    endloop
  endfacet
  facet normal -3.1875159192361136e-8 -0.9999999999999993 -1.3202990030213172e-8
    outer loop
      vertex -64.7462387084961 1.5000008344650269 9.21243953704834
      vertex -72.1500015258789 1.5000011920928955 -2.1693504947961628e-7
      vertex -64.54270935058594 1.5000008344650269 8.721071243286133
    endloop
  endfacet
  facet normal 0 -0.9999999999999994 -3.266007750507274e-8
    outer loop
      vertex -72.1500015258789 1.5000011920928955 -2.1693504947961628e-7
      vertex -61.88407516479492 1.5000009536743164 7.300000190734863
      vertex -62.41592788696289 1.5000009536743164 7.300000190734863
    endloop
  endfacet
  facet normal -2.4723612500985692e-9 -1 -1.242936443060813e-8
    outer loop
      vertex -12.937560081481934 1.5000009536743164 7.403759956359863
      vertex -72.1500015258789 1.5000011920928955 -2.1693504947961628e-7
      vertex -12.415925979614258 1.5000009536743164 7.300000190734863
    endloop
  endfacet
  facet normal 0 -0.9999999999999994 -3.2660077505072793e-8
    outer loop
      vertex 33.150001525878906 1.5000011920928955 -2.1693504947961628e-7
      vertex -12.415925979614258 1.5000009536743164 7.300000190734863
      vertex -72.1500015258789 1.5000011920928955 -2.1693504947961628e-7
    endloop
  endfacet
  facet normal -5.134626129894725e-9 -0.9999999999999997 -2.5813389002948322e-8
    outer loop
      vertex -62.93756103515625 1.5000009536743164 7.403759956359863
      vertex -72.1500015258789 1.5000011920928955 -2.1693504947961628e-7
      vertex -62.41592788696289 1.5000009536743164 7.300000190734863
    endloop
  endfacet
  facet normal -8.802060893895733e-9 -0.9999999999999997 -2.1250028801353503e-8
    outer loop
      vertex -63.42892837524414 1.5000009536743164 7.607291221618652
      vertex -72.1500015258789 1.5000011920928955 -2.1693504947961628e-7
      vertex -62.93756103515625 1.5000009536743164 7.403759956359863
    endloop
  endfacet
  facet normal 1.4078528312287245e-7 -0.9999999999999715 -1.9273841992146806e-7
    outer loop
      vertex -63.871150970458984 1.5000008344650269 7.902773857116699
      vertex -72.1500015258789 1.5000011920928955 -2.1693504947961628e-7
      vertex -63.42892837524414 1.5000009536743164 7.607291221618652
    endloop
  endfacet
  facet normal -2.210099983096088e-8 -0.9999999999999994 -2.210071960679383e-8
    outer loop
      vertex -64.24722290039062 1.5000008344650269 8.278850555419922
      vertex -72.1500015258789 1.5000011920928955 -2.1693504947961628e-7
      vertex -63.871150970458984 1.5000008344650269 7.902773857116699
    endloop
  endfacet
  facet normal -2.661990128515123e-8 -0.9999999999999994 -1.7787092171677622e-8
    outer loop
      vertex -64.54270935058594 1.5000008344650269 8.721071243286133
      vertex -72.1500015258789 1.5000011920928955 -2.1693504947961628e-7
      vertex -64.24722290039062 1.5000008344650269 8.278850555419922
    endloop
  endfacet
  facet normal 0 -0.9999999999999994 -3.523427409784753e-8
    outer loop
      vertex 28.5 1.500000238418579 26.149999618530273
      vertex 33.150001525878906 1.4999998807907104 36.29999923706055
      vertex 28.5 1.4999998807907104 36.29999923706055
    endloop
  endfacet
  facet normal 1.78299330126596e-7 -0.9999999999999772 -1.1691823353743452e-7
    outer loop
      vertex 28.38182830810547 1.5000003576278687 24.950193405151367
      vertex 33.150001525878906 1.4999998807907104 36.29999923706055
      vertex 28.5 1.500000238418579 26.149999618530273
    endloop
  endfacet
  facet normal 6.764074249440057e-8 -0.9999999999999974 -2.0518568225064788e-8
    outer loop
      vertex 33.150001525878906 1.5000011920928955 -2.1693504947961628e-7
      vertex 28.38182830810547 1.5000003576278687 24.950193405151367
      vertex 28.032596588134766 1.5000003576278687 23.79892921447754
    endloop
  endfacet
  facet normal 6.764788778508387e-8 -0.9999999999999976 -2.0517031796886722e-8
    outer loop
      vertex 33.150001525878906 1.5000011920928955 -2.1693504947961628e-7
      vertex 28.032596588134766 1.5000003576278687 23.79892921447754
      vertex 28.031858444213867 1.5000003576278687 23.79649543762207
    endloop
  endfacet
  facet normal -9.019475839227987e-9 -0.999999999999999 -4.534408838821294e-8
    outer loop
      vertex -61.3624382019043 1.5000007152557373 12.596240043640137
      vertex -72.1500015258789 1.5000004768371582 20
      vertex -61.88407516479492 1.5000007152557373 12.699999809265137
    endloop
  endfacet
  facet normal 0 -0.9999999999999996 -3.266007847563654e-8
    outer loop
      vertex -72.1500015258789 1.5000004768371582 20
      vertex -12.415925979614258 1.5000007152557373 12.699999809265137
      vertex 22.349998474121094 1.5000004768371582 20
    endloop
  endfacet
  facet normal 0 -0.9999999999999994 -3.266007847563654e-8
    outer loop
      vertex -11.884073257446289 1.5000007152557373 12.699999809265137
      vertex 22.349998474121094 1.5000004768371582 20
      vertex -12.415925979614258 1.5000007152557373 12.699999809265137
    endloop
  endfacet
  facet normal -3.3611540131072593e-9 -0.9999999999999999 -1.6897614834662838e-8
    outer loop
      vertex -11.362439155578613 1.5000007152557373 12.596240043640137
      vertex 22.349998474121094 1.5000004768371582 20
      vertex -11.884073257446289 1.5000007152557373 12.699999809265137
    endloop
  endfacet
  facet normal -4.6217056213222615e-9 -1 -1.115779240370174e-8
    outer loop
      vertex -10.871070861816406 1.5000007152557373 12.392708778381348
      vertex 22.349998474121094 1.5000004768371582 20
      vertex -11.362439155578613 1.5000007152557373 12.596240043640137
    endloop
  endfacet
  facet normal -5.344967810361905e-9 -1 -7.999303707769388e-9
    outer loop
      vertex -10.428850173950195 1.5000007152557373 12.0972261428833
      vertex 22.349998474121094 1.5000004768371582 20
      vertex -10.871070861816406 1.5000007152557373 12.392708778381348
    endloop
  endfacet
  facet normal -5.860596613892619e-9 -1 -5.860596613892619e-9
    outer loop
      vertex -10.052773475646973 1.5000007152557373 11.721149444580078
      vertex 22.349998474121094 1.5000004768371582 20
      vertex -10.428850173950195 1.5000007152557373 12.0972261428833
    endloop
  endfacet
  facet normal 5.254602260931332e-8 -0.9999999999999712 -2.3445952473531967e-7
    outer loop
      vertex -9.757290840148926 1.5000008344650269 11.278928756713867
      vertex 22.349998474121094 1.5000004768371582 20
      vertex -10.052773475646973 1.5000007152557373 11.721149444580078
    endloop
  endfacet
  facet normal -1.001207014343497e-8 -0.9999999999999998 -4.147132263155799e-9
    outer loop
      vertex -9.553759574890137 1.5000008344650269 10.78756046295166
      vertex 22.349998474121094 1.5000004768371582 20
      vertex -9.757290840148926 1.5000008344650269 11.278928756713867
    endloop
  endfacet
  facet normal -1.0600705955814362e-8 -1 -2.1086174417980457e-9
    outer loop
      vertex -9.449999809265137 1.5000008344650269 10.265926361083984
      vertex 22.349998474121094 1.5000004768371582 20
      vertex -9.553759574890137 1.5000008344650269 10.78756046295166
    endloop
  endfacet
  facet normal -1.1246159998668454e-8 -1 0
    outer loop
      vertex -9.449999809265137 1.5000008344650269 9.734073638916016
      vertex 22.349998474121094 1.5000004768371582 20
      vertex -9.449999809265137 1.5000008344650269 10.265926361083984
    endloop
  endfacet
  facet normal -1.201788410421471e-8 -0.9999999999999999 2.390512494288677e-9
    outer loop
      vertex -9.553759574890137 1.5000008344650269 9.21243953704834
      vertex 22.349998474121094 1.5000004768371582 20
      vertex -9.449999809265137 1.5000008344650269 9.734073638916016
    endloop
  endfacet
  facet normal 7.465165053753745e-10 -0.9999999999999994 -3.5359667454884714e-8
    outer loop
      vertex 33.150001525878906 1.5000011920928955 -2.1693504947961628e-7
      vertex 22.349998474121094 1.5000004768371582 20
      vertex -9.553759574890137 1.5000008344650269 9.21243953704834
    endloop
  endfacet
  facet normal 3.344429296797314e-9 -0.9999999999999994 -3.3956794166323454e-8
    outer loop
      vertex 22.349998474121094 1.5000004768371582 20
      vertex 33.150001525878906 1.5000011920928955 -2.1693504947961628e-7
      vertex 23.5498046875 1.5000004768371582 20.1181697845459
    endloop
  endfacet
  facet normal 7.687668972780114e-9 -1 -3.1843344651738645e-9
    outer loop
      vertex 33.150001525878906 1.5000011920928955 -2.1693504947961628e-7
      vertex -9.553759574890137 1.5000008344650269 9.21243953704834
      vertex -9.757290840148926 1.5000008344650269 8.721071243286133
    endloop
  endfacet
  facet normal 7.3382849132472e-9 -1 -4.903288845812309e-9
    outer loop
      vertex 33.150001525878906 1.5000011920928955 -2.1693504947961628e-7
      vertex -9.757290840148926 1.5000008344650269 8.721071243286133
      vertex -10.052773475646973 1.5000008344650269 8.278850555419922
    endloop
  endfacet
  facet normal 6.94670891364479e-9 -1 -6.94670891364479e-9
    outer loop
      vertex 33.150001525878906 1.5000011920928955 -2.1693504947961628e-7
      vertex -10.052773475646973 1.5000008344650269 8.278850555419922
      vertex -10.428850173950195 1.5000008344650269 7.902773857116699
    endloop
  endfacet
  facet normal -5.1089269820108197e-8 -0.9999999999999453 -3.269787997710705e-7
    outer loop
      vertex 33.150001525878906 1.5000011920928955 -2.1693504947961628e-7
      vertex -10.428850173950195 1.5000008344650269 7.902773857116699
      vertex -10.871070861816406 1.5000009536743164 7.607291221618652
    endloop
  endfacet
  facet normal 3.8216243885669805e-9 -1 -9.226224053697839e-9
    outer loop
      vertex 33.150001525878906 1.5000011920928955 -2.1693504947961628e-7
      vertex -10.871070861816406 1.5000009536743164 7.607291221618652
      vertex -11.362439155578613 1.5000009536743164 7.403759956359863
    endloop
  endfacet
  facet normal -1.401720430792157e-8 -0.9999999999999992 -3.6124027679957874e-8
    outer loop
      vertex 28.38182830810547 1.5000003576278687 24.950193405151367
      vertex 33.150001525878906 1.5000011920928955 -2.1693504947961628e-7
      vertex 33.150001525878906 1.4999998807907104 36.29999923706055
    endloop
  endfacet
  facet normal 4.6781121027835266e-8 -0.9999999999999986 -2.5005049674209765e-8
    outer loop
      vertex 27.463537216186523 1.5000003576278687 22.73324203491211
      vertex 33.150001525878906 1.5000011920928955 -2.1693504947961628e-7
      vertex 28.031858444213867 1.5000003576278687 23.79649543762207
    endloop
  endfacet
  facet normal -8.517530514240625e-8 -0.9999999999999947 -5.8012462323000025e-8
    outer loop
      vertex 26.698707580566406 1.5000004768371582 21.801292419433594
      vertex 33.150001525878906 1.5000011920928955 -2.1693504947961628e-7
      vertex 27.463537216186523 1.5000003576278687 22.73324203491211
    endloop
  endfacet
  facet normal 2.1663721465347684e-8 -0.9999999999999993 -2.6397366054447462e-8
    outer loop
      vertex 25.766756057739258 1.5000004768371582 21.036460876464844
      vertex 33.150001525878906 1.5000011920928955 -2.1693504947961628e-7
      vertex 26.698707580566406 1.5000004768371582 21.801292419433594
    endloop
  endfacet
  facet normal 1.530297089232151e-8 -0.9999999999999996 -2.8629822484916028e-8
    outer loop
      vertex 24.703502655029297 1.5000004768371582 20.4681396484375
      vertex 33.150001525878906 1.5000011920928955 -2.1693504947961628e-7
      vertex 25.766756057739258 1.5000004768371582 21.036460876464844
    endloop
  endfacet
  facet normal 9.421049309832017e-9 -0.9999999999999994 -3.1057089658762805e-8
    outer loop
      vertex 23.5498046875 1.5000004768371582 20.1181697845459
      vertex 33.150001525878906 1.5000011920928955 -2.1693504947961628e-7
      vertex 24.703502655029297 1.5000004768371582 20.4681396484375
    endloop
  endfacet
  facet normal 2.9170221190561868e-9 -1 -1.4664819297118746e-8
    outer loop
      vertex -11.884073257446289 1.5000009536743164 7.300000190734863
      vertex 33.150001525878906 1.5000011920928955 -2.1693504947961628e-7
      vertex -11.362439155578613 1.5000009536743164 7.403759956359863
    endloop
  endfacet
  facet normal 0 -0.9999999999999994 -3.26600775050728e-8
    outer loop
      vertex -12.415925979614258 1.5000009536743164 7.300000190734863
      vertex 33.150001525878906 1.5000011920928955 -2.1693504947961628e-7
      vertex -11.884073257446289 1.5000009536743164 7.300000190734863
    endloop
  endfacet
  facet normal 0.19508990438312973 0 0.9807853634755066
    outer loop
      vertex -63.520938873291016 -12 5.480618476867676
      vertex -62.61290740966797 -12.800000190734863 5.300000190734863
      vertex -62.61290740966797 -12 5.300000190734863
    endloop
  endfacet
  facet normal 0.19508990438312973 0 0.9807853634755066
    outer loop
      vertex -62.61290740966797 -12.800000190734863 5.300000190734863
      vertex -63.520938873291016 -12 5.480618476867676
      vertex -63.520938873291016 -12.800000190734863 5.480618476867676
    endloop
  endfacet
  facet normal -0.19508990438312973 0 -0.9807853634755066
    outer loop
      vertex -61.68709182739258 -12.800000190734863 14.699999809265137
      vertex -60.77906036376953 -12 14.519381523132324
      vertex -60.77906036376953 -12.800000190734863 14.519381523132324
    endloop
  endfacet
  facet normal -0.19508990438312973 0 -0.9807853634755066
    outer loop
      vertex -60.77906036376953 -12 14.519381523132324
      vertex -61.68709182739258 -12.800000190734863 14.699999809265137
      vertex -61.68709182739258 -12 14.699999809265137
    endloop
  endfacet
  facet normal 0.8314691867463757 0 -0.5555708699088897
    outer loop
      vertex -65.80072784423828 -12.800000190734863 12.996074676513672
      vertex -66.3150863647461 -12 12.22628402709961
      vertex -65.80072784423828 -12 12.996074676513672
    endloop
  endfacet
  facet normal 0.8314691867463757 0 -0.5555708699088897
    outer loop
      vertex -66.3150863647461 -12 12.22628402709961
      vertex -65.80072784423828 -12.800000190734863 12.996074676513672
      vertex -66.3150863647461 -12.800000190734863 12.22628402709961
    endloop
  endfacet
  facet normal -0.9238801366346215 0 -0.3826819738790854
    outer loop
      vertex -57.630619049072266 -12.800000190734863 11.370939254760742
      vertex -57.98491287231445 -12 12.22628402709961
      vertex -57.630619049072266 -12 11.370939254760742
    endloop
  endfacet
  facet normal -0.9238801366346215 0 -0.3826819738790854
    outer loop
      vertex -57.98491287231445 -12 12.22628402709961
      vertex -57.630619049072266 -12.800000190734863 11.370939254760742
      vertex -57.98491287231445 -12.800000190734863 12.22628402709961
    endloop
  endfacet
  facet normal 0.8314691867463757 0 0.5555708699088897
    outer loop
      vertex -66.3150863647461 -12.800000190734863 7.773715972900391
      vertex -65.80072784423828 -12 7.003925323486328
      vertex -66.3150863647461 -12 7.773715972900391
    endloop
  endfacet
  facet normal 0.8314691867463757 0 0.5555708699088897
    outer loop
      vertex -65.80072784423828 -12 7.003925323486328
      vertex -66.3150863647461 -12.800000190734863 7.773715972900391
      vertex -65.80072784423828 -12.800000190734863 7.003925323486328
    endloop
  endfacet
  facet normal 1 0 0
    outer loop
      vertex -66.8499984741211 -12.800000190734863 10.462908744812012
      vertex -66.8499984741211 -12 9.537091255187988
      vertex -66.8499984741211 -12 10.462908744812012
    endloop
  endfacet
  facet normal 1 0 0
    outer loop
      vertex -66.8499984741211 -12 9.537091255187988
      vertex -66.8499984741211 -12.800000190734863 10.462908744812012
      vertex -66.8499984741211 -12.800000190734863 9.537091255187988
    endloop
  endfacet
  facet normal 0 0 -1
    outer loop
      vertex -62.61290740966797 -12.800000190734863 14.699999809265137
      vertex -61.68709182739258 -12 14.699999809265137
      vertex -61.68709182739258 -12.800000190734863 14.699999809265137
    endloop
  endfacet
  facet normal 0 0 -1
    outer loop
      vertex -61.68709182739258 -12 14.699999809265137
      vertex -62.61290740966797 -12.800000190734863 14.699999809265137
      vertex -62.61290740966797 -12 14.699999809265137
    endloop
  endfacet
  facet normal -0.9807853242703297 0 -0.1950901014811979
    outer loop
      vertex -57.45000076293945 -12.800000190734863 10.462908744812012
      vertex -57.630619049072266 -12 11.370939254760742
      vertex -57.45000076293945 -12 10.462908744812012
    endloop
  endfacet
  facet normal -0.9807853242703297 0 -0.1950901014811979
    outer loop
      vertex -57.630619049072266 -12 11.370939254760742
      vertex -57.45000076293945 -12.800000190734863 10.462908744812012
      vertex -57.630619049072266 -12.800000190734863 11.370939254760742
    endloop
  endfacet
  facet normal -0.8314691867463757 0 -0.5555708699088897
    outer loop
      vertex -57.98491287231445 -12.800000190734863 12.22628402709961
      vertex -58.499271392822266 -12 12.996074676513672
      vertex -57.98491287231445 -12 12.22628402709961
    endloop
  endfacet
  facet normal -0.8314691867463757 0 -0.5555708699088897
    outer loop
      vertex -58.499271392822266 -12 12.996074676513672
      vertex -57.98491287231445 -12.800000190734863 12.22628402709961
      vertex -58.499271392822266 -12.800000190734863 12.996074676513672
    endloop
  endfacet
  facet normal 0.7071057511011141 0 0.7071078112704804
    outer loop
      vertex -65.80072784423828 -12 7.003925323486328
      vertex -65.14607238769531 -12.800000190734863 6.349271774291992
      vertex -65.14607238769531 -12 6.349271774291992
    endloop
  endfacet
  facet normal 0.7071057511011141 0 0.7071078112704804
    outer loop
      vertex -65.14607238769531 -12.800000190734863 6.349271774291992
      vertex -65.80072784423828 -12 7.003925323486328
      vertex -65.80072784423828 -12.800000190734863 7.003925323486328
    endloop
  endfacet
  facet normal 0 0 1
    outer loop
      vertex -62.61290740966797 -12 5.300000190734863
      vertex -61.68709182739258 -12.800000190734863 5.300000190734863
      vertex -61.68709182739258 -12 5.300000190734863
    endloop
  endfacet
  facet normal 0 0 1
    outer loop
      vertex -61.68709182739258 -12.800000190734863 5.300000190734863
      vertex -62.61290740966797 -12 5.300000190734863
      vertex -62.61290740966797 -12.800000190734863 5.300000190734863
    endloop
  endfacet
  facet normal -0.8314691867463757 0 0.5555708699088897
    outer loop
      vertex -58.499271392822266 -12.800000190734863 7.003925323486328
      vertex -57.98491287231445 -12 7.773715972900391
      vertex -58.499271392822266 -12 7.003925323486328
    endloop
  endfacet
  facet normal -0.8314691867463757 0 0.5555708699088897
    outer loop
      vertex -57.98491287231445 -12 7.773715972900391
      vertex -58.499271392822266 -12.800000190734863 7.003925323486328
      vertex -57.98491287231445 -12.800000190734863 7.773715972900391
    endloop
  endfacet
  facet normal -0.19508990438312973 0 0.9807853634755066
    outer loop
      vertex -61.68709182739258 -12 5.300000190734863
      vertex -60.77906036376953 -12.800000190734863 5.480618476867676
      vertex -60.77906036376953 -12 5.480618476867676
    endloop
  endfacet
  facet normal -0.19508990438312973 0 0.9807853634755066
    outer loop
      vertex -60.77906036376953 -12.800000190734863 5.480618476867676
      vertex -61.68709182739258 -12 5.300000190734863
      vertex -61.68709182739258 -12.800000190734863 5.300000190734863
    endloop
  endfacet
  facet normal 0.7071057511011141 0 -0.7071078112704804
    outer loop
      vertex -65.80072784423828 -12.800000190734863 12.996074676513672
      vertex -65.14607238769531 -12 13.650728225708008
      vertex -65.14607238769531 -12.800000190734863 13.650728225708008
    endloop
  endfacet
  facet normal 0.7071057511011141 0 -0.7071078112704804
    outer loop
      vertex -65.14607238769531 -12 13.650728225708008
      vertex -65.80072784423828 -12.800000190734863 12.996074676513672
      vertex -65.80072784423828 -12 12.996074676513672
    endloop
  endfacet
  facet normal 0.5555701577673712 0 -0.8314696625844735
    outer loop
      vertex -65.14607238769531 -12.800000190734863 13.650728225708008
      vertex -64.37628173828125 -12 14.165085792541504
      vertex -64.37628173828125 -12.800000190734863 14.165085792541504
    endloop
  endfacet
  facet normal 0.5555701577673712 0 -0.8314696625844735
    outer loop
      vertex -64.37628173828125 -12 14.165085792541504
      vertex -65.14607238769531 -12.800000190734863 13.650728225708008
      vertex -65.14607238769531 -12 13.650728225708008
    endloop
  endfacet
  facet normal 0.3826844607339415 0 -0.9238791065462907
    outer loop
      vertex -64.37628173828125 -12.800000190734863 14.165085792541504
      vertex -63.520938873291016 -12 14.519381523132324
      vertex -63.520938873291016 -12.800000190734863 14.519381523132324
    endloop
  endfacet
  facet normal 0.3826844607339415 0 -0.9238791065462907
    outer loop
      vertex -63.520938873291016 -12 14.519381523132324
      vertex -64.37628173828125 -12.800000190734863 14.165085792541504
      vertex -64.37628173828125 -12 14.165085792541504
    endloop
  endfacet
  facet normal -0.5555701577673712 0 -0.8314696625844735
    outer loop
      vertex -59.9237174987793 -12.800000190734863 14.165085792541504
      vertex -59.153926849365234 -12 13.650728225708008
      vertex -59.153926849365234 -12.800000190734863 13.650728225708008
    endloop
  endfacet
  facet normal -0.5555701577673712 0 -0.8314696625844735
    outer loop
      vertex -59.153926849365234 -12 13.650728225708008
      vertex -59.9237174987793 -12.800000190734863 14.165085792541504
      vertex -59.9237174987793 -12 14.165085792541504
    endloop
  endfacet
  facet normal -1 0 0
    outer loop
      vertex -57.45000076293945 -12.800000190734863 9.537091255187988
      vertex -57.45000076293945 -12 10.462908744812012
      vertex -57.45000076293945 -12 9.537091255187988
    endloop
  endfacet
  facet normal -1 0 0
    outer loop
      vertex -57.45000076293945 -12 10.462908744812012
      vertex -57.45000076293945 -12.800000190734863 9.537091255187988
      vertex -57.45000076293945 -12.800000190734863 10.462908744812012
    endloop
  endfacet
  facet normal 0.19508990438312973 0 -0.9807853634755066
    outer loop
      vertex -63.520938873291016 -12.800000190734863 14.519381523132324
      vertex -62.61290740966797 -12 14.699999809265137
      vertex -62.61290740966797 -12.800000190734863 14.699999809265137
    endloop
  endfacet
  facet normal 0.19508990438312973 0 -0.9807853634755066
    outer loop
      vertex -62.61290740966797 -12 14.699999809265137
      vertex -63.520938873291016 -12.800000190734863 14.519381523132324
      vertex -63.520938873291016 -12 14.519381523132324
    endloop
  endfacet
  facet normal -0.3826844607339415 0 0.9238791065462907
    outer loop
      vertex -60.77906036376953 -12 5.480618476867676
      vertex -59.9237174987793 -12.800000190734863 5.834914207458496
      vertex -59.9237174987793 -12 5.834914207458496
    endloop
  endfacet
  facet normal -0.3826844607339415 0 0.9238791065462907
    outer loop
      vertex -59.9237174987793 -12.800000190734863 5.834914207458496
      vertex -60.77906036376953 -12 5.480618476867676
      vertex -60.77906036376953 -12.800000190734863 5.480618476867676
    endloop
  endfacet
  facet normal -0.7071057511011141 0 -0.7071078112704804
    outer loop
      vertex -59.153926849365234 -12.800000190734863 13.650728225708008
      vertex -58.499271392822266 -12 12.996074676513672
      vertex -58.499271392822266 -12.800000190734863 12.996074676513672
    endloop
  endfacet
  facet normal -0.7071057511011141 0 -0.7071078112704804
    outer loop
      vertex -58.499271392822266 -12 12.996074676513672
      vertex -59.153926849365234 -12.800000190734863 13.650728225708008
      vertex -59.153926849365234 -12 13.650728225708008
    endloop
  endfacet
  facet normal -0.9238801366346215 0 0.3826819738790854
    outer loop
      vertex -57.98491287231445 -12.800000190734863 7.773715972900391
      vertex -57.630619049072266 -12 8.629060745239258
      vertex -57.98491287231445 -12 7.773715972900391
    endloop
  endfacet
  facet normal -0.9238801366346215 0 0.3826819738790854
    outer loop
      vertex -57.630619049072266 -12 8.629060745239258
      vertex -57.98491287231445 -12.800000190734863 7.773715972900391
      vertex -57.630619049072266 -12.800000190734863 8.629060745239258
    endloop
  endfacet
  facet normal -0.3826844607339415 0 -0.9238791065462907
    outer loop
      vertex -60.77906036376953 -12.800000190734863 14.519381523132324
      vertex -59.9237174987793 -12 14.165085792541504
      vertex -59.9237174987793 -12.800000190734863 14.165085792541504
    endloop
  endfacet
  facet normal -0.3826844607339415 0 -0.9238791065462907
    outer loop
      vertex -59.9237174987793 -12 14.165085792541504
      vertex -60.77906036376953 -12.800000190734863 14.519381523132324
      vertex -60.77906036376953 -12 14.519381523132324
    endloop
  endfacet
  facet normal 0.3826844607339415 0 0.9238791065462907
    outer loop
      vertex -64.37628173828125 -12 5.834914207458496
      vertex -63.520938873291016 -12.800000190734863 5.480618476867676
      vertex -63.520938873291016 -12 5.480618476867676
    endloop
  endfacet
  facet normal 0.3826844607339415 0 0.9238791065462907
    outer loop
      vertex -63.520938873291016 -12.800000190734863 5.480618476867676
      vertex -64.37628173828125 -12 5.834914207458496
      vertex -64.37628173828125 -12.800000190734863 5.834914207458496
    endloop
  endfacet
  facet normal 0.9807853242703297 0 -0.1950901014811979
    outer loop
      vertex -66.66938018798828 -12.800000190734863 11.370939254760742
      vertex -66.8499984741211 -12 10.462908744812012
      vertex -66.66938018798828 -12 11.370939254760742
    endloop
  endfacet
  facet normal 0.9807853242703297 0 -0.1950901014811979
    outer loop
      vertex -66.8499984741211 -12 10.462908744812012
      vertex -66.66938018798828 -12.800000190734863 11.370939254760742
      vertex -66.8499984741211 -12.800000190734863 10.462908744812012
    endloop
  endfacet
  facet normal 0.9238801366346215 0 0.3826819738790854
    outer loop
      vertex -66.66938018798828 -12.800000190734863 8.629060745239258
      vertex -66.3150863647461 -12 7.773715972900391
      vertex -66.66938018798828 -12 8.629060745239258
    endloop
  endfacet
  facet normal 0.9238801366346215 0 0.3826819738790854
    outer loop
      vertex -66.3150863647461 -12 7.773715972900391
      vertex -66.66938018798828 -12.800000190734863 8.629060745239258
      vertex -66.3150863647461 -12.800000190734863 7.773715972900391
    endloop
  endfacet
  facet normal -0.5555701577673712 0 0.8314696625844735
    outer loop
      vertex -59.9237174987793 -12 5.834914207458496
      vertex -59.153926849365234 -12.800000190734863 6.349271774291992
      vertex -59.153926849365234 -12 6.349271774291992
    endloop
  endfacet
  facet normal -0.5555701577673712 0 0.8314696625844735
    outer loop
      vertex -59.153926849365234 -12.800000190734863 6.349271774291992
      vertex -59.9237174987793 -12 5.834914207458496
      vertex -59.9237174987793 -12.800000190734863 5.834914207458496
    endloop
  endfacet
  facet normal 0.5555701577673712 0 0.8314696625844735
    outer loop
      vertex -65.14607238769531 -12 6.349271774291992
      vertex -64.37628173828125 -12.800000190734863 5.834914207458496
      vertex -64.37628173828125 -12 5.834914207458496
    endloop
  endfacet
  facet normal 0.5555701577673712 0 0.8314696625844735
    outer loop
      vertex -64.37628173828125 -12.800000190734863 5.834914207458496
      vertex -65.14607238769531 -12 6.349271774291992
      vertex -65.14607238769531 -12.800000190734863 6.349271774291992
    endloop
  endfacet
  facet normal -0.9807853242703297 0 0.1950901014811979
    outer loop
      vertex -57.630619049072266 -12.800000190734863 8.629060745239258
      vertex -57.45000076293945 -12 9.537091255187988
      vertex -57.630619049072266 -12 8.629060745239258
    endloop
  endfacet
  facet normal -0.9807853242703297 0 0.1950901014811979
    outer loop
      vertex -57.45000076293945 -12 9.537091255187988
      vertex -57.630619049072266 -12.800000190734863 8.629060745239258
      vertex -57.45000076293945 -12.800000190734863 9.537091255187988
    endloop
  endfacet
  facet normal 0.9807853242703297 0 0.1950901014811979
    outer loop
      vertex -66.8499984741211 -12.800000190734863 9.537091255187988
      vertex -66.66938018798828 -12 8.629060745239258
      vertex -66.8499984741211 -12 9.537091255187988
    endloop
  endfacet
  facet normal 0.9807853242703297 0 0.1950901014811979
    outer loop
      vertex -66.66938018798828 -12 8.629060745239258
      vertex -66.8499984741211 -12.800000190734863 9.537091255187988
      vertex -66.66938018798828 -12.800000190734863 8.629060745239258
    endloop
  endfacet
  facet normal -0.7071057511011141 0 0.7071078112704804
    outer loop
      vertex -59.153926849365234 -12 6.349271774291992
      vertex -58.499271392822266 -12.800000190734863 7.003925323486328
      vertex -58.499271392822266 -12 7.003925323486328
    endloop
  endfacet
  facet normal -0.7071057511011141 0 0.7071078112704804
    outer loop
      vertex -58.499271392822266 -12.800000190734863 7.003925323486328
      vertex -59.153926849365234 -12 6.349271774291992
      vertex -59.153926849365234 -12.800000190734863 6.349271774291992
    endloop
  endfacet
  facet normal 0.9238801366346215 0 -0.3826819738790854
    outer loop
      vertex -66.3150863647461 -12.800000190734863 12.22628402709961
      vertex -66.66938018798828 -12 11.370939254760742
      vertex -66.3150863647461 -12 12.22628402709961
    endloop
  endfacet
  facet normal 0.9238801366346215 0 -0.3826819738790854
    outer loop
      vertex -66.66938018798828 -12 11.370939254760742
      vertex -66.3150863647461 -12.800000190734863 12.22628402709961
      vertex -66.66938018798828 -12.800000190734863 11.370939254760742
    endloop
  endfacet
  facet normal 0.5006232799419242 -0.7062231961372091 -0.5006247385197167
    outer loop
      vertex -65.80072784423828 -12 12.996074676513672
      vertex -63.871150970458984 -9.995000839233398 12.0972261428833
      vertex -65.14607238769531 -12 13.650728225708008
    endloop
  endfacet
  facet normal 0.5006264736118013 -0.7062242018796792 -0.5006201260421147
    outer loop
      vertex -63.871150970458984 -9.995000839233398 12.0972261428833
      vertex -65.80072784423828 -12 12.996074676513672
      vertex -64.24722290039062 -9.995000839233398 11.721149444580078
    endloop
  endfacet
  facet normal 0.39333677721615523 -0.706223216370378 0.5886721909082226
    outer loop
      vertex -63.42892837524414 -9.995000839233398 7.607291221618652
      vertex -63.871150970458984 -9.995000839233398 7.902773857116699
      vertex -65.14607238769531 -12 6.349271774291992
    endloop
  endfacet
  facet normal -0.2709363692950448 -0.7062235110577363 -0.6540961979881114
    outer loop
      vertex -59.9237174987793 -12 14.165085792541504
      vertex -60.77906036376953 -12 14.519381523132324
      vertex -60.871070861816406 -9.995000839233398 12.392708778381348
    endloop
  endfacet
  facet normal -0.6943850918731872 -0.7062235922299022 0.13812162018365667
    outer loop
      vertex -57.630619049072266 -12 8.629060745239258
      vertex -57.45000076293945 -12 9.537091255187988
      vertex -59.45000076293945 -9.995000839233398 9.734073638916016
    endloop
  endfacet
  facet normal 0.7079888616503754 -0.7062235989961008 0
    outer loop
      vertex -66.8499984741211 -12 10.462908744812012
      vertex -64.8499984741211 -9.995000839233398 9.734073638916016
      vertex -64.8499984741211 -9.995000839233398 10.265926361083984
    endloop
  endfacet
  facet normal 0.7079888616503756 -0.7062235989961009 0
    outer loop
      vertex -64.8499984741211 -9.995000839233398 9.734073638916016
      vertex -66.8499984741211 -12 10.462908744812012
      vertex -66.8499984741211 -12 9.537091255187988
    endloop
  endfacet
  facet normal -0.7079888616503754 -0.7062235989961008 0
    outer loop
      vertex -57.45000076293945 -12 9.537091255187988
      vertex -59.45000076293945 -9.995000839233398 10.265926361083984
      vertex -59.45000076293945 -9.995000839233398 9.734073638916016
    endloop
  endfacet
  facet normal -0.7079888616503756 -0.7062235989961009 0
    outer loop
      vertex -59.45000076293945 -9.995000839233398 10.265926361083984
      vertex -57.45000076293945 -12 9.537091255187988
      vertex -57.45000076293945 -12 10.462908744812012
    endloop
  endfacet
  facet normal 0 -0.7062235989961008 -0.7079888616503754
    outer loop
      vertex -61.68709182739258 -12 14.699999809265137
      vertex -62.41592788696289 -9.995000839233398 12.699999809265137
      vertex -61.88407516479492 -9.995000839233398 12.699999809265137
    endloop
  endfacet
  facet normal 0 -0.7062235989961008 -0.7079888616503756
    outer loop
      vertex -62.41592788696289 -9.995000839233398 12.699999809265137
      vertex -61.68709182739258 -12 14.699999809265137
      vertex -62.61290740966797 -12 14.699999809265137
    endloop
  endfacet
  facet normal 0.654096894707855 -0.7062235464008847 0.27093459513782786
    outer loop
      vertex -66.3150863647461 -12 7.773715972900391
      vertex -64.54270935058594 -9.995000839233398 8.721071243286133
      vertex -66.66938018798828 -12 8.629060745239258
    endloop
  endfacet
  facet normal -0.3933375840763128 -0.7062234176275849 0.5886714103363805
    outer loop
      vertex -59.9237174987793 -12 5.834914207458496
      vertex -59.153926849365234 -12 6.349271774291992
      vertex -60.871070861816406 -9.995000839233398 7.607291221618652
    endloop
  endfacet
  facet normal 0.6540971970521713 -0.7062238029121151 -0.2709331965796055
    outer loop
      vertex -64.7462387084961 -9.995000839233398 10.78756046295166
      vertex -64.54270935058594 -9.995000839233398 11.278928756713867
      vertex -66.66938018798828 -12 11.370939254760742
    endloop
  endfacet
  facet normal -0.5886711548981622 -0.7062235206004117 0.3933377814825621
    outer loop
      vertex -58.499271392822266 -12 7.003925323486328
      vertex -59.75728988647461 -9.995000839233398 8.721071243286133
      vertex -60.052772521972656 -9.995000839233398 8.278850555419922
    endloop
  endfacet
  facet normal -0.6943848903385449 -0.7062236905855861 0.13812213046865876
    outer loop
      vertex -57.630619049072266 -12 8.629060745239258
      vertex -59.45000076293945 -9.995000839233398 9.734073638916016
      vertex -59.55376052856445 -9.995000839233398 9.21243953704834
    endloop
  endfacet
  facet normal -0.6540971970521713 -0.7062238029121151 0.2709331965796055
    outer loop
      vertex -57.630619049072266 -12 8.629060745239258
      vertex -59.55376052856445 -9.995000839233398 9.21243953704834
      vertex -59.75728988647461 -9.995000839233398 8.721071243286133
    endloop
  endfacet
  facet normal -0.6540971970521713 -0.7062238029121151 -0.2709331965796055
    outer loop
      vertex -59.55376052856445 -9.995000839233398 10.78756046295166
      vertex -57.630619049072266 -12 11.370939254760742
      vertex -59.75728988647461 -9.995000839233398 11.278928756713867
    endloop
  endfacet
  facet normal 0.5886681710973921 -0.7062242899130031 -0.3933408657560588
    outer loop
      vertex -64.54270935058594 -9.995000839233398 11.278928756713867
      vertex -64.24722290039062 -9.995000839233398 11.721149444580078
      vertex -65.80072784423828 -12 12.996074676513672
    endloop
  endfacet
  facet normal -0.5886709426560796 -0.7062235753232724 0.39333800087204474
    outer loop
      vertex -58.499271392822266 -12 7.003925323486328
      vertex -57.98491287231445 -12 7.773715972900391
      vertex -59.75728988647461 -9.995000839233398 8.721071243286133
    endloop
  endfacet
  facet normal -0.2709358904911861 -0.7062235988766474 -0.6540963014980778
    outer loop
      vertex -60.871070861816406 -9.995000839233398 12.392708778381348
      vertex -60.77906036376953 -12 14.519381523132324
      vertex -61.3624382019043 -9.995000839233398 12.596240043640137
    endloop
  endfacet
  facet normal -0.5886711548981622 -0.7062235206004117 -0.3933377814825621
    outer loop
      vertex -59.75728988647461 -9.995000839233398 11.278928756713867
      vertex -58.499271392822266 -12 12.996074676513672
      vertex -60.052772521972656 -9.995000839233398 11.721149444580078
    endloop
  endfacet
  facet normal -0.654096894707855 -0.7062235464008847 0.27093459513782786
    outer loop
      vertex -57.98491287231445 -12 7.773715972900391
      vertex -57.630619049072266 -12 8.629060745239258
      vertex -59.75728988647461 -9.995000839233398 8.721071243286133
    endloop
  endfacet
  facet normal 0.6943848903385449 -0.7062236905855861 -0.13812213046865876
    outer loop
      vertex -64.8499984741211 -9.995000839233398 10.265926361083984
      vertex -64.7462387084961 -9.995000839233398 10.78756046295166
      vertex -66.66938018798828 -12 11.370939254760742
    endloop
  endfacet
  facet normal -0.3933388380772519 -0.7062237304146984 0.5886701971895509
    outer loop
      vertex -59.153926849365234 -12 6.349271774291992
      vertex -60.42885208129883 -9.995000839233398 7.902773857116699
      vertex -60.871070861816406 -9.995000839233398 7.607291221618652
    endloop
  endfacet
  facet normal -0.5006229431902233 -0.7062236735673458 -0.5006244017670345
    outer loop
      vertex -60.42885208129883 -9.995000839233398 12.0972261428833
      vertex -58.499271392822266 -12 12.996074676513672
      vertex -59.153926849365234 -12 13.650728225708008
    endloop
  endfacet
  facet normal -0.5006219817784633 -0.706223370797525 -0.5006257902861034
    outer loop
      vertex -58.499271392822266 -12 12.996074676513672
      vertex -60.42885208129883 -9.995000839233398 12.0972261428833
      vertex -60.052772521972656 -9.995000839233398 11.721149444580078
    endloop
  endfacet
  facet normal 0.1381223774139441 -0.7062236698512859 -0.694384862305697
    outer loop
      vertex -62.93756103515625 -9.995000839233398 12.596240043640137
      vertex -62.41592788696289 -9.995000839233398 12.699999809265137
      vertex -63.520938873291016 -12 14.519381523132324
    endloop
  endfacet
  facet normal -0.2709363692950448 -0.7062235110577363 0.6540961979881114
    outer loop
      vertex -60.77906036376953 -12 5.480618476867676
      vertex -59.9237174987793 -12 5.834914207458496
      vertex -60.871070861816406 -9.995000839233398 7.607291221618652
    endloop
  endfacet
  facet normal 0.1381223774139441 -0.7062236698512859 0.694384862305697
    outer loop
      vertex -62.41592788696289 -9.995000839233398 7.300000190734863
      vertex -62.93756103515625 -9.995000839233398 7.403759956359863
      vertex -63.520938873291016 -12 5.480618476867676
    endloop
  endfacet
  facet normal -0.5006219817784633 -0.706223370797525 0.5006257902861034
    outer loop
      vertex -60.42885208129883 -9.995000839233398 7.902773857116699
      vertex -58.499271392822266 -12 7.003925323486328
      vertex -60.052772521972656 -9.995000839233398 8.278850555419922
    endloop
  endfacet
  facet normal -0.5006229431902233 -0.7062236735673458 0.5006244017670345
    outer loop
      vertex -58.499271392822266 -12 7.003925323486328
      vertex -60.42885208129883 -9.995000839233398 7.902773857116699
      vertex -59.153926849365234 -12 6.349271774291992
    endloop
  endfacet
  facet normal -0.654096894707855 -0.7062235464008847 -0.27093459513782786
    outer loop
      vertex -57.630619049072266 -12 11.370939254760742
      vertex -57.98491287231445 -12 12.22628402709961
      vertex -59.75728988647461 -9.995000839233398 11.278928756713867
    endloop
  endfacet
  facet normal -0.5886709426560796 -0.7062235753232724 -0.39333800087204474
    outer loop
      vertex -57.98491287231445 -12 12.22628402709961
      vertex -58.499271392822266 -12 12.996074676513672
      vertex -59.75728988647461 -9.995000839233398 11.278928756713867
    endloop
  endfacet
  facet normal -0.3933375840763128 -0.7062234176275849 -0.5886714103363805
    outer loop
      vertex -59.153926849365234 -12 13.650728225708008
      vertex -59.9237174987793 -12 14.165085792541504
      vertex -60.871070861816406 -9.995000839233398 12.392708778381348
    endloop
  endfacet
  facet normal -0.3933388380772519 -0.7062237304146984 -0.5886701971895509
    outer loop
      vertex -60.42885208129883 -9.995000839233398 12.0972261428833
      vertex -59.153926849365234 -12 13.650728225708008
      vertex -60.871070861816406 -9.995000839233398 12.392708778381348
    endloop
  endfacet
  facet normal 0.3933375840763128 -0.7062234176275849 -0.5886714103363805
    outer loop
      vertex -63.42892837524414 -9.995000839233398 12.392708778381348
      vertex -64.37628173828125 -12 14.165085792541504
      vertex -65.14607238769531 -12 13.650728225708008
    endloop
  endfacet
  facet normal 0.2709363692950448 -0.7062235110577363 -0.6540961979881114
    outer loop
      vertex -63.42892837524414 -9.995000839233398 12.392708778381348
      vertex -63.520938873291016 -12 14.519381523132324
      vertex -64.37628173828125 -12 14.165085792541504
    endloop
  endfacet
  facet normal 0.2709358904911861 -0.7062235988766474 -0.6540963014980778
    outer loop
      vertex -63.42892837524414 -9.995000839233398 12.392708778381348
      vertex -62.93756103515625 -9.995000839233398 12.596240043640137
      vertex -63.520938873291016 -12 14.519381523132324
    endloop
  endfacet
  facet normal 0 -0.7062235989961008 0.7079888616503754
    outer loop
      vertex -62.41592788696289 -9.995000839233398 7.300000190734863
      vertex -61.68709182739258 -12 5.300000190734863
      vertex -61.88407516479492 -9.995000839233398 7.300000190734863
    endloop
  endfacet
  facet normal 0 -0.7062235989961008 0.7079888616503756
    outer loop
      vertex -61.68709182739258 -12 5.300000190734863
      vertex -62.41592788696289 -9.995000839233398 7.300000190734863
      vertex -62.61290740966797 -12 5.300000190734863
    endloop
  endfacet
  facet normal -0.2709358904911861 -0.7062235988766474 0.6540963014980778
    outer loop
      vertex -60.77906036376953 -12 5.480618476867676
      vertex -60.871070861816406 -9.995000839233398 7.607291221618652
      vertex -61.3624382019043 -9.995000839233398 7.403759956359863
    endloop
  endfacet
  facet normal -0.13812141527167987 -0.7062236210653872 0.6943851033055365
    outer loop
      vertex -60.77906036376953 -12 5.480618476867676
      vertex -61.3624382019043 -9.995000839233398 7.403759956359863
      vertex -61.88407516479492 -9.995000839233398 7.300000190734863
    endloop
  endfacet
  facet normal -0.13812147286851478 -0.7062236321670265 0.694385080557931
    outer loop
      vertex -61.68709182739258 -12 5.300000190734863
      vertex -60.77906036376953 -12 5.480618476867676
      vertex -61.88407516479492 -9.995000839233398 7.300000190734863
    endloop
  endfacet
  facet normal 0.13812149850217192 -0.7062235004445115 0.6943852094273146
    outer loop
      vertex -62.61290740966797 -12 5.300000190734863
      vertex -62.41592788696289 -9.995000839233398 7.300000190734863
      vertex -63.520938873291016 -12 5.480618476867676
    endloop
  endfacet
  facet normal -0.6943850918731872 -0.7062235922299022 -0.13812162018365667
    outer loop
      vertex -57.45000076293945 -12 10.462908744812012
      vertex -57.630619049072266 -12 11.370939254760742
      vertex -59.45000076293945 -9.995000839233398 10.265926361083984
    endloop
  endfacet
  facet normal -0.6943848903385449 -0.7062236905855861 -0.13812213046865876
    outer loop
      vertex -59.45000076293945 -9.995000839233398 10.265926361083984
      vertex -57.630619049072266 -12 11.370939254760742
      vertex -59.55376052856445 -9.995000839233398 10.78756046295166
    endloop
  endfacet
  facet normal 0.13812149850217192 -0.7062235004445115 -0.6943852094273146
    outer loop
      vertex -62.41592788696289 -9.995000839233398 12.699999809265137
      vertex -62.61290740966797 -12 14.699999809265137
      vertex -63.520938873291016 -12 14.519381523132324
    endloop
  endfacet
  facet normal 0.39333677721615523 -0.706223216370378 -0.5886721909082226
    outer loop
      vertex -63.871150970458984 -9.995000839233398 12.0972261428833
      vertex -63.42892837524414 -9.995000839233398 12.392708778381348
      vertex -65.14607238769531 -12 13.650728225708008
    endloop
  endfacet
  facet normal 0.2709363692950448 -0.7062235110577363 0.6540961979881114
    outer loop
      vertex -63.520938873291016 -12 5.480618476867676
      vertex -63.42892837524414 -9.995000839233398 7.607291221618652
      vertex -64.37628173828125 -12 5.834914207458496
    endloop
  endfacet
  facet normal 0.2709358904911861 -0.7062235988766474 0.6540963014980778
    outer loop
      vertex -62.93756103515625 -9.995000839233398 7.403759956359863
      vertex -63.42892837524414 -9.995000839233398 7.607291221618652
      vertex -63.520938873291016 -12 5.480618476867676
    endloop
  endfacet
  facet normal 0.6540971970521713 -0.7062238029121151 0.2709331965796055
    outer loop
      vertex -64.54270935058594 -9.995000839233398 8.721071243286133
      vertex -64.7462387084961 -9.995000839233398 9.21243953704834
      vertex -66.66938018798828 -12 8.629060745239258
    endloop
  endfacet
  facet normal 0.5886709426560796 -0.7062235753232724 0.39333800087204474
    outer loop
      vertex -65.80072784423828 -12 7.003925323486328
      vertex -64.54270935058594 -9.995000839233398 8.721071243286133
      vertex -66.3150863647461 -12 7.773715972900391
    endloop
  endfacet
  facet normal -0.13812141527167987 -0.7062236210653872 -0.6943851033055365
    outer loop
      vertex -61.3624382019043 -9.995000839233398 12.596240043640137
      vertex -60.77906036376953 -12 14.519381523132324
      vertex -61.88407516479492 -9.995000839233398 12.699999809265137
    endloop
  endfacet
  facet normal -0.13812147286851478 -0.7062236321670265 -0.694385080557931
    outer loop
      vertex -60.77906036376953 -12 14.519381523132324
      vertex -61.68709182739258 -12 14.699999809265137
      vertex -61.88407516479492 -9.995000839233398 12.699999809265137
    endloop
  endfacet
  facet normal 0.5886709426560796 -0.7062235753232724 -0.39333800087204474
    outer loop
      vertex -64.54270935058594 -9.995000839233398 11.278928756713867
      vertex -65.80072784423828 -12 12.996074676513672
      vertex -66.3150863647461 -12 12.22628402709961
    endloop
  endfacet
  facet normal 0.654096894707855 -0.7062235464008847 -0.27093459513782786
    outer loop
      vertex -64.54270935058594 -9.995000839233398 11.278928756713867
      vertex -66.3150863647461 -12 12.22628402709961
      vertex -66.66938018798828 -12 11.370939254760742
    endloop
  endfacet
  facet normal 0.6943850918731872 -0.7062235922299022 -0.13812162018365667
    outer loop
      vertex -64.8499984741211 -9.995000839233398 10.265926361083984
      vertex -66.66938018798828 -12 11.370939254760742
      vertex -66.8499984741211 -12 10.462908744812012
    endloop
  endfacet
  facet normal 0.3933375840763128 -0.7062234176275849 0.5886714103363805
    outer loop
      vertex -64.37628173828125 -12 5.834914207458496
      vertex -63.42892837524414 -9.995000839233398 7.607291221618652
      vertex -65.14607238769531 -12 6.349271774291992
    endloop
  endfacet
  facet normal 0.5886681710973921 -0.7062242899130031 0.3933408657560588
    outer loop
      vertex -64.24722290039062 -9.995000839233398 8.278850555419922
      vertex -64.54270935058594 -9.995000839233398 8.721071243286133
      vertex -65.80072784423828 -12 7.003925323486328
    endloop
  endfacet
  facet normal 0.6943850918731872 -0.7062235922299022 0.13812162018365667
    outer loop
      vertex -66.66938018798828 -12 8.629060745239258
      vertex -64.8499984741211 -9.995000839233398 9.734073638916016
      vertex -66.8499984741211 -12 9.537091255187988
    endloop
  endfacet
  facet normal 0.6943848903385449 -0.7062236905855861 0.13812213046865876
    outer loop
      vertex -64.7462387084961 -9.995000839233398 9.21243953704834
      vertex -64.8499984741211 -9.995000839233398 9.734073638916016
      vertex -66.66938018798828 -12 8.629060745239258
    endloop
  endfacet
  facet normal 0.5006264736118013 -0.7062242018796792 0.5006201260421147
    outer loop
      vertex -65.80072784423828 -12 7.003925323486328
      vertex -63.871150970458984 -9.995000839233398 7.902773857116699
      vertex -64.24722290039062 -9.995000839233398 8.278850555419922
    endloop
  endfacet
  facet normal 0.5006232799419242 -0.7062231961372091 0.5006247385197167
    outer loop
      vertex -63.871150970458984 -9.995000839233398 7.902773857116699
      vertex -65.80072784423828 -12 7.003925323486328
      vertex -65.14607238769531 -12 6.349271774291992
    endloop
  endfacet
  facet normal -0.5555721738204088 0 0.8314683154976296
    outer loop
      vertex -60.871070861816406 -1.5000009536743164 7.607291221618652
      vertex -60.42885208129883 -9.995000839233398 7.902773857116699
      vertex -60.42885208129883 -1.5000008344650269 7.902773857116699
    endloop
  endfacet
  facet normal -0.5555721738204088 0 0.8314683154976296
    outer loop
      vertex -60.42885208129883 -9.995000839233398 7.902773857116699
      vertex -60.871070861816406 -1.5000009536743164 7.607291221618652
      vertex -60.871070861816406 -9.995000839233398 7.607291221618652
    endloop
  endfacet
  facet normal -0.19508981997889988 0 0.9807853802645106
    outer loop
      vertex -61.88407516479492 -1.5000009536743164 7.300000190734863
      vertex -61.3624382019043 -9.995000839233398 7.403759956359863
      vertex -61.3624382019043 -1.5000009536743164 7.403759956359863
    endloop
  endfacet
  facet normal -0.19508981997889988 0 0.9807853802645106
    outer loop
      vertex -61.3624382019043 -9.995000839233398 7.403759956359863
      vertex -61.88407516479492 -1.5000009536743164 7.300000190734863
      vertex -61.88407516479492 -9.995000839233398 7.300000190734863
    endloop
  endfacet
  facet normal -0.9807851755259619 0 -0.1950908492690218
    outer loop
      vertex -59.45000076293945 -9.995000839233398 10.265926361083984
      vertex -59.55376052856445 -1.5000008344650269 10.78756046295166
      vertex -59.45000076293945 -1.5000008344650269 10.265926361083984
    endloop
  endfacet
  facet normal -0.9807851755259619 0 -0.1950908492690218
    outer loop
      vertex -59.55376052856445 -1.5000008344650269 10.78756046295166
      vertex -59.45000076293945 -9.995000839233398 10.265926361083984
      vertex -59.55376052856445 -9.995000839233398 10.78756046295166
    endloop
  endfacet
  facet normal -0.9807851755259619 0 0.1950908492690218
    outer loop
      vertex -59.55376052856445 -9.995000839233398 9.21243953704834
      vertex -59.45000076293945 -1.5000008344650269 9.734073638916016
      vertex -59.55376052856445 -1.5000008344650269 9.21243953704834
    endloop
  endfacet
  facet normal -0.9807851755259619 0 0.1950908492690218
    outer loop
      vertex -59.45000076293945 -1.5000008344650269 9.734073638916016
      vertex -59.55376052856445 -9.995000839233398 9.21243953704834
      vertex -59.45000076293945 -9.995000839233398 9.734073638916016
    endloop
  endfacet
  facet normal 0.8314661091805103 0 -0.5555754757764455
    outer loop
      vertex -64.24722290039062 -9.995000839233398 11.721149444580078
      vertex -64.54270935058594 -1.5000008344650269 11.278928756713867
      vertex -64.24722290039062 -1.5000007152557373 11.721149444580078
    endloop
  endfacet
  facet normal 0.8314661091805103 0 -0.5555754757764455
    outer loop
      vertex -64.54270935058594 -1.5000008344650269 11.278928756713867
      vertex -64.24722290039062 -9.995000839233398 11.721149444580078
      vertex -64.54270935058594 -9.995000839233398 11.278928756713867
    endloop
  endfacet
  facet normal -0.8314694224211943 0 -0.5555705171970212
    outer loop
      vertex -59.75728988647461 -9.995000839233398 11.278928756713867
      vertex -60.052772521972656 -1.5000007152557373 11.721149444580078
      vertex -59.75728988647461 -1.5000008344650269 11.278928756713867
    endloop
  endfacet
  facet normal -0.8314694224211943 0 -0.5555705171970212
    outer loop
      vertex -60.052772521972656 -1.5000007152557373 11.721149444580078
      vertex -59.75728988647461 -9.995000839233398 11.278928756713867
      vertex -60.052772521972656 -9.995000839233398 11.721149444580078
    endloop
  endfacet
  facet normal -0.38268383179647086 0 0.9238793670612903
    outer loop
      vertex -61.3624382019043 -1.5000009536743164 7.403759956359863
      vertex -60.871070861816406 -9.995000839233398 7.607291221618652
      vertex -60.871070861816406 -1.5000009536743164 7.607291221618652
    endloop
  endfacet
  facet normal -0.38268383179647086 0 0.9238793670612903
    outer loop
      vertex -60.871070861816406 -9.995000839233398 7.607291221618652
      vertex -61.3624382019043 -1.5000009536743164 7.403759956359863
      vertex -61.3624382019043 -9.995000839233398 7.403759956359863
    endloop
  endfacet
  facet normal 1 0 0
    outer loop
      vertex -64.8499984741211 -9.995000839233398 10.265926361083984
      vertex -64.8499984741211 -1.5000008344650269 9.734073638916016
      vertex -64.8499984741211 -1.5000008344650269 10.265926361083984
    endloop
  endfacet
  facet normal 1 0 0
    outer loop
      vertex -64.8499984741211 -1.5000008344650269 9.734073638916016
      vertex -64.8499984741211 -9.995000839233398 10.265926361083984
      vertex -64.8499984741211 -9.995000839233398 9.734073638916016
    endloop
  endfacet
  facet normal -0.9238808975777573 0 0.3826801367864781
    outer loop
      vertex -59.75728988647461 -9.995000839233398 8.721071243286133
      vertex -59.55376052856445 -1.5000008344650269 9.21243953704834
      vertex -59.75728988647461 -1.5000008344650269 8.721071243286133
    endloop
  endfacet
  facet normal -0.9238808975777573 0 0.3826801367864781
    outer loop
      vertex -59.55376052856445 -1.5000008344650269 9.21243953704834
      vertex -59.75728988647461 -9.995000839233398 8.721071243286133
      vertex -59.55376052856445 -9.995000839233398 9.21243953704834
    endloop
  endfacet
  facet normal 0.38268383179647086 0 0.9238793670612903
    outer loop
      vertex -63.42892837524414 -1.5000009536743164 7.607291221618652
      vertex -62.93756103515625 -9.995000839233398 7.403759956359863
      vertex -62.93756103515625 -1.5000009536743164 7.403759956359863
    endloop
  endfacet
  facet normal 0.38268383179647086 0 0.9238793670612903
    outer loop
      vertex -62.93756103515625 -9.995000839233398 7.403759956359863
      vertex -63.42892837524414 -1.5000009536743164 7.607291221618652
      vertex -63.42892837524414 -9.995000839233398 7.607291221618652
    endloop
  endfacet
  facet normal -0.7071040915159431 0 0.7071094708469211
    outer loop
      vertex -60.42885208129883 -1.5000008344650269 7.902773857116699
      vertex -60.052772521972656 -9.995000839233398 8.278850555419922
      vertex -60.052772521972656 -1.5000008344650269 8.278850555419922
    endloop
  endfacet
  facet normal -0.7071040915159431 0 0.7071094708469211
    outer loop
      vertex -60.052772521972656 -9.995000839233398 8.278850555419922
      vertex -60.42885208129883 -1.5000008344650269 7.902773857116699
      vertex -60.42885208129883 -9.995000839233398 7.902773857116699
    endloop
  endfacet
  facet normal 0.5555688605813078 0 -0.831470529334857
    outer loop
      vertex -63.871150970458984 -9.995000839233398 12.0972261428833
      vertex -63.42892837524414 -1.5000007152557373 12.392708778381348
      vertex -63.42892837524414 -9.995000839233398 12.392708778381348
    endloop
  endfacet
  facet normal 0.5555688605813078 0 -0.831470529334857
    outer loop
      vertex -63.42892837524414 -1.5000007152557373 12.392708778381348
      vertex -63.871150970458984 -9.995000839233398 12.0972261428833
      vertex -63.871150970458984 -1.5000007152557373 12.0972261428833
    endloop
  endfacet
  facet normal -0.38268383179647086 0 -0.9238793670612904
    outer loop
      vertex -61.3624382019043 -9.995000839233398 12.596240043640137
      vertex -60.871070861816406 -1.5000007152557373 12.392708778381348
      vertex -60.871070861816406 -9.995000839233398 12.392708778381348
    endloop
  endfacet
  facet normal -0.38268383179647086 0 -0.9238793670612904
    outer loop
      vertex -60.871070861816406 -1.5000007152557373 12.392708778381348
      vertex -61.3624382019043 -9.995000839233398 12.596240043640137
      vertex -61.3624382019043 -1.5000007152557373 12.596240043640137
    endloop
  endfacet
  facet normal -0.7071040915159431 0 -0.7071094708469212
    outer loop
      vertex -60.42885208129883 -9.995000839233398 12.0972261428833
      vertex -60.052772521972656 -1.5000007152557373 11.721149444580078
      vertex -60.052772521972656 -9.995000839233398 11.721149444580078
    endloop
  endfacet
  facet normal -0.7071040915159431 0 -0.7071094708469212
    outer loop
      vertex -60.052772521972656 -1.5000007152557373 11.721149444580078
      vertex -60.42885208129883 -9.995000839233398 12.0972261428833
      vertex -60.42885208129883 -1.5000007152557373 12.0972261428833
    endloop
  endfacet
  facet normal 0.7071112639936236 0 0.7071022983510518
    outer loop
      vertex -64.24722290039062 -9.995000839233398 8.278850555419922
      vertex -63.871150970458984 -1.5000008344650269 7.902773857116699
      vertex -64.24722290039062 -1.5000008344650269 8.278850555419922
    endloop
  endfacet
  facet normal 0.7071112639936236 0 0.7071022983510518
    outer loop
      vertex -63.871150970458984 -1.5000008344650269 7.902773857116699
      vertex -64.24722290039062 -9.995000839233398 8.278850555419922
      vertex -63.871150970458984 -9.995000839233398 7.902773857116699
    endloop
  endfacet
  facet normal -0.9238808975777573 0 -0.3826801367864781
    outer loop
      vertex -59.55376052856445 -9.995000839233398 10.78756046295166
      vertex -59.75728988647461 -1.5000008344650269 11.278928756713867
      vertex -59.55376052856445 -1.5000008344650269 10.78756046295166
    endloop
  endfacet
  facet normal -0.9238808975777573 0 -0.3826801367864781
    outer loop
      vertex -59.75728988647461 -1.5000008344650269 11.278928756713867
      vertex -59.55376052856445 -9.995000839233398 10.78756046295166
      vertex -59.75728988647461 -9.995000839233398 11.278928756713867
    endloop
  endfacet
  facet normal -0.8314694224211943 0 0.5555705171970212
    outer loop
      vertex -60.052772521972656 -9.995000839233398 8.278850555419922
      vertex -59.75728988647461 -1.5000008344650269 8.721071243286133
      vertex -60.052772521972656 -1.5000008344650269 8.278850555419922
    endloop
  endfacet
  facet normal -0.8314694224211943 0 0.5555705171970212
    outer loop
      vertex -59.75728988647461 -1.5000008344650269 8.721071243286133
      vertex -60.052772521972656 -9.995000839233398 8.278850555419922
      vertex -59.75728988647461 -9.995000839233398 8.721071243286133
    endloop
  endfacet
  facet normal 0 0 -1
    outer loop
      vertex -62.41592788696289 -9.995000839233398 12.699999809265137
      vertex -61.88407516479492 -1.5000007152557373 12.699999809265137
      vertex -61.88407516479492 -9.995000839233398 12.699999809265137
    endloop
  endfacet
  facet normal 0 0 -1
    outer loop
      vertex -61.88407516479492 -1.5000007152557373 12.699999809265137
      vertex -62.41592788696289 -9.995000839233398 12.699999809265137
      vertex -62.41592788696289 -1.5000007152557373 12.699999809265137
    endloop
  endfacet
  facet normal 0.9807851755259619 0 -0.1950908492690218
    outer loop
      vertex -64.7462387084961 -9.995000839233398 10.78756046295166
      vertex -64.8499984741211 -1.5000008344650269 10.265926361083984
      vertex -64.7462387084961 -1.5000008344650269 10.78756046295166
    endloop
  endfacet
  facet normal 0.9807851755259619 0 -0.1950908492690218
    outer loop
      vertex -64.8499984741211 -1.5000008344650269 10.265926361083984
      vertex -64.7462387084961 -9.995000839233398 10.78756046295166
      vertex -64.8499984741211 -9.995000839233398 10.265926361083984
    endloop
  endfacet
  facet normal -1 0 0
    outer loop
      vertex -59.45000076293945 -9.995000839233398 9.734073638916016
      vertex -59.45000076293945 -1.5000008344650269 10.265926361083984
      vertex -59.45000076293945 -1.5000008344650269 9.734073638916016
    endloop
  endfacet
  facet normal -1 0 0
    outer loop
      vertex -59.45000076293945 -1.5000008344650269 10.265926361083984
      vertex -59.45000076293945 -9.995000839233398 9.734073638916016
      vertex -59.45000076293945 -9.995000839233398 10.265926361083984
    endloop
  endfacet
  facet normal 0.9238808975777573 0 -0.3826801367864781
    outer loop
      vertex -64.54270935058594 -9.995000839233398 11.278928756713867
      vertex -64.7462387084961 -1.5000008344650269 10.78756046295166
      vertex -64.54270935058594 -1.5000008344650269 11.278928756713867
    endloop
  endfacet
  facet normal 0.9238808975777573 0 -0.3826801367864781
    outer loop
      vertex -64.7462387084961 -1.5000008344650269 10.78756046295166
      vertex -64.54270935058594 -9.995000839233398 11.278928756713867
      vertex -64.7462387084961 -9.995000839233398 10.78756046295166
    endloop
  endfacet
  facet normal -0.5555721738204088 0 -0.8314683154976296
    outer loop
      vertex -60.871070861816406 -9.995000839233398 12.392708778381348
      vertex -60.42885208129883 -1.5000007152557373 12.0972261428833
      vertex -60.42885208129883 -9.995000839233398 12.0972261428833
    endloop
  endfacet
  facet normal -0.5555721738204088 0 -0.8314683154976296
    outer loop
      vertex -60.42885208129883 -1.5000007152557373 12.0972261428833
      vertex -60.871070861816406 -9.995000839233398 12.392708778381348
      vertex -60.871070861816406 -1.5000007152557373 12.392708778381348
    endloop
  endfacet
  facet normal 0.9807851755259619 0 0.1950908492690218
    outer loop
      vertex -64.8499984741211 -9.995000839233398 9.734073638916016
      vertex -64.7462387084961 -1.5000008344650269 9.21243953704834
      vertex -64.8499984741211 -1.5000008344650269 9.734073638916016
    endloop
  endfacet
  facet normal 0.9807851755259619 0 0.1950908492690218
    outer loop
      vertex -64.7462387084961 -1.5000008344650269 9.21243953704834
      vertex -64.8499984741211 -9.995000839233398 9.734073638916016
      vertex -64.7462387084961 -9.995000839233398 9.21243953704834
    endloop
  endfacet
  facet normal 0.38268383179647086 0 -0.9238793670612904
    outer loop
      vertex -63.42892837524414 -9.995000839233398 12.392708778381348
      vertex -62.93756103515625 -1.5000007152557373 12.596240043640137
      vertex -62.93756103515625 -9.995000839233398 12.596240043640137
    endloop
  endfacet
  facet normal 0.38268383179647086 0 -0.9238793670612904
    outer loop
      vertex -62.93756103515625 -1.5000007152557373 12.596240043640137
      vertex -63.42892837524414 -9.995000839233398 12.392708778381348
      vertex -63.42892837524414 -1.5000007152557373 12.392708778381348
    endloop
  endfacet
  facet normal 0.9238808975777573 0 0.3826801367864781
    outer loop
      vertex -64.7462387084961 -9.995000839233398 9.21243953704834
      vertex -64.54270935058594 -1.5000008344650269 8.721071243286133
      vertex -64.7462387084961 -1.5000008344650269 9.21243953704834
    endloop
  endfacet
  facet normal 0.9238808975777573 0 0.3826801367864781
    outer loop
      vertex -64.54270935058594 -1.5000008344650269 8.721071243286133
      vertex -64.7462387084961 -9.995000839233398 9.21243953704834
      vertex -64.54270935058594 -9.995000839233398 8.721071243286133
    endloop
  endfacet
  facet normal -0.1950898199788999 0 -0.9807853802645106
    outer loop
      vertex -61.88407516479492 -9.995000839233398 12.699999809265137
      vertex -61.3624382019043 -1.5000007152557373 12.596240043640137
      vertex -61.3624382019043 -9.995000839233398 12.596240043640137
    endloop
  endfacet
  facet normal -0.1950898199788999 0 -0.9807853802645106
    outer loop
      vertex -61.3624382019043 -1.5000007152557373 12.596240043640137
      vertex -61.88407516479492 -9.995000839233398 12.699999809265137
      vertex -61.88407516479492 -1.5000007152557373 12.699999809265137
    endloop
  endfacet
  facet normal 0.5555688605813078 0 0.8314705293348571
    outer loop
      vertex -63.871150970458984 -1.5000008344650269 7.902773857116699
      vertex -63.42892837524414 -9.995000839233398 7.607291221618652
      vertex -63.42892837524414 -1.5000009536743164 7.607291221618652
    endloop
  endfacet
  facet normal 0.5555688605813078 0 0.8314705293348571
    outer loop
      vertex -63.42892837524414 -9.995000839233398 7.607291221618652
      vertex -63.871150970458984 -1.5000008344650269 7.902773857116699
      vertex -63.871150970458984 -9.995000839233398 7.902773857116699
    endloop
  endfacet
  facet normal 0.8314661091805103 0 0.5555754757764455
    outer loop
      vertex -64.54270935058594 -9.995000839233398 8.721071243286133
      vertex -64.24722290039062 -1.5000008344650269 8.278850555419922
      vertex -64.54270935058594 -1.5000008344650269 8.721071243286133
    endloop
  endfacet
  facet normal 0.8314661091805103 0 0.5555754757764455
    outer loop
      vertex -64.24722290039062 -1.5000008344650269 8.278850555419922
      vertex -64.54270935058594 -9.995000839233398 8.721071243286133
      vertex -64.24722290039062 -9.995000839233398 8.278850555419922
    endloop
  endfacet
  facet normal 0.7071112639936236 0 -0.7071022983510519
    outer loop
      vertex -63.871150970458984 -9.995000839233398 12.0972261428833
      vertex -64.24722290039062 -1.5000007152557373 11.721149444580078
      vertex -63.871150970458984 -1.5000007152557373 12.0972261428833
    endloop
  endfacet
  facet normal 0.7071112639936236 0 -0.7071022983510519
    outer loop
      vertex -64.24722290039062 -1.5000007152557373 11.721149444580078
      vertex -63.871150970458984 -9.995000839233398 12.0972261428833
      vertex -64.24722290039062 -9.995000839233398 11.721149444580078
    endloop
  endfacet
  facet normal 0.1950911923680949 0 -0.980785107279059
    outer loop
      vertex -62.93756103515625 -9.995000839233398 12.596240043640137
      vertex -62.41592788696289 -1.5000007152557373 12.699999809265137
      vertex -62.41592788696289 -9.995000839233398 12.699999809265137
    endloop
  endfacet
  facet normal 0.1950911923680949 0 -0.980785107279059
    outer loop
      vertex -62.41592788696289 -1.5000007152557373 12.699999809265137
      vertex -62.93756103515625 -9.995000839233398 12.596240043640137
      vertex -62.93756103515625 -1.5000007152557373 12.596240043640137
    endloop
  endfacet
  facet normal 0.19509119236809488 0 0.9807851072790588
    outer loop
      vertex -62.93756103515625 -1.5000009536743164 7.403759956359863
      vertex -62.41592788696289 -9.995000839233398 7.300000190734863
      vertex -62.41592788696289 -1.5000009536743164 7.300000190734863
    endloop
  endfacet
  facet normal 0.19509119236809488 0 0.9807851072790588
    outer loop
      vertex -62.41592788696289 -9.995000839233398 7.300000190734863
      vertex -62.93756103515625 -1.5000009536743164 7.403759956359863
      vertex -62.93756103515625 -9.995000839233398 7.403759956359863
    endloop
  endfacet
  facet normal 0 0 1
    outer loop
      vertex -62.41592788696289 -1.5000009536743164 7.300000190734863
      vertex -61.88407516479492 -9.995000839233398 7.300000190734863
      vertex -61.88407516479492 -1.5000009536743164 7.300000190734863
    endloop
  endfacet
  facet normal 0 0 1
    outer loop
      vertex -61.88407516479492 -9.995000839233398 7.300000190734863
      vertex -62.41592788696289 -1.5000009536743164 7.300000190734863
      vertex -62.41592788696289 -9.995000839233398 7.300000190734863
    endloop
  endfacet
  facet normal 0.1950901014811979 0 0.9807853242703297
    outer loop
      vertex -13.520938873291016 -12 5.480618476867676
      vertex -12.612908363342285 -12.800000190734863 5.300000190734863
      vertex -12.612908363342285 -12 5.300000190734863
    endloop
  endfacet
  facet normal 0.1950901014811979 0 0.9807853242703297
    outer loop
      vertex -12.612908363342285 -12.800000190734863 5.300000190734863
      vertex -13.520938873291016 -12 5.480618476867676
      vertex -13.520938873291016 -12.800000190734863 5.480618476867676
    endloop
  endfacet
  facet normal -0.1950901014811979 0 -0.9807853242703297
    outer loop
      vertex -11.687090873718262 -12.800000190734863 14.699999809265137
      vertex -10.779060363769531 -12 14.519381523132324
      vertex -10.779060363769531 -12.800000190734863 14.519381523132324
    endloop
  endfacet
  facet normal -0.1950901014811979 0 -0.9807853242703297
    outer loop
      vertex -10.779060363769531 -12 14.519381523132324
      vertex -11.687090873718262 -12.800000190734863 14.699999809265137
      vertex -11.687090873718262 -12 14.699999809265137
    endloop
  endfacet
  facet normal 0.8314691867463757 0 -0.5555708699088897
    outer loop
      vertex -15.800727844238281 -12.800000190734863 12.996074676513672
      vertex -16.315086364746094 -12 12.22628402709961
      vertex -15.800727844238281 -12 12.996074676513672
    endloop
  endfacet
  facet normal 0.8314691867463757 0 -0.5555708699088897
    outer loop
      vertex -16.315086364746094 -12 12.22628402709961
      vertex -15.800727844238281 -12.800000190734863 12.996074676513672
      vertex -16.315086364746094 -12.800000190734863 12.22628402709961
    endloop
  endfacet
  facet normal -0.9238794082533046 0 -0.3826837323502579
    outer loop
      vertex -7.630618572235107 -12.800000190734863 11.370939254760742
      vertex -7.984914302825928 -12 12.22628402709961
      vertex -7.630618572235107 -12 11.370939254760742
    endloop
  endfacet
  facet normal -0.9238794082533046 0 -0.3826837323502579
    outer loop
      vertex -7.984914302825928 -12 12.22628402709961
      vertex -7.630618572235107 -12.800000190734863 11.370939254760742
      vertex -7.984914302825928 -12.800000190734863 12.22628402709961
    endloop
  endfacet
  facet normal 0.8314691867463757 0 0.5555708699088897
    outer loop
      vertex -16.315086364746094 -12.800000190734863 7.773715972900391
      vertex -15.800727844238281 -12 7.003925323486328
      vertex -16.315086364746094 -12 7.773715972900391
    endloop
  endfacet
  facet normal 0.8314691867463757 0 0.5555708699088897
    outer loop
      vertex -15.800727844238281 -12 7.003925323486328
      vertex -16.315086364746094 -12.800000190734863 7.773715972900391
      vertex -15.800727844238281 -12.800000190734863 7.003925323486328
    endloop
  endfacet
  facet normal 1 0 0
    outer loop
      vertex -16.850000381469727 -12.800000190734863 10.462908744812012
      vertex -16.850000381469727 -12 9.537091255187988
      vertex -16.850000381469727 -12 10.462908744812012
    endloop
  endfacet
  facet normal 1 0 0
    outer loop
      vertex -16.850000381469727 -12 9.537091255187988
      vertex -16.850000381469727 -12.800000190734863 10.462908744812012
      vertex -16.850000381469727 -12.800000190734863 9.537091255187988
    endloop
  endfacet
  facet normal 0 0 -1
    outer loop
      vertex -12.612908363342285 -12.800000190734863 14.699999809265137
      vertex -11.687090873718262 -12 14.699999809265137
      vertex -11.687090873718262 -12.800000190734863 14.699999809265137
    endloop
  endfacet
  facet normal 0 0 -1
    outer loop
      vertex -11.687090873718262 -12 14.699999809265137
      vertex -12.612908363342285 -12.800000190734863 14.699999809265137
      vertex -12.612908363342285 -12 14.699999809265137
    endloop
  endfacet
  facet normal -0.9807853242703297 0 -0.1950901014811979
    outer loop
      vertex -7.450000286102295 -12.800000190734863 10.462908744812012
      vertex -7.630618572235107 -12 11.370939254760742
      vertex -7.450000286102295 -12 10.462908744812012
    endloop
  endfacet
  facet normal -0.9807853242703297 0 -0.1950901014811979
    outer loop
      vertex -7.630618572235107 -12 11.370939254760742
      vertex -7.450000286102295 -12.800000190734863 10.462908744812012
      vertex -7.630618572235107 -12.800000190734863 11.370939254760742
    endloop
  endfacet
  facet normal -0.8314699005034979 0 -0.5555698016961533
    outer loop
      vertex -7.984914302825928 -12.800000190734863 12.22628402709961
      vertex -8.499271392822266 -12 12.996074676513672
      vertex -7.984914302825928 -12 12.22628402709961
    endloop
  endfacet
  facet normal -0.8314699005034979 0 -0.5555698016961533
    outer loop
      vertex -8.499271392822266 -12 12.996074676513672
      vertex -7.984914302825928 -12.800000190734863 12.22628402709961
      vertex -8.499271392822266 -12.800000190734863 12.996074676513672
    endloop
  endfacet
  facet normal 0.7071067811865475 0 0.7071067811865475
    outer loop
      vertex -15.800727844238281 -12.800000190734863 7.003925323486328
      vertex -15.146074295043945 -12 6.349271774291992
      vertex -15.800727844238281 -12 7.003925323486328
    endloop
  endfacet
  facet normal 0.7071067811865475 0 0.7071067811865475
    outer loop
      vertex -15.146074295043945 -12 6.349271774291992
      vertex -15.800727844238281 -12.800000190734863 7.003925323486328
      vertex -15.146074295043945 -12.800000190734863 6.349271774291992
    endloop
  endfacet
  facet normal 0 0 1
    outer loop
      vertex -12.612908363342285 -12 5.300000190734863
      vertex -11.687090873718262 -12.800000190734863 5.300000190734863
      vertex -11.687090873718262 -12 5.300000190734863
    endloop
  endfacet
  facet normal 0 0 1
    outer loop
      vertex -11.687090873718262 -12.800000190734863 5.300000190734863
      vertex -12.612908363342285 -12 5.300000190734863
      vertex -12.612908363342285 -12.800000190734863 5.300000190734863
    endloop
  endfacet
  facet normal -0.8314699005034979 0 0.5555698016961533
    outer loop
      vertex -8.499271392822266 -12.800000190734863 7.003925323486328
      vertex -7.984914302825928 -12 7.773715972900391
      vertex -8.499271392822266 -12 7.003925323486328
    endloop
  endfacet
  facet normal -0.8314699005034979 0 0.5555698016961533
    outer loop
      vertex -7.984914302825928 -12 7.773715972900391
      vertex -8.499271392822266 -12.800000190734863 7.003925323486328
      vertex -7.984914302825928 -12.800000190734863 7.773715972900391
    endloop
  endfacet
  facet normal -0.1950901014811979 0 0.9807853242703297
    outer loop
      vertex -11.687090873718262 -12 5.300000190734863
      vertex -10.779060363769531 -12.800000190734863 5.480618476867676
      vertex -10.779060363769531 -12 5.480618476867676
    endloop
  endfacet
  facet normal -0.1950901014811979 0 0.9807853242703297
    outer loop
      vertex -10.779060363769531 -12.800000190734863 5.480618476867676
      vertex -11.687090873718262 -12 5.300000190734863
      vertex -11.687090873718262 -12.800000190734863 5.300000190734863
    endloop
  endfacet
  facet normal 0.7071067811865475 0 -0.7071067811865475
    outer loop
      vertex -15.146074295043945 -12.800000190734863 13.650728225708008
      vertex -15.800727844238281 -12 12.996074676513672
      vertex -15.146074295043945 -12 13.650728225708008
    endloop
  endfacet
  facet normal 0.7071067811865475 0 -0.7071067811865475
    outer loop
      vertex -15.800727844238281 -12 12.996074676513672
      vertex -15.146074295043945 -12.800000190734863 13.650728225708008
      vertex -15.800727844238281 -12.800000190734863 12.996074676513672
    endloop
  endfacet
  facet normal 0.5555701577673712 0 -0.8314696625844735
    outer loop
      vertex -15.146074295043945 -12.800000190734863 13.650728225708008
      vertex -14.376283645629883 -12 14.165085792541504
      vertex -14.376283645629883 -12.800000190734863 14.165085792541504
    endloop
  endfacet
  facet normal 0.5555701577673712 0 -0.8314696625844735
    outer loop
      vertex -14.376283645629883 -12 14.165085792541504
      vertex -15.146074295043945 -12.800000190734863 13.650728225708008
      vertex -15.146074295043945 -12 13.650728225708008
    endloop
  endfacet
  facet normal 0.3826837323502579 0 -0.9238794082533046
    outer loop
      vertex -14.376283645629883 -12.800000190734863 14.165085792541504
      vertex -13.520938873291016 -12 14.519381523132324
      vertex -13.520938873291016 -12.800000190734863 14.519381523132324
    endloop
  endfacet
  facet normal 0.3826837323502579 0 -0.9238794082533046
    outer loop
      vertex -13.520938873291016 -12 14.519381523132324
      vertex -14.376283645629883 -12.800000190734863 14.165085792541504
      vertex -14.376283645629883 -12 14.165085792541504
    endloop
  endfacet
  facet normal -0.5555701577673712 0 -0.8314696625844735
    outer loop
      vertex -9.923715591430664 -12.800000190734863 14.165085792541504
      vertex -9.153924942016602 -12 13.650728225708008
      vertex -9.153924942016602 -12.800000190734863 13.650728225708008
    endloop
  endfacet
  facet normal -0.5555701577673712 0 -0.8314696625844735
    outer loop
      vertex -9.153924942016602 -12 13.650728225708008
      vertex -9.923715591430664 -12.800000190734863 14.165085792541504
      vertex -9.923715591430664 -12 14.165085792541504
    endloop
  endfacet
  facet normal -1 0 0
    outer loop
      vertex -7.450000286102295 -12.800000190734863 9.537091255187988
      vertex -7.450000286102295 -12 10.462908744812012
      vertex -7.450000286102295 -12 9.537091255187988
    endloop
  endfacet
  facet normal -1 0 0
    outer loop
      vertex -7.450000286102295 -12 10.462908744812012
      vertex -7.450000286102295 -12.800000190734863 9.537091255187988
      vertex -7.450000286102295 -12.800000190734863 10.462908744812012
    endloop
  endfacet
  facet normal 0.1950901014811979 0 -0.9807853242703297
    outer loop
      vertex -13.520938873291016 -12.800000190734863 14.519381523132324
      vertex -12.612908363342285 -12 14.699999809265137
      vertex -12.612908363342285 -12.800000190734863 14.699999809265137
    endloop
  endfacet
  facet normal 0.1950901014811979 0 -0.9807853242703297
    outer loop
      vertex -12.612908363342285 -12 14.699999809265137
      vertex -13.520938873291016 -12.800000190734863 14.519381523132324
      vertex -13.520938873291016 -12 14.519381523132324
    endloop
  endfacet
  facet normal -0.3826837323502579 0 0.9238794082533046
    outer loop
      vertex -10.779060363769531 -12 5.480618476867676
      vertex -9.923715591430664 -12.800000190734863 5.834914207458496
      vertex -9.923715591430664 -12 5.834914207458496
    endloop
  endfacet
  facet normal -0.3826837323502579 0 0.9238794082533046
    outer loop
      vertex -9.923715591430664 -12.800000190734863 5.834914207458496
      vertex -10.779060363769531 -12 5.480618476867676
      vertex -10.779060363769531 -12.800000190734863 5.480618476867676
    endloop
  endfacet
  facet normal -0.7071067811865475 0 -0.7071067811865475
    outer loop
      vertex -8.499271392822266 -12.800000190734863 12.996074676513672
      vertex -9.153924942016602 -12 13.650728225708008
      vertex -8.499271392822266 -12 12.996074676513672
    endloop
  endfacet
  facet normal -0.7071067811865475 0 -0.7071067811865475
    outer loop
      vertex -9.153924942016602 -12 13.650728225708008
      vertex -8.499271392822266 -12.800000190734863 12.996074676513672
      vertex -9.153924942016602 -12.800000190734863 13.650728225708008
    endloop
  endfacet
  facet normal -0.9238794082533046 0 0.3826837323502579
    outer loop
      vertex -7.984914302825928 -12.800000190734863 7.773715972900391
      vertex -7.630618572235107 -12 8.629060745239258
      vertex -7.984914302825928 -12 7.773715972900391
    endloop
  endfacet
  facet normal -0.9238794082533046 0 0.3826837323502579
    outer loop
      vertex -7.630618572235107 -12 8.629060745239258
      vertex -7.984914302825928 -12.800000190734863 7.773715972900391
      vertex -7.630618572235107 -12.800000190734863 8.629060745239258
    endloop
  endfacet
  facet normal -0.3826837323502579 0 -0.9238794082533046
    outer loop
      vertex -10.779060363769531 -12.800000190734863 14.519381523132324
      vertex -9.923715591430664 -12 14.165085792541504
      vertex -9.923715591430664 -12.800000190734863 14.165085792541504
    endloop
  endfacet
  facet normal -0.3826837323502579 0 -0.9238794082533046
    outer loop
      vertex -9.923715591430664 -12 14.165085792541504
      vertex -10.779060363769531 -12.800000190734863 14.519381523132324
      vertex -10.779060363769531 -12 14.519381523132324
    endloop
  endfacet
  facet normal 0.3826837323502579 0 0.9238794082533046
    outer loop
      vertex -14.376283645629883 -12 5.834914207458496
      vertex -13.520938873291016 -12.800000190734863 5.480618476867676
      vertex -13.520938873291016 -12 5.480618476867676
    endloop
  endfacet
  facet normal 0.3826837323502579 0 0.9238794082533046
    outer loop
      vertex -13.520938873291016 -12.800000190734863 5.480618476867676
      vertex -14.376283645629883 -12 5.834914207458496
      vertex -14.376283645629883 -12.800000190734863 5.834914207458496
    endloop
  endfacet
  facet normal 0.9807853242703297 0 -0.1950901014811979
    outer loop
      vertex -16.669382095336914 -12.800000190734863 11.370939254760742
      vertex -16.850000381469727 -12 10.462908744812012
      vertex -16.669382095336914 -12 11.370939254760742
    endloop
  endfacet
  facet normal 0.9807853242703297 0 -0.1950901014811979
    outer loop
      vertex -16.850000381469727 -12 10.462908744812012
      vertex -16.669382095336914 -12.800000190734863 11.370939254760742
      vertex -16.850000381469727 -12.800000190734863 10.462908744812012
    endloop
  endfacet
  facet normal 0.9238794082533046 0 0.3826837323502579
    outer loop
      vertex -16.669382095336914 -12.800000190734863 8.629060745239258
      vertex -16.315086364746094 -12 7.773715972900391
      vertex -16.669382095336914 -12 8.629060745239258
    endloop
  endfacet
  facet normal 0.9238794082533046 0 0.3826837323502579
    outer loop
      vertex -16.315086364746094 -12 7.773715972900391
      vertex -16.669382095336914 -12.800000190734863 8.629060745239258
      vertex -16.315086364746094 -12.800000190734863 7.773715972900391
    endloop
  endfacet
  facet normal -0.5555701577673712 0 0.8314696625844735
    outer loop
      vertex -9.923715591430664 -12 5.834914207458496
      vertex -9.153924942016602 -12.800000190734863 6.349271774291992
      vertex -9.153924942016602 -12 6.349271774291992
    endloop
  endfacet
  facet normal -0.5555701577673712 0 0.8314696625844735
    outer loop
      vertex -9.153924942016602 -12.800000190734863 6.349271774291992
      vertex -9.923715591430664 -12 5.834914207458496
      vertex -9.923715591430664 -12.800000190734863 5.834914207458496
    endloop
  endfacet
  facet normal 0.5555701577673712 0 0.8314696625844735
    outer loop
      vertex -15.146074295043945 -12 6.349271774291992
      vertex -14.376283645629883 -12.800000190734863 5.834914207458496
      vertex -14.376283645629883 -12 5.834914207458496
    endloop
  endfacet
  facet normal 0.5555701577673712 0 0.8314696625844735
    outer loop
      vertex -14.376283645629883 -12.800000190734863 5.834914207458496
      vertex -15.146074295043945 -12 6.349271774291992
      vertex -15.146074295043945 -12.800000190734863 6.349271774291992
    endloop
  endfacet
  facet normal -0.9807853242703297 0 0.1950901014811979
    outer loop
      vertex -7.630618572235107 -12.800000190734863 8.629060745239258
      vertex -7.450000286102295 -12 9.537091255187988
      vertex -7.630618572235107 -12 8.629060745239258
    endloop
  endfacet
  facet normal -0.9807853242703297 0 0.1950901014811979
    outer loop
      vertex -7.450000286102295 -12 9.537091255187988
      vertex -7.630618572235107 -12.800000190734863 8.629060745239258
      vertex -7.450000286102295 -12.800000190734863 9.537091255187988
    endloop
  endfacet
  facet normal 0.9807853242703297 0 0.1950901014811979
    outer loop
      vertex -16.850000381469727 -12.800000190734863 9.537091255187988
      vertex -16.669382095336914 -12 8.629060745239258
      vertex -16.850000381469727 -12 9.537091255187988
    endloop
  endfacet
  facet normal 0.9807853242703297 0 0.1950901014811979
    outer loop
      vertex -16.669382095336914 -12 8.629060745239258
      vertex -16.850000381469727 -12.800000190734863 9.537091255187988
      vertex -16.669382095336914 -12.800000190734863 8.629060745239258
    endloop
  endfacet
  facet normal -0.7071067811865475 0 0.7071067811865475
    outer loop
      vertex -9.153924942016602 -12.800000190734863 6.349271774291992
      vertex -8.499271392822266 -12 7.003925323486328
      vertex -9.153924942016602 -12 6.349271774291992
    endloop
  endfacet
  facet normal -0.7071067811865475 0 0.7071067811865475
    outer loop
      vertex -8.499271392822266 -12 7.003925323486328
      vertex -9.153924942016602 -12.800000190734863 6.349271774291992
      vertex -8.499271392822266 -12.800000190734863 7.003925323486328
    endloop
  endfacet
  facet normal 0.9238794082533046 0 -0.3826837323502579
    outer loop
      vertex -16.315086364746094 -12.800000190734863 12.22628402709961
      vertex -16.669382095336914 -12 11.370939254760742
      vertex -16.315086364746094 -12 12.22628402709961
    endloop
  endfacet
  facet normal 0.9238794082533046 0 -0.3826837323502579
    outer loop
      vertex -16.669382095336914 -12 11.370939254760742
      vertex -16.315086364746094 -12.800000190734863 12.22628402709961
      vertex -16.669382095336914 -12.800000190734863 11.370939254760742
    endloop
  endfacet
  facet normal 0.500623708303698 -0.7062236227771682 -0.500623708303698
    outer loop
      vertex -15.800727844238281 -12 12.996074676513672
      vertex -13.871149063110352 -9.995000839233398 12.0972261428833
      vertex -15.146074295043945 -12 13.650728225708008
    endloop
  endfacet
  facet normal 0.500623708303698 -0.7062236227771681 -0.500623708303698
    outer loop
      vertex -13.871149063110352 -9.995000839233398 12.0972261428833
      vertex -15.800727844238281 -12 12.996074676513672
      vertex -14.247225761413574 -9.995000839233398 11.721149444580078
    endloop
  endfacet
  facet normal 0.3933377037028294 -0.706223660950104 0.5886710384926522
    outer loop
      vertex -13.42892837524414 -9.995000839233398 7.607291221618652
      vertex -13.871149063110352 -9.995000839233398 7.902773857116699
      vertex -15.146074295043945 -12 6.349271774291992
    endloop
  endfacet
  facet normal -0.27093581478378753 -0.7062236127623607 -0.6540963178648268
    outer loop
      vertex -9.923715591430664 -12 14.165085792541504
      vertex -10.779060363769531 -12 14.519381523132324
      vertex -10.871070861816406 -9.995000839233398 12.392708778381348
    endloop
  endfacet
  facet normal -0.6943851728571304 -0.7062235094529905 0.13812163629234558
    outer loop
      vertex -7.630618572235107 -12 8.629060745239258
      vertex -7.450000286102295 -12 9.537091255187988
      vertex -9.449999809265137 -9.995000839233398 9.734073638916016
    endloop
  endfacet
  facet normal 0.7079886932740931 -0.7062237677932129 0
    outer loop
      vertex -16.850000381469727 -12 10.462908744812012
      vertex -14.84999942779541 -9.995000839233398 9.734073638916016
      vertex -14.84999942779541 -9.995000839233398 10.265926361083984
    endloop
  endfacet
  facet normal 0.7079886932740932 -0.706223767793213 0
    outer loop
      vertex -14.84999942779541 -9.995000839233398 9.734073638916016
      vertex -16.850000381469727 -12 10.462908744812012
      vertex -16.850000381469727 -12 9.537091255187988
    endloop
  endfacet
  facet normal -0.7079889458385317 -0.7062235145974995 0
    outer loop
      vertex -7.450000286102295 -12 9.537091255187988
      vertex -9.449999809265137 -9.995000839233398 10.265926361083984
      vertex -9.449999809265137 -9.995000839233398 9.734073638916016
    endloop
  endfacet
  facet normal -0.7079889458385317 -0.7062235145974995 0
    outer loop
      vertex -9.449999809265137 -9.995000839233398 10.265926361083984
      vertex -7.450000286102295 -12 9.537091255187988
      vertex -7.450000286102295 -12 10.462908744812012
    endloop
  endfacet
  facet normal 0 -0.7062235989961008 -0.7079888616503754
    outer loop
      vertex -11.687090873718262 -12 14.699999809265137
      vertex -12.415925979614258 -9.995000839233398 12.699999809265137
      vertex -11.884073257446289 -9.995000839233398 12.699999809265137
    endloop
  endfacet
  facet normal 0 -0.7062235989961009 -0.7079888616503756
    outer loop
      vertex -12.415925979614258 -9.995000839233398 12.699999809265137
      vertex -11.687090873718262 -12 14.699999809265137
      vertex -12.612908363342285 -12 14.699999809265137
    endloop
  endfacet
  facet normal 0.6540961741467202 -0.7062237687105319 0.2709357552537439
    outer loop
      vertex -16.315086364746094 -12 7.773715972900391
      vertex -14.542708396911621 -9.995000839233398 8.721071243286133
      vertex -16.669382095336914 -12 8.629060745239258
    endloop
  endfacet
  facet normal -0.3933374801348472 -0.7062236051849978 0.5886712547769536
    outer loop
      vertex -9.923715591430664 -12 5.834914207458496
      vertex -9.153924942016602 -12 6.349271774291992
      vertex -10.871070861816406 -9.995000839233398 7.607291221618652
    endloop
  endfacet
  facet normal 0.6540962621167329 -0.7062238433451872 -0.27093534833179467
    outer loop
      vertex -14.74623966217041 -9.995000839233398 10.78756046295166
      vertex -14.542708396911621 -9.995000839233398 11.278928756713867
      vertex -16.669382095336914 -12 11.370939254760742
    endloop
  endfacet
  facet normal -0.5886710384926522 -0.706223660950104 0.3933377037028294
    outer loop
      vertex -8.499271392822266 -12 7.003925323486328
      vertex -9.757290840148926 -9.995000839233398 8.721071243286133
      vertex -10.052773475646973 -9.995000839233398 8.278850555419922
    endloop
  endfacet
  facet normal -0.6943849713224524 -0.7062236078087214 0.13812214657740476
    outer loop
      vertex -7.630618572235107 -12 8.629060745239258
      vertex -9.449999809265137 -9.995000839233398 9.734073638916016
      vertex -9.553759574890137 -9.995000839233398 9.21243953704834
    endloop
  endfacet
  facet normal -0.6540964776939853 -0.7062236094229094 0.27093543762675226
    outer loop
      vertex -7.630618572235107 -12 8.629060745239258
      vertex -9.553759574890137 -9.995000839233398 9.21243953704834
      vertex -9.757290840148926 -9.995000839233398 8.721071243286133
    endloop
  endfacet
  facet normal -0.6540964776939853 -0.7062236094229094 -0.27093543762675226
    outer loop
      vertex -9.553759574890137 -9.995000839233398 10.78756046295166
      vertex -7.630618572235107 -12 11.370939254760742
      vertex -9.757290840148926 -9.995000839233398 11.278928756713867
    endloop
  endfacet
  facet normal 0.5886710384926522 -0.706223660950104 -0.3933377037028294
    outer loop
      vertex -14.542708396911621 -9.995000839233398 11.278928756713867
      vertex -14.247225761413574 -9.995000839233398 11.721149444580078
      vertex -15.800727844238281 -12 12.996074676513672
    endloop
  endfacet
  facet normal -0.5886714690402556 -0.7062235499408862 0.39333725865582575
    outer loop
      vertex -8.499271392822266 -12 7.003925323486328
      vertex -7.984914302825928 -12 7.773715972900391
      vertex -9.757290840148926 -9.995000839233398 8.721071243286133
    endloop
  endfacet
  facet normal -0.2709354078617631 -0.7062236873970277 -0.6540964058348933
    outer loop
      vertex -10.871070861816406 -9.995000839233398 12.392708778381348
      vertex -10.779060363769531 -12 14.519381523132324
      vertex -11.362439155578613 -9.995000839233398 12.596240043640137
    endloop
  endfacet
  facet normal -0.5886710384926522 -0.706223660950104 -0.3933377037028294
    outer loop
      vertex -9.757290840148926 -9.995000839233398 11.278928756713867
      vertex -8.499271392822266 -12 12.996074676513672
      vertex -10.052773475646973 -9.995000839233398 11.721149444580078
    endloop
  endfacet
  facet normal -0.6540963897238918 -0.7062235347882364 0.2709358445488142
    outer loop
      vertex -7.984914302825928 -12 7.773715972900391
      vertex -7.630618572235107 -12 8.629060745239258
      vertex -9.757290840148926 -9.995000839233398 8.721071243286133
    endloop
  endfacet
  facet normal 0.6943847283707583 -0.7062238561392284 -0.13812209825117236
    outer loop
      vertex -14.84999942779541 -9.995000839233398 10.265926361083984
      vertex -14.74623966217041 -9.995000839233398 10.78756046295166
      vertex -16.669382095336914 -12 11.370939254760742
    endloop
  endfacet
  facet normal -0.3933377037028294 -0.706223660950104 0.5886710384926522
    outer loop
      vertex -9.153924942016602 -12 6.349271774291992
      vertex -10.428850173950195 -9.995000839233398 7.902773857116699
      vertex -10.871070861816406 -9.995000839233398 7.607291221618652
    endloop
  endfacet
  facet normal -0.500623708303698 -0.7062236227771682 -0.500623708303698
    outer loop
      vertex -10.428850173950195 -9.995000839233398 12.0972261428833
      vertex -8.499271392822266 -12 12.996074676513672
      vertex -9.153924942016602 -12 13.650728225708008
    endloop
  endfacet
  facet normal -0.500623708303698 -0.7062236227771681 -0.500623708303698
    outer loop
      vertex -8.499271392822266 -12 12.996074676513672
      vertex -10.428850173950195 -9.995000839233398 12.0972261428833
      vertex -10.052773475646973 -9.995000839233398 11.721149444580078
    endloop
  endfacet
  facet normal 0.13812213046865876 -0.7062236905855861 -0.6943848903385449
    outer loop
      vertex -12.937560081481934 -9.995000839233398 12.596240043640137
      vertex -12.415925979614258 -9.995000839233398 12.699999809265137
      vertex -13.520938873291016 -12 14.519381523132324
    endloop
  endfacet
  facet normal -0.27093581478378753 -0.7062236127623607 0.6540963178648268
    outer loop
      vertex -10.779060363769531 -12 5.480618476867676
      vertex -9.923715591430664 -12 5.834914207458496
      vertex -10.871070861816406 -9.995000839233398 7.607291221618652
    endloop
  endfacet
  facet normal 0.13812213046865876 -0.7062236905855861 0.6943848903385449
    outer loop
      vertex -12.415925979614258 -9.995000839233398 7.300000190734863
      vertex -12.937560081481934 -9.995000839233398 7.403759956359863
      vertex -13.520938873291016 -12 5.480618476867676
    endloop
  endfacet
  facet normal -0.500623708303698 -0.7062236227771681 0.500623708303698
    outer loop
      vertex -10.428850173950195 -9.995000839233398 7.902773857116699
      vertex -8.499271392822266 -12 7.003925323486328
      vertex -10.052773475646973 -9.995000839233398 8.278850555419922
    endloop
  endfacet
  facet normal -0.500623708303698 -0.7062236227771682 0.500623708303698
    outer loop
      vertex -8.499271392822266 -12 7.003925323486328
      vertex -10.428850173950195 -9.995000839233398 7.902773857116699
      vertex -9.153924942016602 -12 6.349271774291992
    endloop
  endfacet
  facet normal -0.6540963897238918 -0.7062235347882364 -0.2709358445488142
    outer loop
      vertex -7.630618572235107 -12 11.370939254760742
      vertex -7.984914302825928 -12 12.22628402709961
      vertex -9.757290840148926 -9.995000839233398 11.278928756713867
    endloop
  endfacet
  facet normal -0.5886714690402556 -0.7062235499408862 -0.39333725865582575
    outer loop
      vertex -7.984914302825928 -12 12.22628402709961
      vertex -8.499271392822266 -12 12.996074676513672
      vertex -9.757290840148926 -9.995000839233398 11.278928756713867
    endloop
  endfacet
  facet normal -0.3933374801348472 -0.7062236051849978 -0.5886712547769536
    outer loop
      vertex -9.153924942016602 -12 13.650728225708008
      vertex -9.923715591430664 -12 14.165085792541504
      vertex -10.871070861816406 -9.995000839233398 12.392708778381348
    endloop
  endfacet
  facet normal -0.3933377037028294 -0.706223660950104 -0.5886710384926522
    outer loop
      vertex -10.428850173950195 -9.995000839233398 12.0972261428833
      vertex -9.153924942016602 -12 13.650728225708008
      vertex -10.871070861816406 -9.995000839233398 12.392708778381348
    endloop
  endfacet
  facet normal 0.3933374801348472 -0.7062236051849978 -0.5886712547769536
    outer loop
      vertex -13.42892837524414 -9.995000839233398 12.392708778381348
      vertex -14.376283645629883 -12 14.165085792541504
      vertex -15.146074295043945 -12 13.650728225708008
    endloop
  endfacet
  facet normal 0.27093581478378753 -0.7062236127623607 -0.6540963178648268
    outer loop
      vertex -13.42892837524414 -9.995000839233398 12.392708778381348
      vertex -13.520938873291016 -12 14.519381523132324
      vertex -14.376283645629883 -12 14.165085792541504
    endloop
  endfacet
  facet normal 0.2709354078617631 -0.7062236873970277 -0.6540964058348933
    outer loop
      vertex -13.42892837524414 -9.995000839233398 12.392708778381348
      vertex -12.937560081481934 -9.995000839233398 12.596240043640137
      vertex -13.520938873291016 -12 14.519381523132324
    endloop
  endfacet
  facet normal 0 -0.7062235989961008 0.7079888616503754
    outer loop
      vertex -12.415925979614258 -9.995000839233398 7.300000190734863
      vertex -11.687090873718262 -12 5.300000190734863
      vertex -11.884073257446289 -9.995000839233398 7.300000190734863
    endloop
  endfacet
  facet normal 0 -0.7062235989961009 0.7079888616503756
    outer loop
      vertex -11.687090873718262 -12 5.300000190734863
      vertex -12.415925979614258 -9.995000839233398 7.300000190734863
      vertex -12.612908363342285 -12 5.300000190734863
    endloop
  endfacet
  facet normal -0.2709354078617631 -0.7062236873970277 0.6540964058348933
    outer loop
      vertex -10.779060363769531 -12 5.480618476867676
      vertex -10.871070861816406 -9.995000839233398 7.607291221618652
      vertex -11.362439155578613 -9.995000839233398 7.403759956359863
    endloop
  endfacet
  facet normal -0.13812213046865876 -0.7062236905855861 0.6943848903385449
    outer loop
      vertex -10.779060363769531 -12 5.480618476867676
      vertex -11.362439155578613 -9.995000839233398 7.403759956359863
      vertex -11.884073257446289 -9.995000839233398 7.300000190734863
    endloop
  endfacet
  facet normal -0.13812162018365667 -0.7062235922299022 0.6943850918731872
    outer loop
      vertex -11.687090873718262 -12 5.300000190734863
      vertex -10.779060363769531 -12 5.480618476867676
      vertex -11.884073257446289 -9.995000839233398 7.300000190734863
    endloop
  endfacet
  facet normal 0.13812162018365667 -0.7062235922299022 0.6943850918731872
    outer loop
      vertex -12.612908363342285 -12 5.300000190734863
      vertex -12.415925979614258 -9.995000839233398 7.300000190734863
      vertex -13.520938873291016 -12 5.480618476867676
    endloop
  endfacet
  facet normal -0.6943851728571304 -0.7062235094529905 -0.13812163629234558
    outer loop
      vertex -7.450000286102295 -12 10.462908744812012
      vertex -7.630618572235107 -12 11.370939254760742
      vertex -9.449999809265137 -9.995000839233398 10.265926361083984
    endloop
  endfacet
  facet normal -0.6943849713224524 -0.7062236078087214 -0.13812214657740476
    outer loop
      vertex -9.449999809265137 -9.995000839233398 10.265926361083984
      vertex -7.630618572235107 -12 11.370939254760742
      vertex -9.553759574890137 -9.995000839233398 10.78756046295166
    endloop
  endfacet
  facet normal 0.13812162018365667 -0.7062235922299022 -0.6943850918731872
    outer loop
      vertex -12.415925979614258 -9.995000839233398 12.699999809265137
      vertex -12.612908363342285 -12 14.699999809265137
      vertex -13.520938873291016 -12 14.519381523132324
    endloop
  endfacet
  facet normal 0.3933377037028294 -0.706223660950104 -0.5886710384926522
    outer loop
      vertex -13.871149063110352 -9.995000839233398 12.0972261428833
      vertex -13.42892837524414 -9.995000839233398 12.392708778381348
      vertex -15.146074295043945 -12 13.650728225708008
    endloop
  endfacet
  facet normal 0.27093581478378753 -0.7062236127623607 0.6540963178648268
    outer loop
      vertex -13.520938873291016 -12 5.480618476867676
      vertex -13.42892837524414 -9.995000839233398 7.607291221618652
      vertex -14.376283645629883 -12 5.834914207458496
    endloop
  endfacet
  facet normal 0.2709354078617631 -0.7062236873970277 0.6540964058348933
    outer loop
      vertex -12.937560081481934 -9.995000839233398 7.403759956359863
      vertex -13.42892837524414 -9.995000839233398 7.607291221618652
      vertex -13.520938873291016 -12 5.480618476867676
    endloop
  endfacet
  facet normal 0.6540962621167329 -0.7062238433451872 0.27093534833179467
    outer loop
      vertex -14.542708396911621 -9.995000839233398 8.721071243286133
      vertex -14.74623966217041 -9.995000839233398 9.21243953704834
      vertex -16.669382095336914 -12 8.629060745239258
    endloop
  endfacet
  facet normal 0.5886708262506445 -0.7062237156728924 0.3933379230922907
    outer loop
      vertex -15.800727844238281 -12 7.003925323486328
      vertex -14.542708396911621 -9.995000839233398 8.721071243286133
      vertex -16.315086364746094 -12 7.773715972900391
    endloop
  endfacet
  facet normal -0.13812213046865876 -0.7062236905855861 -0.6943848903385449
    outer loop
      vertex -11.362439155578613 -9.995000839233398 12.596240043640137
      vertex -10.779060363769531 -12 14.519381523132324
      vertex -11.884073257446289 -9.995000839233398 12.699999809265137
    endloop
  endfacet
  facet normal -0.13812162018365667 -0.7062235922299022 -0.6943850918731872
    outer loop
      vertex -10.779060363769531 -12 14.519381523132324
      vertex -11.687090873718262 -12 14.699999809265137
      vertex -11.884073257446289 -9.995000839233398 12.699999809265137
    endloop
  endfacet
  facet normal 0.5886708262506445 -0.7062237156728924 -0.3933379230922907
    outer loop
      vertex -14.542708396911621 -9.995000839233398 11.278928756713867
      vertex -15.800727844238281 -12 12.996074676513672
      vertex -16.315086364746094 -12 12.22628402709961
    endloop
  endfacet
  facet normal 0.6540961741467202 -0.7062237687105319 -0.2709357552537439
    outer loop
      vertex -14.542708396911621 -9.995000839233398 11.278928756713867
      vertex -16.315086364746094 -12 12.22628402709961
      vertex -16.669382095336914 -12 11.370939254760742
    endloop
  endfacet
  facet normal 0.6943849299053292 -0.7062237577836384 -0.13812158796628443
    outer loop
      vertex -14.84999942779541 -9.995000839233398 10.265926361083984
      vertex -16.669382095336914 -12 11.370939254760742
      vertex -16.850000381469727 -12 10.462908744812012
    endloop
  endfacet
  facet normal 0.3933374801348472 -0.7062236051849978 0.5886712547769536
    outer loop
      vertex -14.376283645629883 -12 5.834914207458496
      vertex -13.42892837524414 -9.995000839233398 7.607291221618652
      vertex -15.146074295043945 -12 6.349271774291992
    endloop
  endfacet
  facet normal 0.5886710384926522 -0.706223660950104 0.3933377037028294
    outer loop
      vertex -14.247225761413574 -9.995000839233398 8.278850555419922
      vertex -14.542708396911621 -9.995000839233398 8.721071243286133
      vertex -15.800727844238281 -12 7.003925323486328
    endloop
  endfacet
  facet normal 0.6943849299053292 -0.7062237577836384 0.13812158796628443
    outer loop
      vertex -16.669382095336914 -12 8.629060745239258
      vertex -14.84999942779541 -9.995000839233398 9.734073638916016
      vertex -16.850000381469727 -12 9.537091255187988
    endloop
  endfacet
  facet normal 0.6943847283707583 -0.7062238561392284 0.13812209825117236
    outer loop
      vertex -14.74623966217041 -9.995000839233398 9.21243953704834
      vertex -14.84999942779541 -9.995000839233398 9.734073638916016
      vertex -16.669382095336914 -12 8.629060745239258
    endloop
  endfacet
  facet normal 0.500623708303698 -0.7062236227771681 0.500623708303698
    outer loop
      vertex -15.800727844238281 -12 7.003925323486328
      vertex -13.871149063110352 -9.995000839233398 7.902773857116699
      vertex -14.247225761413574 -9.995000839233398 8.278850555419922
    endloop
  endfacet
  facet normal 0.500623708303698 -0.7062236227771682 0.500623708303698
    outer loop
      vertex -13.871149063110352 -9.995000839233398 7.902773857116699
      vertex -15.800727844238281 -12 7.003925323486328
      vertex -15.146074295043945 -12 6.349271774291992
    endloop
  endfacet
  facet normal -0.5555705171970212 0 0.8314694224211943
    outer loop
      vertex -10.871070861816406 -1.5000009536743164 7.607291221618652
      vertex -10.428850173950195 -9.995000839233398 7.902773857116699
      vertex -10.428850173950195 -1.5000008344650269 7.902773857116699
    endloop
  endfacet
  facet normal -0.5555705171970212 0 0.8314694224211943
    outer loop
      vertex -10.428850173950195 -9.995000839233398 7.902773857116699
      vertex -10.871070861816406 -1.5000009536743164 7.607291221618652
      vertex -10.871070861816406 -9.995000839233398 7.607291221618652
    endloop
  endfacet
  facet normal -0.19509084926902176 0 0.9807851755259618
    outer loop
      vertex -11.884073257446289 -1.5000009536743164 7.300000190734863
      vertex -11.362439155578613 -9.995000839233398 7.403759956359863
      vertex -11.362439155578613 -1.5000009536743164 7.403759956359863
    endloop
  endfacet
  facet normal -0.19509084926902176 0 0.9807851755259618
    outer loop
      vertex -11.362439155578613 -9.995000839233398 7.403759956359863
      vertex -11.884073257446289 -1.5000009536743164 7.300000190734863
      vertex -11.884073257446289 -9.995000839233398 7.300000190734863
    endloop
  endfacet
  facet normal -0.9807851755259619 0 -0.1950908492690218
    outer loop
      vertex -9.449999809265137 -9.995000839233398 10.265926361083984
      vertex -9.553759574890137 -1.5000008344650269 10.78756046295166
      vertex -9.449999809265137 -1.5000008344650269 10.265926361083984
    endloop
  endfacet
  facet normal -0.9807851755259619 0 -0.1950908492690218
    outer loop
      vertex -9.553759574890137 -1.5000008344650269 10.78756046295166
      vertex -9.449999809265137 -9.995000839233398 10.265926361083984
      vertex -9.553759574890137 -9.995000839233398 10.78756046295166
    endloop
  endfacet
  facet normal -0.9807851755259619 0 0.1950908492690218
    outer loop
      vertex -9.553759574890137 -9.995000839233398 9.21243953704834
      vertex -9.449999809265137 -1.5000008344650269 9.734073638916016
      vertex -9.553759574890137 -1.5000008344650269 9.21243953704834
    endloop
  endfacet
  facet normal -0.9807851755259619 0 0.1950908492690218
    outer loop
      vertex -9.449999809265137 -1.5000008344650269 9.734073638916016
      vertex -9.553759574890137 -9.995000839233398 9.21243953704834
      vertex -9.449999809265137 -9.995000839233398 9.734073638916016
    endloop
  endfacet
  facet normal 0.8314694224211943 0 -0.5555705171970212
    outer loop
      vertex -14.247225761413574 -9.995000839233398 11.721149444580078
      vertex -14.542708396911621 -1.5000008344650269 11.278928756713867
      vertex -14.247225761413574 -1.5000007152557373 11.721149444580078
    endloop
  endfacet
  facet normal 0.8314694224211943 0 -0.5555705171970212
    outer loop
      vertex -14.542708396911621 -1.5000008344650269 11.278928756713867
      vertex -14.247225761413574 -9.995000839233398 11.721149444580078
      vertex -14.542708396911621 -9.995000839233398 11.278928756713867
    endloop
  endfacet
  facet normal -0.8314694224211943 0 -0.5555705171970212
    outer loop
      vertex -9.757290840148926 -9.995000839233398 11.278928756713867
      vertex -10.052773475646973 -1.5000007152557373 11.721149444580078
      vertex -9.757290840148926 -1.5000008344650269 11.278928756713867
    endloop
  endfacet
  facet normal -0.8314694224211943 0 -0.5555705171970212
    outer loop
      vertex -10.052773475646973 -1.5000007152557373 11.721149444580078
      vertex -9.757290840148926 -9.995000839233398 11.278928756713867
      vertex -10.052773475646973 -9.995000839233398 11.721149444580078
    endloop
  endfacet
  facet normal -0.38268319783364524 0 0.9238796296573571
    outer loop
      vertex -11.362439155578613 -1.5000009536743164 7.403759956359863
      vertex -10.871070861816406 -9.995000839233398 7.607291221618652
      vertex -10.871070861816406 -1.5000009536743164 7.607291221618652
    endloop
  endfacet
  facet normal -0.38268319783364524 0 0.9238796296573571
    outer loop
      vertex -10.871070861816406 -9.995000839233398 7.607291221618652
      vertex -11.362439155578613 -1.5000009536743164 7.403759956359863
      vertex -11.362439155578613 -9.995000839233398 7.403759956359863
    endloop
  endfacet
  facet normal 1 0 0
    outer loop
      vertex -14.84999942779541 -9.995000839233398 10.265926361083984
      vertex -14.84999942779541 -1.5000008344650269 9.734073638916016
      vertex -14.84999942779541 -1.5000008344650269 10.265926361083984
    endloop
  endfacet
  facet normal 1 0 0
    outer loop
      vertex -14.84999942779541 -1.5000008344650269 9.734073638916016
      vertex -14.84999942779541 -9.995000839233398 10.265926361083984
      vertex -14.84999942779541 -9.995000839233398 9.734073638916016
    endloop
  endfacet
  facet normal -0.9238796296573571 0 0.3826831978336452
    outer loop
      vertex -9.757290840148926 -9.995000839233398 8.721071243286133
      vertex -9.553759574890137 -1.5000008344650269 9.21243953704834
      vertex -9.757290840148926 -1.5000008344650269 8.721071243286133
    endloop
  endfacet
  facet normal -0.9238796296573571 0 0.3826831978336452
    outer loop
      vertex -9.553759574890137 -1.5000008344650269 9.21243953704834
      vertex -9.757290840148926 -9.995000839233398 8.721071243286133
      vertex -9.553759574890137 -9.995000839233398 9.21243953704834
    endloop
  endfacet
  facet normal 0.38268319783364524 0 0.9238796296573571
    outer loop
      vertex -13.42892837524414 -1.5000009536743164 7.607291221618652
      vertex -12.937560081481934 -9.995000839233398 7.403759956359863
      vertex -12.937560081481934 -1.5000009536743164 7.403759956359863
    endloop
  endfacet
  facet normal 0.38268319783364524 0 0.9238796296573571
    outer loop
      vertex -12.937560081481934 -9.995000839233398 7.403759956359863
      vertex -13.42892837524414 -1.5000009536743164 7.607291221618652
      vertex -13.42892837524414 -9.995000839233398 7.607291221618652
    endloop
  endfacet
  facet normal -0.7071067811865476 0 0.7071067811865476
    outer loop
      vertex -10.428850173950195 -9.995000839233398 7.902773857116699
      vertex -10.052773475646973 -1.5000008344650269 8.278850555419922
      vertex -10.428850173950195 -1.5000008344650269 7.902773857116699
    endloop
  endfacet
  facet normal -0.7071067811865476 0 0.7071067811865476
    outer loop
      vertex -10.052773475646973 -1.5000008344650269 8.278850555419922
      vertex -10.428850173950195 -9.995000839233398 7.902773857116699
      vertex -10.052773475646973 -9.995000839233398 8.278850555419922
    endloop
  endfacet
  facet normal 0.5555705171970212 0 -0.8314694224211943
    outer loop
      vertex -13.871149063110352 -9.995000839233398 12.0972261428833
      vertex -13.42892837524414 -1.5000007152557373 12.392708778381348
      vertex -13.42892837524414 -9.995000839233398 12.392708778381348
    endloop
  endfacet
  facet normal 0.5555705171970212 0 -0.8314694224211943
    outer loop
      vertex -13.42892837524414 -1.5000007152557373 12.392708778381348
      vertex -13.871149063110352 -9.995000839233398 12.0972261428833
      vertex -13.871149063110352 -1.5000007152557373 12.0972261428833
    endloop
  endfacet
  facet normal -0.38268319783364513 0 -0.9238796296573569
    outer loop
      vertex -11.362439155578613 -9.995000839233398 12.596240043640137
      vertex -10.871070861816406 -1.5000007152557373 12.392708778381348
      vertex -10.871070861816406 -9.995000839233398 12.392708778381348
    endloop
  endfacet
  facet normal -0.38268319783364513 0 -0.9238796296573569
    outer loop
      vertex -10.871070861816406 -1.5000007152557373 12.392708778381348
      vertex -11.362439155578613 -9.995000839233398 12.596240043640137
      vertex -11.362439155578613 -1.5000007152557373 12.596240043640137
    endloop
  endfacet
  facet normal -0.7071067811865476 0 -0.7071067811865476
    outer loop
      vertex -10.052773475646973 -9.995000839233398 11.721149444580078
      vertex -10.428850173950195 -1.5000007152557373 12.0972261428833
      vertex -10.052773475646973 -1.5000007152557373 11.721149444580078
    endloop
  endfacet
  facet normal -0.7071067811865476 0 -0.7071067811865476
    outer loop
      vertex -10.428850173950195 -1.5000007152557373 12.0972261428833
      vertex -10.052773475646973 -9.995000839233398 11.721149444580078
      vertex -10.428850173950195 -9.995000839233398 12.0972261428833
    endloop
  endfacet
  facet normal 0.7071067811865476 0 0.7071067811865476
    outer loop
      vertex -14.247225761413574 -9.995000839233398 8.278850555419922
      vertex -13.871149063110352 -1.5000008344650269 7.902773857116699
      vertex -14.247225761413574 -1.5000008344650269 8.278850555419922
    endloop
  endfacet
  facet normal 0.7071067811865476 0 0.7071067811865476
    outer loop
      vertex -13.871149063110352 -1.5000008344650269 7.902773857116699
      vertex -14.247225761413574 -9.995000839233398 8.278850555419922
      vertex -13.871149063110352 -9.995000839233398 7.902773857116699
    endloop
  endfacet
  facet normal -0.9238796296573571 0 -0.3826831978336452
    outer loop
      vertex -9.553759574890137 -9.995000839233398 10.78756046295166
      vertex -9.757290840148926 -1.5000008344650269 11.278928756713867
      vertex -9.553759574890137 -1.5000008344650269 10.78756046295166
    endloop
  endfacet
  facet normal -0.9238796296573571 0 -0.3826831978336452
    outer loop
      vertex -9.757290840148926 -1.5000008344650269 11.278928756713867
      vertex -9.553759574890137 -9.995000839233398 10.78756046295166
      vertex -9.757290840148926 -9.995000839233398 11.278928756713867
    endloop
  endfacet
  facet normal -0.8314694224211943 0 0.5555705171970212
    outer loop
      vertex -10.052773475646973 -9.995000839233398 8.278850555419922
      vertex -9.757290840148926 -1.5000008344650269 8.721071243286133
      vertex -10.052773475646973 -1.5000008344650269 8.278850555419922
    endloop
  endfacet
  facet normal -0.8314694224211943 0 0.5555705171970212
    outer loop
      vertex -9.757290840148926 -1.5000008344650269 8.721071243286133
      vertex -10.052773475646973 -9.995000839233398 8.278850555419922
      vertex -9.757290840148926 -9.995000839233398 8.721071243286133
    endloop
  endfacet
  facet normal 0 0 -1
    outer loop
      vertex -12.415925979614258 -9.995000839233398 12.699999809265137
      vertex -11.884073257446289 -1.5000007152557373 12.699999809265137
      vertex -11.884073257446289 -9.995000839233398 12.699999809265137
    endloop
  endfacet
  facet normal 0 0 -1
    outer loop
      vertex -11.884073257446289 -1.5000007152557373 12.699999809265137
      vertex -12.415925979614258 -9.995000839233398 12.699999809265137
      vertex -12.415925979614258 -1.5000007152557373 12.699999809265137
    endloop
  endfacet
  facet normal 0.9807851755259619 0 -0.1950908492690218
    outer loop
      vertex -14.74623966217041 -9.995000839233398 10.78756046295166
      vertex -14.84999942779541 -1.5000008344650269 10.265926361083984
      vertex -14.74623966217041 -1.5000008344650269 10.78756046295166
    endloop
  endfacet
  facet normal 0.9807851755259619 0 -0.1950908492690218
    outer loop
      vertex -14.84999942779541 -1.5000008344650269 10.265926361083984
      vertex -14.74623966217041 -9.995000839233398 10.78756046295166
      vertex -14.84999942779541 -9.995000839233398 10.265926361083984
    endloop
  endfacet
  facet normal -1 0 0
    outer loop
      vertex -9.449999809265137 -9.995000839233398 9.734073638916016
      vertex -9.449999809265137 -1.5000008344650269 10.265926361083984
      vertex -9.449999809265137 -1.5000008344650269 9.734073638916016
    endloop
  endfacet
  facet normal -1 0 0
    outer loop
      vertex -9.449999809265137 -1.5000008344650269 10.265926361083984
      vertex -9.449999809265137 -9.995000839233398 9.734073638916016
      vertex -9.449999809265137 -9.995000839233398 10.265926361083984
    endloop
  endfacet
  facet normal 0.9238796296573571 0 -0.3826831978336452
    outer loop
      vertex -14.542708396911621 -9.995000839233398 11.278928756713867
      vertex -14.74623966217041 -1.5000008344650269 10.78756046295166
      vertex -14.542708396911621 -1.5000008344650269 11.278928756713867
    endloop
  endfacet
  facet normal 0.9238796296573571 0 -0.3826831978336452
    outer loop
      vertex -14.74623966217041 -1.5000008344650269 10.78756046295166
      vertex -14.542708396911621 -9.995000839233398 11.278928756713867
      vertex -14.74623966217041 -9.995000839233398 10.78756046295166
    endloop
  endfacet
  facet normal -0.5555705171970212 0 -0.8314694224211943
    outer loop
      vertex -10.871070861816406 -9.995000839233398 12.392708778381348
      vertex -10.428850173950195 -1.5000007152557373 12.0972261428833
      vertex -10.428850173950195 -9.995000839233398 12.0972261428833
    endloop
  endfacet
  facet normal -0.5555705171970212 0 -0.8314694224211943
    outer loop
      vertex -10.428850173950195 -1.5000007152557373 12.0972261428833
      vertex -10.871070861816406 -9.995000839233398 12.392708778381348
      vertex -10.871070861816406 -1.5000007152557373 12.392708778381348
    endloop
  endfacet
  facet normal 0.9807851755259619 0 0.1950908492690218
    outer loop
      vertex -14.84999942779541 -9.995000839233398 9.734073638916016
      vertex -14.74623966217041 -1.5000008344650269 9.21243953704834
      vertex -14.84999942779541 -1.5000008344650269 9.734073638916016
    endloop
  endfacet
  facet normal 0.9807851755259619 0 0.1950908492690218
    outer loop
      vertex -14.74623966217041 -1.5000008344650269 9.21243953704834
      vertex -14.84999942779541 -9.995000839233398 9.734073638916016
      vertex -14.74623966217041 -9.995000839233398 9.21243953704834
    endloop
  endfacet
  facet normal 0.38268319783364513 0 -0.9238796296573569
    outer loop
      vertex -13.42892837524414 -9.995000839233398 12.392708778381348
      vertex -12.937560081481934 -1.5000007152557373 12.596240043640137
      vertex -12.937560081481934 -9.995000839233398 12.596240043640137
    endloop
  endfacet
  facet normal 0.38268319783364513 0 -0.9238796296573569
    outer loop
      vertex -12.937560081481934 -1.5000007152557373 12.596240043640137
      vertex -13.42892837524414 -9.995000839233398 12.392708778381348
      vertex -13.42892837524414 -1.5000007152557373 12.392708778381348
    endloop
  endfacet
  facet normal 0.9238796296573571 0 0.3826831978336452
    outer loop
      vertex -14.74623966217041 -9.995000839233398 9.21243953704834
      vertex -14.542708396911621 -1.5000008344650269 8.721071243286133
      vertex -14.74623966217041 -1.5000008344650269 9.21243953704834
    endloop
  endfacet
  facet normal 0.9238796296573571 0 0.3826831978336452
    outer loop
      vertex -14.542708396911621 -1.5000008344650269 8.721071243286133
      vertex -14.74623966217041 -9.995000839233398 9.21243953704834
      vertex -14.542708396911621 -9.995000839233398 8.721071243286133
    endloop
  endfacet
  facet normal -0.19509084926902176 0 -0.9807851755259618
    outer loop
      vertex -11.884073257446289 -9.995000839233398 12.699999809265137
      vertex -11.362439155578613 -1.5000007152557373 12.596240043640137
      vertex -11.362439155578613 -9.995000839233398 12.596240043640137
    endloop
  endfacet
  facet normal -0.19509084926902176 0 -0.9807851755259618
    outer loop
      vertex -11.362439155578613 -1.5000007152557373 12.596240043640137
      vertex -11.884073257446289 -9.995000839233398 12.699999809265137
      vertex -11.884073257446289 -1.5000007152557373 12.699999809265137
    endloop
  endfacet
  facet normal 0.5555705171970212 0 0.8314694224211943
    outer loop
      vertex -13.871149063110352 -1.5000008344650269 7.902773857116699
      vertex -13.42892837524414 -9.995000839233398 7.607291221618652
      vertex -13.42892837524414 -1.5000009536743164 7.607291221618652
    endloop
  endfacet
  facet normal 0.5555705171970212 0 0.8314694224211943
    outer loop
      vertex -13.42892837524414 -9.995000839233398 7.607291221618652
      vertex -13.871149063110352 -1.5000008344650269 7.902773857116699
      vertex -13.871149063110352 -9.995000839233398 7.902773857116699
    endloop
  endfacet
  facet normal 0.8314694224211943 0 0.5555705171970212
    outer loop
      vertex -14.542708396911621 -9.995000839233398 8.721071243286133
      vertex -14.247225761413574 -1.5000008344650269 8.278850555419922
      vertex -14.542708396911621 -1.5000008344650269 8.721071243286133
    endloop
  endfacet
  facet normal 0.8314694224211943 0 0.5555705171970212
    outer loop
      vertex -14.247225761413574 -1.5000008344650269 8.278850555419922
      vertex -14.542708396911621 -9.995000839233398 8.721071243286133
      vertex -14.247225761413574 -9.995000839233398 8.278850555419922
    endloop
  endfacet
  facet normal 0.7071067811865476 0 -0.7071067811865476
    outer loop
      vertex -13.871149063110352 -9.995000839233398 12.0972261428833
      vertex -14.247225761413574 -1.5000007152557373 11.721149444580078
      vertex -13.871149063110352 -1.5000007152557373 12.0972261428833
    endloop
  endfacet
  facet normal 0.7071067811865476 0 -0.7071067811865476
    outer loop
      vertex -14.247225761413574 -1.5000007152557373 11.721149444580078
      vertex -13.871149063110352 -9.995000839233398 12.0972261428833
      vertex -14.247225761413574 -9.995000839233398 11.721149444580078
    endloop
  endfacet
  facet normal 0.19509084926902176 0 -0.9807851755259618
    outer loop
      vertex -12.937560081481934 -9.995000839233398 12.596240043640137
      vertex -12.415925979614258 -1.5000007152557373 12.699999809265137
      vertex -12.415925979614258 -9.995000839233398 12.699999809265137
    endloop
  endfacet
  facet normal 0.19509084926902176 0 -0.9807851755259618
    outer loop
      vertex -12.415925979614258 -1.5000007152557373 12.699999809265137
      vertex -12.937560081481934 -9.995000839233398 12.596240043640137
      vertex -12.937560081481934 -1.5000007152557373 12.596240043640137
    endloop
  endfacet
  facet normal 0.19509084926902176 0 0.9807851755259618
    outer loop
      vertex -12.937560081481934 -1.5000009536743164 7.403759956359863
      vertex -12.415925979614258 -9.995000839233398 7.300000190734863
      vertex -12.415925979614258 -1.5000009536743164 7.300000190734863
    endloop
  endfacet
  facet normal 0.19509084926902176 0 0.9807851755259618
    outer loop
      vertex -12.415925979614258 -9.995000839233398 7.300000190734863
      vertex -12.937560081481934 -1.5000009536743164 7.403759956359863
      vertex -12.937560081481934 -9.995000839233398 7.403759956359863
    endloop
  endfacet
  facet normal 0 0 1
    outer loop
      vertex -12.415925979614258 -1.5000009536743164 7.300000190734863
      vertex -11.884073257446289 -9.995000839233398 7.300000190734863
      vertex -11.884073257446289 -1.5000009536743164 7.300000190734863
    endloop
  endfacet
  facet normal 0 0 1
    outer loop
      vertex -11.884073257446289 -9.995000839233398 7.300000190734863
      vertex -12.415925979614258 -1.5000009536743164 7.300000190734863
      vertex -12.415925979614258 -9.995000839233398 7.300000190734863
    endloop
  endfacet
  facet normal 0.9807850152718486 -0.19509165491686148 0
    outer loop
      vertex 32.83679962158203 -7.027268409729004 36.29999923706055
      vertex 33.150001525878906 -5.452707290649414 -1.410518137845429e-7
      vertex 33.150001525878906 -5.452707290649414 36.29999923706055
    endloop
  endfacet
  facet normal 0.9807850152718486 -0.19509165491686148 0
    outer loop
      vertex 33.150001525878906 -5.452707290649414 -1.410518137845429e-7
      vertex 32.83679962158203 -7.027268409729004 36.29999923706055
      vertex 32.83679962158203 -7.027268409729004 -1.1082371287329806e-7
    endloop
  endfacet
  facet normal 0.9238792984437245 -0.3826839974536843 0
    outer loop
      vertex 32.222434997558594 -8.510473251342773 36.29999923706055
      vertex 32.83679962158203 -7.027268409729004 -1.1082371287329806e-7
      vertex 32.83679962158203 -7.027268409729004 36.29999923706055
    endloop
  endfacet
  facet normal 0.9238792984437245 -0.38268399745368425 0
    outer loop
      vertex 32.83679962158203 -7.027268409729004 -1.1082371287329806e-7
      vertex 32.222434997558594 -8.510473251342773 36.29999923706055
      vertex 32.222434997558594 -8.510473251342773 -8.234945170215724e-8
    endloop
  endfacet
  facet normal 0.8314700584620335 -0.5555695652941607 0
    outer loop
      vertex 31.33051872253418 -9.845322608947754 36.29999923706055
      vertex 32.222434997558594 -8.510473251342773 -8.234945170215724e-8
      vertex 32.222434997558594 -8.510473251342773 36.29999923706055
    endloop
  endfacet
  facet normal 0.8314700584620335 -0.5555695652941607 0
    outer loop
      vertex 32.222434997558594 -8.510473251342773 -8.234945170215724e-8
      vertex 31.33051872253418 -9.845322608947754 36.29999923706055
      vertex 31.33051872253418 -9.845322608947754 -5.6723290953186734e-8
    endloop
  endfacet
  facet normal 0.7071067811865476 -0.7071067811865476 0
    outer loop
      vertex 30.195322036743164 -10.98051929473877 36.29999923706055
      vertex 31.33051872253418 -9.845322608947754 -5.6723290953186734e-8
      vertex 31.33051872253418 -9.845322608947754 36.29999923706055
    endloop
  endfacet
  facet normal 0.7071067811865476 -0.7071067811865476 0
    outer loop
      vertex 31.33051872253418 -9.845322608947754 -5.6723290953186734e-8
      vertex 30.195322036743164 -10.98051929473877 36.29999923706055
      vertex 30.195322036743164 -10.98051929473877 -3.4930017989154294e-8
    endloop
  endfacet
  facet normal 0.5555702503877108 -0.8314696006975458 0
    outer loop
      vertex 28.8604736328125 -11.8724365234375 -1.780717617805294e-8
      vertex 30.195322036743164 -10.98051929473877 36.29999923706055
      vertex 28.8604736328125 -11.8724365234375 36.29999923706055
    endloop
  endfacet
  facet normal 0.5555702503877108 -0.8314696006975459 0
    outer loop
      vertex 30.195322036743164 -10.98051929473877 36.29999923706055
      vertex 28.8604736328125 -11.8724365234375 -1.780717617805294e-8
      vertex 30.195322036743164 -10.98051929473877 -3.4930017989154294e-8
    endloop
  endfacet
  facet normal 0.3826837874294027 -0.9238793854387529 0
    outer loop
      vertex 27.377267837524414 -12.486801147460938 -6.012730757731788e-9
      vertex 28.8604736328125 -11.8724365234375 36.29999923706055
      vertex 27.377267837524414 -12.486801147460938 36.29999923706055
    endloop
  endfacet
  facet normal 0.3826837874294026 -0.9238793854387528 0
    outer loop
      vertex 28.8604736328125 -11.8724365234375 36.29999923706055
      vertex 27.377267837524414 -12.486801147460938 -6.012730757731788e-9
      vertex 28.8604736328125 -11.8724365234375 -1.780717617805294e-8
    endloop
  endfacet
  facet normal 0.19508982696589186 -0.9807853788747151 0
    outer loop
      vertex 25.802705764770508 -12.800000190734863 9.242640430784377e-7
      vertex 27.377267837524414 -12.486801147460938 36.29999923706055
      vertex 25.802705764770508 -12.800000190734863 36.29999923706055
    endloop
  endfacet
  facet normal 0.19508982696589183 -0.9807853788747151 0
    outer loop
      vertex 27.377267837524414 -12.486801147460938 -6.012730757731788e-9
      vertex 25.802705764770508 -12.800000190734863 9.242640430784377e-7
      vertex 25.802705764770508 -12.800000190734863 0
    endloop
  endfacet
  facet normal 0.19508982696589183 -0.980785378874715 0
    outer loop
      vertex 25.802705764770508 -12.800000190734863 9.242640430784377e-7
      vertex 27.377267837524414 -12.486801147460938 -6.012730757731788e-9
      vertex 27.377267837524414 -12.486801147460938 36.29999923706055
    endloop
  endfacet
  facet normal 0 -1 0
    outer loop
      vertex 25.05000114440918 -12.800000190734863 9.242640430784377e-7
      vertex 25.802705764770508 -12.800000190734863 36.29999923706055
      vertex 25.05000114440918 -12.800000190734863 36.29999923706055
    endloop
  endfacet
  facet normal 0 -1 0
    outer loop
      vertex 25.802705764770508 -12.800000190734863 36.29999923706055
      vertex 25.05000114440918 -12.800000190734863 9.242640430784377e-7
      vertex 25.802705764770508 -12.800000190734863 9.242640430784377e-7
    endloop
  endfacet
  facet normal -0.607323174161802 0.7400235053383055 0.28900479870209844
    outer loop
      vertex 26.61514663696289 -6.265147686004639 24.950193405151367
      vertex 26.367679595947266 -6.0176801681518555 23.79649543762207
      vertex 25.506671905517578 -6.724292755126953 23.79649543762207
    endloop
  endfacet
  facet normal -0.6343926369140238 0 0.7730109845463203
    outer loop
      vertex 25.766756057739258 -1.5000004768371582 21.036460876464844
      vertex 26.698707580566406 -1.9999991655349731 21.801292419433594
      vertex 26.698707580566406 -1.5000004768371582 21.801292419433594
    endloop
  endfacet
  facet normal -0.6343926369140239 0 0.7730109845463204
    outer loop
      vertex 26.698707580566406 -1.9999991655349731 21.801292419433594
      vertex 25.766756057739258 -1.5000004768371582 21.036460876464844
      vertex 25.766756057739258 -1.9999988079071045 21.036460876464844
    endloop
  endfacet
  facet normal -0.9904381686308709 0.09755060656674525 0.09755056779735607
    outer loop
      vertex 28.5 -1.9999995231628418 26.149999618530273
      vertex 28.38182830810547 -1.9999992847442627 24.950193405151367
      vertex 28.38182830810547 -3.1998050212860107 26.149999618530273
    endloop
  endfacet
  facet normal -0.4708893368936808 0.04637992094283761 0.8809722670624573
    outer loop
      vertex 25.70110321044922 -2.6665759086608887 21.036460876464844
      vertex 24.703502655029297 -1.9999991655349731 20.4681396484375
      vertex 24.658279418945312 -2.4591448307037354 20.4681396484375
    endloop
  endfacet
  facet normal -0.28890049253739514 0.9523762963345562 0.09754945203190127
    outer loop
      vertex 24.703502655029297 -7.681858062744141 26.149999618530273
      vertex 24.658279418945312 -7.572683334350586 24.950193405151367
      vertex 23.5498046875 -8.031828880310059 26.149999618530273
    endloop
  endfacet
  facet normal -0.9569549942687388 0 0.2902363501426347
    outer loop
      vertex 28.032596588134766 -1.5000003576278687 23.79892921447754
      vertex 28.031858444213867 -1.5000003576278687 23.79649543762207
      vertex 28.031858444213867 -1.999998688697815 23.79649543762207
    endloop
  endfacet
  facet normal -0.3826135657918318 0.9237117422729227 0.0190650585936996
    outer loop
      vertex 25.5793399810791 -7.528566837310791 36.29999923706055
      vertex 24.703502655029297 -7.681858062744141 26.149999618530273
      vertex 24.60713768005371 -7.931265830993652 36.29999923706055
    endloop
  endfacet
  facet normal -0.7707794398116382 0.07591676278368426 0.6325628034370208
    outer loop
      vertex 27.36528205871582 -2.9976017475128174 22.73324203491211
      vertex 26.698707580566406 -1.9999991655349731 21.801292419433594
      vertex 26.61514663696289 -2.8483896255493164 21.801292419433594
    endloop
  endfacet
  facet normal -0.7693246177376063 0.6313665139882981 0.09754976964170672
    outer loop
      vertex 27.463537216186523 -5.4167561531066895 26.149999618530273
      vertex 27.36528205871582 -5.351103782653809 24.950193405151367
      vertex 26.698707580566406 -6.348706245422363 26.14999771118164
    endloop
  endfacet
  facet normal -0.773011123670362 0 0.6343924673905612
    outer loop
      vertex 26.698707580566406 -1.9999991655349731 21.801292419433594
      vertex 27.463537216186523 -1.5000003576278687 22.73324203491211
      vertex 26.698707580566406 -1.5000004768371582 21.801292419433594
    endloop
  endfacet
  facet normal -0.773011123670362 0 0.6343924673905612
    outer loop
      vertex 27.463537216186523 -1.5000003576278687 22.73324203491211
      vertex 26.698707580566406 -1.9999991655349731 21.801292419433594
      vertex 27.463537216186523 -1.9999995231628418 22.73324203491211
    endloop
  endfacet
  facet normal -0.7068719814725358 0.7068724344588339 0.025755838393117195
    outer loop
      vertex 27.255666732788086 -6.161576271057129 36.29999923706055
      vertex 26.698707580566406 -6.348706245422363 26.14999771118164
      vertex 26.51157569885254 -6.905666828155518 36.29999923706055
    endloop
  endfacet
  facet normal -0.075915841532823 0.7707798486397801 0.6325624158414732
    outer loop
      vertex 23.34760093688965 -7.015282154083252 22.73324203491211
      vertex 23.19839096069336 -6.2651472091674805 21.801292419433594
      vertex 22.349998474121094 -7.1135382652282715 22.73324203491211
    endloop
  endfacet
  facet normal -0.4512808947279023 0.8442882632967036 0.28900325692458917
    outer loop
      vertex 25.70110321044922 -7.01528263092041 24.950193405151367
      vertex 25.506671905517578 -6.724292755126953 23.79649543762207
      vertex 24.52435302734375 -7.24935245513916 23.79649543762207
    endloop
  endfacet
  facet normal -0.5600829971481227 0.682463103120491 0.4696287354759353
    outer loop
      vertex 25.506671905517578 -6.724292755126953 23.79649543762207
      vertex 25.965816497802734 -5.615817546844482 22.73324203491211
      vertex 25.190929412841797 -6.251750946044922 22.73324203491211
    endloop
  endfacet
  facet normal -0.5554091991329176 0.8312288428347963 0.02406724658236778
    outer loop
      vertex 26.484821319580078 -6.927623748779297 36.29999923706055
      vertex 25.766756057739258 -7.1135382652282715 26.149999618530273
      vertex 25.60986328125 -7.512251853942871 36.29999923706055
    endloop
  endfacet
  facet normal -0.47139702322934907 0 0.8819211112625145
    outer loop
      vertex 24.703502655029297 -1.5000004768371582 20.4681396484375
      vertex 25.766756057739258 -1.9999988079071045 21.036460876464844
      vertex 25.766756057739258 -1.5000004768371582 21.036460876464844
    endloop
  endfacet
  facet normal -0.4713970232293491 0 0.8819211112625146
    outer loop
      vertex 25.766756057739258 -1.9999988079071045 21.036460876464844
      vertex 24.703502655029297 -1.5000004768371582 20.4681396484375
      vertex 24.703502655029297 -1.9999991655349731 20.4681396484375
    endloop
  endfacet
  facet normal -0.9951846381423073 0 0.09801803918445258
    outer loop
      vertex 28.38182830810547 -1.9999992847442627 24.950193405151367
      vertex 28.5 -1.500000238418579 26.149999618530273
      vertex 28.38182830810547 -1.5000003576278687 24.950193405151367
    endloop
  endfacet
  facet normal -0.9951846381423074 0 0.0980180391844526
    outer loop
      vertex 28.5 -1.500000238418579 26.149999618530273
      vertex 28.38182830810547 -1.9999992847442627 24.950193405151367
      vertex 28.5 -1.9999995231628418 26.149999618530273
    endloop
  endfacet
  facet normal -0.9904386486167955 0.09754816986932996 0.0975481311009092
    outer loop
      vertex 28.38182830810547 -3.1998050212860107 26.149999618530273
      vertex 28.38182830810547 -1.9999992847442627 24.950193405151367
      vertex 28.26593017578125 -3.176751136779785 24.950193405151367
    endloop
  endfacet
  facet normal -0.4712190763886107 0.8815921530845463 0.02734698643760638
    outer loop
      vertex 25.766756057739258 -7.1135382652282715 26.149999618530273
      vertex 25.5793399810791 -7.528566837310791 36.29999923706055
      vertex 25.60986328125 -7.512251853942871 36.29999923706055
    endloop
  endfacet
  facet normal -0.47121979916475737 0.8815917676565589 0.027346957331842038
    outer loop
      vertex 25.5793399810791 -7.528566837310791 36.29999923706055
      vertex 25.766756057739258 -7.1135382652282715 26.149999618530273
      vertex 24.703502655029297 -7.681858062744141 26.149999618530273
    endloop
  endfacet
  facet normal -0.8448482466167488 0.25628141105052177 0.4696288731951633
    outer loop
      vertex 27.922683715820312 -3.1084747314453125 23.79649543762207
      vertex 27.36528205871582 -2.9976017475128174 22.73324203491211
      vertex 27.07429313659668 -3.9568655490875244 22.73324203491211
    endloop
  endfacet
  facet normal -0.9569404406117012 -2.550381344968241e-7 0.29028433151277394
    outer loop
      vertex 28.031858444213867 -1.999998688697815 23.79649543762207
      vertex 28.38182830810547 -1.5000003576278687 24.950193405151367
      vertex 28.032596588134766 -1.5000003576278687 23.79892921447754
    endloop
  endfacet
  facet normal -0.9569404713153814 0 0.29028423029626654
    outer loop
      vertex 28.38182830810547 -1.5000003576278687 24.950193405151367
      vertex 28.031858444213867 -1.999998688697815 23.79649543762207
      vertex 28.38182830810547 -1.9999992847442627 24.950193405151367
    endloop
  endfacet
  facet normal 0 0.7730101538818702 0.6343936490819618
    outer loop
      vertex 22.349998474121094 -6.348706245422363 21.801292419433594
      vertex -72.1500015258789 -7.1135382652282715 22.73324203491211
      vertex 22.349998474121094 -7.1135382652282715 22.73324203491211
    endloop
  endfacet
  facet normal 0 0.7730101538818702 0.6343936490819618
    outer loop
      vertex -72.1500015258789 -7.1135382652282715 22.73324203491211
      vertex 22.349998474121094 -6.348706245422363 21.801292419433594
      vertex -72.1500015258789 -6.348706245422363 21.801292419433594
    endloop
  endfacet
  facet normal -0.18468589738356364 0.6088266379862757 0.771505829003227
    outer loop
      vertex 24.014177322387695 -6.017680644989014 21.801292419433594
      vertex 23.657535552978516 -5.156671524047852 21.036460876464844
      vertex 23.19839096069336 -6.2651472091674805 21.801292419433594
    endloop
  endfacet
  facet normal -0.41729680512352657 0.22305010038290246 0.8809722067993261
    outer loop
      vertex 25.190929412841797 -3.898247718811035 21.036460876464844
      vertex 25.506671905517578 -3.3075358867645264 21.036460876464844
      vertex 24.52435302734375 -2.900646686553955 20.4681396484375
    endloop
  endfacet
  facet normal -0.6313670475306391 0.7693241108471819 0.09755031400070832
    outer loop
      vertex 25.766756057739258 -7.1135382652282715 26.149999618530273
      vertex 26.61514663696289 -6.265147686004639 24.950193405151367
      vertex 25.70110321044922 -7.01528263092041 24.950193405151367
    endloop
  endfacet
  facet normal -0.7707804150557579 0.07591517862340787 0.632561805218312
    outer loop
      vertex 27.36528205871582 -2.9976017475128174 22.73324203491211
      vertex 27.463537216186523 -1.9999995231628418 22.73324203491211
      vertex 26.698707580566406 -1.9999991655349731 21.801292419433594
    endloop
  endfacet
  facet normal -0.7726467888942468 0.6340930789288688 0.03070678859660455
    outer loop
      vertex 26.698707580566406 -6.348706245422363 26.14999771118164
      vertex 27.27762222290039 -6.134821891784668 36.29999923706055
      vertex 27.463537216186523 -5.4167561531066895 26.149999618530273
    endloop
  endfacet
  facet normal -0.7726637615433057 0.6340723290172519 0.030708193896540444
    outer loop
      vertex 27.27762222290039 -6.134821891784668 36.29999923706055
      vertex 26.698707580566406 -6.348706245422363 26.14999771118164
      vertex 27.255666732788086 -6.161576271057129 36.29999923706055
    endloop
  endfacet
  facet normal -0.4512811607269463 0.8442880107030751 0.2890035794864558
    outer loop
      vertex 24.658279418945312 -7.572683334350586 24.950193405151367
      vertex 25.70110321044922 -7.01528263092041 24.950193405151367
      vertex 24.52435302734375 -7.24935245513916 23.79649543762207
    endloop
  endfacet
  facet normal 0 1 0
    outer loop
      vertex 22.349998474121094 -8.149999618530273 26.149999618530273
      vertex -72.1500015258789 -8.149999618530273 36.29999923706055
      vertex 23.485754013061523 -8.149999618530273 36.29999923706055
    endloop
  endfacet
  facet normal 0 1 0
    outer loop
      vertex -72.1500015258789 -8.149999618530273 36.29999923706055
      vertex 22.349998474121094 -8.149999618530273 26.149999618530273
      vertex -72.1500015258789 -8.149999618530273 26.149999618530273
    endloop
  endfacet
  facet normal -0.0980119041039752 0.009652585046026932 0.9951384296950062
    outer loop
      vertex 23.526752471923828 -2.234070301055908 20.1181697845459
      vertex 23.5498046875 -1.9999991655349731 20.1181697845459
      vertex 22.349998474121094 -1.999998927116394 20
    endloop
  endfacet
  facet normal 0 0.956940251579141 0.2902849546698042
    outer loop
      vertex 22.349998474121094 -7.681858062744141 23.79649543762207
      vertex -72.1500015258789 -8.031828880310059 24.950193405151367
      vertex 22.349998474121094 -8.031828880310059 24.950193405151367
    endloop
  endfacet
  facet normal 0 0.956940251579141 0.2902849546698042
    outer loop
      vertex -72.1500015258789 -8.031828880310059 24.950193405151367
      vertex 22.349998474121094 -7.681858062744141 23.79649543762207
      vertex -72.1500015258789 -7.681858062744141 23.79649543762207
    endloop
  endfacet
  facet normal -0.8786128629500327 0.08653531242578572 0.4696286583696941
    outer loop
      vertex 27.922683715820312 -3.1084747314453125 23.79649543762207
      vertex 28.031858444213867 -1.999998688697815 23.79649543762207
      vertex 27.463537216186523 -1.9999995231628418 22.73324203491211
    endloop
  endfacet
  facet normal -0.9527182977175279 0.09383401839797291 0.28900349856966184
    outer loop
      vertex 28.38182830810547 -1.9999992847442627 24.950193405151367
      vertex 28.031858444213867 -1.999998688697815 23.79649543762207
      vertex 27.922683715820312 -3.1084747314453125 23.79649543762207
    endloop
  endfacet
  facet normal 0 0 1
    outer loop
      vertex -72.1500015258789 -1.5000004768371582 20
      vertex 22.349998474121094 -1.999998927116394 20
      vertex 22.349998474121094 -1.5000004768371582 20
    endloop
  endfacet
  facet normal 0 0 1
    outer loop
      vertex 22.349998474121094 -1.999998927116394 20
      vertex -72.1500015258789 -1.5000004768371582 20
      vertex -72.1500015258789 -1.999998927116394 20
    endloop
  endfacet
  facet normal -0.9237117703111858 0.38261349967344527 0.019065027044660756
    outer loop
      vertex 28.281265258789062 -4.257138729095459 36.29999923706055
      vertex 28.031858444213867 -4.35350227355957 26.149999618530273
      vertex 27.87856674194336 -5.229340076446533 36.29999923706055
    endloop
  endfacet
  facet normal -0.9567343142178617 0.29022187325783527 0.020753705230417464
    outer loop
      vertex 28.031858444213867 -4.35350227355957 26.149999618530273
      vertex 28.29131317138672 -4.224018096923828 36.29999923706055
      vertex 28.38182830810547 -3.1998050212860107 26.149999618530273
    endloop
  endfacet
  facet normal -0.956727187377773 0.2902454007749094 0.020753222911825207
    outer loop
      vertex 28.29131317138672 -4.224018096923828 36.29999923706055
      vertex 28.031858444213867 -4.35350227355957 26.149999618530273
      vertex 28.281265258789062 -4.257138729095459 36.29999923706055
    endloop
  endfacet
  facet normal -0.2889006522228179 0.9523762642626693 0.09754929222866139
    outer loop
      vertex 23.5498046875 -8.031828880310059 26.149999618530273
      vertex 24.658279418945312 -7.572683334350586 24.950193405151367
      vertex 23.526752471923828 -7.915928840637207 24.950193405151367
    endloop
  endfacet
  facet normal -0.36510121890830705 0.6830557849303717 0.632562957044453
    outer loop
      vertex 25.190929412841797 -6.251750946044922 22.73324203491211
      vertex 24.766010284423828 -5.615817070007324 21.801292419433594
      vertex 24.306865692138672 -6.724293231964111 22.73324203491211
    endloop
  endfacet
  facet normal -0.9161054357940794 0.2778979511098062 0.2890044277818452
    outer loop
      vertex 28.26593017578125 -3.176751136779785 24.950193405151367
      vertex 27.922683715820312 -3.1084747314453125 23.79649543762207
      vertex 27.922683715820312 -4.308281421661377 24.950193405151367
    endloop
  endfacet
  facet normal -0.8777150936623385 0.469148647828855 0.09754876010318984
    outer loop
      vertex 28.031858444213867 -4.35350227355957 26.149999618530273
      vertex 27.922683715820312 -4.308281421661377 24.950193405151367
      vertex 27.463537216186523 -5.4167561531066895 26.149999618530273
    endloop
  endfacet
  facet normal -0.09754977884693598 0.9904383482498245 0.09754957182414054
    outer loop
      vertex 23.5498046875 -8.031828880310059 26.149999618530273
      vertex 23.526752471923828 -7.915928840637207 24.950193405151367
      vertex 22.349998474121094 -8.149999618530273 26.149999618530273
    endloop
  endfacet
  facet normal -0.277898006814594 0.9161054623441975 0.2890042900574309
    outer loop
      vertex 23.526752471923828 -7.915928840637207 24.950193405151367
      vertex 24.658279418945312 -7.572683334350586 24.950193405151367
      vertex 23.45847511291504 -7.572682857513428 23.79649543762207
    endloop
  endfacet
  facet normal 0 0.47139669437063136 0.8819212870412199
    outer loop
      vertex -72.1500015258789 -4.3535027503967285 20.4681396484375
      vertex 22.349998474121094 -5.416757106781006 21.036460876464844
      vertex 22.349998474121094 -4.3535027503967285 20.4681396484375
    endloop
  endfacet
  facet normal 0 0.47139669437063136 0.8819212870412199
    outer loop
      vertex 22.349998474121094 -5.416757106781006 21.036460876464844
      vertex -72.1500015258789 -4.3535027503967285 20.4681396484375
      vertex -72.1500015258789 -5.416757106781006 21.036460876464844
    endloop
  endfacet
  facet normal -0.9951224669482438 0.09801197422872761 0.011177150022647311
    outer loop
      vertex 28.38182830810547 -3.1998050212860107 26.149999618530273
      vertex 28.5 -3.157491445541382 36.29999923706055
      vertex 28.5 -1.9999995231628418 26.149999618530273
    endloop
  endfacet
  facet normal -0.9951205820447002 0.09803112150384283 0.011177048255952187
    outer loop
      vertex 28.5 -3.157491445541382 36.29999923706055
      vertex 28.38182830810547 -3.1998050212860107 26.149999618530273
      vertex 28.496606826782227 -3.1919357776641846 36.29999923706055
    endloop
  endfacet
  facet normal -1 0 0
    outer loop
      vertex 28.5 -1.9999995231628418 26.149999618530273
      vertex 28.5 -1.4999998807907104 36.29999923706055
      vertex 28.5 -1.500000238418579 26.149999618530273
    endloop
  endfacet
  facet normal -1 0 0
    outer loop
      vertex 28.5 -1.4999998807907104 36.29999923706055
      vertex 28.5 -1.9999995231628418 26.149999618530273
      vertex 28.5 -3.157491445541382 36.29999923706055
    endloop
  endfacet
  facet normal -0.8819211112625145 0 0.47139702322934907
    outer loop
      vertex 27.463537216186523 -1.5000003576278687 22.73324203491211
      vertex 28.031858444213867 -1.999998688697815 23.79649543762207
      vertex 28.031858444213867 -1.5000003576278687 23.79649543762207
    endloop
  endfacet
  facet normal -0.8819211112625145 0 0.47139702322934907
    outer loop
      vertex 28.031858444213867 -1.999998688697815 23.79649543762207
      vertex 27.463537216186523 -1.5000003576278687 22.73324203491211
      vertex 27.463537216186523 -1.9999995231628418 22.73324203491211
    endloop
  endfacet
  facet normal -0.878612647274492 0.08653571724938453 0.46962898727553404
    outer loop
      vertex 27.922683715820312 -3.1084747314453125 23.79649543762207
      vertex 27.463537216186523 -1.9999995231628418 22.73324203491211
      vertex 27.36528205871582 -2.9976017475128174 22.73324203491211
    endloop
  endfacet
  facet normal -0.7411583596572187 0.22482846831492934 0.6325633926693702
    outer loop
      vertex 27.07429313659668 -3.9568655490875244 22.73324203491211
      vertex 26.61514663696289 -2.8483896255493164 21.801292419433594
      vertex 26.367679595947266 -3.664177179336548 21.801292419433594
    endloop
  endfacet
  facet normal -0.9523763813026983 0.2889006381890763 0.09754819111968122
    outer loop
      vertex 28.38182830810547 -3.1998050212860107 26.149999618530273
      vertex 28.26593017578125 -3.176751136779785 24.950193405151367
      vertex 27.922683715820312 -4.308281421661377 24.950193405151367
    endloop
  endfacet
  facet normal -0.9527181364331881 0.09383308167564589 0.28900433438708945
    outer loop
      vertex 28.26593017578125 -3.176751136779785 24.950193405151367
      vertex 28.38182830810547 -1.9999992847442627 24.950193405151367
      vertex 27.922683715820312 -3.1084747314453125 23.79649543762207
    endloop
  endfacet
  facet normal -0.49134238259750324 0.5987040560316966 0.6325631323074432
    outer loop
      vertex 25.190929412841797 -6.251750946044922 22.73324203491211
      vertex 25.424999237060547 -5.075000286102295 21.801292419433594
      vertex 24.766010284423828 -5.615817070007324 21.801292419433594
    endloop
  endfacet
  facet normal -0.4036148545195302 0.49180746264552716 0.7715053265515065
    outer loop
      vertex 24.766010284423828 -5.615817070007324 21.801292419433594
      vertex 25.424999237060547 -5.075000286102295 21.801292419433594
      vertex 24.248249053955078 -4.8409295082092285 21.036460876464844
    endloop
  endfacet
  facet normal -0.6331578660172048 0.06236130320274668 0.7715064384458462
    outer loop
      vertex 26.698707580566406 -1.9999991655349731 21.801292419433594
      vertex 25.766756057739258 -1.9999988079071045 21.036460876464844
      vertex 25.70110321044922 -2.6665759086608887 21.036460876464844
    endloop
  endfacet
  facet normal 0 0.6343936067017376 0.773010188662453
    outer loop
      vertex -72.1500015258789 -5.416757106781006 21.036460876464844
      vertex 22.349998474121094 -6.348706245422363 21.801292419433594
      vertex 22.349998474121094 -5.416757106781006 21.036460876464844
    endloop
  endfacet
  facet normal 0 0.6343936067017376 0.773010188662453
    outer loop
      vertex 22.349998474121094 -6.348706245422363 21.801292419433594
      vertex -72.1500015258789 -5.416757106781006 21.036460876464844
      vertex -72.1500015258789 -6.348706245422363 21.801292419433594
    endloop
  endfacet
  facet normal 0 0.29028423029626654 0.9569404713153813
    outer loop
      vertex -72.1500015258789 -3.1998047828674316 20.1181697845459
      vertex 22.349998474121094 -4.3535027503967285 20.4681396484375
      vertex 22.349998474121094 -3.1998047828674316 20.1181697845459
    endloop
  endfacet
  facet normal 0 0.29028423029626654 0.9569404713153813
    outer loop
      vertex 22.349998474121094 -4.3535027503967285 20.4681396484375
      vertex -72.1500015258789 -3.1998047828674316 20.1181697845459
      vertex -72.1500015258789 -4.3535027503967285 20.4681396484375
    endloop
  endfacet
  facet normal -0.8312284235316905 0.5554098249741516 0.024067285580283232
    outer loop
      vertex 27.86225128173828 -5.25986385345459 36.29999923706055
      vertex 27.463537216186523 -5.4167561531066895 26.149999618530273
      vertex 27.27762222290039 -6.134821891784668 36.29999923706055
    endloop
  endfacet
  facet normal -0.6313670794417477 0.7693240894391054 0.09755027629837447
    outer loop
      vertex 26.698707580566406 -6.348706245422363 26.14999771118164
      vertex 26.61514663696289 -6.265147686004639 24.950193405151367
      vertex 25.766756057739258 -7.1135382652282715 26.149999618530273
    endloop
  endfacet
  facet normal -0.6340970462949926 0.7726435397207081 0.03070661830649107
    outer loop
      vertex 26.698707580566406 -6.348706245422363 26.14999771118164
      vertex 26.484821319580078 -6.927623748779297 36.29999923706055
      vertex 26.51157569885254 -6.905666828155518 36.29999923706055
    endloop
  endfacet
  facet normal -0.6340936773371906 0.7726462954938618 0.03070684647779683
    outer loop
      vertex 26.484821319580078 -6.927623748779297 36.29999923706055
      vertex 26.698707580566406 -6.348706245422363 26.14999771118164
      vertex 25.766756057739258 -7.1135382652282715 26.149999618530273
    endloop
  endfacet
  facet normal -0.7400232776731989 0.6073234706466865 0.2890047586173605
    outer loop
      vertex 26.61514663696289 -6.265147686004639 24.950193405151367
      vertex 27.07429313659668 -5.15667200088501 23.79649543762207
      vertex 26.367679595947266 -6.0176801681518555 23.79649543762207
    endloop
  endfacet
  facet normal -0.6073220286925176 0.7400251272998281 0.2890030526303799
    outer loop
      vertex 25.70110321044922 -7.01528263092041 24.950193405151367
      vertex 26.61514663696289 -6.265147686004639 24.950193405151367
      vertex 25.506671905517578 -6.724292755126953 23.79649543762207
    endloop
  endfacet
  facet normal -0.8815913611494092 0.4712205566558915 0.02734700955577901
    outer loop
      vertex 27.463537216186523 -5.4167561531066895 26.149999618530273
      vertex 27.87856674194336 -5.229340076446533 36.29999923706055
      vertex 28.031858444213867 -4.35350227355957 26.149999618530273
    endloop
  endfacet
  facet normal -0.881589490750793 0.4712240641046215 0.02734686831213521
    outer loop
      vertex 27.87856674194336 -5.229340076446533 36.29999923706055
      vertex 27.463537216186523 -5.4167561531066895 26.149999618530273
      vertex 27.86225128173828 -5.25986385345459 36.29999923706055
    endloop
  endfacet
  facet normal -0.9523765191256967 0.2888999519719286 0.09754887784407801
    outer loop
      vertex 28.031858444213867 -4.35350227355957 26.149999618530273
      vertex 28.38182830810547 -3.1998050212860107 26.149999618530273
      vertex 27.922683715820312 -4.308281421661377 24.950193405151367
    endloop
  endfacet
  facet normal 0 0.8819216045506791 0.4713961003516634
    outer loop
      vertex 22.349998474121094 -7.1135382652282715 22.73324203491211
      vertex -72.1500015258789 -7.681858062744141 23.79649543762207
      vertex 22.349998474121094 -7.681858062744141 23.79649543762207
    endloop
  endfacet
  facet normal 0 0.8819216045506791 0.4713961003516634
    outer loop
      vertex -72.1500015258789 -7.681858062744141 23.79649543762207
      vertex 22.349998474121094 -7.1135382652282715 22.73324203491211
      vertex -72.1500015258789 -7.1135382652282715 22.73324203491211
    endloop
  endfacet
  facet normal -0.1950790463460923 0.9807265181313221 0.010939026954570072
    outer loop
      vertex 24.574018478393555 -7.941312789916992 36.29999923706055
      vertex 23.5498046875 -8.031828880310059 26.149999618530273
      vertex 23.541934967041016 -8.146607398986816 36.29999923706055
    endloop
  endfacet
  facet normal 0 0.9951847153037992 0.09801725575477158
    outer loop
      vertex 22.349998474121094 -8.031828880310059 24.950193405151367
      vertex -72.1500015258789 -8.149999618530273 26.149999618530273
      vertex 22.349998474121094 -8.149999618530273 26.149999618530273
    endloop
  endfacet
  facet normal 0 0.9951847153037992 0.09801725575477158
    outer loop
      vertex -72.1500015258789 -8.149999618530273 26.149999618530273
      vertex 22.349998474121094 -8.031828880310059 24.950193405151367
      vertex -72.1500015258789 -8.031828880310059 24.950193405151367
    endloop
  endfacet
  facet normal -0.08464571317729556 0.27901180117958013 0.9565497990398794
    outer loop
      vertex 23.250646591186523 -4.174352645874023 20.4681396484375
      vertex 22.809144973754883 -3.1084752082824707 20.1181697845459
      vertex 22.584070205688477 -3.176751136779785 20.118167877197266
    endloop
  endfacet
  facet normal -0.2230493358965863 0.41729718405710026 0.880972220864033
    outer loop
      vertex 23.657535552978516 -5.156671524047852 21.036460876464844
      vertex 24.248249053955078 -4.8409295082092285 21.036460876464844
      vertex 23.250646591186523 -4.174352645874023 20.4681396484375
    endloop
  endfacet
  facet normal -0.06247201240751618 0.07613546272832013 0.9951385024110462
    outer loop
      vertex 23.01657485961914 -2.9976015090942383 20.1181697845459
      vertex 23.19839096069336 -2.8483896255493164 20.118167877197266
      vertex 22.349998474121094 -1.999998927116394 20
    endloop
  endfacet
  facet normal -0.9807266482957268 0.1950783913407623 0.010939038098946072
    outer loop
      vertex 28.496606826782227 -3.1919357776641846 36.29999923706055
      vertex 28.38182830810547 -3.1998050212860107 26.149999618530273
      vertex 28.29131317138672 -4.224018096923828 36.29999923706055
    endloop
  endfacet
  facet normal -0.49180494430257793 0.4036156941678731 0.7715064926369214
    outer loop
      vertex 25.424999237060547 -5.075000286102295 21.801292419433594
      vertex 25.190929412841797 -3.898247718811035 21.036460876464844
      vertex 24.766010284423828 -4.416010856628418 21.036460876464844
    endloop
  endfacet
  facet normal -0.741159068641201 0.2248277044840965 0.6325628334539733
    outer loop
      vertex 27.07429313659668 -3.9568655490875244 22.73324203491211
      vertex 27.36528205871582 -2.9976017475128174 22.73324203491211
      vertex 26.61514663696289 -2.8483896255493164 21.801292419433594
    endloop
  endfacet
  facet normal -0.09801647232490832 0 0.995184792464686
    outer loop
      vertex 22.349998474121094 -1.5000004768371582 20
      vertex 23.5498046875 -1.9999991655349731 20.1181697845459
      vertex 23.5498046875 -1.5000004768371582 20.1181697845459
    endloop
  endfacet
  facet normal -0.09801647232490833 0 0.9951847924646863
    outer loop
      vertex 23.5498046875 -1.9999991655349731 20.1181697845459
      vertex 22.349998474121094 -1.5000004768371582 20
      vertex 22.349998474121094 -1.999998927116394 20
    endloop
  endfacet
  facet normal -0.27789753425309166 0.9161057607310862 0.2890037986106233
    outer loop
      vertex 24.658279418945312 -7.572683334350586 24.950193405151367
      vertex 24.52435302734375 -7.24935245513916 23.79649543762207
      vertex 23.45847511291504 -7.572682857513428 23.79649543762207
    endloop
  endfacet
  facet normal -0.08653655496930779 0.8786128348746862 0.4696284819381288
    outer loop
      vertex 23.45847511291504 -7.572682857513428 23.79649543762207
      vertex 23.34760093688965 -7.015282154083252 22.73324203491211
      vertex 22.349998474121094 -7.1135382652282715 22.73324203491211
    endloop
  endfacet
  facet normal -0.07591485269067888 0.7707794815339164 0.6325629818344254
    outer loop
      vertex 23.19839096069336 -6.2651472091674805 21.801292419433594
      vertex 22.349998474121094 -6.348706245422363 21.801292419433594
      vertex 22.349998474121094 -7.1135382652282715 22.73324203491211
    endloop
  endfacet
  facet normal -0.06236046026169893 0.6331588816298982 0.7715056730893985
    outer loop
      vertex 23.19839096069336 -6.2651472091674805 21.801292419433594
      vertex 22.349998474121094 -5.416757106781006 21.036460876464844
      vertex 22.349998474121094 -6.348706245422363 21.801292419433594
    endloop
  endfacet
  facet normal -0.7693240578243947 0.6313670759852714 0.0975505479964907
    outer loop
      vertex 26.698707580566406 -6.348706245422363 26.14999771118164
      vertex 27.36528205871582 -5.351103782653809 24.950193405151367
      vertex 26.61514663696289 -6.265147686004639 24.950193405151367
    endloop
  endfacet
  facet normal -0.740025170835679 0.6073221336497872 0.2890027205904711
    outer loop
      vertex 27.36528205871582 -5.351103782653809 24.950193405151367
      vertex 27.07429313659668 -5.15667200088501 23.79649543762207
      vertex 26.61514663696289 -6.265147686004639 24.950193405151367
    endloop
  endfacet
  facet normal -0.4161794736849536 0.7786164010073563 0.46962873183576265
    outer loop
      vertex 25.506671905517578 -6.724292755126953 23.79649543762207
      vertex 25.190929412841797 -6.251750946044922 22.73324203491211
      vertex 24.306865692138672 -6.724293231964111 22.73324203491211
    endloop
  endfacet
  facet normal -0.4913435042944927 0.5987037891640088 0.6325625136128965
    outer loop
      vertex 25.965816497802734 -5.615817546844482 22.73324203491211
      vertex 25.424999237060547 -5.075000286102295 21.801292419433594
      vertex 25.190929412841797 -6.251750946044922 22.73324203491211
    endloop
  endfacet
  facet normal -0.09800249015688722 0.9951234015986653 0.01117709773379079
    outer loop
      vertex 23.5498046875 -8.031828880310059 26.149999618530273
      vertex 23.507490158081055 -8.149999618530273 36.29999923706055
      vertex 23.541934967041016 -8.146607398986816 36.29999923706055
    endloop
  endfacet
  facet normal -0.09801113308783664 0.9951225508970973 0.011177051797869042
    outer loop
      vertex 23.507490158081055 -8.149999618530273 36.29999923706055
      vertex 23.5498046875 -8.031828880310059 26.149999618530273
      vertex 22.349998474121094 -8.149999618530273 26.149999618530273
    endloop
  endfacet
  facet normal -0.29023165158891967 0.9567313522904606 0.020753504774723715
    outer loop
      vertex 24.703502655029297 -7.681858062744141 26.149999618530273
      vertex 24.574018478393555 -7.941312789916992 36.29999923706055
      vertex 24.60713768005371 -7.931265830993652 36.29999923706055
    endloop
  endfacet
  facet normal -0.29022243277786625 0.9567341447381289 0.020753693760337394
    outer loop
      vertex 24.574018478393555 -7.941312789916992 36.29999923706055
      vertex 24.703502655029297 -7.681858062744141 26.149999618530273
      vertex 23.5498046875 -8.031828880310059 26.149999618530273
    endloop
  endfacet
  facet normal -0.09383444907450832 0.9527180783692998 0.28900408183136833
    outer loop
      vertex 23.526752471923828 -7.915928840637207 24.950193405151367
      vertex 23.45847511291504 -7.572682857513428 23.79649543762207
      vertex 22.349998474121094 -8.031828880310059 24.950193405151367
    endloop
  endfacet
  facet normal -0.09754956780722539 0.9904383486416549 0.09754977888552796
    outer loop
      vertex 23.526752471923828 -7.915928840637207 24.950193405151367
      vertex 22.349998474121094 -8.031828880310059 24.950193405151367
      vertex 22.349998474121094 -8.149999618530273 26.149999618530273
    endloop
  endfacet
  facet normal -0.22482848146637505 0.7411587480902847 0.6325629328776433
    outer loop
      vertex 24.306865692138672 -6.724293231964111 22.73324203491211
      vertex 24.014177322387695 -6.017680644989014 21.801292419433594
      vertex 23.19839096069336 -6.2651472091674805 21.801292419433594
    endloop
  endfacet
  facet normal -0.13735275608737682 0.45279378230649664 0.8809721965532049
    outer loop
      vertex 23.657535552978516 -5.156671524047852 21.036460876464844
      vertex 23.250646591186523 -4.174352645874023 20.4681396484375
      vertex 23.01657485961914 -5.351103782653809 21.036460876464844
    endloop
  endfacet
  facet normal 0 0.09801650126013607 0.9951847896148341
    outer loop
      vertex -72.1500015258789 -1.999998927116394 20
      vertex 22.349998474121094 -3.1998047828674316 20.1181697845459
      vertex 22.349998474121094 -1.999998927116394 20
    endloop
  endfacet
  facet normal 0 0.09801650126013607 0.9951847896148341
    outer loop
      vertex 22.349998474121094 -3.1998047828674316 20.1181697845459
      vertex -72.1500015258789 -1.999998927116394 20
      vertex -72.1500015258789 -3.1998047828674316 20.1181697845459
    endloop
  endfacet
  facet normal -0.7786164658901273 0.41617920064065755 0.4696288662325512
    outer loop
      vertex 27.07429313659668 -5.15667200088501 23.79649543762207
      vertex 27.07429313659668 -3.9568655490875244 22.73324203491211
      vertex 26.60175132751465 -4.84092903137207 22.73324203491211
    endloop
  endfacet
  facet normal -0.6824629147570008 0.5600830684864387 0.46962892412647866
    outer loop
      vertex 27.07429313659668 -5.15667200088501 23.79649543762207
      vertex 26.60175132751465 -4.84092903137207 22.73324203491211
      vertex 25.965816497802734 -5.615817546844482 22.73324203491211
    endloop
  endfacet
  facet normal -0.2999123920823147 0.5610982708229364 0.7715058571099603
    outer loop
      vertex 24.014177322387695 -6.017680644989014 21.801292419433594
      vertex 24.248249053955078 -4.8409295082092285 21.036460876464844
      vertex 23.657535552978516 -5.156671524047852 21.036460876464844
    endloop
  endfacet
  facet normal -0.41729624999681647 0.22305055546693714 0.8809723545290653
    outer loop
      vertex 25.190929412841797 -3.898247718811035 21.036460876464844
      vertex 24.52435302734375 -2.900646686553955 20.4681396484375
      vertex 24.306865692138672 -3.30753493309021 20.4681396484375
    endloop
  endfacet
  facet normal -0.25714246057718454 0.1374461636458836 0.9565491660481128
    outer loop
      vertex 24.306865692138672 -3.30753493309021 20.4681396484375
      vertex 24.52435302734375 -2.900646686553955 20.4681396484375
      vertex 23.45847511291504 -2.4591448307037354 20.118167877197266
    endloop
  endfacet
  facet normal -0.29028423029626654 0 0.9569404713153813
    outer loop
      vertex 23.5498046875 -1.5000004768371582 20.1181697845459
      vertex 24.703502655029297 -1.9999991655349731 20.4681396484375
      vertex 24.703502655029297 -1.5000004768371582 20.4681396484375
    endloop
  endfacet
  facet normal -0.29028423029626654 0 0.9569404713153813
    outer loop
      vertex 24.703502655029297 -1.9999991655349731 20.4681396484375
      vertex 23.5498046875 -1.5000004768371582 20.1181697845459
      vertex 23.5498046875 -1.9999991655349731 20.1181697845459
    endloop
  endfacet
  facet normal -0.46914831039557 0.8777151101777279 0.0975502343343215
    outer loop
      vertex 25.766756057739258 -7.1135382652282715 26.149999618530273
      vertex 25.70110321044922 -7.01528263092041 24.950193405151367
      vertex 24.658279418945312 -7.572683334350586 24.950193405151367
    endloop
  endfacet
  facet normal -0.46914784995459285 0.8777154165993214 0.09754969167999687
    outer loop
      vertex 24.703502655029297 -7.681858062744141 26.149999618530273
      vertex 25.766756057739258 -7.1135382652282715 26.149999618530273
      vertex 24.658279418945312 -7.572683334350586 24.950193405151367
    endloop
  endfacet
  facet normal -0.4161789430716212 0.7786170457724708 0.46962813307588186
    outer loop
      vertex 24.52435302734375 -7.24935245513916 23.79649543762207
      vertex 25.506671905517578 -6.724292755126953 23.79649543762207
      vertex 24.306865692138672 -6.724293231964111 22.73324203491211
    endloop
  endfacet
  facet normal -0.22482762490535174 0.7411595431449081 0.6325623057728381
    outer loop
      vertex 23.34760093688965 -7.015282154083252 22.73324203491211
      vertex 24.306865692138672 -6.724293231964111 22.73324203491211
      vertex 23.19839096069336 -6.2651472091674805 21.801292419433594
    endloop
  endfacet
  facet normal -0.8777145537003529 0.4691494591962026 0.09754971634249379
    outer loop
      vertex 27.463537216186523 -5.4167561531066895 26.149999618530273
      vertex 27.922683715820312 -4.308281421661377 24.950193405151367
      vertex 27.36528205871582 -5.351103782653809 24.950193405151367
    endloop
  endfacet
  facet normal -0.8442876315387088 0.4512823492244991 0.2890028313168826
    outer loop
      vertex 27.36528205871582 -5.351103782653809 24.950193405151367
      vertex 27.922683715820312 -4.308281421661377 24.950193405151367
      vertex 27.07429313659668 -5.15667200088501 23.79649543762207
    endloop
  endfacet
  facet normal -0.560084159336975 0.6824627488470947 0.4696278642668697
    outer loop
      vertex 26.367679595947266 -6.0176801681518555 23.79649543762207
      vertex 25.965816497802734 -5.615817546844482 22.73324203491211
      vertex 25.506671905517578 -6.724292755126953 23.79649543762207
    endloop
  endfacet
  facet normal -0.6824625068879628 0.5600844064968346 0.4696279211155207
    outer loop
      vertex 26.367679595947266 -6.0176801681518555 23.79649543762207
      vertex 27.07429313659668 -5.15667200088501 23.79649543762207
      vertex 25.965816497802734 -5.615817546844482 22.73324203491211
    endloop
  endfacet
  facet normal 0 1 0
    outer loop
      vertex 23.485754013061523 -8.149999618530273 36.29999923706055
      vertex 23.507490158081055 -8.149999618530273 36.29999923706055
      vertex 22.349998474121094 -8.149999618530273 26.149999618530273
    endloop
  endfacet
  facet normal -0.18468448251455571 0.6088264098456562 0.7715063477333027
    outer loop
      vertex 23.19839096069336 -6.2651472091674805 21.801292419433594
      vertex 23.657535552978516 -5.156671524047852 21.036460876464844
      vertex 23.01657485961914 -5.351103782653809 21.036460876464844
    endloop
  endfacet
  facet normal -0.06236183932239187 0.6331580312368339 0.7715062595187576
    outer loop
      vertex 23.19839096069336 -6.2651472091674805 21.801292419433594
      vertex 23.01657485961914 -5.351103782653809 21.036460876464844
      vertex 22.349998474121094 -5.416757106781006 21.036460876464844
    endloop
  endfacet
  facet normal -0.29991361183351245 0.56109822630732 0.7715054153223794
    outer loop
      vertex 24.766010284423828 -5.615817070007324 21.801292419433594
      vertex 24.248249053955078 -4.8409295082092285 21.036460876464844
      vertex 24.014177322387695 -6.017680644989014 21.801292419433594
    endloop
  endfacet
  facet normal -0.3651013607828932 0.6830557796469423 0.6325628808627547
    outer loop
      vertex 24.306865692138672 -6.724293231964111 22.73324203491211
      vertex 24.766010284423828 -5.615817070007324 21.801292419433594
      vertex 24.014177322387695 -6.017680644989014 21.801292419433594
    endloop
  endfacet
  facet normal -0.4036162651358765 0.49180438019489875 0.7715065535294418
    outer loop
      vertex 25.424999237060547 -5.075000286102295 21.801292419433594
      vertex 24.766010284423828 -4.416010856628418 21.036460876464844
      vertex 24.248249053955078 -4.8409295082092285 21.036460876464844
    endloop
  endfacet
  facet normal -0.22305028701370164 0.4172960238521824 0.880972529617277
    outer loop
      vertex 24.248249053955078 -4.8409295082092285 21.036460876464844
      vertex 23.657535552978516 -3.956865072250366 20.4681396484375
      vertex 23.250646591186523 -4.174352645874023 20.4681396484375
    endloop
  endfacet
  facet normal -0.5987042555631285 0.49134297956408596 0.6325624797628188
    outer loop
      vertex 25.965816497802734 -5.615817546844482 22.73324203491211
      vertex 25.965816497802734 -4.416011333465576 21.801292419433594
      vertex 25.424999237060547 -5.075000286102295 21.801292419433594
    endloop
  endfacet
  facet normal -0.6830558673818345 0.36510039556510465 0.6325633432261576
    outer loop
      vertex 27.07429313659668 -3.9568655490875244 22.73324203491211
      vertex 26.367679595947266 -3.664177179336548 21.801292419433594
      vertex 25.965816497802734 -4.416011333465576 21.801292419433594
    endloop
  endfacet
  facet normal -0.4918069395464369 0.40361478109046284 0.7715056984230675
    outer loop
      vertex 25.424999237060547 -5.075000286102295 21.801292419433594
      vertex 25.965816497802734 -4.416011333465576 21.801292419433594
      vertex 25.190929412841797 -3.898247718811035 21.036460876464844
    endloop
  endfacet
  facet normal -0.6088263594314387 0.1846858988732609 0.7715060484654908
    outer loop
      vertex 26.367679595947266 -3.664177179336548 21.801292419433594
      vertex 26.61514663696289 -2.8483896255493164 21.801292419433594
      vertex 25.70110321044922 -2.6665759086608887 21.036460876464844
    endloop
  endfacet
  facet normal -0.4527938872356368 0.13735174757065166 0.8809722998604038
    outer loop
      vertex 25.70110321044922 -2.6665759086608887 21.036460876464844
      vertex 24.658279418945312 -2.4591448307037354 20.4681396484375
      vertex 24.52435302734375 -2.900646686553955 20.4681396484375
    endloop
  endfacet
  facet normal -0.4527939403188559 0.13735228358844534 0.8809721890068741
    outer loop
      vertex 25.506671905517578 -3.3075358867645264 21.036460876464844
      vertex 25.70110321044922 -2.6665759086608887 21.036460876464844
      vertex 24.52435302734375 -2.900646686553955 20.4681396484375
    endloop
  endfacet
  facet normal -0.25628123281588217 0.8448484989795916 0.4696285164662627
    outer loop
      vertex 23.45847511291504 -7.572682857513428 23.79649543762207
      vertex 24.306865692138672 -6.724293231964111 22.73324203491211
      vertex 23.34760093688965 -7.015282154083252 22.73324203491211
    endloop
  endfacet
  facet normal -0.2562819086934546 0.8448485646202526 0.46962802954629806
    outer loop
      vertex 24.52435302734375 -7.24935245513916 23.79649543762207
      vertex 24.306865692138672 -6.724293231964111 22.73324203491211
      vertex 23.45847511291504 -7.572682857513428 23.79649543762207
    endloop
  endfacet
  facet normal -0.9161058602296289 0.27789727892304056 0.28900372873044594
    outer loop
      vertex 27.922683715820312 -4.308281421661377 24.950193405151367
      vertex 27.922683715820312 -3.1084747314453125 23.79649543762207
      vertex 27.599353790283203 -4.174352169036865 23.79649543762207
    endloop
  endfacet
  facet normal -0.8442879158948967 0.4512810905846971 0.28900396598409916
    outer loop
      vertex 27.922683715820312 -4.308281421661377 24.950193405151367
      vertex 27.599353790283203 -4.174352169036865 23.79649543762207
      vertex 27.07429313659668 -5.15667200088501 23.79649543762207
    endloop
  endfacet
  facet normal -0.08685244626789314 0.0464329447089695 0.9951385000204427
    outer loop
      vertex 23.34760093688965 -2.6665749549865723 20.1181697845459
      vertex 23.45847511291504 -2.4591448307037354 20.118167877197266
      vertex 22.349998474121094 -1.999998927116394 20
    endloop
  endfacet
  facet normal -0.25713695498170336 0.13745193752274076 0.9565498163995338
    outer loop
      vertex 24.306865692138672 -3.30753493309021 20.4681396484375
      vertex 23.45847511291504 -2.4591448307037354 20.118167877197266
      vertex 23.34760093688965 -2.6665749549865723 20.1181697845459
    endloop
  endfacet
  facet normal -0.046378380212543945 0.47088944511802955 0.880972290327735
    outer loop
      vertex 22.809144973754883 -4.308280944824219 20.4681396484375
      vertex 22.349998474121094 -4.3535027503967285 20.4681396484375
      vertex 22.349998474121094 -5.416757106781006 21.036460876464844
    endloop
  endfacet
  facet normal -0.028596602085846735 0.0942422263236171 0.9951385014794231
    outer loop
      vertex 22.584070205688477 -3.176751136779785 20.118167877197266
      vertex 22.809144973754883 -3.1084752082824707 20.1181697845459
      vertex 22.349998474121094 -1.999998927116394 20
    endloop
  endfacet
  facet normal -0.18497105893861274 0.22538767792131065 0.9565490588549902
    outer loop
      vertex 23.657535552978516 -3.956865072250366 20.4681396484375
      vertex 24.014177322387695 -3.6641764640808105 20.4681396484375
      vertex 23.19839096069336 -2.8483896255493164 20.118167877197266
    endloop
  endfacet
  facet normal -0.30017442730490085 0.36576325793790304 0.8809725037337012
    outer loop
      vertex 24.248249053955078 -4.8409295082092285 21.036460876464844
      vertex 24.014177322387695 -3.6641764640808105 20.4681396484375
      vertex 23.657535552978516 -3.956865072250366 20.4681396484375
    endloop
  endfacet
  facet normal -0.5610983565793949 0.2999128500620142 0.7715056167077348
    outer loop
      vertex 25.965816497802734 -4.416011333465576 21.801292419433594
      vertex 26.367679595947266 -3.664177179336548 21.801292419433594
      vertex 25.190929412841797 -3.898247718811035 21.036460876464844
    endloop
  endfacet
  facet normal -0.6331581091420572 0.06236195660337053 0.771506186103685
    outer loop
      vertex 26.61514663696289 -2.8483896255493164 21.801292419433594
      vertex 26.698707580566406 -1.9999991655349731 21.801292419433594
      vertex 25.70110321044922 -2.6665759086608887 21.036460876464844
    endloop
  endfacet
  facet normal -0.844848260413399 0.25628155310882766 0.4696287708526606
    outer loop
      vertex 27.599353790283203 -4.174352169036865 23.79649543762207
      vertex 27.922683715820312 -3.1084747314453125 23.79649543762207
      vertex 27.07429313659668 -3.9568655490875244 22.73324203491211
    endloop
  endfacet
  facet normal -0.7786166247547796 0.41617906990209086 0.4696287187033023
    outer loop
      vertex 27.599353790283203 -4.174352169036865 23.79649543762207
      vertex 27.07429313659668 -3.9568655490875244 22.73324203491211
      vertex 27.07429313659668 -5.15667200088501 23.79649543762207
    endloop
  endfacet
  facet normal -0.6830558455673152 0.3651009813620462 0.6325630286736578
    outer loop
      vertex 26.60175132751465 -4.84092903137207 22.73324203491211
      vertex 27.07429313659668 -3.9568655490875244 22.73324203491211
      vertex 25.965816497802734 -4.416011333465576 21.801292419433594
    endloop
  endfacet
  facet normal -0.5987033912053723 0.4913433758945535 0.6325629900047349
    outer loop
      vertex 26.60175132751465 -4.84092903137207 22.73324203491211
      vertex 25.965816497802734 -4.416011333465576 21.801292419433594
      vertex 25.965816497802734 -5.615817546844482 22.73324203491211
    endloop
  endfacet
  facet normal -0.09383435456941246 0.9527180620974997 0.28900416615634894
    outer loop
      vertex 23.45847511291504 -7.572682857513428 23.79649543762207
      vertex 22.349998474121094 -7.681858062744141 23.79649543762207
      vertex 22.349998474121094 -8.031828880310059 24.950193405151367
    endloop
  endfacet
  facet normal -0.08653568664814297 0.8786132974859282 0.469627776454117
    outer loop
      vertex 23.45847511291504 -7.572682857513428 23.79649543762207
      vertex 22.349998474121094 -7.1135382652282715 22.73324203491211
      vertex 22.349998474121094 -7.681858062744141 23.79649543762207
    endloop
  endfacet
  facet normal -0.2790164998345789 0.08463763521034928 0.9565491432885507
    outer loop
      vertex 24.52435302734375 -2.900646686553955 20.4681396484375
      vertex 24.658279418945312 -2.4591448307037354 20.4681396484375
      vertex 23.45847511291504 -2.4591448307037354 20.118167877197266
    endloop
  endfacet
  facet normal -0.09424666726743143 0.028581712334985417 0.9951385086654934
    outer loop
      vertex 23.45847511291504 -2.4591448307037354 20.118167877197266
      vertex 23.526752471923828 -2.234070301055908 20.1181697845459
      vertex 22.349998474121094 -1.999998927116394 20
    endloop
  endfacet
  facet normal -0.22539159874154946 0.18496225032313063 0.9565498383106507
    outer loop
      vertex 24.306865692138672 -3.30753493309021 20.4681396484375
      vertex 23.34760093688965 -2.6665749549865723 20.1181697845459
      vertex 23.19839096069336 -2.8483896255493164 20.118167877197266
    endloop
  endfacet
  facet normal -0.07613561560705602 0.062471830690018056 0.9951385021223791
    outer loop
      vertex 23.19839096069336 -2.8483896255493164 20.118167877197266
      vertex 23.34760093688965 -2.6665749549865723 20.1181697845459
      vertex 22.349998474121094 -1.999998927116394 20
    endloop
  endfacet
  facet normal -0.08463879261730035 0.27901619098362196 0.9565491309667667
    outer loop
      vertex 22.809144973754883 -4.308280944824219 20.4681396484375
      vertex 23.250646591186523 -4.174352645874023 20.4681396484375
      vertex 22.584070205688477 -3.176751136779785 20.118167877197266
    endloop
  endfacet
  facet normal -0.028578860791517988 0.29016718217734294 0.9565491388857762
    outer loop
      vertex 22.809144973754883 -4.308280944824219 20.4681396484375
      vertex 22.584070205688477 -3.176751136779785 20.118167877197266
      vertex 22.349998474121094 -4.3535027503967285 20.4681396484375
    endloop
  endfacet
  facet normal -0.22538770449844825 0.1849710537309921 0.9565490535997442
    outer loop
      vertex 24.014177322387695 -3.6641764640808105 20.4681396484375
      vertex 24.306865692138672 -3.30753493309021 20.4681396484375
      vertex 23.19839096069336 -2.8483896255493164 20.118167877197266
    endloop
  endfacet
  facet normal -0.3001758962217761 0.36576281320352705 0.8809721878725203
    outer loop
      vertex 24.248249053955078 -4.8409295082092285 21.036460876464844
      vertex 24.766010284423828 -4.416010856628418 21.036460876464844
      vertex 24.014177322387695 -3.6641764640808105 20.4681396484375
    endloop
  endfacet
  facet normal -0.1373537767065322 0.45279388338105925 0.8809719854780582
    outer loop
      vertex 23.01657485961914 -5.351103782653809 21.036460876464844
      vertex 23.250646591186523 -4.174352645874023 20.4681396484375
      vertex 22.809144973754883 -4.308280944824219 20.4681396484375
    endloop
  endfacet
  facet normal -0.04637950037356783 0.470889785570069 0.8809720493811781
    outer loop
      vertex 23.01657485961914 -5.351103782653809 21.036460876464844
      vertex 22.809144973754883 -4.308280944824219 20.4681396484375
      vertex 22.349998474121094 -5.416757106781006 21.036460876464844
    endloop
  endfacet
  facet normal -0.3657638730032303 0.3001748882295488 0.8809720913184792
    outer loop
      vertex 24.766010284423828 -4.416010856628418 21.036460876464844
      vertex 24.306865692138672 -3.30753493309021 20.4681396484375
      vertex 24.014177322387695 -3.6641764640808105 20.4681396484375
    endloop
  endfacet
  facet normal -0.36576305439595735 0.30017532522031626 0.8809722822925914
    outer loop
      vertex 24.766010284423828 -4.416010856628418 21.036460876464844
      vertex 25.190929412841797 -3.898247718811035 21.036460876464844
      vertex 24.306865692138672 -3.30753493309021 20.4681396484375
    endloop
  endfacet
  facet normal -0.2790166142677881 0.08463282406114556 0.956549535598641
    outer loop
      vertex 24.658279418945312 -2.4591448307037354 20.4681396484375
      vertex 23.526752471923828 -2.234070301055908 20.1181697845459
      vertex 23.45847511291504 -2.4591448307037354 20.118167877197266
    endloop
  endfacet
  facet normal -0.4708897697356672 0.046379112195629846 0.8809720782807113
    outer loop
      vertex 25.70110321044922 -2.6665759086608887 21.036460876464844
      vertex 25.766756057739258 -1.9999988079071045 21.036460876464844
      vertex 24.703502655029297 -1.9999991655349731 20.4681396484375
    endloop
  endfacet
  facet normal -0.2901667900170643 0.028576728957342576 0.9565493215372072
    outer loop
      vertex 24.658279418945312 -2.4591448307037354 20.4681396484375
      vertex 23.5498046875 -1.9999991655349731 20.1181697845459
      vertex 23.526752471923828 -2.234070301055908 20.1181697845459
    endloop
  endfacet
  facet normal -0.2901656543867149 0.028579666296034954 0.9565495782701159
    outer loop
      vertex 24.658279418945312 -2.4591448307037354 20.4681396484375
      vertex 24.703502655029297 -1.9999991655349731 20.4681396484375
      vertex 23.5498046875 -1.9999991655349731 20.1181697845459
    endloop
  endfacet
  facet normal -0.13744511916945967 0.25714146448309594 0.9565495839003757
    outer loop
      vertex 23.250646591186523 -4.174352645874023 20.4681396484375
      vertex 23.01657485961914 -2.9976015090942383 20.1181697845459
      vertex 22.809144973754883 -3.1084752082824707 20.1181697845459
    endloop
  endfacet
  facet normal -0.046426080286077226 0.08685699679341055 0.9951384231237884
    outer loop
      vertex 22.809144973754883 -3.1084752082824707 20.1181697845459
      vertex 23.01657485961914 -2.9976015090942383 20.1181697845459
      vertex 22.349998474121094 -1.999998927116394 20
    endloop
  endfacet
  facet normal -0.13744549529699177 0.257141380321583 0.9565495524795751
    outer loop
      vertex 23.250646591186523 -4.174352645874023 20.4681396484375
      vertex 23.657535552978516 -3.956865072250366 20.4681396484375
      vertex 23.01657485961914 -2.9976015090942383 20.1181697845459
    endloop
  endfacet
  facet normal -0.18496290275810934 0.22539128585325185 0.9565497858787654
    outer loop
      vertex 23.657535552978516 -3.956865072250366 20.4681396484375
      vertex 23.19839096069336 -2.8483896255493164 20.118167877197266
      vertex 23.01657485961914 -2.9976015090942383 20.1181697845459
    endloop
  endfacet
  facet normal -0.02857053063152691 0.29016573019709996 0.9565498281838833
    outer loop
      vertex 22.584070205688477 -3.176751136779785 20.118167877197266
      vertex 22.349998474121094 -3.1998047828674316 20.1181697845459
      vertex 22.349998474121094 -4.3535027503967285 20.4681396484375
    endloop
  endfacet
  facet normal -0.009645054246588392 0.09801194206006983 0.9951384989749888
    outer loop
      vertex 22.584070205688477 -3.176751136779785 20.118167877197266
      vertex 22.349998474121094 -1.999998927116394 20
      vertex 22.349998474121094 -3.1998047828674316 20.1181697845459
    endloop
  endfacet
  facet normal -0.6088279049452942 0.18468423627250274 0.7715052268341195
    outer loop
      vertex 26.367679595947266 -3.664177179336548 21.801292419433594
      vertex 25.70110321044922 -2.6665759086608887 21.036460876464844
      vertex 25.506671905517578 -3.3075358867645264 21.036460876464844
    endloop
  endfacet
  facet normal -0.5610983247859687 0.29991372119693416 0.7715053011873525
    outer loop
      vertex 26.367679595947266 -3.664177179336548 21.801292419433594
      vertex 25.506671905517578 -3.3075358867645264 21.036460876464844
      vertex 25.190929412841797 -3.898247718811035 21.036460876464844
    endloop
  endfacet
  facet normal -1 0 0
    outer loop
      vertex -72.1500015258789 -1.5000011920928955 -2.1693504947961628e-7
      vertex -72.1500015258789 -1.999998927116394 20
      vertex -72.1500015258789 -1.5000004768371582 20
    endloop
  endfacet
  facet normal -1 0 0
    outer loop
      vertex -72.1500015258789 -1.5000011920928955 -2.1693504947961628e-7
      vertex -72.1500015258789 -3.1998047828674316 20.1181697845459
      vertex -72.1500015258789 -1.999998927116394 20
    endloop
  endfacet
  facet normal -1 0 0
    outer loop
      vertex -72.1500015258789 -1.5000011920928955 -2.1693504947961628e-7
      vertex -72.1500015258789 -4.3535027503967285 20.4681396484375
      vertex -72.1500015258789 -3.1998047828674316 20.1181697845459
    endloop
  endfacet
  facet normal -1 0 0
    outer loop
      vertex -72.1500015258789 -12.800000190734863 0
      vertex -72.1500015258789 -4.3535027503967285 20.4681396484375
      vertex -72.1500015258789 -1.5000011920928955 -2.1693504947961628e-7
    endloop
  endfacet
  facet normal -1 0 0
    outer loop
      vertex -72.1500015258789 -4.3535027503967285 20.4681396484375
      vertex -72.1500015258789 -12.800000190734863 0
      vertex -72.1500015258789 -5.416757106781006 21.036460876464844
    endloop
  endfacet
  facet normal -1 0 0
    outer loop
      vertex -72.1500015258789 -5.416757106781006 21.036460876464844
      vertex -72.1500015258789 -12.800000190734863 0
      vertex -72.1500015258789 -6.348706245422363 21.801292419433594
    endloop
  endfacet
  facet normal -1 0 0
    outer loop
      vertex -72.1500015258789 -6.348706245422363 21.801292419433594
      vertex -72.1500015258789 -12.800000190734863 0
      vertex -72.1500015258789 -7.1135382652282715 22.73324203491211
    endloop
  endfacet
  facet normal -1 0 0
    outer loop
      vertex -72.1500015258789 -7.1135382652282715 22.73324203491211
      vertex -72.1500015258789 -12.800000190734863 0
      vertex -72.1500015258789 -7.681858062744141 23.79649543762207
    endloop
  endfacet
  facet normal -1 0 0
    outer loop
      vertex -72.1500015258789 -7.681858062744141 23.79649543762207
      vertex -72.1500015258789 -12.800000190734863 0
      vertex -72.1500015258789 -8.031828880310059 24.950193405151367
    endloop
  endfacet
  facet normal -1 0 0
    outer loop
      vertex -72.1500015258789 -12.800000190734863 36.29999923706055
      vertex -72.1500015258789 -8.031828880310059 24.950193405151367
      vertex -72.1500015258789 -12.800000190734863 0
    endloop
  endfacet
  facet normal -1 0 0
    outer loop
      vertex -72.1500015258789 -8.031828880310059 24.950193405151367
      vertex -72.1500015258789 -12.800000190734863 36.29999923706055
      vertex -72.1500015258789 -8.149999618530273 26.149999618530273
    endloop
  endfacet
  facet normal -1 0 0
    outer loop
      vertex -72.1500015258789 -8.149999618530273 26.149999618530273
      vertex -72.1500015258789 -12.800000190734863 36.29999923706055
      vertex -72.1500015258789 -8.149999618530273 36.29999923706055
    endloop
  endfacet
  facet normal 1 0 0
    outer loop
      vertex 33.150001525878906 -5.452707290649414 36.29999923706055
      vertex 33.150001525878906 -1.5000011920928955 -2.1693504947961628e-7
      vertex 33.150001525878906 -1.4999998807907104 36.29999923706055
    endloop
  endfacet
  facet normal 1 0 0
    outer loop
      vertex 33.150001525878906 -1.5000011920928955 -2.1693504947961628e-7
      vertex 33.150001525878906 -5.452707290649414 36.29999923706055
      vertex 33.150001525878906 -5.452707290649414 -1.410518137845429e-7
    endloop
  endfacet
  facet normal 0 0 1
    outer loop
      vertex 28.496606826782227 -3.1919357776641846 36.29999923706055
      vertex 33.150001525878906 -5.452707290649414 36.29999923706055
      vertex 33.150001525878906 -1.4999998807907104 36.29999923706055
    endloop
  endfacet
  facet normal 0 0 1
    outer loop
      vertex 28.29131317138672 -4.224018096923828 36.29999923706055
      vertex 33.150001525878906 -5.452707290649414 36.29999923706055
      vertex 28.496606826782227 -3.1919357776641846 36.29999923706055
    endloop
  endfacet
  facet normal 0 0 1
    outer loop
      vertex 33.150001525878906 -5.452707290649414 36.29999923706055
      vertex 28.281265258789062 -4.257138729095459 36.29999923706055
      vertex 32.83679962158203 -7.027268409729004 36.29999923706055
    endloop
  endfacet
  facet normal 0 0 1
    outer loop
      vertex 27.86225128173828 -5.25986385345459 36.29999923706055
      vertex 32.83679962158203 -7.027268409729004 36.29999923706055
      vertex 27.87856674194336 -5.229340076446533 36.29999923706055
    endloop
  endfacet
  facet normal 0 0 1
    outer loop
      vertex 32.83679962158203 -7.027268409729004 36.29999923706055
      vertex 27.86225128173828 -5.25986385345459 36.29999923706055
      vertex 32.222434997558594 -8.510473251342773 36.29999923706055
    endloop
  endfacet
  facet normal 0 0 1
    outer loop
      vertex 28.5 -3.157491445541382 36.29999923706055
      vertex 33.150001525878906 -1.4999998807907104 36.29999923706055
      vertex 28.5 -1.4999998807907104 36.29999923706055
    endloop
  endfacet
  facet normal 0 0 1
    outer loop
      vertex 28.496606826782227 -3.1919357776641846 36.29999923706055
      vertex 33.150001525878906 -1.4999998807907104 36.29999923706055
      vertex 28.5 -3.157491445541382 36.29999923706055
    endloop
  endfacet
  facet normal 0 0 1
    outer loop
      vertex 28.281265258789062 -4.257138729095459 36.29999923706055
      vertex 33.150001525878906 -5.452707290649414 36.29999923706055
      vertex 28.29131317138672 -4.224018096923828 36.29999923706055
    endloop
  endfacet
  facet normal 0 0 1
    outer loop
      vertex 27.87856674194336 -5.229340076446533 36.29999923706055
      vertex 32.83679962158203 -7.027268409729004 36.29999923706055
      vertex 28.281265258789062 -4.257138729095459 36.29999923706055
    endloop
  endfacet
  facet normal 0 0 1
    outer loop
      vertex 27.27762222290039 -6.134821891784668 36.29999923706055
      vertex 32.222434997558594 -8.510473251342773 36.29999923706055
      vertex 27.86225128173828 -5.25986385345459 36.29999923706055
    endloop
  endfacet
  facet normal 0 0 1
    outer loop
      vertex 32.222434997558594 -8.510473251342773 36.29999923706055
      vertex 27.27762222290039 -6.134821891784668 36.29999923706055
      vertex 31.33051872253418 -9.845322608947754 36.29999923706055
    endloop
  endfacet
  facet normal 0 0 1
    outer loop
      vertex 27.255666732788086 -6.161576271057129 36.29999923706055
      vertex 31.33051872253418 -9.845322608947754 36.29999923706055
      vertex 27.27762222290039 -6.134821891784668 36.29999923706055
    endloop
  endfacet
  facet normal 0 0 1
    outer loop
      vertex 31.33051872253418 -9.845322608947754 36.29999923706055
      vertex 27.255666732788086 -6.161576271057129 36.29999923706055
      vertex 30.195322036743164 -10.98051929473877 36.29999923706055
    endloop
  endfacet
  facet normal 0 0 1
    outer loop
      vertex 26.51157569885254 -6.905666828155518 36.29999923706055
      vertex 30.195322036743164 -10.98051929473877 36.29999923706055
      vertex 27.255666732788086 -6.161576271057129 36.29999923706055
    endloop
  endfacet
  facet normal 0 0 1
    outer loop
      vertex 26.484821319580078 -6.927623748779297 36.29999923706055
      vertex 30.195322036743164 -10.98051929473877 36.29999923706055
      vertex 26.51157569885254 -6.905666828155518 36.29999923706055
    endloop
  endfacet
  facet normal 0 0 1
    outer loop
      vertex 30.195322036743164 -10.98051929473877 36.29999923706055
      vertex 26.484821319580078 -6.927623748779297 36.29999923706055
      vertex 28.8604736328125 -11.8724365234375 36.29999923706055
    endloop
  endfacet
  facet normal 0 0 1
    outer loop
      vertex 25.60986328125 -7.512251853942871 36.29999923706055
      vertex 28.8604736328125 -11.8724365234375 36.29999923706055
      vertex 26.484821319580078 -6.927623748779297 36.29999923706055
    endloop
  endfacet
  facet normal 0 0 1
    outer loop
      vertex 28.8604736328125 -11.8724365234375 36.29999923706055
      vertex 25.60986328125 -7.512251853942871 36.29999923706055
      vertex 27.377267837524414 -12.486801147460938 36.29999923706055
    endloop
  endfacet
  facet normal 0 0 1
    outer loop
      vertex 25.5793399810791 -7.528566837310791 36.29999923706055
      vertex 27.377267837524414 -12.486801147460938 36.29999923706055
      vertex 25.60986328125 -7.512251853942871 36.29999923706055
    endloop
  endfacet
  facet normal 0 0 1
    outer loop
      vertex 27.377267837524414 -12.486801147460938 36.29999923706055
      vertex 25.5793399810791 -7.528566837310791 36.29999923706055
      vertex 25.802705764770508 -12.800000190734863 36.29999923706055
    endloop
  endfacet
  facet normal 0 0 1
    outer loop
      vertex 24.60713768005371 -7.931265830993652 36.29999923706055
      vertex 25.802705764770508 -12.800000190734863 36.29999923706055
      vertex 25.5793399810791 -7.528566837310791 36.29999923706055
    endloop
  endfacet
  facet normal 0 0 1
    outer loop
      vertex 25.802705764770508 -12.800000190734863 36.29999923706055
      vertex 24.60713768005371 -7.931265830993652 36.29999923706055
      vertex 25.05000114440918 -12.800000190734863 36.29999923706055
    endloop
  endfacet
  facet normal 0 0 1
    outer loop
      vertex 24.574018478393555 -7.941312789916992 36.29999923706055
      vertex 25.05000114440918 -12.800000190734863 36.29999923706055
      vertex 24.60713768005371 -7.931265830993652 36.29999923706055
    endloop
  endfacet
  facet normal 0 0 1
    outer loop
      vertex 23.541934967041016 -8.146607398986816 36.29999923706055
      vertex 25.05000114440918 -12.800000190734863 36.29999923706055
      vertex 24.574018478393555 -7.941312789916992 36.29999923706055
    endloop
  endfacet
  facet normal 0 0 1
    outer loop
      vertex 23.507490158081055 -8.149999618530273 36.29999923706055
      vertex 25.05000114440918 -12.800000190734863 36.29999923706055
      vertex 23.541934967041016 -8.146607398986816 36.29999923706055
    endloop
  endfacet
  facet normal 0 0 1
    outer loop
      vertex 23.485754013061523 -8.149999618530273 36.29999923706055
      vertex 25.05000114440918 -12.800000190734863 36.29999923706055
      vertex 23.507490158081055 -8.149999618530273 36.29999923706055
    endloop
  endfacet
  facet normal 0 0 1
    outer loop
      vertex -72.1500015258789 -12.800000190734863 36.29999923706055
      vertex 23.485754013061523 -8.149999618530273 36.29999923706055
      vertex -72.1500015258789 -8.149999618530273 36.29999923706055
    endloop
  endfacet
  facet normal 0 0 1
    outer loop
      vertex 23.485754013061523 -8.149999618530273 36.29999923706055
      vertex -72.1500015258789 -12.800000190734863 36.29999923706055
      vertex 25.05000114440918 -12.800000190734863 36.29999923706055
    endloop
  endfacet
  facet normal 1.0194095755362444e-15 -1.9197794778646443e-8 -0.9999999999999998
    outer loop
      vertex 25.802705764770508 -12.800000190734863 0
      vertex 33.150001525878906 -5.452707290649414 -1.410518137845429e-7
      vertex 32.83679962158203 -7.027268409729004 -1.1082371287329806e-7
    endloop
  endfacet
  facet normal 7.121264284693681e-16 -1.9197794404220856e-8 -0.9999999999999999
    outer loop
      vertex 25.802705764770508 -12.800000190734863 0
      vertex 32.83679962158203 -7.027268409729004 -1.1082371287329806e-7
      vertex 32.222434997558594 -8.510473251342773 -8.234945170215724e-8
    endloop
  endfacet
  facet normal -1.226495090512184e-15 -1.91977915028694e-8 -0.9999999999999998
    outer loop
      vertex 25.802705764770508 -12.800000190734863 0
      vertex 32.222434997558594 -8.510473251342773 -8.234945170215724e-8
      vertex 31.33051872253418 -9.845322608947754 -5.6723290953186734e-8
    endloop
  endfacet
  facet normal 1.0829718260361577e-15 -1.9197795823578104e-8 -0.9999999999999999
    outer loop
      vertex 25.802705764770508 -12.800000190734863 0
      vertex 31.33051872253418 -9.845322608947754 -5.6723290953186734e-8
      vertex 30.195322036743164 -10.98051929473877 -3.4930017989154294e-8
    endloop
  endfacet
  facet normal -8.614632322394903e-16 -1.9197791129295742e-8 -0.9999999999999999
    outer loop
      vertex 25.802705764770508 -12.800000190734863 0
      vertex 30.195322036743164 -10.98051929473877 -3.4930017989154294e-8
      vertex 28.8604736328125 -11.8724365234375 -1.780717617805294e-8
    endloop
  endfacet
  facet normal -9.891663810010946e-17 -1.9197793643075177e-8 -0.9999999999999998
    outer loop
      vertex 25.802705764770508 -12.800000190734863 0
      vertex 28.8604736328125 -11.8724365234375 -1.780717617805294e-8
      vertex 27.377267837524414 -12.486801147460938 -6.012730757731788e-9
    endloop
  endfacet
  facet normal -1.9629352289088434e-16 -1.9197793562942872e-8 -0.9999999999999999
    outer loop
      vertex 33.150001525878906 -5.452707290649414 -1.410518137845429e-7
      vertex 25.802705764770508 -12.800000190734863 0
      vertex 33.150001525878906 -1.5000011920928955 -2.1693504947961628e-7
    endloop
  endfacet
  facet normal 0 -1.9197793690573552e-8 -0.9999999999999998
    outer loop
      vertex -72.1500015258789 -1.5000011920928955 -2.1693504947961628e-7
      vertex 25.802705764770508 -12.800000190734863 0
      vertex -72.1500015258789 -12.800000190734863 0
    endloop
  endfacet
  facet normal 0 -1.9197793690573552e-8 -0.9999999999999998
    outer loop
      vertex 25.802705764770508 -12.800000190734863 0
      vertex -72.1500015258789 -1.5000011920928955 -2.1693504947961628e-7
      vertex 33.150001525878906 -1.5000011920928955 -2.1693504947961628e-7
    endloop
  endfacet
  facet normal 0 -1 0
    outer loop
      vertex -59.9237174987793 -12.800000190734863 14.165085792541504
      vertex -72.1500015258789 -12.800000190734863 36.29999923706055
      vertex -60.77906036376953 -12.800000190734863 14.519381523132324
    endloop
  endfacet
  facet normal 0 -1 0
    outer loop
      vertex -72.1500015258789 -12.800000190734863 36.29999923706055
      vertex -13.520938873291016 -12.800000190734863 14.519381523132324
      vertex -12.612908363342285 -12.800000190734863 14.699999809265137
    endloop
  endfacet
  facet normal 0 -1 0
    outer loop
      vertex -59.153926849365234 -12.800000190734863 13.650728225708008
      vertex -72.1500015258789 -12.800000190734863 36.29999923706055
      vertex -59.9237174987793 -12.800000190734863 14.165085792541504
    endloop
  endfacet
  facet normal 0 -1 0
    outer loop
      vertex -72.1500015258789 -12.800000190734863 36.29999923706055
      vertex -14.376283645629883 -12.800000190734863 14.165085792541504
      vertex -13.520938873291016 -12.800000190734863 14.519381523132324
    endloop
  endfacet
  facet normal 0 -1 0
    outer loop
      vertex -15.146074295043945 -12.800000190734863 13.650728225708008
      vertex -72.1500015258789 -12.800000190734863 36.29999923706055
      vertex -59.153926849365234 -12.800000190734863 13.650728225708008
    endloop
  endfacet
  facet normal 0 -1 0
    outer loop
      vertex -72.1500015258789 -12.800000190734863 36.29999923706055
      vertex -15.146074295043945 -12.800000190734863 13.650728225708008
      vertex -14.376283645629883 -12.800000190734863 14.165085792541504
    endloop
  endfacet
  facet normal 0 -1 0
    outer loop
      vertex -58.499271392822266 -12.800000190734863 12.996074676513672
      vertex -15.146074295043945 -12.800000190734863 13.650728225708008
      vertex -59.153926849365234 -12.800000190734863 13.650728225708008
    endloop
  endfacet
  facet normal 0 -1 0
    outer loop
      vertex -58.499271392822266 -12.800000190734863 12.996074676513672
      vertex -15.800727844238281 -12.800000190734863 12.996074676513672
      vertex -15.146074295043945 -12.800000190734863 13.650728225708008
    endloop
  endfacet
  facet normal 0 -1 0
    outer loop
      vertex -57.98491287231445 -12.800000190734863 12.22628402709961
      vertex -15.800727844238281 -12.800000190734863 12.996074676513672
      vertex -58.499271392822266 -12.800000190734863 12.996074676513672
    endloop
  endfacet
  facet normal 0 -1 0
    outer loop
      vertex -57.98491287231445 -12.800000190734863 12.22628402709961
      vertex -16.315086364746094 -12.800000190734863 12.22628402709961
      vertex -15.800727844238281 -12.800000190734863 12.996074676513672
    endloop
  endfacet
  facet normal 0 -1 0
    outer loop
      vertex -57.630619049072266 -12.800000190734863 11.370939254760742
      vertex -16.315086364746094 -12.800000190734863 12.22628402709961
      vertex -57.98491287231445 -12.800000190734863 12.22628402709961
    endloop
  endfacet
  facet normal 0 -1 0
    outer loop
      vertex -57.630619049072266 -12.800000190734863 11.370939254760742
      vertex -16.669382095336914 -12.800000190734863 11.370939254760742
      vertex -16.315086364746094 -12.800000190734863 12.22628402709961
    endloop
  endfacet
  facet normal 0 -1 0
    outer loop
      vertex -57.45000076293945 -12.800000190734863 10.462908744812012
      vertex -16.669382095336914 -12.800000190734863 11.370939254760742
      vertex -57.630619049072266 -12.800000190734863 11.370939254760742
    endloop
  endfacet
  facet normal 0 -1 0
    outer loop
      vertex -57.45000076293945 -12.800000190734863 10.462908744812012
      vertex -16.850000381469727 -12.800000190734863 10.462908744812012
      vertex -16.669382095336914 -12.800000190734863 11.370939254760742
    endloop
  endfacet
  facet normal 0 -1 0
    outer loop
      vertex -57.45000076293945 -12.800000190734863 9.537091255187988
      vertex -16.850000381469727 -12.800000190734863 10.462908744812012
      vertex -57.45000076293945 -12.800000190734863 10.462908744812012
    endloop
  endfacet
  facet normal 0 -1 0
    outer loop
      vertex -57.45000076293945 -12.800000190734863 9.537091255187988
      vertex -16.850000381469727 -12.800000190734863 9.537091255187988
      vertex -16.850000381469727 -12.800000190734863 10.462908744812012
    endloop
  endfacet
  facet normal 0 -1 0
    outer loop
      vertex -57.630619049072266 -12.800000190734863 8.629060745239258
      vertex -16.850000381469727 -12.800000190734863 9.537091255187988
      vertex -57.45000076293945 -12.800000190734863 9.537091255187988
    endloop
  endfacet
  facet normal 0 -1 0
    outer loop
      vertex -57.630619049072266 -12.800000190734863 8.629060745239258
      vertex -16.669382095336914 -12.800000190734863 8.629060745239258
      vertex -16.850000381469727 -12.800000190734863 9.537091255187988
    endloop
  endfacet
  facet normal 0 -1 0
    outer loop
      vertex -57.98491287231445 -12.800000190734863 7.773715972900391
      vertex -16.669382095336914 -12.800000190734863 8.629060745239258
      vertex -57.630619049072266 -12.800000190734863 8.629060745239258
    endloop
  endfacet
  facet normal 0 -1 0
    outer loop
      vertex -57.98491287231445 -12.800000190734863 7.773715972900391
      vertex -16.315086364746094 -12.800000190734863 7.773715972900391
      vertex -16.669382095336914 -12.800000190734863 8.629060745239258
    endloop
  endfacet
  facet normal 0 -1 0
    outer loop
      vertex -58.499271392822266 -12.800000190734863 7.003925323486328
      vertex -16.315086364746094 -12.800000190734863 7.773715972900391
      vertex -57.98491287231445 -12.800000190734863 7.773715972900391
    endloop
  endfacet
  facet normal 0 -1 0
    outer loop
      vertex -58.499271392822266 -12.800000190734863 7.003925323486328
      vertex -15.800727844238281 -12.800000190734863 7.003925323486328
      vertex -16.315086364746094 -12.800000190734863 7.773715972900391
    endloop
  endfacet
  facet normal 0 -1 0
    outer loop
      vertex -59.153926849365234 -12.800000190734863 6.349271774291992
      vertex -15.800727844238281 -12.800000190734863 7.003925323486328
      vertex -58.499271392822266 -12.800000190734863 7.003925323486328
    endloop
  endfacet
  facet normal 0 -1 0
    outer loop
      vertex -59.153926849365234 -12.800000190734863 6.349271774291992
      vertex -15.146074295043945 -12.800000190734863 6.349271774291992
      vertex -15.800727844238281 -12.800000190734863 7.003925323486328
    endloop
  endfacet
  facet normal 0 -1 0
    outer loop
      vertex -59.9237174987793 -12.800000190734863 5.834914207458496
      vertex -15.146074295043945 -12.800000190734863 6.349271774291992
      vertex -59.153926849365234 -12.800000190734863 6.349271774291992
    endloop
  endfacet
  facet normal 0 -1 0
    outer loop
      vertex -59.9237174987793 -12.800000190734863 5.834914207458496
      vertex -14.376283645629883 -12.800000190734863 5.834914207458496
      vertex -15.146074295043945 -12.800000190734863 6.349271774291992
    endloop
  endfacet
  facet normal 0 -1 0
    outer loop
      vertex -60.77906036376953 -12.800000190734863 5.480618476867676
      vertex -14.376283645629883 -12.800000190734863 5.834914207458496
      vertex -59.9237174987793 -12.800000190734863 5.834914207458496
    endloop
  endfacet
  facet normal 0 -1 0
    outer loop
      vertex -60.77906036376953 -12.800000190734863 5.480618476867676
      vertex -13.520938873291016 -12.800000190734863 5.480618476867676
      vertex -14.376283645629883 -12.800000190734863 5.834914207458496
    endloop
  endfacet
  facet normal 0 -1 0
    outer loop
      vertex -72.1500015258789 -12.800000190734863 0
      vertex -60.77906036376953 -12.800000190734863 5.480618476867676
      vertex -61.68709182739258 -12.800000190734863 5.300000190734863
    endloop
  endfacet
  facet normal 0 -1 0
    outer loop
      vertex -60.77906036376953 -12.800000190734863 5.480618476867676
      vertex -72.1500015258789 -12.800000190734863 0
      vertex -13.520938873291016 -12.800000190734863 5.480618476867676
    endloop
  endfacet
  facet normal 0 -1 0
    outer loop
      vertex -61.68709182739258 -12.800000190734863 14.699999809265137
      vertex -72.1500015258789 -12.800000190734863 36.29999923706055
      vertex -62.61290740966797 -12.800000190734863 14.699999809265137
    endloop
  endfacet
  facet normal 0 -1 0
    outer loop
      vertex -72.1500015258789 -12.800000190734863 36.29999923706055
      vertex -63.520938873291016 -12.800000190734863 14.519381523132324
      vertex -62.61290740966797 -12.800000190734863 14.699999809265137
    endloop
  endfacet
  facet normal 0 -1 0
    outer loop
      vertex -72.1500015258789 -12.800000190734863 36.29999923706055
      vertex -64.37628173828125 -12.800000190734863 14.165085792541504
      vertex -63.520938873291016 -12.800000190734863 14.519381523132324
    endloop
  endfacet
  facet normal 0 -1 0
    outer loop
      vertex -72.1500015258789 -12.800000190734863 36.29999923706055
      vertex -65.14607238769531 -12.800000190734863 13.650728225708008
      vertex -64.37628173828125 -12.800000190734863 14.165085792541504
    endloop
  endfacet
  facet normal 0 -1 0
    outer loop
      vertex -72.1500015258789 -12.800000190734863 36.29999923706055
      vertex -65.80072784423828 -12.800000190734863 12.996074676513672
      vertex -65.14607238769531 -12.800000190734863 13.650728225708008
    endloop
  endfacet
  facet normal 0 -1 0
    outer loop
      vertex -72.1500015258789 -12.800000190734863 36.29999923706055
      vertex -66.3150863647461 -12.800000190734863 12.22628402709961
      vertex -65.80072784423828 -12.800000190734863 12.996074676513672
    endloop
  endfacet
  facet normal 0 -1 0
    outer loop
      vertex -72.1500015258789 -12.800000190734863 36.29999923706055
      vertex -66.66938018798828 -12.800000190734863 11.370939254760742
      vertex -66.3150863647461 -12.800000190734863 12.22628402709961
    endloop
  endfacet
  facet normal 0 -1 0
    outer loop
      vertex -72.1500015258789 -12.800000190734863 0
      vertex -66.66938018798828 -12.800000190734863 11.370939254760742
      vertex -72.1500015258789 -12.800000190734863 36.29999923706055
    endloop
  endfacet
  facet normal 0 -1 0
    outer loop
      vertex -66.66938018798828 -12.800000190734863 11.370939254760742
      vertex -72.1500015258789 -12.800000190734863 0
      vertex -66.8499984741211 -12.800000190734863 10.462908744812012
    endloop
  endfacet
  facet normal 0 -1 0
    outer loop
      vertex -72.1500015258789 -12.800000190734863 0
      vertex -61.68709182739258 -12.800000190734863 5.300000190734863
      vertex -62.61290740966797 -12.800000190734863 5.300000190734863
    endloop
  endfacet
  facet normal 0 -1 0
    outer loop
      vertex -13.520938873291016 -12.800000190734863 5.480618476867676
      vertex -72.1500015258789 -12.800000190734863 0
      vertex -12.612908363342285 -12.800000190734863 5.300000190734863
    endloop
  endfacet
  facet normal 0 -1 0
    outer loop
      vertex 25.05000114440918 -12.800000190734863 9.242640430784377e-7
      vertex -12.612908363342285 -12.800000190734863 5.300000190734863
      vertex -72.1500015258789 -12.800000190734863 0
    endloop
  endfacet
  facet normal 0 -1 0
    outer loop
      vertex -66.8499984741211 -12.800000190734863 10.462908744812012
      vertex -72.1500015258789 -12.800000190734863 0
      vertex -66.8499984741211 -12.800000190734863 9.537091255187988
    endloop
  endfacet
  facet normal 0 -1 0
    outer loop
      vertex -72.1500015258789 -12.800000190734863 0
      vertex -66.66938018798828 -12.800000190734863 8.629060745239258
      vertex -66.8499984741211 -12.800000190734863 9.537091255187988
    endloop
  endfacet
  facet normal 0 -1 0
    outer loop
      vertex -72.1500015258789 -12.800000190734863 0
      vertex -66.3150863647461 -12.800000190734863 7.773715972900391
      vertex -66.66938018798828 -12.800000190734863 8.629060745239258
    endloop
  endfacet
  facet normal 0 -1 0
    outer loop
      vertex -72.1500015258789 -12.800000190734863 0
      vertex -65.80072784423828 -12.800000190734863 7.003925323486328
      vertex -66.3150863647461 -12.800000190734863 7.773715972900391
    endloop
  endfacet
  facet normal 0 -1 0
    outer loop
      vertex -72.1500015258789 -12.800000190734863 0
      vertex -65.14607238769531 -12.800000190734863 6.349271774291992
      vertex -65.80072784423828 -12.800000190734863 7.003925323486328
    endloop
  endfacet
  facet normal 0 -1 0
    outer loop
      vertex -72.1500015258789 -12.800000190734863 0
      vertex -64.37628173828125 -12.800000190734863 5.834914207458496
      vertex -65.14607238769531 -12.800000190734863 6.349271774291992
    endloop
  endfacet
  facet normal 0 -1 0
    outer loop
      vertex -72.1500015258789 -12.800000190734863 0
      vertex -63.520938873291016 -12.800000190734863 5.480618476867676
      vertex -64.37628173828125 -12.800000190734863 5.834914207458496
    endloop
  endfacet
  facet normal 0 -1 0
    outer loop
      vertex -72.1500015258789 -12.800000190734863 0
      vertex -62.61290740966797 -12.800000190734863 5.300000190734863
      vertex -63.520938873291016 -12.800000190734863 5.480618476867676
    endloop
  endfacet
  facet normal 0 -1 0
    outer loop
      vertex -12.612908363342285 -12.800000190734863 5.300000190734863
      vertex 25.05000114440918 -12.800000190734863 9.242640430784377e-7
      vertex -11.687090873718262 -12.800000190734863 5.300000190734863
    endloop
  endfacet
  facet normal 0 -1 0
    outer loop
      vertex 25.802705764770508 -12.800000190734863 0
      vertex 25.05000114440918 -12.800000190734863 9.242640430784377e-7
      vertex -72.1500015258789 -12.800000190734863 0
    endloop
  endfacet
  facet normal 0 -1 0
    outer loop
      vertex 25.05000114440918 -12.800000190734863 9.242640430784377e-7
      vertex 25.802705764770508 -12.800000190734863 0
      vertex 25.802705764770508 -12.800000190734863 9.242640430784377e-7
    endloop
  endfacet
  facet normal 0 -1 0
    outer loop
      vertex -60.77906036376953 -12.800000190734863 14.519381523132324
      vertex -72.1500015258789 -12.800000190734863 36.29999923706055
      vertex -61.68709182739258 -12.800000190734863 14.699999809265137
    endloop
  endfacet
  facet normal 0 -1 0
    outer loop
      vertex -72.1500015258789 -12.800000190734863 36.29999923706055
      vertex -12.612908363342285 -12.800000190734863 14.699999809265137
      vertex 25.05000114440918 -12.800000190734863 36.29999923706055
    endloop
  endfacet
  facet normal 0 -1 0
    outer loop
      vertex -11.687090873718262 -12.800000190734863 14.699999809265137
      vertex 25.05000114440918 -12.800000190734863 36.29999923706055
      vertex -12.612908363342285 -12.800000190734863 14.699999809265137
    endloop
  endfacet
  facet normal 0 -1 0
    outer loop
      vertex -10.779060363769531 -12.800000190734863 14.519381523132324
      vertex 25.05000114440918 -12.800000190734863 36.29999923706055
      vertex -11.687090873718262 -12.800000190734863 14.699999809265137
    endloop
  endfacet
  facet normal 0 -1 0
    outer loop
      vertex -9.923715591430664 -12.800000190734863 14.165085792541504
      vertex 25.05000114440918 -12.800000190734863 36.29999923706055
      vertex -10.779060363769531 -12.800000190734863 14.519381523132324
    endloop
  endfacet
  facet normal 0 -1 0
    outer loop
      vertex -9.153924942016602 -12.800000190734863 13.650728225708008
      vertex 25.05000114440918 -12.800000190734863 36.29999923706055
      vertex -9.923715591430664 -12.800000190734863 14.165085792541504
    endloop
  endfacet
  facet normal 0 -1 0
    outer loop
      vertex -8.499271392822266 -12.800000190734863 12.996074676513672
      vertex 25.05000114440918 -12.800000190734863 36.29999923706055
      vertex -9.153924942016602 -12.800000190734863 13.650728225708008
    endloop
  endfacet
  facet normal 0 -1 0
    outer loop
      vertex -7.984914302825928 -12.800000190734863 12.22628402709961
      vertex 25.05000114440918 -12.800000190734863 36.29999923706055
      vertex -8.499271392822266 -12.800000190734863 12.996074676513672
    endloop
  endfacet
  facet normal 0 -1 0
    outer loop
      vertex -7.630618572235107 -12.800000190734863 11.370939254760742
      vertex 25.05000114440918 -12.800000190734863 36.29999923706055
      vertex -7.984914302825928 -12.800000190734863 12.22628402709961
    endloop
  endfacet
  facet normal 0 -1 0
    outer loop
      vertex 25.05000114440918 -12.800000190734863 9.242640430784377e-7
      vertex -7.630618572235107 -12.800000190734863 11.370939254760742
      vertex -7.450000286102295 -12.800000190734863 10.462908744812012
    endloop
  endfacet
  facet normal 0 -1 0
    outer loop
      vertex 25.05000114440918 -12.800000190734863 9.242640430784377e-7
      vertex -7.450000286102295 -12.800000190734863 10.462908744812012
      vertex -7.450000286102295 -12.800000190734863 9.537091255187988
    endloop
  endfacet
  facet normal 0 -1 0
    outer loop
      vertex 25.05000114440918 -12.800000190734863 9.242640430784377e-7
      vertex -7.450000286102295 -12.800000190734863 9.537091255187988
      vertex -7.630618572235107 -12.800000190734863 8.629060745239258
    endloop
  endfacet
  facet normal 0 -1 0
    outer loop
      vertex 25.05000114440918 -12.800000190734863 9.242640430784377e-7
      vertex -7.630618572235107 -12.800000190734863 8.629060745239258
      vertex -7.984914302825928 -12.800000190734863 7.773715972900391
    endloop
  endfacet
  facet normal 0 -1 0
    outer loop
      vertex 25.05000114440918 -12.800000190734863 9.242640430784377e-7
      vertex -7.984914302825928 -12.800000190734863 7.773715972900391
      vertex -8.499271392822266 -12.800000190734863 7.003925323486328
    endloop
  endfacet
  facet normal 0 -1 0
    outer loop
      vertex 25.05000114440918 -12.800000190734863 9.242640430784377e-7
      vertex -8.499271392822266 -12.800000190734863 7.003925323486328
      vertex -9.153924942016602 -12.800000190734863 6.349271774291992
    endloop
  endfacet
  facet normal 0 -1 0
    outer loop
      vertex -7.630618572235107 -12.800000190734863 11.370939254760742
      vertex 25.05000114440918 -12.800000190734863 9.242640430784377e-7
      vertex 25.05000114440918 -12.800000190734863 36.29999923706055
    endloop
  endfacet
  facet normal 0 -1 0
    outer loop
      vertex -9.923715591430664 -12.800000190734863 5.834914207458496
      vertex 25.05000114440918 -12.800000190734863 9.242640430784377e-7
      vertex -9.153924942016602 -12.800000190734863 6.349271774291992
    endloop
  endfacet
  facet normal 0 -1 0
    outer loop
      vertex -10.779060363769531 -12.800000190734863 5.480618476867676
      vertex 25.05000114440918 -12.800000190734863 9.242640430784377e-7
      vertex -9.923715591430664 -12.800000190734863 5.834914207458496
    endloop
  endfacet
  facet normal 0 -1 0
    outer loop
      vertex 25.05000114440918 -12.800000190734863 9.242640430784377e-7
      vertex -10.779060363769531 -12.800000190734863 5.480618476867676
      vertex -11.687090873718262 -12.800000190734863 5.300000190734863
    endloop
  endfacet
  facet normal 3.0928622195111193e-9 1 -7.46683527815953e-9
    outer loop
      vertex -13.42892837524414 -1.5000007152557373 12.392708778381348
      vertex -72.1500015258789 -1.5000004768371582 20
      vertex -12.937560081481934 -1.5000007152557373 12.596240043640137
    endloop
  endfacet
  facet normal -9.019475839227987e-9 0.999999999999999 -4.534408838821294e-8
    outer loop
      vertex -72.1500015258789 -1.5000004768371582 20
      vertex -61.3624382019043 -1.5000007152557373 12.596240043640137
      vertex -61.88407516479492 -1.5000007152557373 12.699999809265137
    endloop
  endfacet
  facet normal 0 0.9999999999999996 -3.1340798210014174e-8
    outer loop
      vertex -60.871070861816406 -1.5000007152557373 12.392708778381348
      vertex -72.1500015258789 -1.5000004768371582 20
      vertex -13.42892837524414 -1.5000007152557373 12.392708778381348
    endloop
  endfacet
  facet normal -3.3643233619653276e-8 0.9999999999999961 -8.12218515647962e-8
    outer loop
      vertex -72.1500015258789 -1.5000004768371582 20
      vertex -60.871070861816406 -1.5000007152557373 12.392708778381348
      vertex -61.3624382019043 -1.5000007152557373 12.596240043640137
    endloop
  endfacet
  facet normal 0 1 0
    outer loop
      vertex -13.871149063110352 -1.5000007152557373 12.0972261428833
      vertex -60.871070861816406 -1.5000007152557373 12.392708778381348
      vertex -13.42892837524414 -1.5000007152557373 12.392708778381348
    endloop
  endfacet
  facet normal 0 1 0
    outer loop
      vertex -13.871149063110352 -1.5000007152557373 12.0972261428833
      vertex -60.42885208129883 -1.5000007152557373 12.0972261428833
      vertex -60.871070861816406 -1.5000007152557373 12.392708778381348
    endloop
  endfacet
  facet normal 0 1 0
    outer loop
      vertex -14.247225761413574 -1.5000007152557373 11.721149444580078
      vertex -60.42885208129883 -1.5000007152557373 12.0972261428833
      vertex -13.871149063110352 -1.5000007152557373 12.0972261428833
    endloop
  endfacet
  facet normal 0 1 0
    outer loop
      vertex -14.247225761413574 -1.5000007152557373 11.721149444580078
      vertex -60.052772521972656 -1.5000007152557373 11.721149444580078
      vertex -60.42885208129883 -1.5000007152557373 12.0972261428833
    endloop
  endfacet
  facet normal 0 0.9999999999999637 -2.6956968052757045e-7
    outer loop
      vertex -14.542708396911621 -1.5000008344650269 11.278928756713867
      vertex -60.052772521972656 -1.5000007152557373 11.721149444580078
      vertex -14.247225761413574 -1.5000007152557373 11.721149444580078
    endloop
  endfacet
  facet normal 0 0.9999999999999636 -2.695696805275704e-7
    outer loop
      vertex -14.542708396911621 -1.5000008344650269 11.278928756713867
      vertex -59.75728988647461 -1.5000008344650269 11.278928756713867
      vertex -60.052772521972656 -1.5000007152557373 11.721149444580078
    endloop
  endfacet
  facet normal 0 1 0
    outer loop
      vertex -14.74623966217041 -1.5000008344650269 10.78756046295166
      vertex -59.75728988647461 -1.5000008344650269 11.278928756713867
      vertex -14.542708396911621 -1.5000008344650269 11.278928756713867
    endloop
  endfacet
  facet normal 0 1 0
    outer loop
      vertex -14.74623966217041 -1.5000008344650269 10.78756046295166
      vertex -59.55376052856445 -1.5000008344650269 10.78756046295166
      vertex -59.75728988647461 -1.5000008344650269 11.278928756713867
    endloop
  endfacet
  facet normal 0 1 0
    outer loop
      vertex -14.84999942779541 -1.5000008344650269 10.265926361083984
      vertex -59.55376052856445 -1.5000008344650269 10.78756046295166
      vertex -14.74623966217041 -1.5000008344650269 10.78756046295166
    endloop
  endfacet
  facet normal 0 1 0
    outer loop
      vertex -14.84999942779541 -1.5000008344650269 10.265926361083984
      vertex -59.45000076293945 -1.5000008344650269 10.265926361083984
      vertex -59.55376052856445 -1.5000008344650269 10.78756046295166
    endloop
  endfacet
  facet normal 0 1 0
    outer loop
      vertex -14.84999942779541 -1.5000008344650269 9.734073638916016
      vertex -59.45000076293945 -1.5000008344650269 10.265926361083984
      vertex -14.84999942779541 -1.5000008344650269 10.265926361083984
    endloop
  endfacet
  facet normal 0 1 0
    outer loop
      vertex -14.84999942779541 -1.5000008344650269 9.734073638916016
      vertex -59.45000076293945 -1.5000008344650269 9.734073638916016
      vertex -59.45000076293945 -1.5000008344650269 10.265926361083984
    endloop
  endfacet
  facet normal 0 1 0
    outer loop
      vertex -14.74623966217041 -1.5000008344650269 9.21243953704834
      vertex -59.45000076293945 -1.5000008344650269 9.734073638916016
      vertex -14.84999942779541 -1.5000008344650269 9.734073638916016
    endloop
  endfacet
  facet normal 0 1 0
    outer loop
      vertex -14.74623966217041 -1.5000008344650269 9.21243953704834
      vertex -59.55376052856445 -1.5000008344650269 9.21243953704834
      vertex -59.45000076293945 -1.5000008344650269 9.734073638916016
    endloop
  endfacet
  facet normal 0 1 0
    outer loop
      vertex -14.542708396911621 -1.5000008344650269 8.721071243286133
      vertex -59.55376052856445 -1.5000008344650269 9.21243953704834
      vertex -14.74623966217041 -1.5000008344650269 9.21243953704834
    endloop
  endfacet
  facet normal 0 1 0
    outer loop
      vertex -14.542708396911621 -1.5000008344650269 8.721071243286133
      vertex -59.75728988647461 -1.5000008344650269 8.721071243286133
      vertex -59.55376052856445 -1.5000008344650269 9.21243953704834
    endloop
  endfacet
  facet normal 0 1 0
    outer loop
      vertex -14.247225761413574 -1.5000008344650269 8.278850555419922
      vertex -59.75728988647461 -1.5000008344650269 8.721071243286133
      vertex -14.542708396911621 -1.5000008344650269 8.721071243286133
    endloop
  endfacet
  facet normal 0 1 0
    outer loop
      vertex -14.247225761413574 -1.5000008344650269 8.278850555419922
      vertex -60.052772521972656 -1.5000008344650269 8.278850555419922
      vertex -59.75728988647461 -1.5000008344650269 8.721071243286133
    endloop
  endfacet
  facet normal 0 1 0
    outer loop
      vertex -13.871149063110352 -1.5000008344650269 7.902773857116699
      vertex -60.052772521972656 -1.5000008344650269 8.278850555419922
      vertex -14.247225761413574 -1.5000008344650269 8.278850555419922
    endloop
  endfacet
  facet normal 0 1 0
    outer loop
      vertex -13.871149063110352 -1.5000008344650269 7.902773857116699
      vertex -60.42885208129883 -1.5000008344650269 7.902773857116699
      vertex -60.052772521972656 -1.5000008344650269 8.278850555419922
    endloop
  endfacet
  facet normal 0 0.9999999999999186 -4.034392388230865e-7
    outer loop
      vertex -13.42892837524414 -1.5000009536743164 7.607291221618652
      vertex -60.42885208129883 -1.5000008344650269 7.902773857116699
      vertex -13.871149063110352 -1.5000008344650269 7.902773857116699
    endloop
  endfacet
  facet normal 0 0.9999999999999186 -4.034392388230865e-7
    outer loop
      vertex -13.42892837524414 -1.5000009536743164 7.607291221618652
      vertex -60.871070861816406 -1.5000009536743164 7.607291221618652
      vertex -60.42885208129883 -1.5000008344650269 7.902773857116699
    endloop
  endfacet
  facet normal -3.0928621984981724e-9 1 -7.466835227429751e-9
    outer loop
      vertex -72.1500015258789 -1.5000011920928955 -2.1693504947961628e-7
      vertex -13.42892837524414 -1.5000009536743164 7.607291221618652
      vertex -12.937560081481934 -1.5000009536743164 7.403759956359863
    endloop
  endfacet
  facet normal 0 0.9999999999999996 -3.13407973162772e-8
    outer loop
      vertex -13.42892837524414 -1.5000009536743164 7.607291221618652
      vertex -72.1500015258789 -1.5000011920928955 -2.1693504947961628e-7
      vertex -60.871070861816406 -1.5000009536743164 7.607291221618652
    endloop
  endfacet
  facet normal -2.472361250098575e-9 1 -1.2429364430608161e-8
    outer loop
      vertex -72.1500015258789 -1.5000011920928955 -2.1693504947961628e-7
      vertex -12.937560081481934 -1.5000009536743164 7.403759956359863
      vertex -12.415925979614258 -1.5000009536743164 7.300000190734863
    endloop
  endfacet
  facet normal 3.3643231133315e-8 0.9999999999999961 -8.122184556225196e-8
    outer loop
      vertex -60.871070861816406 -1.5000009536743164 7.607291221618652
      vertex -72.1500015258789 -1.5000011920928955 -2.1693504947961628e-7
      vertex -61.3624382019043 -1.5000009536743164 7.403759956359863
    endloop
  endfacet
  facet normal 0 0.9999999999999994 -3.523427409784753e-8
    outer loop
      vertex 33.150001525878906 -1.4999998807907104 36.29999923706055
      vertex 28.5 -1.500000238418579 26.149999618530273
      vertex 28.5 -1.4999998807907104 36.29999923706055
    endloop
  endfacet
  facet normal 1.78299330126596e-7 0.9999999999999772 -1.1691823353743452e-7
    outer loop
      vertex 33.150001525878906 -1.4999998807907104 36.29999923706055
      vertex 28.38182830810547 -1.5000003576278687 24.950193405151367
      vertex 28.5 -1.500000238418579 26.149999618530273
    endloop
  endfacet
  facet normal -1.401720430792157e-8 0.9999999999999992 -3.6124027679957874e-8
    outer loop
      vertex 33.150001525878906 -1.5000011920928955 -2.1693504947961628e-7
      vertex 28.38182830810547 -1.5000003576278687 24.950193405151367
      vertex 33.150001525878906 -1.4999998807907104 36.29999923706055
    endloop
  endfacet
  facet normal 6.764074249440055e-8 0.9999999999999974 -2.051856822506478e-8
    outer loop
      vertex 28.38182830810547 -1.5000003576278687 24.950193405151367
      vertex 33.150001525878906 -1.5000011920928955 -2.1693504947961628e-7
      vertex 28.032596588134766 -1.5000003576278687 23.79892921447754
    endloop
  endfacet
  facet normal 0 0.9999999999999994 -3.266007847563654e-8
    outer loop
      vertex -12.415925979614258 -1.5000007152557373 12.699999809265137
      vertex 22.349998474121094 -1.5000004768371582 20
      vertex -11.884073257446289 -1.5000007152557373 12.699999809265137
    endloop
  endfacet
  facet normal 3.3444292967973142e-9 0.9999999999999994 -3.3956794166323454e-8
    outer loop
      vertex 33.150001525878906 -1.5000011920928955 -2.1693504947961628e-7
      vertex 22.349998474121094 -1.5000004768371582 20
      vertex 23.5498046875 -1.5000004768371582 20.1181697845459
    endloop
  endfacet
  facet normal -3.3611540131072593e-9 0.9999999999999999 -1.6897614834662838e-8
    outer loop
      vertex 22.349998474121094 -1.5000004768371582 20
      vertex -11.362439155578613 -1.5000007152557373 12.596240043640137
      vertex -11.884073257446289 -1.5000007152557373 12.699999809265137
    endloop
  endfacet
  facet normal -4.6217056213222615e-9 1 -1.115779240370174e-8
    outer loop
      vertex 22.349998474121094 -1.5000004768371582 20
      vertex -10.871070861816406 -1.5000007152557373 12.392708778381348
      vertex -11.362439155578613 -1.5000007152557373 12.596240043640137
    endloop
  endfacet
  facet normal -5.344967810361905e-9 1 -7.999303707769388e-9
    outer loop
      vertex 22.349998474121094 -1.5000004768371582 20
      vertex -10.428850173950195 -1.5000007152557373 12.0972261428833
      vertex -10.871070861816406 -1.5000007152557373 12.392708778381348
    endloop
  endfacet
  facet normal -5.860596613892619e-9 1 -5.860596613892619e-9
    outer loop
      vertex 22.349998474121094 -1.5000004768371582 20
      vertex -10.052773475646973 -1.5000007152557373 11.721149444580078
      vertex -10.428850173950195 -1.5000007152557373 12.0972261428833
    endloop
  endfacet
  facet normal 5.254602260931332e-8 0.9999999999999712 -2.3445952473531967e-7
    outer loop
      vertex 22.349998474121094 -1.5000004768371582 20
      vertex -9.757290840148926 -1.5000008344650269 11.278928756713867
      vertex -10.052773475646973 -1.5000007152557373 11.721149444580078
    endloop
  endfacet
  facet normal -1.001207014343497e-8 0.9999999999999998 -4.147132263155799e-9
    outer loop
      vertex 22.349998474121094 -1.5000004768371582 20
      vertex -9.553759574890137 -1.5000008344650269 10.78756046295166
      vertex -9.757290840148926 -1.5000008344650269 11.278928756713867
    endloop
  endfacet
  facet normal -1.0600705955814362e-8 1 -2.1086174417980457e-9
    outer loop
      vertex 22.349998474121094 -1.5000004768371582 20
      vertex -9.449999809265137 -1.5000008344650269 10.265926361083984
      vertex -9.553759574890137 -1.5000008344650269 10.78756046295166
    endloop
  endfacet
  facet normal -1.1246159998668454e-8 1 0
    outer loop
      vertex 22.349998474121094 -1.5000004768371582 20
      vertex -9.449999809265137 -1.5000008344650269 9.734073638916016
      vertex -9.449999809265137 -1.5000008344650269 10.265926361083984
    endloop
  endfacet
  facet normal 9.421049309832014e-9 0.9999999999999994 -3.105708965876279e-8
    outer loop
      vertex 33.150001525878906 -1.5000011920928955 -2.1693504947961628e-7
      vertex 23.5498046875 -1.5000004768371582 20.1181697845459
      vertex 24.703502655029297 -1.5000004768371582 20.4681396484375
    endloop
  endfacet
  facet normal -1.201788410421471e-8 0.9999999999999999 2.390512494288677e-9
    outer loop
      vertex 22.349998474121094 -1.5000004768371582 20
      vertex -9.553759574890137 -1.5000008344650269 9.21243953704834
      vertex -9.449999809265137 -1.5000008344650269 9.734073638916016
    endloop
  endfacet
  facet normal 7.465165053753745e-10 0.9999999999999994 -3.5359667454884714e-8
    outer loop
      vertex 22.349998474121094 -1.5000004768371582 20
      vertex 33.150001525878906 -1.5000011920928955 -2.1693504947961628e-7
      vertex -9.553759574890137 -1.5000008344650269 9.21243953704834
    endloop
  endfacet
  facet normal 7.687668972780116e-9 1 -3.184334465173865e-9
    outer loop
      vertex -9.553759574890137 -1.5000008344650269 9.21243953704834
      vertex 33.150001525878906 -1.5000011920928955 -2.1693504947961628e-7
      vertex -9.757290840148926 -1.5000008344650269 8.721071243286133
    endloop
  endfacet
  facet normal 7.338284913247207e-9 1 -4.903288845812314e-9
    outer loop
      vertex -9.757290840148926 -1.5000008344650269 8.721071243286133
      vertex 33.150001525878906 -1.5000011920928955 -2.1693504947961628e-7
      vertex -10.052773475646973 -1.5000008344650269 8.278850555419922
    endloop
  endfacet
  facet normal 6.946708913644795e-9 1 -6.946708913644795e-9
    outer loop
      vertex -10.052773475646973 -1.5000008344650269 8.278850555419922
      vertex 33.150001525878906 -1.5000011920928955 -2.1693504947961628e-7
      vertex -10.428850173950195 -1.5000008344650269 7.902773857116699
    endloop
  endfacet
  facet normal -5.108926982010817e-8 0.9999999999999453 -3.2697879977107036e-7
    outer loop
      vertex -10.428850173950195 -1.5000008344650269 7.902773857116699
      vertex 33.150001525878906 -1.5000011920928955 -2.1693504947961628e-7
      vertex -10.871070861816406 -1.5000009536743164 7.607291221618652
    endloop
  endfacet
  facet normal 0 0.9999999999999996 -3.266007750507251e-8
    outer loop
      vertex 33.150001525878906 -1.5000011920928955 -2.1693504947961628e-7
      vertex -12.415925979614258 -1.5000009536743164 7.300000190734863
      vertex -11.884073257446289 -1.5000009536743164 7.300000190734863
    endloop
  endfacet
  facet normal 9.01947546710064e-9 0.9999999999999989 -4.534408651739742e-8
    outer loop
      vertex -61.3624382019043 -1.5000009536743164 7.403759956359863
      vertex -72.1500015258789 -1.5000011920928955 -2.1693504947961628e-7
      vertex -61.88407516479492 -1.5000009536743164 7.300000190734863
    endloop
  endfacet
  facet normal 0 0.9999999999999994 -3.2660077505072793e-8
    outer loop
      vertex -12.415925979614258 -1.5000009536743164 7.300000190734863
      vertex 33.150001525878906 -1.5000011920928955 -2.1693504947961628e-7
      vertex -72.1500015258789 -1.5000011920928955 -2.1693504947961628e-7
    endloop
  endfacet
  facet normal 2.9170221190561868e-9 1 -1.4664819297118746e-8
    outer loop
      vertex -11.362439155578613 -1.5000009536743164 7.403759956359863
      vertex 33.150001525878906 -1.5000011920928955 -2.1693504947961628e-7
      vertex -11.884073257446289 -1.5000009536743164 7.300000190734863
    endloop
  endfacet
  facet normal 3.821624388566978e-9 1 -9.226224053697832e-9
    outer loop
      vertex -10.871070861816406 -1.5000009536743164 7.607291221618652
      vertex 33.150001525878906 -1.5000011920928955 -2.1693504947961628e-7
      vertex -11.362439155578613 -1.5000009536743164 7.403759956359863
    endloop
  endfacet
  facet normal 1.530297089232151e-8 0.9999999999999996 -2.8629822484916028e-8
    outer loop
      vertex 25.766756057739258 -1.5000004768371582 21.036460876464844
      vertex 33.150001525878906 -1.5000011920928955 -2.1693504947961628e-7
      vertex 24.703502655029297 -1.5000004768371582 20.4681396484375
    endloop
  endfacet
  facet normal 2.1663721465347684e-8 0.9999999999999993 -2.6397366054447462e-8
    outer loop
      vertex 26.698707580566406 -1.5000004768371582 21.801292419433594
      vertex 33.150001525878906 -1.5000011920928955 -2.1693504947961628e-7
      vertex 25.766756057739258 -1.5000004768371582 21.036460876464844
    endloop
  endfacet
  facet normal -8.517530514240625e-8 0.9999999999999947 -5.8012462323000025e-8
    outer loop
      vertex 27.463537216186523 -1.5000003576278687 22.73324203491211
      vertex 33.150001525878906 -1.5000011920928955 -2.1693504947961628e-7
      vertex 26.698707580566406 -1.5000004768371582 21.801292419433594
    endloop
  endfacet
  facet normal 4.6781121027835266e-8 0.9999999999999986 -2.5005049674209765e-8
    outer loop
      vertex 28.031858444213867 -1.5000003576278687 23.79649543762207
      vertex 33.150001525878906 -1.5000011920928955 -2.1693504947961628e-7
      vertex 27.463537216186523 -1.5000003576278687 22.73324203491211
    endloop
  endfacet
  facet normal 6.764788778508076e-8 0.9999999999999974 -2.051703179688578e-8
    outer loop
      vertex 28.032596588134766 -1.5000003576278687 23.79892921447754
      vertex 33.150001525878906 -1.5000011920928955 -2.1693504947961628e-7
      vertex 28.031858444213867 -1.5000003576278687 23.79649543762207
    endloop
  endfacet
  facet normal 0 0.9999999999999996 -3.266007847563654e-8
    outer loop
      vertex 22.349998474121094 -1.5000004768371582 20
      vertex -12.415925979614258 -1.5000007152557373 12.699999809265137
      vertex -72.1500015258789 -1.5000004768371582 20
    endloop
  endfacet
  facet normal 2.4723612780594267e-9 1 -1.2429364571176459e-8
    outer loop
      vertex -12.937560081481934 -1.5000007152557373 12.596240043640137
      vertex -72.1500015258789 -1.5000004768371582 20
      vertex -12.415925979614258 -1.5000007152557373 12.699999809265137
    endloop
  endfacet
  facet normal 0 0.9999999999999994 -3.266007847563654e-8
    outer loop
      vertex -62.41592788696289 -1.5000007152557373 12.699999809265137
      vertex -72.1500015258789 -1.5000004768371582 20
      vertex -61.88407516479492 -1.5000007152557373 12.699999809265137
    endloop
  endfacet
  facet normal 5.134626250493666e-9 0.9999999999999997 -2.5813389609237327e-8
    outer loop
      vertex -62.93756103515625 -1.5000007152557373 12.596240043640137
      vertex -72.1500015258789 -1.5000004768371582 20
      vertex -62.41592788696289 -1.5000007152557373 12.699999809265137
    endloop
  endfacet
  facet normal 8.802061064085535e-9 0.9999999999999997 -2.1250029212227527e-8
    outer loop
      vertex -63.42892837524414 -1.5000007152557373 12.392708778381348
      vertex -72.1500015258789 -1.5000004768371582 20
      vertex -62.93756103515625 -1.5000007152557373 12.596240043640137
    endloop
  endfacet
  facet normal 1.185794564698836e-8 0.9999999999999997 -1.7746733201729596e-8
    outer loop
      vertex -63.871150970458984 -1.5000007152557373 12.0972261428833
      vertex -72.1500015258789 -1.5000004768371582 20
      vertex -63.42892837524414 -1.5000007152557373 12.392708778381348
    endloop
  endfacet
  facet normal 1.4734000084833799e-8 0.9999999999999999 -1.4733813268719928e-8
    outer loop
      vertex -64.24722290039062 -1.5000007152557373 11.721149444580078
      vertex -72.1500015258789 -1.5000004768371582 20
      vertex -63.871150970458984 -1.5000007152557373 12.0972261428833
    endloop
  endfacet
  facet normal -1.4837120164207997e-7 0.9999999999999746 -1.704298598738301e-7
    outer loop
      vertex -64.54270935058594 -1.5000008344650269 11.278928756713867
      vertex -72.1500015258789 -1.5000004768371582 20
      vertex -64.24722290039062 -1.5000007152557373 11.721149444580078
    endloop
  endfacet
  facet normal 3.18751594476448e-8 0.9999999999999993 -1.3202990135954063e-8
    outer loop
      vertex -64.7462387084961 -1.5000008344650269 10.78756046295166
      vertex -72.1500015258789 -1.5000004768371582 20
      vertex -64.54270935058594 -1.5000008344650269 11.278928756713867
    endloop
  endfacet
  facet normal 3.8720087259892396e-8 0.9999999999999992 -7.70192586083096e-9
    outer loop
      vertex -64.8499984741211 -1.5000008344650269 10.265926361083984
      vertex -72.1500015258789 -1.5000004768371582 20
      vertex -64.7462387084961 -1.5000008344650269 10.78756046295166
    endloop
  endfacet
  facet normal 4.8990098513209244e-8 0.9999999999999989 0
    outer loop
      vertex -64.8499984741211 -1.5000008344650269 9.734073638916016
      vertex -72.1500015258789 -1.5000004768371582 20
      vertex -64.8499984741211 -1.5000008344650269 10.265926361083984
    endloop
  endfacet
  facet normal -3.872008707899431e-8 0.9999999999999992 -7.701925824847992e-9
    outer loop
      vertex -72.1500015258789 -1.5000011920928955 -2.1693504947961628e-7
      vertex -64.8499984741211 -1.5000008344650269 9.734073638916016
      vertex -64.7462387084961 -1.5000008344650269 9.21243953704834
    endloop
  endfacet
  facet normal -3.187515919236111e-8 0.9999999999999996 -1.3202990030213162e-8
    outer loop
      vertex -72.1500015258789 -1.5000011920928955 -2.1693504947961628e-7
      vertex -64.7462387084961 -1.5000008344650269 9.21243953704834
      vertex -64.54270935058594 -1.5000008344650269 8.721071243286133
    endloop
  endfacet
  facet normal -2.6619901285151247e-8 0.9999999999999994 -1.7787092171677636e-8
    outer loop
      vertex -72.1500015258789 -1.5000011920928955 -2.1693504947961628e-7
      vertex -64.54270935058594 -1.5000008344650269 8.721071243286133
      vertex -64.24722290039062 -1.5000008344650269 8.278850555419922
    endloop
  endfacet
  facet normal -1.3027753171620117e-9 0.9999999999999994 -3.576278647732426e-8
    outer loop
      vertex -64.8499984741211 -1.5000008344650269 9.734073638916016
      vertex -72.1500015258789 -1.5000011920928955 -2.1693504947961628e-7
      vertex -72.1500015258789 -1.5000004768371582 20
    endloop
  endfacet
  facet normal -2.210099983096088e-8 0.9999999999999994 -2.210071960679383e-8
    outer loop
      vertex -63.871150970458984 -1.5000008344650269 7.902773857116699
      vertex -72.1500015258789 -1.5000011920928955 -2.1693504947961628e-7
      vertex -64.24722290039062 -1.5000008344650269 8.278850555419922
    endloop
  endfacet
  facet normal 1.4078528312287245e-7 0.9999999999999715 -1.9273841992146806e-7
    outer loop
      vertex -63.42892837524414 -1.5000009536743164 7.607291221618652
      vertex -72.1500015258789 -1.5000011920928955 -2.1693504947961628e-7
      vertex -63.871150970458984 -1.5000008344650269 7.902773857116699
    endloop
  endfacet
  facet normal -8.802060893895733e-9 0.9999999999999997 -2.1250028801353503e-8
    outer loop
      vertex -62.93756103515625 -1.5000009536743164 7.403759956359863
      vertex -72.1500015258789 -1.5000011920928955 -2.1693504947961628e-7
      vertex -63.42892837524414 -1.5000009536743164 7.607291221618652
    endloop
  endfacet
  facet normal -5.134626129894725e-9 0.9999999999999997 -2.5813389002948322e-8
    outer loop
      vertex -62.41592788696289 -1.5000009536743164 7.300000190734863
      vertex -72.1500015258789 -1.5000011920928955 -2.1693504947961628e-7
      vertex -62.93756103515625 -1.5000009536743164 7.403759956359863
    endloop
  endfacet
  facet normal 0 0.9999999999999994 -3.26600775050728e-8
    outer loop
      vertex -61.88407516479492 -1.5000009536743164 7.300000190734863
      vertex -72.1500015258789 -1.5000011920928955 -2.1693504947961628e-7
      vertex -62.41592788696289 -1.5000009536743164 7.300000190734863
    endloop
  endfacet
endsolid OpenSCAD_Model
