solid OpenSCAD_Model
  facet normal 0.19509709920859628 0.9807839323114909 0
    outer loop
      vertex 74.2292251586914 83.90392303466797 0
      vertex 73.74623107910156 84 3
      vertex 74.2292251586914 83.90392303466797 3
    endloop
  endfacet
  facet normal 0.19509709920859628 0.9807839323114909 0
    outer loop
      vertex 73.74623107910156 84 3
      vertex 74.2292251586914 83.90392303466797 0
      vertex 73.74623107910156 84 0
    endloop
  endfacet
  facet normal -0.9807839323114909 -0.19509709920859628 0
    outer loop
      vertex -75.90392303466797 -82.2292251586914 0
      vertex -76 -81.74623107910156 3
      vertex -76 -81.74623107910156 0
    endloop
  endfacet
  facet normal -0.9807839323114909 -0.19509709920859628 0
    outer loop
      vertex -76 -81.74623107910156 3
      vertex -75.90392303466797 -82.2292251586914 0
      vertex -75.90392303466797 -82.2292251586914 3
    endloop
  endfacet
  facet normal -0.8314730426032858 0.5555650991774362 0
    outer loop
      vertex -75.71546936035156 82.68419647216797 0
      vertex -75.44187927246094 83.09365844726562 3
      vertex -75.44187927246094 83.09365844726562 0
    endloop
  endfacet
  facet normal -0.8314730426032858 0.5555650991774362 0
    outer loop
      vertex -75.44187927246094 83.09365844726562 3
      vertex -75.71546936035156 82.68419647216797 0
      vertex -75.71546936035156 82.68419647216797 3
    endloop
  endfacet
  facet normal 0.923880691414107 0.3826806345142009 0
    outer loop
      vertex 75.90392303466797 82.2292251586914 3
      vertex 75.71546936035156 82.68419647216797 0
      vertex 75.71546936035156 82.68419647216797 3
    endloop
  endfacet
  facet normal 0.923880691414107 0.3826806345142009 0
    outer loop
      vertex 75.71546936035156 82.68419647216797 0
      vertex 75.90392303466797 82.2292251586914 3
      vertex 75.90392303466797 82.2292251586914 0
    endloop
  endfacet
  facet normal 0 -1 0
    outer loop
      vertex -73.74623107910156 -84 0
      vertex 73.74623107910156 -84 3
      vertex -73.74623107910156 -84 3
    endloop
  endfacet
  facet normal 0 -1 0
    outer loop
      vertex 73.74623107910156 -84 3
      vertex -73.74623107910156 -84 0
      vertex 73.74623107910156 -84 0
    endloop
  endfacet
  facet normal 0.9807839323114909 -0.19509709920859628 0
    outer loop
      vertex 75.90392303466797 -82.2292251586914 3
      vertex 76 -81.74623107910156 0
      vertex 76 -81.74623107910156 3
    endloop
  endfacet
  facet normal 0.9807839323114909 -0.19509709920859628 0
    outer loop
      vertex 76 -81.74623107910156 0
      vertex 75.90392303466797 -82.2292251586914 3
      vertex 75.90392303466797 -82.2292251586914 0
    endloop
  endfacet
  facet normal 0.3826806345142009 0.923880691414107 0
    outer loop
      vertex 74.68419647216797 83.71546936035156 0
      vertex 74.2292251586914 83.90392303466797 3
      vertex 74.68419647216797 83.71546936035156 3
    endloop
  endfacet
  facet normal 0.3826806345142009 0.923880691414107 0
    outer loop
      vertex 74.2292251586914 83.90392303466797 3
      vertex 74.68419647216797 83.71546936035156 0
      vertex 74.2292251586914 83.90392303466797 0
    endloop
  endfacet
  facet normal 0.8314730426032858 0.5555650991774362 0
    outer loop
      vertex 75.71546936035156 82.68419647216797 3
      vertex 75.44187927246094 83.09365844726562 0
      vertex 75.44187927246094 83.09365844726562 3
    endloop
  endfacet
  facet normal 0.8314730426032858 0.5555650991774362 0
    outer loop
      vertex 75.44187927246094 83.09365844726562 0
      vertex 75.71546936035156 82.68419647216797 3
      vertex 75.71546936035156 82.68419647216797 0
    endloop
  endfacet
  facet normal 0.7071067811865476 -0.7071067811865476 0
    outer loop
      vertex 75.09365844726562 -83.44187927246094 3
      vertex 75.44187927246094 -83.09365844726562 0
      vertex 75.44187927246094 -83.09365844726562 3
    endloop
  endfacet
  facet normal 0.7071067811865476 -0.7071067811865476 0
    outer loop
      vertex 75.44187927246094 -83.09365844726562 0
      vertex 75.09365844726562 -83.44187927246094 3
      vertex 75.09365844726562 -83.44187927246094 0
    endloop
  endfacet
  facet normal -1 0 0
    outer loop
      vertex -76 -81.74623107910156 0
      vertex -76 81.74623107910156 3
      vertex -76 81.74623107910156 0
    endloop
  endfacet
  facet normal -1 0 0
    outer loop
      vertex -76 81.74623107910156 3
      vertex -76 -81.74623107910156 0
      vertex -76 -81.74623107910156 3
    endloop
  endfacet
  facet normal -0.9807839323114909 0.19509709920859628 0
    outer loop
      vertex -76 81.74623107910156 0
      vertex -75.90392303466797 82.2292251586914 3
      vertex -75.90392303466797 82.2292251586914 0
    endloop
  endfacet
  facet normal -0.9807839323114909 0.19509709920859628 0
    outer loop
      vertex -75.90392303466797 82.2292251586914 3
      vertex -76 81.74623107910156 0
      vertex -76 81.74623107910156 3
    endloop
  endfacet
  facet normal -0.923880691414107 -0.3826806345142009 0
    outer loop
      vertex -75.71546936035156 -82.68419647216797 0
      vertex -75.90392303466797 -82.2292251586914 3
      vertex -75.90392303466797 -82.2292251586914 0
    endloop
  endfacet
  facet normal -0.923880691414107 -0.3826806345142009 0
    outer loop
      vertex -75.90392303466797 -82.2292251586914 3
      vertex -75.71546936035156 -82.68419647216797 0
      vertex -75.71546936035156 -82.68419647216797 3
    endloop
  endfacet
  facet normal 1 0 0
    outer loop
      vertex 76 -81.74623107910156 3
      vertex 76 81.74623107910156 0
      vertex 76 81.74623107910156 3
    endloop
  endfacet
  facet normal 1 0 0
    outer loop
      vertex 76 81.74623107910156 0
      vertex 76 -81.74623107910156 3
      vertex 76 -81.74623107910156 0
    endloop
  endfacet
  facet normal 0.3826806345142009 -0.923880691414107 0
    outer loop
      vertex 74.2292251586914 -83.90392303466797 0
      vertex 74.68419647216797 -83.71546936035156 3
      vertex 74.2292251586914 -83.90392303466797 3
    endloop
  endfacet
  facet normal 0.3826806345142009 -0.923880691414107 0
    outer loop
      vertex 74.68419647216797 -83.71546936035156 3
      vertex 74.2292251586914 -83.90392303466797 0
      vertex 74.68419647216797 -83.71546936035156 0
    endloop
  endfacet
  facet normal -0.7071067811865476 -0.7071067811865476 0
    outer loop
      vertex -75.09365844726562 -83.44187927246094 0
      vertex -75.44187927246094 -83.09365844726562 3
      vertex -75.44187927246094 -83.09365844726562 0
    endloop
  endfacet
  facet normal -0.7071067811865476 -0.7071067811865476 0
    outer loop
      vertex -75.44187927246094 -83.09365844726562 3
      vertex -75.09365844726562 -83.44187927246094 0
      vertex -75.09365844726562 -83.44187927246094 3
    endloop
  endfacet
  facet normal 0.8314730426032858 -0.5555650991774362 0
    outer loop
      vertex 75.44187927246094 -83.09365844726562 3
      vertex 75.71546936035156 -82.68419647216797 0
      vertex 75.71546936035156 -82.68419647216797 3
    endloop
  endfacet
  facet normal 0.8314730426032858 -0.5555650991774362 0
    outer loop
      vertex 75.71546936035156 -82.68419647216797 0
      vertex 75.44187927246094 -83.09365844726562 3
      vertex 75.44187927246094 -83.09365844726562 0
    endloop
  endfacet
  facet normal 0 1 0
    outer loop
      vertex 73.74623107910156 84 0
      vertex -73.74623107910156 84 3
      vertex 73.74623107910156 84 3
    endloop
  endfacet
  facet normal 0 1 0
    outer loop
      vertex -73.74623107910156 84 3
      vertex 73.74623107910156 84 0
      vertex -73.74623107910156 84 0
    endloop
  endfacet
  facet normal 0.7071067811865476 0.7071067811865476 0
    outer loop
      vertex 75.44187927246094 83.09365844726562 3
      vertex 75.09365844726562 83.44187927246094 0
      vertex 75.09365844726562 83.44187927246094 3
    endloop
  endfacet
  facet normal 0.7071067811865476 0.7071067811865476 0
    outer loop
      vertex 75.09365844726562 83.44187927246094 0
      vertex 75.44187927246094 83.09365844726562 3
      vertex 75.44187927246094 83.09365844726562 0
    endloop
  endfacet
  facet normal -0.19509709920859628 0.9807839323114909 0
    outer loop
      vertex -73.74623107910156 84 0
      vertex -74.2292251586914 83.90392303466797 3
      vertex -73.74623107910156 84 3
    endloop
  endfacet
  facet normal -0.19509709920859628 0.9807839323114909 0
    outer loop
      vertex -74.2292251586914 83.90392303466797 3
      vertex -73.74623107910156 84 0
      vertex -74.2292251586914 83.90392303466797 0
    endloop
  endfacet
  facet normal 0.19509709920859628 -0.9807839323114909 0
    outer loop
      vertex 73.74623107910156 -84 0
      vertex 74.2292251586914 -83.90392303466797 3
      vertex 73.74623107910156 -84 3
    endloop
  endfacet
  facet normal 0.19509709920859628 -0.9807839323114909 0
    outer loop
      vertex 74.2292251586914 -83.90392303466797 3
      vertex 73.74623107910156 -84 0
      vertex 74.2292251586914 -83.90392303466797 0
    endloop
  endfacet
  facet normal -0.19509709920859628 -0.9807839323114909 0
    outer loop
      vertex -74.2292251586914 -83.90392303466797 0
      vertex -73.74623107910156 -84 3
      vertex -74.2292251586914 -83.90392303466797 3
    endloop
  endfacet
  facet normal -0.19509709920859628 -0.9807839323114909 0
    outer loop
      vertex -73.74623107910156 -84 3
      vertex -74.2292251586914 -83.90392303466797 0
      vertex -73.74623107910156 -84 0
    endloop
  endfacet
  facet normal 0.9807839323114909 0.19509709920859628 0
    outer loop
      vertex 76 81.74623107910156 3
      vertex 75.90392303466797 82.2292251586914 0
      vertex 75.90392303466797 82.2292251586914 3
    endloop
  endfacet
  facet normal 0.9807839323114909 0.19509709920859628 0
    outer loop
      vertex 75.90392303466797 82.2292251586914 0
      vertex 76 81.74623107910156 3
      vertex 76 81.74623107910156 0
    endloop
  endfacet
  facet normal 0.923880691414107 -0.3826806345142009 0
    outer loop
      vertex 75.71546936035156 -82.68419647216797 3
      vertex 75.90392303466797 -82.2292251586914 0
      vertex 75.90392303466797 -82.2292251586914 3
    endloop
  endfacet
  facet normal 0.923880691414107 -0.3826806345142009 0
    outer loop
      vertex 75.90392303466797 -82.2292251586914 0
      vertex 75.71546936035156 -82.68419647216797 3
      vertex 75.71546936035156 -82.68419647216797 0
    endloop
  endfacet
  facet normal -0.7071067811865476 0.7071067811865476 0
    outer loop
      vertex -75.44187927246094 83.09365844726562 0
      vertex -75.09365844726562 83.44187927246094 3
      vertex -75.09365844726562 83.44187927246094 0
    endloop
  endfacet
  facet normal -0.7071067811865476 0.7071067811865476 0
    outer loop
      vertex -75.09365844726562 83.44187927246094 3
      vertex -75.44187927246094 83.09365844726562 0
      vertex -75.44187927246094 83.09365844726562 3
    endloop
  endfacet
  facet normal -0.8314730426032858 -0.5555650991774362 0
    outer loop
      vertex -75.44187927246094 -83.09365844726562 0
      vertex -75.71546936035156 -82.68419647216797 3
      vertex -75.71546936035156 -82.68419647216797 0
    endloop
  endfacet
  facet normal -0.8314730426032858 -0.5555650991774362 0
    outer loop
      vertex -75.71546936035156 -82.68419647216797 3
      vertex -75.44187927246094 -83.09365844726562 0
      vertex -75.44187927246094 -83.09365844726562 3
    endloop
  endfacet
  facet normal 0.5555650991774362 0.8314730426032858 0
    outer loop
      vertex 75.09365844726562 83.44187927246094 0
      vertex 74.68419647216797 83.71546936035156 3
      vertex 75.09365844726562 83.44187927246094 3
    endloop
  endfacet
  facet normal 0.5555650991774362 0.8314730426032858 0
    outer loop
      vertex 74.68419647216797 83.71546936035156 3
      vertex 75.09365844726562 83.44187927246094 0
      vertex 74.68419647216797 83.71546936035156 0
    endloop
  endfacet
  facet normal 0 0 -1
    outer loop
      vertex -7.053771018981934 66 0
      vertex -47.10148620605469 74.53329467773438 0
      vertex -47.040000915527344 74.84241485595703 0
    endloop
  endfacet
  facet normal 0 0 -1
    outer loop
      vertex -7.053771018981934 66 0
      vertex -47.22209930419922 74.24211120605469 0
      vertex -47.10148620605469 74.53329467773438 0
    endloop
  endfacet
  facet normal 0 0 -1
    outer loop
      vertex -7.053771018981934 66 0
      vertex -47.39719772338867 73.98005676269531 0
      vertex -47.22209930419922 74.24211120605469 0
    endloop
  endfacet
  facet normal 0 0 -1
    outer loop
      vertex -7.053771018981934 66 0
      vertex -47.620059967041016 73.7572021484375 0
      vertex -47.39719772338867 73.98005676269531 0
    endloop
  endfacet
  facet normal 0 0 -1
    outer loop
      vertex -7.053771018981934 66 0
      vertex -47.88211441040039 73.58209991455078 0
      vertex -47.620059967041016 73.7572021484375 0
    endloop
  endfacet
  facet normal 0 0 -1
    outer loop
      vertex -7.053771018981934 66 0
      vertex -48.17329788208008 73.46148681640625 0
      vertex -47.88211441040039 73.58209991455078 0
    endloop
  endfacet
  facet normal 0 0 -1
    outer loop
      vertex -7.053771018981934 66 0
      vertex -48.48241424560547 73.4000015258789 0
      vertex -48.17329788208008 73.46148681640625 0
    endloop
  endfacet
  facet normal 0 0 -1
    outer loop
      vertex -68.94622802734375 66 0
      vertex -48.48241424560547 73.4000015258789 0
      vertex -7.053771018981934 66 0
    endloop
  endfacet
  facet normal 0 0 -1
    outer loop
      vertex -50.23999786376953 74.84241485595703 0
      vertex -68.94622802734375 66 0
      vertex -50.23999786376953 75.15758514404297 0
    endloop
  endfacet
  facet normal 0 0 -1
    outer loop
      vertex -50.17851257324219 74.53329467773438 0
      vertex -68.94622802734375 66 0
      vertex -50.23999786376953 74.84241485595703 0
    endloop
  endfacet
  facet normal 0 0 -1
    outer loop
      vertex -50.057899475097656 74.24211120605469 0
      vertex -68.94622802734375 66 0
      vertex -50.17851257324219 74.53329467773438 0
    endloop
  endfacet
  facet normal 0 0 -1
    outer loop
      vertex -49.8828010559082 73.98005676269531 0
      vertex -68.94622802734375 66 0
      vertex -50.057899475097656 74.24211120605469 0
    endloop
  endfacet
  facet normal 0 0 -1
    outer loop
      vertex -49.65993881225586 73.7572021484375 0
      vertex -68.94622802734375 66 0
      vertex -49.8828010559082 73.98005676269531 0
    endloop
  endfacet
  facet normal 0 0 -1
    outer loop
      vertex -49.397884368896484 73.58209991455078 0
      vertex -68.94622802734375 66 0
      vertex -49.65993881225586 73.7572021484375 0
    endloop
  endfacet
  facet normal 0 0 -1
    outer loop
      vertex -49.1067008972168 73.46148681640625 0
      vertex -68.94622802734375 66 0
      vertex -49.397884368896484 73.58209991455078 0
    endloop
  endfacet
  facet normal 0 0 -1
    outer loop
      vertex -48.797584533691406 73.4000015258789 0
      vertex -68.94622802734375 66 0
      vertex -49.1067008972168 73.46148681640625 0
    endloop
  endfacet
  facet normal 0 0 -1
    outer loop
      vertex -48.48241424560547 73.4000015258789 0
      vertex -68.94622802734375 66 0
      vertex -48.797584533691406 73.4000015258789 0
    endloop
  endfacet
  facet normal 0 0 -1
    outer loop
      vertex 5.706342697143555 -65.44187927246094 0
      vertex 0.4667024612426758 -73.46148681640625 0
      vertex 5.358122825622559 -65.09365844726562 0
    endloop
  endfacet
  facet normal 0 0 -1
    outer loop
      vertex 4.799999237060547 63.7462272644043 0
      vertex 1.5385122299194336 74.53329467773438 0
      vertex 1.5999994277954102 74.84241485595703 0
    endloop
  endfacet
  facet normal 0 0 -1
    outer loop
      vertex 4.799999237060547 -63.7462272644043 0
      vertex -4.799999237060547 -63.7462272644043 0
      vertex 4.799999237060547 63.7462272644043 0
    endloop
  endfacet
  facet normal 0 0 -1
    outer loop
      vertex 4.799999237060547 63.7462272644043 0
      vertex 1.4179010391235352 74.24211120605469 0
      vertex 1.5385122299194336 74.53329467773438 0
    endloop
  endfacet
  facet normal 0 0 -1
    outer loop
      vertex 0.15758609771728516 -73.4000015258789 0
      vertex 5.358122825622559 -65.09365844726562 0
      vertex 0.4667024612426758 -73.46148681640625 0
    endloop
  endfacet
  facet normal 0 0 -1
    outer loop
      vertex -4.799999237060547 63.7462272644043 0
      vertex 4.799999237060547 63.7462272644043 0
      vertex -4.799999237060547 -63.7462272644043 0
    endloop
  endfacet
  facet normal 0 0 -1
    outer loop
      vertex 5.358122825622559 -65.09365844726562 0
      vertex 0.15758609771728516 -73.4000015258789 0
      vertex 5.084527969360352 -64.68419647216797 0
    endloop
  endfacet
  facet normal 0 0 -1
    outer loop
      vertex -4.896073341369629 64.2292251586914 0
      vertex 4.799999237060547 63.7462272644043 0
      vertex -4.799999237060547 63.7462272644043 0
    endloop
  endfacet
  facet normal 0 0 -1
    outer loop
      vertex -5.084527969360352 -64.68419647216797 0
      vertex 5.084527969360352 -64.68419647216797 0
      vertex 0.15758609771728516 -73.4000015258789 0
    endloop
  endfacet
  facet normal 0 0 -1
    outer loop
      vertex 4.799999237060547 63.7462272644043 0
      vertex 1.2428007125854492 73.98005676269531 0
      vertex 1.4179010391235352 74.24211120605469 0
    endloop
  endfacet
  facet normal 0 0 -1
    outer loop
      vertex 5.084527969360352 -64.68419647216797 0
      vertex -5.084527969360352 -64.68419647216797 0
      vertex 4.896073341369629 -64.2292251586914 0
    endloop
  endfacet
  facet normal 0 0 -1
    outer loop
      vertex 4.799999237060547 63.7462272644043 0
      vertex 1.0199403762817383 73.7572021484375 0
      vertex 1.2428007125854492 73.98005676269531 0
    endloop
  endfacet
  facet normal 0 0 -1
    outer loop
      vertex -4.896073341369629 -64.2292251586914 0
      vertex 4.896073341369629 -64.2292251586914 0
      vertex -5.084527969360352 -64.68419647216797 0
    endloop
  endfacet
  facet normal 0 0 -1
    outer loop
      vertex 4.799999237060547 63.7462272644043 0
      vertex 0.7578840255737305 73.58209991455078 0
      vertex 1.0199403762817383 73.7572021484375 0
    endloop
  endfacet
  facet normal 0 0 -1
    outer loop
      vertex -5.084527969360352 -64.68419647216797 0
      vertex 0.15758609771728516 -73.4000015258789 0
      vertex -0.15758609771728516 -73.4000015258789 0
    endloop
  endfacet
  facet normal 0 0 -1
    outer loop
      vertex 4.799999237060547 63.7462272644043 0
      vertex 0.4667024612426758 73.46148681640625 0
      vertex 0.7578840255737305 73.58209991455078 0
    endloop
  endfacet
  facet normal 0 0 -1
    outer loop
      vertex -5.358122825622559 -65.09365844726562 0
      vertex -0.15758609771728516 -73.4000015258789 0
      vertex -0.4667024612426758 -73.46148681640625 0
    endloop
  endfacet
  facet normal 0 0 -1
    outer loop
      vertex -5.084527969360352 64.68419647216797 0
      vertex 4.799999237060547 63.7462272644043 0
      vertex -4.896073341369629 64.2292251586914 0
    endloop
  endfacet
  facet normal 0 0 -1
    outer loop
      vertex -5.706342697143555 -65.44187927246094 0
      vertex -0.4667024612426758 -73.46148681640625 0
      vertex -0.7578840255737305 -73.58209991455078 0
    endloop
  endfacet
  facet normal 0 0 -1
    outer loop
      vertex 4.799999237060547 63.7462272644043 0
      vertex 0.15758609771728516 73.4000015258789 0
      vertex 0.4667024612426758 73.46148681640625 0
    endloop
  endfacet
  facet normal 0 0 -1
    outer loop
      vertex -6.115805625915527 -65.71546936035156 0
      vertex -0.7578840255737305 -73.58209991455078 0
      vertex -1.0199403762817383 -73.7572021484375 0
    endloop
  endfacet
  facet normal 0 0 -1
    outer loop
      vertex 4.799999237060547 63.7462272644043 0
      vertex -5.084527969360352 64.68419647216797 0
      vertex 0.15758609771728516 73.4000015258789 0
    endloop
  endfacet
  facet normal 0 0 -1
    outer loop
      vertex -6.570775985717773 -65.90392303466797 0
      vertex -1.0199403762817383 -73.7572021484375 0
      vertex -1.2428007125854492 -73.98005676269531 0
    endloop
  endfacet
  facet normal 0 0 -1
    outer loop
      vertex 0.15758609771728516 73.4000015258789 0
      vertex -5.084527969360352 64.68419647216797 0
      vertex -0.15758609771728516 73.4000015258789 0
    endloop
  endfacet
  facet normal 0 0 -1
    outer loop
      vertex -6.570775985717773 -65.90392303466797 0
      vertex -1.2428007125854492 -73.98005676269531 0
      vertex -1.4179010391235352 -74.24211120605469 0
    endloop
  endfacet
  facet normal 0 0 -1
    outer loop
      vertex -5.358122825622559 65.09365844726562 0
      vertex -0.15758609771728516 73.4000015258789 0
      vertex -5.084527969360352 64.68419647216797 0
    endloop
  endfacet
  facet normal 0 0 -1
    outer loop
      vertex -7.053771018981934 -66 0
      vertex -1.4179010391235352 -74.24211120605469 0
      vertex -1.5385122299194336 -74.53329467773438 0
    endloop
  endfacet
  facet normal 0 0 -1
    outer loop
      vertex -0.15758609771728516 73.4000015258789 0
      vertex -5.358122825622559 65.09365844726562 0
      vertex -0.4667024612426758 73.46148681640625 0
    endloop
  endfacet
  facet normal 0 0 -1
    outer loop
      vertex -7.053771018981934 -66 0
      vertex -1.5385122299194336 -74.53329467773438 0
      vertex -1.5999994277954102 -74.84241485595703 0
    endloop
  endfacet
  facet normal 0 0 -1
    outer loop
      vertex -5.706342697143555 65.44187927246094 0
      vertex -0.4667024612426758 73.46148681640625 0
      vertex -5.358122825622559 65.09365844726562 0
    endloop
  endfacet
  facet normal 0 0 -1
    outer loop
      vertex -47.040000915527344 -74.84241485595703 0
      vertex -7.053771018981934 -66 0
      vertex -47.040000915527344 -75.15758514404297 0
    endloop
  endfacet
  facet normal 0 0 -1
    outer loop
      vertex -47.10148620605469 -74.53329467773438 0
      vertex -7.053771018981934 -66 0
      vertex -47.040000915527344 -74.84241485595703 0
    endloop
  endfacet
  facet normal 0 0 -1
    outer loop
      vertex -47.22209930419922 -74.24211120605469 0
      vertex -7.053771018981934 -66 0
      vertex -47.10148620605469 -74.53329467773438 0
    endloop
  endfacet
  facet normal 0 0 -1
    outer loop
      vertex -47.39719772338867 -73.98005676269531 0
      vertex -7.053771018981934 -66 0
      vertex -47.22209930419922 -74.24211120605469 0
    endloop
  endfacet
  facet normal 0 0 -1
    outer loop
      vertex -47.620059967041016 -73.7572021484375 0
      vertex -7.053771018981934 -66 0
      vertex -47.39719772338867 -73.98005676269531 0
    endloop
  endfacet
  facet normal 0 0 -1
    outer loop
      vertex -47.88211441040039 -73.58209991455078 0
      vertex -7.053771018981934 -66 0
      vertex -47.620059967041016 -73.7572021484375 0
    endloop
  endfacet
  facet normal 0 0 -1
    outer loop
      vertex -48.17329788208008 -73.46148681640625 0
      vertex -7.053771018981934 -66 0
      vertex -47.88211441040039 -73.58209991455078 0
    endloop
  endfacet
  facet normal 0 0 -1
    outer loop
      vertex -48.48241424560547 -73.4000015258789 0
      vertex -7.053771018981934 -66 0
      vertex -48.17329788208008 -73.46148681640625 0
    endloop
  endfacet
  facet normal 0 0 -1
    outer loop
      vertex -68.94622802734375 -66 0
      vertex -48.48241424560547 -73.4000015258789 0
      vertex -48.797584533691406 -73.4000015258789 0
    endloop
  endfacet
  facet normal 0 0 -1
    outer loop
      vertex -48.48241424560547 -73.4000015258789 0
      vertex -68.94622802734375 -66 0
      vertex -7.053771018981934 -66 0
    endloop
  endfacet
  facet normal 0 0 -1
    outer loop
      vertex -49.1067008972168 -73.46148681640625 0
      vertex -68.94622802734375 -66 0
      vertex -48.797584533691406 -73.4000015258789 0
    endloop
  endfacet
  facet normal 0 0 -1
    outer loop
      vertex -49.397884368896484 -73.58209991455078 0
      vertex -68.94622802734375 -66 0
      vertex -49.1067008972168 -73.46148681640625 0
    endloop
  endfacet
  facet normal 0 0 -1
    outer loop
      vertex -49.65993881225586 -73.7572021484375 0
      vertex -68.94622802734375 -66 0
      vertex -49.397884368896484 -73.58209991455078 0
    endloop
  endfacet
  facet normal 0 0 -1
    outer loop
      vertex -49.8828010559082 -73.98005676269531 0
      vertex -68.94622802734375 -66 0
      vertex -49.65993881225586 -73.7572021484375 0
    endloop
  endfacet
  facet normal 0 0 -1
    outer loop
      vertex -50.057899475097656 -74.24211120605469 0
      vertex -68.94622802734375 -66 0
      vertex -49.8828010559082 -73.98005676269531 0
    endloop
  endfacet
  facet normal 0 0 -1
    outer loop
      vertex -50.17851257324219 -74.53329467773438 0
      vertex -68.94622802734375 -66 0
      vertex -50.057899475097656 -74.24211120605469 0
    endloop
  endfacet
  facet normal 0 0 -1
    outer loop
      vertex -68.94622802734375 -66 0
      vertex -50.17851257324219 -74.53329467773438 0
      vertex -50.23999786376953 -74.84241485595703 0
    endloop
  endfacet
  facet normal 0 0 -1
    outer loop
      vertex 68.94622802734375 66 0
      vertex 50.17851257324219 74.53329467773438 0
      vertex 50.23999786376953 74.84241485595703 0
    endloop
  endfacet
  facet normal 0 0 -1
    outer loop
      vertex 68.94622802734375 66 0
      vertex 50.057899475097656 74.24211120605469 0
      vertex 50.17851257324219 74.53329467773438 0
    endloop
  endfacet
  facet normal 0 0 -1
    outer loop
      vertex 68.94622802734375 66 0
      vertex 49.8828010559082 73.98005676269531 0
      vertex 50.057899475097656 74.24211120605469 0
    endloop
  endfacet
  facet normal 0 0 -1
    outer loop
      vertex 68.94622802734375 66 0
      vertex 49.65993881225586 73.7572021484375 0
      vertex 49.8828010559082 73.98005676269531 0
    endloop
  endfacet
  facet normal 0 0 -1
    outer loop
      vertex 68.94622802734375 66 0
      vertex 49.397884368896484 73.58209991455078 0
      vertex 49.65993881225586 73.7572021484375 0
    endloop
  endfacet
  facet normal 0 0 -1
    outer loop
      vertex 68.94622802734375 66 0
      vertex 49.1067008972168 73.46148681640625 0
      vertex 49.397884368896484 73.58209991455078 0
    endloop
  endfacet
  facet normal 0 0 -1
    outer loop
      vertex 68.94622802734375 66 0
      vertex 48.797584533691406 73.4000015258789 0
      vertex 49.1067008972168 73.46148681640625 0
    endloop
  endfacet
  facet normal 0 0 -1
    outer loop
      vertex 68.94622802734375 66 0
      vertex 48.48241424560547 73.4000015258789 0
      vertex 48.797584533691406 73.4000015258789 0
    endloop
  endfacet
  facet normal 0 0 -1
    outer loop
      vertex 7.053771018981934 66 0
      vertex 48.48241424560547 73.4000015258789 0
      vertex 68.94622802734375 66 0
    endloop
  endfacet
  facet normal 0 0 -1
    outer loop
      vertex 47.040000915527344 74.84241485595703 0
      vertex 7.053771018981934 66 0
      vertex 47.040000915527344 75.15758514404297 0
    endloop
  endfacet
  facet normal 0 0 -1
    outer loop
      vertex 47.10148620605469 74.53329467773438 0
      vertex 7.053771018981934 66 0
      vertex 47.040000915527344 74.84241485595703 0
    endloop
  endfacet
  facet normal 0 0 -1
    outer loop
      vertex 47.22209930419922 74.24211120605469 0
      vertex 7.053771018981934 66 0
      vertex 47.10148620605469 74.53329467773438 0
    endloop
  endfacet
  facet normal 0 0 -1
    outer loop
      vertex 47.39719772338867 73.98005676269531 0
      vertex 7.053771018981934 66 0
      vertex 47.22209930419922 74.24211120605469 0
    endloop
  endfacet
  facet normal 0 0 -1
    outer loop
      vertex 47.620059967041016 73.7572021484375 0
      vertex 7.053771018981934 66 0
      vertex 47.39719772338867 73.98005676269531 0
    endloop
  endfacet
  facet normal 0 0 -1
    outer loop
      vertex 47.88211441040039 73.58209991455078 0
      vertex 7.053771018981934 66 0
      vertex 47.620059967041016 73.7572021484375 0
    endloop
  endfacet
  facet normal 0 0 -1
    outer loop
      vertex 48.17329788208008 73.46148681640625 0
      vertex 7.053771018981934 66 0
      vertex 47.88211441040039 73.58209991455078 0
    endloop
  endfacet
  facet normal 0 0 -1
    outer loop
      vertex 48.48241424560547 73.4000015258789 0
      vertex 7.053771018981934 66 0
      vertex 48.17329788208008 73.46148681640625 0
    endloop
  endfacet
  facet normal 0 0 -1
    outer loop
      vertex 73.74623107910156 -84 0
      vertex 76 -81.74623107910156 0
      vertex 75.90392303466797 -82.2292251586914 0
    endloop
  endfacet
  facet normal 0 0 -1
    outer loop
      vertex 76 -81.74623107910156 0
      vertex 71.19999694824219 -63.7462272644043 0
      vertex 76 81.74623107910156 0
    endloop
  endfacet
  facet normal 0 0 -1
    outer loop
      vertex 73.74623107910156 -84 0
      vertex 75.90392303466797 -82.2292251586914 0
      vertex 75.71546936035156 -82.68419647216797 0
    endloop
  endfacet
  facet normal 0 0 -1
    outer loop
      vertex 71.19999694824219 63.7462272644043 0
      vertex 76 81.74623107910156 0
      vertex 71.19999694824219 -63.7462272644043 0
    endloop
  endfacet
  facet normal 0 0 -1
    outer loop
      vertex 73.74623107910156 -84 0
      vertex 75.71546936035156 -82.68419647216797 0
      vertex 75.44187927246094 -83.09365844726562 0
    endloop
  endfacet
  facet normal 0 0 -1
    outer loop
      vertex 71.10392761230469 64.2292251586914 0
      vertex 76 81.74623107910156 0
      vertex 71.19999694824219 63.7462272644043 0
    endloop
  endfacet
  facet normal 0 0 -1
    outer loop
      vertex 73.74623107910156 -84 0
      vertex 75.44187927246094 -83.09365844726562 0
      vertex 75.09365844726562 -83.44187927246094 0
    endloop
  endfacet
  facet normal 0 0 -1
    outer loop
      vertex 70.91547393798828 64.68419647216797 0
      vertex 76 81.74623107910156 0
      vertex 71.10392761230469 64.2292251586914 0
    endloop
  endfacet
  facet normal 0 0 -1
    outer loop
      vertex 73.74623107910156 -84 0
      vertex 75.09365844726562 -83.44187927246094 0
      vertex 74.68419647216797 -83.71546936035156 0
    endloop
  endfacet
  facet normal 0 0 -1
    outer loop
      vertex 70.64187622070312 65.09365844726562 0
      vertex 76 81.74623107910156 0
      vertex 70.91547393798828 64.68419647216797 0
    endloop
  endfacet
  facet normal 0 0 -1
    outer loop
      vertex 73.74623107910156 -84 0
      vertex 74.68419647216797 -83.71546936035156 0
      vertex 74.2292251586914 -83.90392303466797 0
    endloop
  endfacet
  facet normal 0 0 -1
    outer loop
      vertex 70.29365539550781 65.44187927246094 0
      vertex 76 81.74623107910156 0
      vertex 70.64187622070312 65.09365844726562 0
    endloop
  endfacet
  facet normal 0 0 -1
    outer loop
      vertex 76 -81.74623107910156 0
      vertex 73.74623107910156 -84 0
      vertex 68.94622802734375 -66 0
    endloop
  endfacet
  facet normal 0 0 -1
    outer loop
      vertex 69.88419342041016 65.71546936035156 0
      vertex 76 81.74623107910156 0
      vertex 70.29365539550781 65.44187927246094 0
    endloop
  endfacet
  facet normal 0 0 -1
    outer loop
      vertex 69.4292221069336 65.90392303466797 0
      vertex 76 81.74623107910156 0
      vertex 69.88419342041016 65.71546936035156 0
    endloop
  endfacet
  facet normal 0 0 -1
    outer loop
      vertex 76 -81.74623107910156 0
      vertex 71.10392761230469 -64.2292251586914 0
      vertex 71.19999694824219 -63.7462272644043 0
    endloop
  endfacet
  facet normal 0 0 -1
    outer loop
      vertex 76 -81.74623107910156 0
      vertex 70.91547393798828 -64.68419647216797 0
      vertex 71.10392761230469 -64.2292251586914 0
    endloop
  endfacet
  facet normal 0 0 -1
    outer loop
      vertex 76 -81.74623107910156 0
      vertex 70.64187622070312 -65.09365844726562 0
      vertex 70.91547393798828 -64.68419647216797 0
    endloop
  endfacet
  facet normal 0 0 -1
    outer loop
      vertex 76 -81.74623107910156 0
      vertex 70.29365539550781 -65.44187927246094 0
      vertex 70.64187622070312 -65.09365844726562 0
    endloop
  endfacet
  facet normal 0 0 -1
    outer loop
      vertex 76 -81.74623107910156 0
      vertex 69.88419342041016 -65.71546936035156 0
      vertex 70.29365539550781 -65.44187927246094 0
    endloop
  endfacet
  facet normal 0 0 -1
    outer loop
      vertex 76 -81.74623107910156 0
      vertex 69.4292221069336 -65.90392303466797 0
      vertex 69.88419342041016 -65.71546936035156 0
    endloop
  endfacet
  facet normal 0 0 -1
    outer loop
      vertex 76 -81.74623107910156 0
      vertex 68.94622802734375 -66 0
      vertex 69.4292221069336 -65.90392303466797 0
    endloop
  endfacet
  facet normal 0 0 -1
    outer loop
      vertex 73.74623107910156 -84 0
      vertex 50.23999786376953 -75.15758514404297 0
      vertex 68.94622802734375 -66 0
    endloop
  endfacet
  facet normal 0 0 -1
    outer loop
      vertex 73.74623107910156 -84 0
      vertex 50.17851257324219 -75.46670532226562 0
      vertex 50.23999786376953 -75.15758514404297 0
    endloop
  endfacet
  facet normal 0 0 -1
    outer loop
      vertex 73.74623107910156 -84 0
      vertex 50.057899475097656 -75.75788116455078 0
      vertex 50.17851257324219 -75.46670532226562 0
    endloop
  endfacet
  facet normal 0 0 -1
    outer loop
      vertex 73.74623107910156 -84 0
      vertex 49.8828010559082 -76.01994323730469 0
      vertex 50.057899475097656 -75.75788116455078 0
    endloop
  endfacet
  facet normal 0 0 -1
    outer loop
      vertex 73.74623107910156 -84 0
      vertex 49.65993881225586 -76.2427978515625 0
      vertex 49.8828010559082 -76.01994323730469 0
    endloop
  endfacet
  facet normal 0 0 -1
    outer loop
      vertex 73.74623107910156 -84 0
      vertex 49.397884368896484 -76.41790008544922 0
      vertex 49.65993881225586 -76.2427978515625 0
    endloop
  endfacet
  facet normal 0 0 -1
    outer loop
      vertex 73.74623107910156 -84 0
      vertex 49.1067008972168 -76.53851318359375 0
      vertex 49.397884368896484 -76.41790008544922 0
    endloop
  endfacet
  facet normal 0 0 -1
    outer loop
      vertex 73.74623107910156 -84 0
      vertex 48.797584533691406 -76.5999984741211 0
      vertex 49.1067008972168 -76.53851318359375 0
    endloop
  endfacet
  facet normal 0 0 -1
    outer loop
      vertex 73.74623107910156 -84 0
      vertex 48.48241424560547 -76.5999984741211 0
      vertex 48.797584533691406 -76.5999984741211 0
    endloop
  endfacet
  facet normal 0 0 -1
    outer loop
      vertex 0.15758609771728516 -76.5999984741211 0
      vertex 48.48241424560547 -76.5999984741211 0
      vertex 73.74623107910156 -84 0
    endloop
  endfacet
  facet normal 0 0 -1
    outer loop
      vertex 47.040000915527344 -75.15758514404297 0
      vertex 7.053771018981934 -66 0
      vertex 47.040000915527344 -74.84241485595703 0
    endloop
  endfacet
  facet normal 0 0 -1
    outer loop
      vertex 47.10148620605469 -75.46670532226562 0
      vertex 7.053771018981934 -66 0
      vertex 47.040000915527344 -75.15758514404297 0
    endloop
  endfacet
  facet normal 0 0 -1
    outer loop
      vertex 1.5385122299194336 -75.46670532226562 0
      vertex 47.10148620605469 -75.46670532226562 0
      vertex 47.22209930419922 -75.75788116455078 0
    endloop
  endfacet
  facet normal 0 0 -1
    outer loop
      vertex 1.4179010391235352 -75.75788116455078 0
      vertex 47.22209930419922 -75.75788116455078 0
      vertex 47.39719772338867 -76.01994323730469 0
    endloop
  endfacet
  facet normal 0 0 -1
    outer loop
      vertex 1.2428007125854492 -76.01994323730469 0
      vertex 47.39719772338867 -76.01994323730469 0
      vertex 47.620059967041016 -76.2427978515625 0
    endloop
  endfacet
  facet normal 0 0 -1
    outer loop
      vertex 1.0199403762817383 -76.2427978515625 0
      vertex 47.620059967041016 -76.2427978515625 0
      vertex 47.88211441040039 -76.41790008544922 0
    endloop
  endfacet
  facet normal 0 0 -1
    outer loop
      vertex 0.7578840255737305 -76.41790008544922 0
      vertex 47.88211441040039 -76.41790008544922 0
      vertex 48.17329788208008 -76.53851318359375 0
    endloop
  endfacet
  facet normal 0 0 -1
    outer loop
      vertex 48.48241424560547 -76.5999984741211 0
      vertex 0.15758609771728516 -76.5999984741211 0
      vertex 48.17329788208008 -76.53851318359375 0
    endloop
  endfacet
  facet normal 0 0 -1
    outer loop
      vertex 47.10148620605469 -75.46670532226562 0
      vertex 1.5385122299194336 -75.46670532226562 0
      vertex 7.053771018981934 -66 0
    endloop
  endfacet
  facet normal 0 0 -1
    outer loop
      vertex 0.7578840255737305 -73.58209991455078 0
      vertex 6.115805625915527 -65.71546936035156 0
      vertex 1.0199403762817383 -73.7572021484375 0
    endloop
  endfacet
  facet normal 0 0 -1
    outer loop
      vertex 6.570775985717773 -65.90392303466797 0
      vertex 1.0199403762817383 -73.7572021484375 0
      vertex 6.115805625915527 -65.71546936035156 0
    endloop
  endfacet
  facet normal 0 0 -1
    outer loop
      vertex 1.0199403762817383 -73.7572021484375 0
      vertex 6.570775985717773 -65.90392303466797 0
      vertex 1.2428007125854492 -73.98005676269531 0
    endloop
  endfacet
  facet normal 0 0 -1
    outer loop
      vertex 1.2428007125854492 -73.98005676269531 0
      vertex 6.570775985717773 -65.90392303466797 0
      vertex 1.4179010391235352 -74.24211120605469 0
    endloop
  endfacet
  facet normal 0 0 -1
    outer loop
      vertex 7.053771018981934 -66 0
      vertex 1.4179010391235352 -74.24211120605469 0
      vertex 6.570775985717773 -65.90392303466797 0
    endloop
  endfacet
  facet normal 0 0 -1
    outer loop
      vertex 1.4179010391235352 -74.24211120605469 0
      vertex 7.053771018981934 -66 0
      vertex 1.5385122299194336 -74.53329467773438 0
    endloop
  endfacet
  facet normal 0 0 -1
    outer loop
      vertex 1.5385122299194336 -74.53329467773438 0
      vertex 7.053771018981934 -66 0
      vertex 1.5999994277954102 -74.84241485595703 0
    endloop
  endfacet
  facet normal 0 0 -1
    outer loop
      vertex 1.5999994277954102 -75.15758514404297 0
      vertex 7.053771018981934 -66 0
      vertex 1.5385122299194336 -75.46670532226562 0
    endloop
  endfacet
  facet normal 0 0 -1
    outer loop
      vertex 1.5999994277954102 -74.84241485595703 0
      vertex 7.053771018981934 -66 0
      vertex 1.5999994277954102 -75.15758514404297 0
    endloop
  endfacet
  facet normal 0 0 -1
    outer loop
      vertex 47.22209930419922 -75.75788116455078 0
      vertex 1.4179010391235352 -75.75788116455078 0
      vertex 1.5385122299194336 -75.46670532226562 0
    endloop
  endfacet
  facet normal 0 0 -1
    outer loop
      vertex 47.39719772338867 -76.01994323730469 0
      vertex 1.2428007125854492 -76.01994323730469 0
      vertex 1.4179010391235352 -75.75788116455078 0
    endloop
  endfacet
  facet normal 0 0 -1
    outer loop
      vertex 47.620059967041016 -76.2427978515625 0
      vertex 1.0199403762817383 -76.2427978515625 0
      vertex 1.2428007125854492 -76.01994323730469 0
    endloop
  endfacet
  facet normal 0 0 -1
    outer loop
      vertex 47.88211441040039 -76.41790008544922 0
      vertex 0.7578840255737305 -76.41790008544922 0
      vertex 1.0199403762817383 -76.2427978515625 0
    endloop
  endfacet
  facet normal 0 0 -1
    outer loop
      vertex 48.17329788208008 -76.53851318359375 0
      vertex 0.4667024612426758 -76.53851318359375 0
      vertex 0.7578840255737305 -76.41790008544922 0
    endloop
  endfacet
  facet normal 0 0 -1
    outer loop
      vertex 48.17329788208008 -76.53851318359375 0
      vertex 0.15758609771728516 -76.5999984741211 0
      vertex 0.4667024612426758 -76.53851318359375 0
    endloop
  endfacet
  facet normal 0 0 -1
    outer loop
      vertex 73.74623107910156 -84 0
      vertex -0.15758609771728516 -76.5999984741211 0
      vertex 0.15758609771728516 -76.5999984741211 0
    endloop
  endfacet
  facet normal 0 0 -1
    outer loop
      vertex -7.053771018981934 -66 0
      vertex -1.5999994277954102 -74.84241485595703 0
      vertex -1.5999994277954102 -75.15758514404297 0
    endloop
  endfacet
  facet normal 0 0 -1
    outer loop
      vertex -0.4667024612426758 73.46148681640625 0
      vertex -5.706342697143555 65.44187927246094 0
      vertex -0.7578840255737305 73.58209991455078 0
    endloop
  endfacet
  facet normal 0 0 -1
    outer loop
      vertex -6.115805625915527 65.71546936035156 0
      vertex -0.7578840255737305 73.58209991455078 0
      vertex -5.706342697143555 65.44187927246094 0
    endloop
  endfacet
  facet normal 0 0 -1
    outer loop
      vertex -7.053771018981934 -66 0
      vertex -1.5999994277954102 -75.15758514404297 0
      vertex -1.5385122299194336 -75.46670532226562 0
    endloop
  endfacet
  facet normal 0 0 -1
    outer loop
      vertex 4.799999237060547 -63.7462272644043 0
      vertex -4.896073341369629 -64.2292251586914 0
      vertex -4.799999237060547 -63.7462272644043 0
    endloop
  endfacet
  facet normal 0 0 -1
    outer loop
      vertex 4.896073341369629 -64.2292251586914 0
      vertex -4.896073341369629 -64.2292251586914 0
      vertex 4.799999237060547 -63.7462272644043 0
    endloop
  endfacet
  facet normal 0 0 -1
    outer loop
      vertex -0.15758609771728516 -73.4000015258789 0
      vertex -5.358122825622559 -65.09365844726562 0
      vertex -5.084527969360352 -64.68419647216797 0
    endloop
  endfacet
  facet normal 0 0 -1
    outer loop
      vertex -0.4667024612426758 -73.46148681640625 0
      vertex -5.706342697143555 -65.44187927246094 0
      vertex -5.358122825622559 -65.09365844726562 0
    endloop
  endfacet
  facet normal 0 0 -1
    outer loop
      vertex -47.10148620605469 -75.46670532226562 0
      vertex -1.5385122299194336 -75.46670532226562 0
      vertex -1.4179010391235352 -75.75788116455078 0
    endloop
  endfacet
  facet normal 0 0 -1
    outer loop
      vertex -0.7578840255737305 -73.58209991455078 0
      vertex -6.115805625915527 -65.71546936035156 0
      vertex -5.706342697143555 -65.44187927246094 0
    endloop
  endfacet
  facet normal 0 0 -1
    outer loop
      vertex -1.0199403762817383 -73.7572021484375 0
      vertex -6.570775985717773 -65.90392303466797 0
      vertex -6.115805625915527 -65.71546936035156 0
    endloop
  endfacet
  facet normal 0 0 -1
    outer loop
      vertex -1.4179010391235352 -74.24211120605469 0
      vertex -7.053771018981934 -66 0
      vertex -6.570775985717773 -65.90392303466797 0
    endloop
  endfacet
  facet normal 0 0 -1
    outer loop
      vertex -1.5385122299194336 -75.46670532226562 0
      vertex -47.10148620605469 -75.46670532226562 0
      vertex -7.053771018981934 -66 0
    endloop
  endfacet
  facet normal 0 0 -1
    outer loop
      vertex -47.22209930419922 -75.75788116455078 0
      vertex -1.4179010391235352 -75.75788116455078 0
      vertex -1.2428007125854492 -76.01994323730469 0
    endloop
  endfacet
  facet normal 0 0 -1
    outer loop
      vertex -47.39719772338867 -76.01994323730469 0
      vertex -1.2428007125854492 -76.01994323730469 0
      vertex -1.0199403762817383 -76.2427978515625 0
    endloop
  endfacet
  facet normal 0 0 -1
    outer loop
      vertex -47.620059967041016 -76.2427978515625 0
      vertex -1.0199403762817383 -76.2427978515625 0
      vertex -0.7578840255737305 -76.41790008544922 0
    endloop
  endfacet
  facet normal 0 0 -1
    outer loop
      vertex -47.88211441040039 -76.41790008544922 0
      vertex -0.7578840255737305 -76.41790008544922 0
      vertex -0.4667024612426758 -76.53851318359375 0
    endloop
  endfacet
  facet normal 0 0 -1
    outer loop
      vertex -48.17329788208008 -76.53851318359375 0
      vertex -0.4667024612426758 -76.53851318359375 0
      vertex -0.15758609771728516 -76.5999984741211 0
    endloop
  endfacet
  facet normal 0 0 -1
    outer loop
      vertex -73.74623107910156 -84 0
      vertex -0.15758609771728516 -76.5999984741211 0
      vertex 73.74623107910156 -84 0
    endloop
  endfacet
  facet normal 0 0 -1
    outer loop
      vertex -7.053771018981934 -66 0
      vertex -47.10148620605469 -75.46670532226562 0
      vertex -47.040000915527344 -75.15758514404297 0
    endloop
  endfacet
  facet normal 0 0 -1
    outer loop
      vertex -1.4179010391235352 -75.75788116455078 0
      vertex -47.22209930419922 -75.75788116455078 0
      vertex -47.10148620605469 -75.46670532226562 0
    endloop
  endfacet
  facet normal 0 0 -1
    outer loop
      vertex -1.2428007125854492 -76.01994323730469 0
      vertex -47.39719772338867 -76.01994323730469 0
      vertex -47.22209930419922 -75.75788116455078 0
    endloop
  endfacet
  facet normal 0 0 -1
    outer loop
      vertex -1.0199403762817383 -76.2427978515625 0
      vertex -47.620059967041016 -76.2427978515625 0
      vertex -47.39719772338867 -76.01994323730469 0
    endloop
  endfacet
  facet normal 0 0 -1
    outer loop
      vertex -0.7578840255737305 -76.41790008544922 0
      vertex -47.88211441040039 -76.41790008544922 0
      vertex -47.620059967041016 -76.2427978515625 0
    endloop
  endfacet
  facet normal 0 0 -1
    outer loop
      vertex -0.4667024612426758 -76.53851318359375 0
      vertex -48.17329788208008 -76.53851318359375 0
      vertex -47.88211441040039 -76.41790008544922 0
    endloop
  endfacet
  facet normal 0 0 -1
    outer loop
      vertex -48.48241424560547 -76.5999984741211 0
      vertex -0.15758609771728516 -76.5999984741211 0
      vertex -73.74623107910156 -84 0
    endloop
  endfacet
  facet normal 0 0 -1
    outer loop
      vertex -0.15758609771728516 -76.5999984741211 0
      vertex -48.48241424560547 -76.5999984741211 0
      vertex -48.17329788208008 -76.53851318359375 0
    endloop
  endfacet
  facet normal 0 0 -1
    outer loop
      vertex -50.23999786376953 -75.15758514404297 0
      vertex -68.94622802734375 -66 0
      vertex -50.23999786376953 -74.84241485595703 0
    endloop
  endfacet
  facet normal 0 0 -1
    outer loop
      vertex -73.74623107910156 -84 0
      vertex -50.23999786376953 -75.15758514404297 0
      vertex -50.17851257324219 -75.46670532226562 0
    endloop
  endfacet
  facet normal 0 0 -1
    outer loop
      vertex -73.74623107910156 -84 0
      vertex -50.17851257324219 -75.46670532226562 0
      vertex -50.057899475097656 -75.75788116455078 0
    endloop
  endfacet
  facet normal 0 0 -1
    outer loop
      vertex -73.74623107910156 -84 0
      vertex -50.057899475097656 -75.75788116455078 0
      vertex -49.8828010559082 -76.01994323730469 0
    endloop
  endfacet
  facet normal 0 0 -1
    outer loop
      vertex -73.74623107910156 -84 0
      vertex -49.8828010559082 -76.01994323730469 0
      vertex -49.65993881225586 -76.2427978515625 0
    endloop
  endfacet
  facet normal 0 0 -1
    outer loop
      vertex -73.74623107910156 -84 0
      vertex -49.65993881225586 -76.2427978515625 0
      vertex -49.397884368896484 -76.41790008544922 0
    endloop
  endfacet
  facet normal 0 0 -1
    outer loop
      vertex -50.23999786376953 -75.15758514404297 0
      vertex -73.74623107910156 -84 0
      vertex -68.94622802734375 -66 0
    endloop
  endfacet
  facet normal 0 0 -1
    outer loop
      vertex -76 -81.74623107910156 0
      vertex -68.94622802734375 -66 0
      vertex -73.74623107910156 -84 0
    endloop
  endfacet
  facet normal 0 0 -1
    outer loop
      vertex -71.10392761230469 -64.2292251586914 0
      vertex -76 -81.74623107910156 0
      vertex -71.19999694824219 -63.7462272644043 0
    endloop
  endfacet
  facet normal 0 0 -1
    outer loop
      vertex -70.91547393798828 -64.68419647216797 0
      vertex -76 -81.74623107910156 0
      vertex -71.10392761230469 -64.2292251586914 0
    endloop
  endfacet
  facet normal 0 0 -1
    outer loop
      vertex -70.64187622070312 -65.09365844726562 0
      vertex -76 -81.74623107910156 0
      vertex -70.91547393798828 -64.68419647216797 0
    endloop
  endfacet
  facet normal 0 0 -1
    outer loop
      vertex -70.29365539550781 -65.44187927246094 0
      vertex -76 -81.74623107910156 0
      vertex -70.64187622070312 -65.09365844726562 0
    endloop
  endfacet
  facet normal 0 0 -1
    outer loop
      vertex -69.88419342041016 -65.71546936035156 0
      vertex -76 -81.74623107910156 0
      vertex -70.29365539550781 -65.44187927246094 0
    endloop
  endfacet
  facet normal 0 0 -1
    outer loop
      vertex -69.4292221069336 -65.90392303466797 0
      vertex -76 -81.74623107910156 0
      vertex -69.88419342041016 -65.71546936035156 0
    endloop
  endfacet
  facet normal 0 0 -1
    outer loop
      vertex -68.94622802734375 -66 0
      vertex -76 -81.74623107910156 0
      vertex -69.4292221069336 -65.90392303466797 0
    endloop
  endfacet
  facet normal 0 0 -1
    outer loop
      vertex -49.1067008972168 -76.53851318359375 0
      vertex -73.74623107910156 -84 0
      vertex -49.397884368896484 -76.41790008544922 0
    endloop
  endfacet
  facet normal 0 0 -1
    outer loop
      vertex -48.797584533691406 -76.5999984741211 0
      vertex -73.74623107910156 -84 0
      vertex -49.1067008972168 -76.53851318359375 0
    endloop
  endfacet
  facet normal 0 0 -1
    outer loop
      vertex -48.48241424560547 -76.5999984741211 0
      vertex -73.74623107910156 -84 0
      vertex -48.797584533691406 -76.5999984741211 0
    endloop
  endfacet
  facet normal 0 0 -1
    outer loop
      vertex 68.94622802734375 66 0
      vertex 76 81.74623107910156 0
      vertex 69.4292221069336 65.90392303466797 0
    endloop
  endfacet
  facet normal 0 0 -1
    outer loop
      vertex 73.74623107910156 84 0
      vertex 76 81.74623107910156 0
      vertex 68.94622802734375 66 0
    endloop
  endfacet
  facet normal 0 0 -1
    outer loop
      vertex 76 81.74623107910156 0
      vertex 73.74623107910156 84 0
      vertex 75.90392303466797 82.2292251586914 0
    endloop
  endfacet
  facet normal 0 0 -1
    outer loop
      vertex 75.90392303466797 82.2292251586914 0
      vertex 73.74623107910156 84 0
      vertex 75.71546936035156 82.68419647216797 0
    endloop
  endfacet
  facet normal 0 0 -1
    outer loop
      vertex 75.71546936035156 82.68419647216797 0
      vertex 73.74623107910156 84 0
      vertex 75.44187927246094 83.09365844726562 0
    endloop
  endfacet
  facet normal 0 0 -1
    outer loop
      vertex 75.09365844726562 83.44187927246094 0
      vertex 73.74623107910156 84 0
      vertex 74.68419647216797 83.71546936035156 0
    endloop
  endfacet
  facet normal 0 0 -1
    outer loop
      vertex 74.68419647216797 83.71546936035156 0
      vertex 73.74623107910156 84 0
      vertex 74.2292251586914 83.90392303466797 0
    endloop
  endfacet
  facet normal 0 0 -1
    outer loop
      vertex 75.44187927246094 83.09365844726562 0
      vertex 73.74623107910156 84 0
      vertex 75.09365844726562 83.44187927246094 0
    endloop
  endfacet
  facet normal 0 0 -1
    outer loop
      vertex 50.23999786376953 75.15758514404297 0
      vertex 68.94622802734375 66 0
      vertex 50.23999786376953 74.84241485595703 0
    endloop
  endfacet
  facet normal 0 0 -1
    outer loop
      vertex 68.94622802734375 66 0
      vertex 50.23999786376953 75.15758514404297 0
      vertex 73.74623107910156 84 0
    endloop
  endfacet
  facet normal 0 0 -1
    outer loop
      vertex 50.17851257324219 75.46670532226562 0
      vertex 73.74623107910156 84 0
      vertex 50.23999786376953 75.15758514404297 0
    endloop
  endfacet
  facet normal 0 0 -1
    outer loop
      vertex 50.057899475097656 75.75788116455078 0
      vertex 73.74623107910156 84 0
      vertex 50.17851257324219 75.46670532226562 0
    endloop
  endfacet
  facet normal 0 0 -1
    outer loop
      vertex 49.8828010559082 76.01994323730469 0
      vertex 73.74623107910156 84 0
      vertex 50.057899475097656 75.75788116455078 0
    endloop
  endfacet
  facet normal 0 0 -1
    outer loop
      vertex 49.65993881225586 76.2427978515625 0
      vertex 73.74623107910156 84 0
      vertex 49.8828010559082 76.01994323730469 0
    endloop
  endfacet
  facet normal 0 0 -1
    outer loop
      vertex 49.397884368896484 76.41790008544922 0
      vertex 73.74623107910156 84 0
      vertex 49.65993881225586 76.2427978515625 0
    endloop
  endfacet
  facet normal 0 0 -1
    outer loop
      vertex 49.1067008972168 76.53851318359375 0
      vertex 73.74623107910156 84 0
      vertex 49.397884368896484 76.41790008544922 0
    endloop
  endfacet
  facet normal 0 0 -1
    outer loop
      vertex 48.797584533691406 76.5999984741211 0
      vertex 73.74623107910156 84 0
      vertex 49.1067008972168 76.53851318359375 0
    endloop
  endfacet
  facet normal 0 0 -1
    outer loop
      vertex 48.48241424560547 76.5999984741211 0
      vertex 73.74623107910156 84 0
      vertex 48.797584533691406 76.5999984741211 0
    endloop
  endfacet
  facet normal 0 0 -1
    outer loop
      vertex 0.15758609771728516 76.5999984741211 0
      vertex 48.48241424560547 76.5999984741211 0
      vertex 48.17329788208008 76.53851318359375 0
    endloop
  endfacet
  facet normal 0 0 -1
    outer loop
      vertex 7.053771018981934 66 0
      vertex 47.10148620605469 75.46670532226562 0
      vertex 47.040000915527344 75.15758514404297 0
    endloop
  endfacet
  facet normal 0 0 -1
    outer loop
      vertex 1.5385122299194336 75.46670532226562 0
      vertex 47.10148620605469 75.46670532226562 0
      vertex 7.053771018981934 66 0
    endloop
  endfacet
  facet normal 0 0 -1
    outer loop
      vertex 47.10148620605469 75.46670532226562 0
      vertex 1.5385122299194336 75.46670532226562 0
      vertex 47.22209930419922 75.75788116455078 0
    endloop
  endfacet
  facet normal 0 0 -1
    outer loop
      vertex 1.4179010391235352 75.75788116455078 0
      vertex 47.22209930419922 75.75788116455078 0
      vertex 1.5385122299194336 75.46670532226562 0
    endloop
  endfacet
  facet normal 0 0 -1
    outer loop
      vertex 47.22209930419922 75.75788116455078 0
      vertex 1.4179010391235352 75.75788116455078 0
      vertex 47.39719772338867 76.01994323730469 0
    endloop
  endfacet
  facet normal 0 0 -1
    outer loop
      vertex 1.2428007125854492 76.01994323730469 0
      vertex 47.39719772338867 76.01994323730469 0
      vertex 1.4179010391235352 75.75788116455078 0
    endloop
  endfacet
  facet normal 0 0 -1
    outer loop
      vertex 47.39719772338867 76.01994323730469 0
      vertex 1.2428007125854492 76.01994323730469 0
      vertex 47.620059967041016 76.2427978515625 0
    endloop
  endfacet
  facet normal 0 0 -1
    outer loop
      vertex 1.5999994277954102 74.84241485595703 0
      vertex 7.053771018981934 66 0
      vertex 6.570775985717773 65.90392303466797 0
    endloop
  endfacet
  facet normal 0 0 -1
    outer loop
      vertex 6.115805625915527 -65.71546936035156 0
      vertex 0.7578840255737305 -73.58209991455078 0
      vertex 5.706342697143555 -65.44187927246094 0
    endloop
  endfacet
  facet normal 0 0 -1
    outer loop
      vertex 0.4667024612426758 -73.46148681640625 0
      vertex 5.706342697143555 -65.44187927246094 0
      vertex 0.7578840255737305 -73.58209991455078 0
    endloop
  endfacet
  facet normal 0 0 -1
    outer loop
      vertex 1.5999994277954102 74.84241485595703 0
      vertex 4.896073341369629 64.2292251586914 0
      vertex 4.799999237060547 63.7462272644043 0
    endloop
  endfacet
  facet normal 0 0 -1
    outer loop
      vertex 1.5999994277954102 74.84241485595703 0
      vertex 5.084527969360352 64.68419647216797 0
      vertex 4.896073341369629 64.2292251586914 0
    endloop
  endfacet
  facet normal 0 0 -1
    outer loop
      vertex 1.5999994277954102 74.84241485595703 0
      vertex 5.358122825622559 65.09365844726562 0
      vertex 5.084527969360352 64.68419647216797 0
    endloop
  endfacet
  facet normal 0 0 -1
    outer loop
      vertex 1.5999994277954102 74.84241485595703 0
      vertex 5.706342697143555 65.44187927246094 0
      vertex 5.358122825622559 65.09365844726562 0
    endloop
  endfacet
  facet normal 0 0 -1
    outer loop
      vertex 1.5999994277954102 74.84241485595703 0
      vertex 6.115805625915527 65.71546936035156 0
      vertex 5.706342697143555 65.44187927246094 0
    endloop
  endfacet
  facet normal 0 0 -1
    outer loop
      vertex 1.5999994277954102 74.84241485595703 0
      vertex 6.570775985717773 65.90392303466797 0
      vertex 6.115805625915527 65.71546936035156 0
    endloop
  endfacet
  facet normal 0 0 -1
    outer loop
      vertex 7.053771018981934 66 0
      vertex 1.5999994277954102 74.84241485595703 0
      vertex 1.5999994277954102 75.15758514404297 0
    endloop
  endfacet
  facet normal 0 0 -1
    outer loop
      vertex 7.053771018981934 66 0
      vertex 1.5999994277954102 75.15758514404297 0
      vertex 1.5385122299194336 75.46670532226562 0
    endloop
  endfacet
  facet normal 0 0 -1
    outer loop
      vertex 1.0199403762817383 76.2427978515625 0
      vertex 47.620059967041016 76.2427978515625 0
      vertex 1.2428007125854492 76.01994323730469 0
    endloop
  endfacet
  facet normal 0 0 -1
    outer loop
      vertex 47.620059967041016 76.2427978515625 0
      vertex 1.0199403762817383 76.2427978515625 0
      vertex 47.88211441040039 76.41790008544922 0
    endloop
  endfacet
  facet normal 0 0 -1
    outer loop
      vertex 0.7578840255737305 76.41790008544922 0
      vertex 47.88211441040039 76.41790008544922 0
      vertex 1.0199403762817383 76.2427978515625 0
    endloop
  endfacet
  facet normal 0 0 -1
    outer loop
      vertex 47.88211441040039 76.41790008544922 0
      vertex 0.7578840255737305 76.41790008544922 0
      vertex 48.17329788208008 76.53851318359375 0
    endloop
  endfacet
  facet normal 0 0 -1
    outer loop
      vertex 0.4667024612426758 76.53851318359375 0
      vertex 48.17329788208008 76.53851318359375 0
      vertex 0.7578840255737305 76.41790008544922 0
    endloop
  endfacet
  facet normal 0 0 -1
    outer loop
      vertex 0.15758609771728516 76.5999984741211 0
      vertex 48.17329788208008 76.53851318359375 0
      vertex 0.4667024612426758 76.53851318359375 0
    endloop
  endfacet
  facet normal 0 0 -1
    outer loop
      vertex 48.48241424560547 76.5999984741211 0
      vertex 0.15758609771728516 76.5999984741211 0
      vertex 73.74623107910156 84 0
    endloop
  endfacet
  facet normal 0 0 -1
    outer loop
      vertex -0.15758609771728516 76.5999984741211 0
      vertex 73.74623107910156 84 0
      vertex 0.15758609771728516 76.5999984741211 0
    endloop
  endfacet
  facet normal 0 0 -1
    outer loop
      vertex -0.7578840255737305 73.58209991455078 0
      vertex -6.115805625915527 65.71546936035156 0
      vertex -1.0199403762817383 73.7572021484375 0
    endloop
  endfacet
  facet normal 0 0 -1
    outer loop
      vertex -6.570775985717773 65.90392303466797 0
      vertex -1.0199403762817383 73.7572021484375 0
      vertex -6.115805625915527 65.71546936035156 0
    endloop
  endfacet
  facet normal 0 0 -1
    outer loop
      vertex -1.0199403762817383 73.7572021484375 0
      vertex -6.570775985717773 65.90392303466797 0
      vertex -1.2428007125854492 73.98005676269531 0
    endloop
  endfacet
  facet normal 0 0 -1
    outer loop
      vertex -1.2428007125854492 73.98005676269531 0
      vertex -6.570775985717773 65.90392303466797 0
      vertex -1.4179010391235352 74.24211120605469 0
    endloop
  endfacet
  facet normal 0 0 -1
    outer loop
      vertex -7.053771018981934 66 0
      vertex -1.4179010391235352 74.24211120605469 0
      vertex -6.570775985717773 65.90392303466797 0
    endloop
  endfacet
  facet normal 0 0 -1
    outer loop
      vertex -1.4179010391235352 74.24211120605469 0
      vertex -7.053771018981934 66 0
      vertex -1.5385122299194336 74.53329467773438 0
    endloop
  endfacet
  facet normal 0 0 -1
    outer loop
      vertex -1.5385122299194336 74.53329467773438 0
      vertex -7.053771018981934 66 0
      vertex -1.5999994277954102 74.84241485595703 0
    endloop
  endfacet
  facet normal 0 0 -1
    outer loop
      vertex -1.5999994277954102 74.84241485595703 0
      vertex -7.053771018981934 66 0
      vertex -1.5999994277954102 75.15758514404297 0
    endloop
  endfacet
  facet normal 0 0 -1
    outer loop
      vertex -1.5999994277954102 75.15758514404297 0
      vertex -7.053771018981934 66 0
      vertex -1.5385122299194336 75.46670532226562 0
    endloop
  endfacet
  facet normal 0 0 -1
    outer loop
      vertex -47.10148620605469 75.46670532226562 0
      vertex -1.5385122299194336 75.46670532226562 0
      vertex -7.053771018981934 66 0
    endloop
  endfacet
  facet normal 0 0 -1
    outer loop
      vertex -47.040000915527344 75.15758514404297 0
      vertex -7.053771018981934 66 0
      vertex -47.040000915527344 74.84241485595703 0
    endloop
  endfacet
  facet normal 0 0 -1
    outer loop
      vertex -47.10148620605469 75.46670532226562 0
      vertex -7.053771018981934 66 0
      vertex -47.040000915527344 75.15758514404297 0
    endloop
  endfacet
  facet normal 0 0 -1
    outer loop
      vertex -1.5385122299194336 75.46670532226562 0
      vertex -47.10148620605469 75.46670532226562 0
      vertex -1.4179010391235352 75.75788116455078 0
    endloop
  endfacet
  facet normal 0 0 -1
    outer loop
      vertex -47.22209930419922 75.75788116455078 0
      vertex -1.4179010391235352 75.75788116455078 0
      vertex -47.10148620605469 75.46670532226562 0
    endloop
  endfacet
  facet normal 0 0 -1
    outer loop
      vertex -1.4179010391235352 75.75788116455078 0
      vertex -47.22209930419922 75.75788116455078 0
      vertex -1.2428007125854492 76.01994323730469 0
    endloop
  endfacet
  facet normal 0 0 -1
    outer loop
      vertex -47.39719772338867 76.01994323730469 0
      vertex -1.2428007125854492 76.01994323730469 0
      vertex -47.22209930419922 75.75788116455078 0
    endloop
  endfacet
  facet normal 0 0 -1
    outer loop
      vertex -1.2428007125854492 76.01994323730469 0
      vertex -47.39719772338867 76.01994323730469 0
      vertex -1.0199403762817383 76.2427978515625 0
    endloop
  endfacet
  facet normal 0 0 -1
    outer loop
      vertex -47.620059967041016 76.2427978515625 0
      vertex -1.0199403762817383 76.2427978515625 0
      vertex -47.39719772338867 76.01994323730469 0
    endloop
  endfacet
  facet normal 0 0 -1
    outer loop
      vertex -1.0199403762817383 76.2427978515625 0
      vertex -47.620059967041016 76.2427978515625 0
      vertex -0.7578840255737305 76.41790008544922 0
    endloop
  endfacet
  facet normal 0 0 -1
    outer loop
      vertex -47.88211441040039 76.41790008544922 0
      vertex -0.7578840255737305 76.41790008544922 0
      vertex -47.620059967041016 76.2427978515625 0
    endloop
  endfacet
  facet normal 0 0 -1
    outer loop
      vertex -0.7578840255737305 76.41790008544922 0
      vertex -47.88211441040039 76.41790008544922 0
      vertex -0.4667024612426758 76.53851318359375 0
    endloop
  endfacet
  facet normal 0 0 -1
    outer loop
      vertex -48.17329788208008 76.53851318359375 0
      vertex -0.4667024612426758 76.53851318359375 0
      vertex -47.88211441040039 76.41790008544922 0
    endloop
  endfacet
  facet normal 0 0 -1
    outer loop
      vertex -0.4667024612426758 76.53851318359375 0
      vertex -48.17329788208008 76.53851318359375 0
      vertex -0.15758609771728516 76.5999984741211 0
    endloop
  endfacet
  facet normal 0 0 -1
    outer loop
      vertex -48.48241424560547 76.5999984741211 0
      vertex -0.15758609771728516 76.5999984741211 0
      vertex -48.17329788208008 76.53851318359375 0
    endloop
  endfacet
  facet normal 0 0 -1
    outer loop
      vertex -0.15758609771728516 76.5999984741211 0
      vertex -48.48241424560547 76.5999984741211 0
      vertex -73.74623107910156 84 0
    endloop
  endfacet
  facet normal 0 0 -1
    outer loop
      vertex -73.74623107910156 84 0
      vertex -48.48241424560547 76.5999984741211 0
      vertex -48.797584533691406 76.5999984741211 0
    endloop
  endfacet
  facet normal 0 0 -1
    outer loop
      vertex -73.74623107910156 84 0
      vertex -50.23999786376953 75.15758514404297 0
      vertex -68.94622802734375 66 0
    endloop
  endfacet
  facet normal 0 0 -1
    outer loop
      vertex -50.23999786376953 75.15758514404297 0
      vertex -73.74623107910156 84 0
      vertex -50.17851257324219 75.46670532226562 0
    endloop
  endfacet
  facet normal 0 0 -1
    outer loop
      vertex -50.17851257324219 75.46670532226562 0
      vertex -73.74623107910156 84 0
      vertex -50.057899475097656 75.75788116455078 0
    endloop
  endfacet
  facet normal 0 0 -1
    outer loop
      vertex -50.057899475097656 75.75788116455078 0
      vertex -73.74623107910156 84 0
      vertex -49.8828010559082 76.01994323730469 0
    endloop
  endfacet
  facet normal 0 0 -1
    outer loop
      vertex -49.8828010559082 76.01994323730469 0
      vertex -73.74623107910156 84 0
      vertex -49.65993881225586 76.2427978515625 0
    endloop
  endfacet
  facet normal 0 0 -1
    outer loop
      vertex -76 81.74623107910156 0
      vertex -68.94622802734375 66 0
      vertex -69.4292221069336 65.90392303466797 0
    endloop
  endfacet
  facet normal 0 0 -1
    outer loop
      vertex -76 81.74623107910156 0
      vertex -69.4292221069336 65.90392303466797 0
      vertex -69.88419342041016 65.71546936035156 0
    endloop
  endfacet
  facet normal 0 0 -1
    outer loop
      vertex -0.15758609771728516 76.5999984741211 0
      vertex -73.74623107910156 84 0
      vertex 73.74623107910156 84 0
    endloop
  endfacet
  facet normal 0 0 -1
    outer loop
      vertex -49.1067008972168 76.53851318359375 0
      vertex -73.74623107910156 84 0
      vertex -48.797584533691406 76.5999984741211 0
    endloop
  endfacet
  facet normal 0 0 -1
    outer loop
      vertex -49.397884368896484 76.41790008544922 0
      vertex -73.74623107910156 84 0
      vertex -49.1067008972168 76.53851318359375 0
    endloop
  endfacet
  facet normal 0 0 -1
    outer loop
      vertex -49.65993881225586 76.2427978515625 0
      vertex -73.74623107910156 84 0
      vertex -49.397884368896484 76.41790008544922 0
    endloop
  endfacet
  facet normal 0 0 -1
    outer loop
      vertex -76 81.74623107910156 0
      vertex -69.88419342041016 65.71546936035156 0
      vertex -70.29365539550781 65.44187927246094 0
    endloop
  endfacet
  facet normal 0 0 -1
    outer loop
      vertex -76 81.74623107910156 0
      vertex -70.29365539550781 65.44187927246094 0
      vertex -70.64187622070312 65.09365844726562 0
    endloop
  endfacet
  facet normal 0 0 -1
    outer loop
      vertex -76 81.74623107910156 0
      vertex -70.64187622070312 65.09365844726562 0
      vertex -70.91547393798828 64.68419647216797 0
    endloop
  endfacet
  facet normal 0 0 -1
    outer loop
      vertex -76 81.74623107910156 0
      vertex -70.91547393798828 64.68419647216797 0
      vertex -71.10392761230469 64.2292251586914 0
    endloop
  endfacet
  facet normal 0 0 -1
    outer loop
      vertex -76 81.74623107910156 0
      vertex -71.10392761230469 64.2292251586914 0
      vertex -71.19999694824219 63.7462272644043 0
    endloop
  endfacet
  facet normal 0 0 -1
    outer loop
      vertex -71.19999694824219 -63.7462272644043 0
      vertex -76 -81.74623107910156 0
      vertex -71.19999694824219 63.7462272644043 0
    endloop
  endfacet
  facet normal 0 0 -1
    outer loop
      vertex -76 -81.74623107910156 0
      vertex -73.74623107910156 -84 0
      vertex -74.2292251586914 -83.90392303466797 0
    endloop
  endfacet
  facet normal 0 0 -1
    outer loop
      vertex -76 81.74623107910156 0
      vertex -71.19999694824219 63.7462272644043 0
      vertex -76 -81.74623107910156 0
    endloop
  endfacet
  facet normal 0 0 -1
    outer loop
      vertex -76 -81.74623107910156 0
      vertex -74.2292251586914 -83.90392303466797 0
      vertex -74.68419647216797 -83.71546936035156 0
    endloop
  endfacet
  facet normal 0 0 -1
    outer loop
      vertex -68.94622802734375 66 0
      vertex -76 81.74623107910156 0
      vertex -73.74623107910156 84 0
    endloop
  endfacet
  facet normal 0 0 -1
    outer loop
      vertex -76 -81.74623107910156 0
      vertex -74.68419647216797 -83.71546936035156 0
      vertex -75.09365844726562 -83.44187927246094 0
    endloop
  endfacet
  facet normal 0 0 -1
    outer loop
      vertex -73.74623107910156 84 0
      vertex -76 81.74623107910156 0
      vertex -74.2292251586914 83.90392303466797 0
    endloop
  endfacet
  facet normal 0 0 -1
    outer loop
      vertex -76 -81.74623107910156 0
      vertex -75.09365844726562 -83.44187927246094 0
      vertex -75.44187927246094 -83.09365844726562 0
    endloop
  endfacet
  facet normal 0 0 -1
    outer loop
      vertex -74.2292251586914 83.90392303466797 0
      vertex -76 81.74623107910156 0
      vertex -74.68419647216797 83.71546936035156 0
    endloop
  endfacet
  facet normal 0 0 -1
    outer loop
      vertex -76 -81.74623107910156 0
      vertex -75.44187927246094 -83.09365844726562 0
      vertex -75.71546936035156 -82.68419647216797 0
    endloop
  endfacet
  facet normal 0 0 -1
    outer loop
      vertex -74.68419647216797 83.71546936035156 0
      vertex -76 81.74623107910156 0
      vertex -75.09365844726562 83.44187927246094 0
    endloop
  endfacet
  facet normal 0 0 -1
    outer loop
      vertex -76 -81.74623107910156 0
      vertex -75.71546936035156 -82.68419647216797 0
      vertex -75.90392303466797 -82.2292251586914 0
    endloop
  endfacet
  facet normal 0 0 -1
    outer loop
      vertex -75.09365844726562 83.44187927246094 0
      vertex -76 81.74623107910156 0
      vertex -75.44187927246094 83.09365844726562 0
    endloop
  endfacet
  facet normal 0 0 -1
    outer loop
      vertex -75.44187927246094 83.09365844726562 0
      vertex -76 81.74623107910156 0
      vertex -75.71546936035156 82.68419647216797 0
    endloop
  endfacet
  facet normal 0 0 -1
    outer loop
      vertex -75.71546936035156 82.68419647216797 0
      vertex -76 81.74623107910156 0
      vertex -75.90392303466797 82.2292251586914 0
    endloop
  endfacet
  facet normal 0 0 -1
    outer loop
      vertex 50.23999786376953 -74.84241485595703 0
      vertex 68.94622802734375 -66 0
      vertex 50.23999786376953 -75.15758514404297 0
    endloop
  endfacet
  facet normal 0 0 -1
    outer loop
      vertex 50.17851257324219 -74.53329467773438 0
      vertex 68.94622802734375 -66 0
      vertex 50.23999786376953 -74.84241485595703 0
    endloop
  endfacet
  facet normal 0 0 -1
    outer loop
      vertex 50.057899475097656 -74.24211120605469 0
      vertex 68.94622802734375 -66 0
      vertex 50.17851257324219 -74.53329467773438 0
    endloop
  endfacet
  facet normal 0 0 -1
    outer loop
      vertex 49.8828010559082 -73.98005676269531 0
      vertex 68.94622802734375 -66 0
      vertex 50.057899475097656 -74.24211120605469 0
    endloop
  endfacet
  facet normal 0 0 -1
    outer loop
      vertex 49.65993881225586 -73.7572021484375 0
      vertex 68.94622802734375 -66 0
      vertex 49.8828010559082 -73.98005676269531 0
    endloop
  endfacet
  facet normal 0 0 -1
    outer loop
      vertex 49.397884368896484 -73.58209991455078 0
      vertex 68.94622802734375 -66 0
      vertex 49.65993881225586 -73.7572021484375 0
    endloop
  endfacet
  facet normal 0 0 -1
    outer loop
      vertex 49.1067008972168 -73.46148681640625 0
      vertex 68.94622802734375 -66 0
      vertex 49.397884368896484 -73.58209991455078 0
    endloop
  endfacet
  facet normal 0 0 -1
    outer loop
      vertex 48.797584533691406 -73.4000015258789 0
      vertex 68.94622802734375 -66 0
      vertex 49.1067008972168 -73.46148681640625 0
    endloop
  endfacet
  facet normal 0 0 -1
    outer loop
      vertex 48.48241424560547 -73.4000015258789 0
      vertex 68.94622802734375 -66 0
      vertex 48.797584533691406 -73.4000015258789 0
    endloop
  endfacet
  facet normal 0 0 -1
    outer loop
      vertex 7.053771018981934 -66 0
      vertex 48.48241424560547 -73.4000015258789 0
      vertex 48.17329788208008 -73.46148681640625 0
    endloop
  endfacet
  facet normal 0 0 -1
    outer loop
      vertex 48.48241424560547 -73.4000015258789 0
      vertex 7.053771018981934 -66 0
      vertex 68.94622802734375 -66 0
    endloop
  endfacet
  facet normal 0 0 -1
    outer loop
      vertex 47.88211441040039 -73.58209991455078 0
      vertex 7.053771018981934 -66 0
      vertex 48.17329788208008 -73.46148681640625 0
    endloop
  endfacet
  facet normal 0 0 -1
    outer loop
      vertex 47.620059967041016 -73.7572021484375 0
      vertex 7.053771018981934 -66 0
      vertex 47.88211441040039 -73.58209991455078 0
    endloop
  endfacet
  facet normal 0 0 -1
    outer loop
      vertex 47.39719772338867 -73.98005676269531 0
      vertex 7.053771018981934 -66 0
      vertex 47.620059967041016 -73.7572021484375 0
    endloop
  endfacet
  facet normal 0 0 -1
    outer loop
      vertex 47.22209930419922 -74.24211120605469 0
      vertex 7.053771018981934 -66 0
      vertex 47.39719772338867 -73.98005676269531 0
    endloop
  endfacet
  facet normal 0 0 -1
    outer loop
      vertex 47.10148620605469 -74.53329467773438 0
      vertex 7.053771018981934 -66 0
      vertex 47.22209930419922 -74.24211120605469 0
    endloop
  endfacet
  facet normal 0 0 -1
    outer loop
      vertex 7.053771018981934 -66 0
      vertex 47.10148620605469 -74.53329467773438 0
      vertex 47.040000915527344 -74.84241485595703 0
    endloop
  endfacet
  facet normal -0.5555650991774362 -0.8314730426032858 0
    outer loop
      vertex -75.09365844726562 -83.44187927246094 0
      vertex -74.68419647216797 -83.71546936035156 3
      vertex -75.09365844726562 -83.44187927246094 3
    endloop
  endfacet
  facet normal -0.5555650991774362 -0.8314730426032858 0
    outer loop
      vertex -74.68419647216797 -83.71546936035156 3
      vertex -75.09365844726562 -83.44187927246094 0
      vertex -74.68419647216797 -83.71546936035156 0
    endloop
  endfacet
  facet normal -0.923880691414107 0.3826806345142009 0
    outer loop
      vertex -75.90392303466797 82.2292251586914 0
      vertex -75.71546936035156 82.68419647216797 3
      vertex -75.71546936035156 82.68419647216797 0
    endloop
  endfacet
  facet normal -0.923880691414107 0.3826806345142009 0
    outer loop
      vertex -75.71546936035156 82.68419647216797 3
      vertex -75.90392303466797 82.2292251586914 0
      vertex -75.90392303466797 82.2292251586914 3
    endloop
  endfacet
  facet normal -0.3826806345142009 -0.923880691414107 0
    outer loop
      vertex -74.68419647216797 -83.71546936035156 0
      vertex -74.2292251586914 -83.90392303466797 3
      vertex -74.68419647216797 -83.71546936035156 3
    endloop
  endfacet
  facet normal -0.3826806345142009 -0.923880691414107 0
    outer loop
      vertex -74.2292251586914 -83.90392303466797 3
      vertex -74.68419647216797 -83.71546936035156 0
      vertex -74.2292251586914 -83.90392303466797 0
    endloop
  endfacet
  facet normal 0.5555650991774362 -0.8314730426032858 0
    outer loop
      vertex 74.68419647216797 -83.71546936035156 0
      vertex 75.09365844726562 -83.44187927246094 3
      vertex 74.68419647216797 -83.71546936035156 3
    endloop
  endfacet
  facet normal 0.5555650991774362 -0.8314730426032858 0
    outer loop
      vertex 75.09365844726562 -83.44187927246094 3
      vertex 74.68419647216797 -83.71546936035156 0
      vertex 75.09365844726562 -83.44187927246094 0
    endloop
  endfacet
  facet normal -0.3826806345142009 0.923880691414107 0
    outer loop
      vertex -74.2292251586914 83.90392303466797 0
      vertex -74.68419647216797 83.71546936035156 3
      vertex -74.2292251586914 83.90392303466797 3
    endloop
  endfacet
  facet normal -0.3826806345142009 0.923880691414107 0
    outer loop
      vertex -74.68419647216797 83.71546936035156 3
      vertex -74.2292251586914 83.90392303466797 0
      vertex -74.68419647216797 83.71546936035156 0
    endloop
  endfacet
  facet normal 0 0 1
    outer loop
      vertex 75.19999694824219 81.66743469238281 3
      vertex 76 81.74623107910156 3
      vertex 75.90392303466797 82.2292251586914 3
    endloop
  endfacet
  facet normal 0 0 1
    outer loop
      vertex 76 81.74623107910156 3
      vertex 75.19999694824219 81.66743469238281 3
      vertex 76 -81.74623107910156 3
    endloop
  endfacet
  facet normal 0 0 1
    outer loop
      vertex 75.1346664428711 81.9958724975586 3
      vertex 75.90392303466797 82.2292251586914 3
      vertex 75.71546936035156 82.68419647216797 3
    endloop
  endfacet
  facet normal 0 0 1
    outer loop
      vertex 75.19999694824219 -81.66743469238281 3
      vertex 76 -81.74623107910156 3
      vertex 75.19999694824219 81.66743469238281 3
    endloop
  endfacet
  facet normal 0 0 1
    outer loop
      vertex 75.00652313232422 82.30525207519531 3
      vertex 75.71546936035156 82.68419647216797 3
      vertex 75.44187927246094 83.09365844726562 3
    endloop
  endfacet
  facet normal 0 0 1
    outer loop
      vertex 76 -81.74623107910156 3
      vertex 75.19999694824219 -81.66743469238281 3
      vertex 75.90392303466797 -82.2292251586914 3
    endloop
  endfacet
  facet normal 0 0 1
    outer loop
      vertex 75.1346664428711 -81.9958724975586 3
      vertex 75.90392303466797 -82.2292251586914 3
      vertex 75.19999694824219 -81.66743469238281 3
    endloop
  endfacet
  facet normal 0 0 1
    outer loop
      vertex 75.90392303466797 82.2292251586914 3
      vertex 75.1346664428711 81.9958724975586 3
      vertex 75.19999694824219 81.66743469238281 3
    endloop
  endfacet
  facet normal 0 0 1
    outer loop
      vertex 74.82047271728516 82.58368682861328 3
      vertex 75.44187927246094 83.09365844726562 3
      vertex 75.09365844726562 83.44187927246094 3
    endloop
  endfacet
  facet normal 0 0 1
    outer loop
      vertex 75.71546936035156 82.68419647216797 3
      vertex 75.00652313232422 82.30525207519531 3
      vertex 75.1346664428711 81.9958724975586 3
    endloop
  endfacet
  facet normal 0 0 1
    outer loop
      vertex 75.44187927246094 83.09365844726562 3
      vertex 74.82047271728516 82.58368682861328 3
      vertex 75.00652313232422 82.30525207519531 3
    endloop
  endfacet
  facet normal 0 0 1
    outer loop
      vertex 74.58368682861328 82.82047271728516 3
      vertex 75.09365844726562 83.44187927246094 3
      vertex 74.68419647216797 83.71546936035156 3
    endloop
  endfacet
  facet normal 0 0 1
    outer loop
      vertex 75.09365844726562 83.44187927246094 3
      vertex 74.58368682861328 82.82047271728516 3
      vertex 74.82047271728516 82.58368682861328 3
    endloop
  endfacet
  facet normal 0 0 1
    outer loop
      vertex 74.68419647216797 83.71546936035156 3
      vertex 74.30525207519531 83.00652313232422 3
      vertex 74.58368682861328 82.82047271728516 3
    endloop
  endfacet
  facet normal 0 0 1
    outer loop
      vertex 74.2292251586914 83.90392303466797 3
      vertex 74.30525207519531 83.00652313232422 3
      vertex 74.68419647216797 83.71546936035156 3
    endloop
  endfacet
  facet normal 0 0 1
    outer loop
      vertex 74.2292251586914 83.90392303466797 3
      vertex 73.9958724975586 83.1346664428711 3
      vertex 74.30525207519531 83.00652313232422 3
    endloop
  endfacet
  facet normal 0 0 1
    outer loop
      vertex 73.74623107910156 84 3
      vertex 73.9958724975586 83.1346664428711 3
      vertex 74.2292251586914 83.90392303466797 3
    endloop
  endfacet
  facet normal 0 0 1
    outer loop
      vertex 73.74623107910156 84 3
      vertex 73.66743469238281 83.19999694824219 3
      vertex 73.9958724975586 83.1346664428711 3
    endloop
  endfacet
  facet normal 0 0 1
    outer loop
      vertex 73.74623107910156 84 3
      vertex -73.66743469238281 83.19999694824219 3
      vertex 73.66743469238281 83.19999694824219 3
    endloop
  endfacet
  facet normal 0 0 1
    outer loop
      vertex -73.74623107910156 84 3
      vertex -73.66743469238281 83.19999694824219 3
      vertex 73.74623107910156 84 3
    endloop
  endfacet
  facet normal 0 0 1
    outer loop
      vertex -73.74623107910156 84 3
      vertex -73.9958724975586 83.1346664428711 3
      vertex -73.66743469238281 83.19999694824219 3
    endloop
  endfacet
  facet normal 0 0 1
    outer loop
      vertex -74.2292251586914 83.90392303466797 3
      vertex -73.9958724975586 83.1346664428711 3
      vertex -73.74623107910156 84 3
    endloop
  endfacet
  facet normal 0 0 1
    outer loop
      vertex -74.2292251586914 83.90392303466797 3
      vertex -74.30525207519531 83.00652313232422 3
      vertex -73.9958724975586 83.1346664428711 3
    endloop
  endfacet
  facet normal 0 0 1
    outer loop
      vertex -74.68419647216797 83.71546936035156 3
      vertex -74.30525207519531 83.00652313232422 3
      vertex -74.2292251586914 83.90392303466797 3
    endloop
  endfacet
  facet normal 0 0 1
    outer loop
      vertex -74.30525207519531 83.00652313232422 3
      vertex -74.68419647216797 83.71546936035156 3
      vertex -74.58368682861328 82.82047271728516 3
    endloop
  endfacet
  facet normal 0 0 1
    outer loop
      vertex -75.09365844726562 83.44187927246094 3
      vertex -74.58368682861328 82.82047271728516 3
      vertex -74.68419647216797 83.71546936035156 3
    endloop
  endfacet
  facet normal 0 0 1
    outer loop
      vertex -74.58368682861328 82.82047271728516 3
      vertex -75.09365844726562 83.44187927246094 3
      vertex -74.82047271728516 82.58368682861328 3
    endloop
  endfacet
  facet normal 0 0 1
    outer loop
      vertex -75.44187927246094 83.09365844726562 3
      vertex -74.82047271728516 82.58368682861328 3
      vertex -75.09365844726562 83.44187927246094 3
    endloop
  endfacet
  facet normal 0 0 1
    outer loop
      vertex -74.82047271728516 82.58368682861328 3
      vertex -75.44187927246094 83.09365844726562 3
      vertex -75.00652313232422 82.30525207519531 3
    endloop
  endfacet
  facet normal 0 0 1
    outer loop
      vertex -75.71546936035156 82.68419647216797 3
      vertex -75.00652313232422 82.30525207519531 3
      vertex -75.44187927246094 83.09365844726562 3
    endloop
  endfacet
  facet normal 0 0 1
    outer loop
      vertex -75.90392303466797 82.2292251586914 3
      vertex -75.1346664428711 81.9958724975586 3
      vertex -75.71546936035156 82.68419647216797 3
    endloop
  endfacet
  facet normal 0 0 1
    outer loop
      vertex -75.00652313232422 82.30525207519531 3
      vertex -75.71546936035156 82.68419647216797 3
      vertex -75.1346664428711 81.9958724975586 3
    endloop
  endfacet
  facet normal 0 0 1
    outer loop
      vertex 75.90392303466797 -82.2292251586914 3
      vertex 75.1346664428711 -81.9958724975586 3
      vertex 75.71546936035156 -82.68419647216797 3
    endloop
  endfacet
  facet normal 0 0 1
    outer loop
      vertex 75.00652313232422 -82.30525207519531 3
      vertex 75.71546936035156 -82.68419647216797 3
      vertex 75.1346664428711 -81.9958724975586 3
    endloop
  endfacet
  facet normal 0 0 1
    outer loop
      vertex 75.71546936035156 -82.68419647216797 3
      vertex 75.00652313232422 -82.30525207519531 3
      vertex 75.44187927246094 -83.09365844726562 3
    endloop
  endfacet
  facet normal 0 0 1
    outer loop
      vertex 74.82047271728516 -82.58368682861328 3
      vertex 75.44187927246094 -83.09365844726562 3
      vertex 75.00652313232422 -82.30525207519531 3
    endloop
  endfacet
  facet normal 0 0 1
    outer loop
      vertex 75.44187927246094 -83.09365844726562 3
      vertex 74.82047271728516 -82.58368682861328 3
      vertex 75.09365844726562 -83.44187927246094 3
    endloop
  endfacet
  facet normal 0 0 1
    outer loop
      vertex 74.58368682861328 -82.82047271728516 3
      vertex 75.09365844726562 -83.44187927246094 3
      vertex 74.82047271728516 -82.58368682861328 3
    endloop
  endfacet
  facet normal 0 0 1
    outer loop
      vertex 75.09365844726562 -83.44187927246094 3
      vertex 74.58368682861328 -82.82047271728516 3
      vertex 74.68419647216797 -83.71546936035156 3
    endloop
  endfacet
  facet normal 0 0 1
    outer loop
      vertex 74.30525207519531 -83.00652313232422 3
      vertex 74.68419647216797 -83.71546936035156 3
      vertex 74.58368682861328 -82.82047271728516 3
    endloop
  endfacet
  facet normal 0 0 1
    outer loop
      vertex 74.30525207519531 -83.00652313232422 3
      vertex 74.2292251586914 -83.90392303466797 3
      vertex 74.68419647216797 -83.71546936035156 3
    endloop
  endfacet
  facet normal 0 0 1
    outer loop
      vertex 73.9958724975586 -83.1346664428711 3
      vertex 74.2292251586914 -83.90392303466797 3
      vertex 74.30525207519531 -83.00652313232422 3
    endloop
  endfacet
  facet normal 0 0 1
    outer loop
      vertex 73.9958724975586 -83.1346664428711 3
      vertex 73.74623107910156 -84 3
      vertex 74.2292251586914 -83.90392303466797 3
    endloop
  endfacet
  facet normal 0 0 1
    outer loop
      vertex 73.66743469238281 -83.19999694824219 3
      vertex 73.74623107910156 -84 3
      vertex 73.9958724975586 -83.1346664428711 3
    endloop
  endfacet
  facet normal 0 0 1
    outer loop
      vertex -73.66743469238281 -83.19999694824219 3
      vertex 73.74623107910156 -84 3
      vertex 73.66743469238281 -83.19999694824219 3
    endloop
  endfacet
  facet normal 0 0 1
    outer loop
      vertex -73.66743469238281 -83.19999694824219 3
      vertex -73.74623107910156 -84 3
      vertex 73.74623107910156 -84 3
    endloop
  endfacet
  facet normal 0 0 1
    outer loop
      vertex -73.9958724975586 -83.1346664428711 3
      vertex -73.74623107910156 -84 3
      vertex -73.66743469238281 -83.19999694824219 3
    endloop
  endfacet
  facet normal 0 0 1
    outer loop
      vertex -73.9958724975586 -83.1346664428711 3
      vertex -74.2292251586914 -83.90392303466797 3
      vertex -73.74623107910156 -84 3
    endloop
  endfacet
  facet normal 0 0 1
    outer loop
      vertex -74.30525207519531 -83.00652313232422 3
      vertex -74.2292251586914 -83.90392303466797 3
      vertex -73.9958724975586 -83.1346664428711 3
    endloop
  endfacet
  facet normal 0 0 1
    outer loop
      vertex -74.68419647216797 -83.71546936035156 3
      vertex -74.30525207519531 -83.00652313232422 3
      vertex -74.58368682861328 -82.82047271728516 3
    endloop
  endfacet
  facet normal 0 0 1
    outer loop
      vertex -74.30525207519531 -83.00652313232422 3
      vertex -74.68419647216797 -83.71546936035156 3
      vertex -74.2292251586914 -83.90392303466797 3
    endloop
  endfacet
  facet normal 0 0 1
    outer loop
      vertex -75.09365844726562 -83.44187927246094 3
      vertex -74.58368682861328 -82.82047271728516 3
      vertex -74.82047271728516 -82.58368682861328 3
    endloop
  endfacet
  facet normal 0 0 1
    outer loop
      vertex -75.44187927246094 -83.09365844726562 3
      vertex -74.82047271728516 -82.58368682861328 3
      vertex -75.00652313232422 -82.30525207519531 3
    endloop
  endfacet
  facet normal 0 0 1
    outer loop
      vertex -74.58368682861328 -82.82047271728516 3
      vertex -75.09365844726562 -83.44187927246094 3
      vertex -74.68419647216797 -83.71546936035156 3
    endloop
  endfacet
  facet normal 0 0 1
    outer loop
      vertex -75.71546936035156 -82.68419647216797 3
      vertex -75.00652313232422 -82.30525207519531 3
      vertex -75.1346664428711 -81.9958724975586 3
    endloop
  endfacet
  facet normal 0 0 1
    outer loop
      vertex -75.90392303466797 -82.2292251586914 3
      vertex -75.1346664428711 -81.9958724975586 3
      vertex -75.19999694824219 -81.66743469238281 3
    endloop
  endfacet
  facet normal 0 0 1
    outer loop
      vertex -74.82047271728516 -82.58368682861328 3
      vertex -75.44187927246094 -83.09365844726562 3
      vertex -75.09365844726562 -83.44187927246094 3
    endloop
  endfacet
  facet normal 0 0 1
    outer loop
      vertex -75.19999694824219 81.66743469238281 3
      vertex -76 81.74623107910156 3
      vertex -75.19999694824219 -81.66743469238281 3
    endloop
  endfacet
  facet normal 0 0 1
    outer loop
      vertex -75.1346664428711 81.9958724975586 3
      vertex -75.90392303466797 82.2292251586914 3
      vertex -75.19999694824219 81.66743469238281 3
    endloop
  endfacet
  facet normal 0 0 1
    outer loop
      vertex -76 -81.74623107910156 3
      vertex -75.19999694824219 -81.66743469238281 3
      vertex -76 81.74623107910156 3
    endloop
  endfacet
  facet normal 0 0 1
    outer loop
      vertex -75.19999694824219 81.66743469238281 3
      vertex -75.90392303466797 82.2292251586914 3
      vertex -76 81.74623107910156 3
    endloop
  endfacet
  facet normal 0 0 1
    outer loop
      vertex -75.90392303466797 -82.2292251586914 3
      vertex -75.19999694824219 -81.66743469238281 3
      vertex -76 -81.74623107910156 3
    endloop
  endfacet
  facet normal 0 0 1
    outer loop
      vertex -75.00652313232422 -82.30525207519531 3
      vertex -75.71546936035156 -82.68419647216797 3
      vertex -75.44187927246094 -83.09365844726562 3
    endloop
  endfacet
  facet normal 0 0 1
    outer loop
      vertex -75.1346664428711 -81.9958724975586 3
      vertex -75.90392303466797 -82.2292251586914 3
      vertex -75.71546936035156 -82.68419647216797 3
    endloop
  endfacet
  facet normal -0.5555650991774362 0.8314730426032858 0
    outer loop
      vertex -74.68419647216797 83.71546936035156 0
      vertex -75.09365844726562 83.44187927246094 3
      vertex -74.68419647216797 83.71546936035156 3
    endloop
  endfacet
  facet normal -0.5555650991774362 0.8314730426032858 0
    outer loop
      vertex -75.09365844726562 83.44187927246094 3
      vertex -74.68419647216797 83.71546936035156 0
      vertex -75.09365844726562 83.44187927246094 0
    endloop
  endfacet
  facet normal -0.9238857683987828 0.3826683772539754 0
    outer loop
      vertex 75.00652313232422 -82.30525207519531 0.6000003814697266
      vertex 75.1346664428711 -81.9958724975586 3
      vertex 75.1346664428711 -81.9958724975586 0.6000003814697266
    endloop
  endfacet
  facet normal -0.9238857683987828 0.3826683772539754 0
    outer loop
      vertex 75.1346664428711 -81.9958724975586 3
      vertex 75.00652313232422 -82.30525207519531 0.6000003814697266
      vertex 75.00652313232422 -82.30525207519531 3
    endloop
  endfacet
  facet normal -0.5555831581626383 -0.8314609758527631 0
    outer loop
      vertex 74.30525207519531 83.00652313232422 0.6000003814697266
      vertex 74.58368682861328 82.82047271728516 3
      vertex 74.30525207519531 83.00652313232422 3
    endloop
  endfacet
  facet normal -0.5555831581626383 -0.8314609758527631 0
    outer loop
      vertex 74.58368682861328 82.82047271728516 3
      vertex 74.30525207519531 83.00652313232422 0.6000003814697266
      vertex 74.58368682861328 82.82047271728516 0.6000003814697266
    endloop
  endfacet
  facet normal 0 1 0
    outer loop
      vertex 73.66743469238281 -83.19999694824219 0.6000003814697266
      vertex -73.66743469238281 -83.19999694824219 3
      vertex 73.66743469238281 -83.19999694824219 3
    endloop
  endfacet
  facet normal 0 1 0
    outer loop
      vertex -73.66743469238281 -83.19999694824219 3
      vertex 73.66743469238281 -83.19999694824219 0.6000003814697266
      vertex -73.66743469238281 -83.19999694824219 0.6000003814697266
    endloop
  endfacet
  facet normal 0.1950907931343917 -0.9807851866918638 0
    outer loop
      vertex -73.9958724975586 83.1346664428711 0.6000003814697266
      vertex -73.66743469238281 83.19999694824219 3
      vertex -73.9958724975586 83.1346664428711 3
    endloop
  endfacet
  facet normal 0.1950907931343917 -0.9807851866918638 0
    outer loop
      vertex -73.66743469238281 83.19999694824219 3
      vertex -73.9958724975586 83.1346664428711 0.6000003814697266
      vertex -73.66743469238281 83.19999694824219 0.6000003814697266
    endloop
  endfacet
  facet normal -0.5555831581626383 0.8314609758527631 0
    outer loop
      vertex 74.58368682861328 -82.82047271728516 0.6000003814697266
      vertex 74.30525207519531 -83.00652313232422 3
      vertex 74.58368682861328 -82.82047271728516 3
    endloop
  endfacet
  facet normal -0.5555831581626383 0.8314609758527631 0
    outer loop
      vertex 74.30525207519531 -83.00652313232422 3
      vertex 74.58368682861328 -82.82047271728516 0.6000003814697266
      vertex 74.30525207519531 -83.00652313232422 0.6000003814697266
    endloop
  endfacet
  facet normal 0.9238857683987828 0.3826683772539754 0
    outer loop
      vertex -75.00652313232422 -82.30525207519531 3
      vertex -75.1346664428711 -81.9958724975586 0.6000003814697266
      vertex -75.1346664428711 -81.9958724975586 3
    endloop
  endfacet
  facet normal 0.9238857683987828 0.3826683772539754 0
    outer loop
      vertex -75.1346664428711 -81.9958724975586 0.6000003814697266
      vertex -75.00652313232422 -82.30525207519531 3
      vertex -75.00652313232422 -82.30525207519531 0.6000003814697266
    endloop
  endfacet
  facet normal 0.9807851866918638 0.1950907931343917 0
    outer loop
      vertex -75.1346664428711 -81.9958724975586 3
      vertex -75.19999694824219 -81.66743469238281 0.6000003814697266
      vertex -75.19999694824219 -81.66743469238281 3
    endloop
  endfacet
  facet normal 0.9807851866918638 0.1950907931343917 0
    outer loop
      vertex -75.19999694824219 -81.66743469238281 0.6000003814697266
      vertex -75.1346664428711 -81.9958724975586 3
      vertex -75.1346664428711 -81.9958724975586 0.6000003814697266
    endloop
  endfacet
  facet normal 0.9238857683987828 -0.3826683772539754 0
    outer loop
      vertex -75.1346664428711 81.9958724975586 3
      vertex -75.00652313232422 82.30525207519531 0.6000003814697266
      vertex -75.00652313232422 82.30525207519531 3
    endloop
  endfacet
  facet normal 0.9238857683987828 -0.3826683772539754 0
    outer loop
      vertex -75.00652313232422 82.30525207519531 0.6000003814697266
      vertex -75.1346664428711 81.9958724975586 3
      vertex -75.1346664428711 81.9958724975586 0.6000003814697266
    endloop
  endfacet
  facet normal -0.8314609758527631 0.5555831581626383 0
    outer loop
      vertex 74.82047271728516 -82.58368682861328 0.6000003814697266
      vertex 75.00652313232422 -82.30525207519531 3
      vertex 75.00652313232422 -82.30525207519531 0.6000003814697266
    endloop
  endfacet
  facet normal -0.8314609758527631 0.5555831581626383 0
    outer loop
      vertex 75.00652313232422 -82.30525207519531 3
      vertex 74.82047271728516 -82.58368682861328 0.6000003814697266
      vertex 74.82047271728516 -82.58368682861328 3
    endloop
  endfacet
  facet normal -0.8314609758527631 -0.5555831581626383 0
    outer loop
      vertex 75.00652313232422 82.30525207519531 0.6000003814697266
      vertex 74.82047271728516 82.58368682861328 3
      vertex 74.82047271728516 82.58368682861328 0.6000003814697266
    endloop
  endfacet
  facet normal -0.8314609758527631 -0.5555831581626383 0
    outer loop
      vertex 74.82047271728516 82.58368682861328 3
      vertex 75.00652313232422 82.30525207519531 0.6000003814697266
      vertex 75.00652313232422 82.30525207519531 3
    endloop
  endfacet
  facet normal 0.8314609758527631 0.5555831581626383 0
    outer loop
      vertex -74.82047271728516 -82.58368682861328 3
      vertex -75.00652313232422 -82.30525207519531 0.6000003814697266
      vertex -75.00652313232422 -82.30525207519531 3
    endloop
  endfacet
  facet normal 0.8314609758527631 0.5555831581626383 0
    outer loop
      vertex -75.00652313232422 -82.30525207519531 0.6000003814697266
      vertex -74.82047271728516 -82.58368682861328 3
      vertex -74.82047271728516 -82.58368682861328 0.6000003814697266
    endloop
  endfacet
  facet normal 1 0 0
    outer loop
      vertex -75.19999694824219 -81.66743469238281 3
      vertex -75.19999694824219 81.66743469238281 0.6000003814697266
      vertex -75.19999694824219 81.66743469238281 3
    endloop
  endfacet
  facet normal 1 0 0
    outer loop
      vertex -75.19999694824219 81.66743469238281 0.6000003814697266
      vertex -75.19999694824219 -81.66743469238281 3
      vertex -75.19999694824219 -81.66743469238281 0.6000003814697266
    endloop
  endfacet
  facet normal 0.5555831581626383 0.8314609758527631 0
    outer loop
      vertex -74.30525207519531 -83.00652313232422 0.6000003814697266
      vertex -74.58368682861328 -82.82047271728516 3
      vertex -74.30525207519531 -83.00652313232422 3
    endloop
  endfacet
  facet normal 0.5555831581626383 0.8314609758527631 0
    outer loop
      vertex -74.58368682861328 -82.82047271728516 3
      vertex -74.30525207519531 -83.00652313232422 0.6000003814697266
      vertex -74.58368682861328 -82.82047271728516 0.6000003814697266
    endloop
  endfacet
  facet normal -1 0 0
    outer loop
      vertex 75.19999694824219 -81.66743469238281 0.6000003814697266
      vertex 75.19999694824219 81.66743469238281 3
      vertex 75.19999694824219 81.66743469238281 0.6000003814697266
    endloop
  endfacet
  facet normal -1 0 0
    outer loop
      vertex 75.19999694824219 81.66743469238281 3
      vertex 75.19999694824219 -81.66743469238281 0.6000003814697266
      vertex 75.19999694824219 -81.66743469238281 3
    endloop
  endfacet
  facet normal 0.1950907931343917 0.9807851866918638 0
    outer loop
      vertex -73.66743469238281 -83.19999694824219 0.6000003814697266
      vertex -73.9958724975586 -83.1346664428711 3
      vertex -73.66743469238281 -83.19999694824219 3
    endloop
  endfacet
  facet normal 0.1950907931343917 0.9807851866918638 0
    outer loop
      vertex -73.9958724975586 -83.1346664428711 3
      vertex -73.66743469238281 -83.19999694824219 0.6000003814697266
      vertex -73.9958724975586 -83.1346664428711 0.6000003814697266
    endloop
  endfacet
  facet normal 0.5555831581626383 -0.8314609758527631 0
    outer loop
      vertex -74.58368682861328 82.82047271728516 0.6000003814697266
      vertex -74.30525207519531 83.00652313232422 3
      vertex -74.58368682861328 82.82047271728516 3
    endloop
  endfacet
  facet normal 0.5555831581626383 -0.8314609758527631 0
    outer loop
      vertex -74.30525207519531 83.00652313232422 3
      vertex -74.58368682861328 82.82047271728516 0.6000003814697266
      vertex -74.30525207519531 83.00652313232422 0.6000003814697266
    endloop
  endfacet
  facet normal 0 -1 0
    outer loop
      vertex -73.66743469238281 83.19999694824219 0.6000003814697266
      vertex 73.66743469238281 83.19999694824219 3
      vertex -73.66743469238281 83.19999694824219 3
    endloop
  endfacet
  facet normal 0 -1 0
    outer loop
      vertex 73.66743469238281 83.19999694824219 3
      vertex -73.66743469238281 83.19999694824219 0.6000003814697266
      vertex 73.66743469238281 83.19999694824219 0.6000003814697266
    endloop
  endfacet
  facet normal -0.9807851866918638 -0.1950907931343917 0
    outer loop
      vertex 75.19999694824219 81.66743469238281 0.6000003814697266
      vertex 75.1346664428711 81.9958724975586 3
      vertex 75.1346664428711 81.9958724975586 0.6000003814697266
    endloop
  endfacet
  facet normal -0.9807851866918638 -0.1950907931343917 0
    outer loop
      vertex 75.1346664428711 81.9958724975586 3
      vertex 75.19999694824219 81.66743469238281 0.6000003814697266
      vertex 75.19999694824219 81.66743469238281 3
    endloop
  endfacet
  facet normal -0.7071067811865476 -0.7071067811865476 0
    outer loop
      vertex 74.82047271728516 82.58368682861328 0.6000003814697266
      vertex 74.58368682861328 82.82047271728516 3
      vertex 74.58368682861328 82.82047271728516 0.6000003814697266
    endloop
  endfacet
  facet normal -0.7071067811865476 -0.7071067811865476 0
    outer loop
      vertex 74.58368682861328 82.82047271728516 3
      vertex 74.82047271728516 82.58368682861328 0.6000003814697266
      vertex 74.82047271728516 82.58368682861328 3
    endloop
  endfacet
  facet normal -0.1950907931343917 -0.9807851866918638 0
    outer loop
      vertex 73.66743469238281 83.19999694824219 0.6000003814697266
      vertex 73.9958724975586 83.1346664428711 3
      vertex 73.66743469238281 83.19999694824219 3
    endloop
  endfacet
  facet normal -0.1950907931343917 -0.9807851866918638 0
    outer loop
      vertex 73.9958724975586 83.1346664428711 3
      vertex 73.66743469238281 83.19999694824219 0.6000003814697266
      vertex 73.9958724975586 83.1346664428711 0.6000003814697266
    endloop
  endfacet
  facet normal -0.1950907931343917 0.9807851866918638 0
    outer loop
      vertex 73.9958724975586 -83.1346664428711 0.6000003814697266
      vertex 73.66743469238281 -83.19999694824219 3
      vertex 73.9958724975586 -83.1346664428711 3
    endloop
  endfacet
  facet normal -0.1950907931343917 0.9807851866918638 0
    outer loop
      vertex 73.66743469238281 -83.19999694824219 3
      vertex 73.9958724975586 -83.1346664428711 0.6000003814697266
      vertex 73.66743469238281 -83.19999694824219 0.6000003814697266
    endloop
  endfacet
  facet normal -0.9807851866918638 0.1950907931343917 0
    outer loop
      vertex 75.1346664428711 -81.9958724975586 0.6000003814697266
      vertex 75.19999694824219 -81.66743469238281 3
      vertex 75.19999694824219 -81.66743469238281 0.6000003814697266
    endloop
  endfacet
  facet normal -0.9807851866918638 0.1950907931343917 0
    outer loop
      vertex 75.19999694824219 -81.66743469238281 3
      vertex 75.1346664428711 -81.9958724975586 0.6000003814697266
      vertex 75.1346664428711 -81.9958724975586 3
    endloop
  endfacet
  facet normal 0.9807851866918638 -0.1950907931343917 0
    outer loop
      vertex -75.19999694824219 81.66743469238281 3
      vertex -75.1346664428711 81.9958724975586 0.6000003814697266
      vertex -75.1346664428711 81.9958724975586 3
    endloop
  endfacet
  facet normal 0.9807851866918638 -0.1950907931343917 0
    outer loop
      vertex -75.1346664428711 81.9958724975586 0.6000003814697266
      vertex -75.19999694824219 81.66743469238281 3
      vertex -75.19999694824219 81.66743469238281 0.6000003814697266
    endloop
  endfacet
  facet normal -0.3826683772539754 0.9238857683987828 0
    outer loop
      vertex 74.30525207519531 -83.00652313232422 0.6000003814697266
      vertex 73.9958724975586 -83.1346664428711 3
      vertex 74.30525207519531 -83.00652313232422 3
    endloop
  endfacet
  facet normal -0.3826683772539754 0.9238857683987828 0
    outer loop
      vertex 73.9958724975586 -83.1346664428711 3
      vertex 74.30525207519531 -83.00652313232422 0.6000003814697266
      vertex 73.9958724975586 -83.1346664428711 0.6000003814697266
    endloop
  endfacet
  facet normal 0.8314609758527631 -0.5555831581626383 0
    outer loop
      vertex -75.00652313232422 82.30525207519531 3
      vertex -74.82047271728516 82.58368682861328 0.6000003814697266
      vertex -74.82047271728516 82.58368682861328 3
    endloop
  endfacet
  facet normal 0.8314609758527631 -0.5555831581626383 0
    outer loop
      vertex -74.82047271728516 82.58368682861328 0.6000003814697266
      vertex -75.00652313232422 82.30525207519531 3
      vertex -75.00652313232422 82.30525207519531 0.6000003814697266
    endloop
  endfacet
  facet normal -0.9238857683987828 -0.3826683772539754 0
    outer loop
      vertex 75.1346664428711 81.9958724975586 0.6000003814697266
      vertex 75.00652313232422 82.30525207519531 3
      vertex 75.00652313232422 82.30525207519531 0.6000003814697266
    endloop
  endfacet
  facet normal -0.9238857683987828 -0.3826683772539754 0
    outer loop
      vertex 75.00652313232422 82.30525207519531 3
      vertex 75.1346664428711 81.9958724975586 0.6000003814697266
      vertex 75.1346664428711 81.9958724975586 3
    endloop
  endfacet
  facet normal 0.3826683772539754 -0.9238857683987828 0
    outer loop
      vertex -74.30525207519531 83.00652313232422 0.6000003814697266
      vertex -73.9958724975586 83.1346664428711 3
      vertex -74.30525207519531 83.00652313232422 3
    endloop
  endfacet
  facet normal 0.3826683772539754 -0.9238857683987828 0
    outer loop
      vertex -73.9958724975586 83.1346664428711 3
      vertex -74.30525207519531 83.00652313232422 0.6000003814697266
      vertex -73.9958724975586 83.1346664428711 0.6000003814697266
    endloop
  endfacet
  facet normal 0.3826683772539754 0.9238857683987828 0
    outer loop
      vertex -73.9958724975586 -83.1346664428711 0.6000003814697266
      vertex -74.30525207519531 -83.00652313232422 3
      vertex -73.9958724975586 -83.1346664428711 3
    endloop
  endfacet
  facet normal 0.3826683772539754 0.9238857683987828 0
    outer loop
      vertex -74.30525207519531 -83.00652313232422 3
      vertex -73.9958724975586 -83.1346664428711 0.6000003814697266
      vertex -74.30525207519531 -83.00652313232422 0.6000003814697266
    endloop
  endfacet
  facet normal 0.7071067811865476 0.7071067811865476 0
    outer loop
      vertex -74.58368682861328 -82.82047271728516 3
      vertex -74.82047271728516 -82.58368682861328 0.6000003814697266
      vertex -74.82047271728516 -82.58368682861328 3
    endloop
  endfacet
  facet normal 0.7071067811865476 0.7071067811865476 0
    outer loop
      vertex -74.82047271728516 -82.58368682861328 0.6000003814697266
      vertex -74.58368682861328 -82.82047271728516 3
      vertex -74.58368682861328 -82.82047271728516 0.6000003814697266
    endloop
  endfacet
  facet normal -0.7071067811865476 0.7071067811865476 0
    outer loop
      vertex 74.58368682861328 -82.82047271728516 0.6000003814697266
      vertex 74.82047271728516 -82.58368682861328 3
      vertex 74.82047271728516 -82.58368682861328 0.6000003814697266
    endloop
  endfacet
  facet normal -0.7071067811865476 0.7071067811865476 0
    outer loop
      vertex 74.82047271728516 -82.58368682861328 3
      vertex 74.58368682861328 -82.82047271728516 0.6000003814697266
      vertex 74.58368682861328 -82.82047271728516 3
    endloop
  endfacet
  facet normal -0.3826683772539754 -0.9238857683987828 0
    outer loop
      vertex 73.9958724975586 83.1346664428711 0.6000003814697266
      vertex 74.30525207519531 83.00652313232422 3
      vertex 73.9958724975586 83.1346664428711 3
    endloop
  endfacet
  facet normal -0.3826683772539754 -0.9238857683987828 0
    outer loop
      vertex 74.30525207519531 83.00652313232422 3
      vertex 73.9958724975586 83.1346664428711 0.6000003814697266
      vertex 74.30525207519531 83.00652313232422 0.6000003814697266
    endloop
  endfacet
  facet normal 0.7071067811865476 -0.7071067811865476 0
    outer loop
      vertex -74.82047271728516 82.58368682861328 3
      vertex -74.58368682861328 82.82047271728516 0.6000003814697266
      vertex -74.58368682861328 82.82047271728516 3
    endloop
  endfacet
  facet normal 0.7071067811865476 -0.7071067811865476 0
    outer loop
      vertex -74.58368682861328 82.82047271728516 0.6000003814697266
      vertex -74.82047271728516 82.58368682861328 3
      vertex -74.82047271728516 82.58368682861328 0.6000003814697266
    endloop
  endfacet
  facet normal 0 0 1
    outer loop
      vertex -7.053771018981934 -66 0.6000003814697266
      vertex -47.10148620605469 -74.53329467773438 0.6000003814697266
      vertex -47.040000915527344 -74.84241485595703 0.6000003814697266
    endloop
  endfacet
  facet normal 0 0 1
    outer loop
      vertex -7.053771018981934 -66 0.6000003814697266
      vertex -47.22209930419922 -74.24211120605469 0.6000003814697266
      vertex -47.10148620605469 -74.53329467773438 0.6000003814697266
    endloop
  endfacet
  facet normal 0 0 1
    outer loop
      vertex -7.053771018981934 -66 0.6000003814697266
      vertex -47.39719772338867 -73.98005676269531 0.6000003814697266
      vertex -47.22209930419922 -74.24211120605469 0.6000003814697266
    endloop
  endfacet
  facet normal 0 0 1
    outer loop
      vertex -7.053771018981934 -66 0.6000003814697266
      vertex -47.620059967041016 -73.7572021484375 0.6000003814697266
      vertex -47.39719772338867 -73.98005676269531 0.6000003814697266
    endloop
  endfacet
  facet normal 0 0 1
    outer loop
      vertex -7.053771018981934 -66 0.6000003814697266
      vertex -47.88211441040039 -73.58209991455078 0.6000003814697266
      vertex -47.620059967041016 -73.7572021484375 0.6000003814697266
    endloop
  endfacet
  facet normal 0 0 1
    outer loop
      vertex -7.053771018981934 -66 0.6000003814697266
      vertex -48.17329788208008 -73.46148681640625 0.6000003814697266
      vertex -47.88211441040039 -73.58209991455078 0.6000003814697266
    endloop
  endfacet
  facet normal 0 0 1
    outer loop
      vertex -7.053771018981934 -66 0.6000003814697266
      vertex -48.48241424560547 -73.4000015258789 0.6000003814697266
      vertex -48.17329788208008 -73.46148681640625 0.6000003814697266
    endloop
  endfacet
  facet normal 0 0 1
    outer loop
      vertex -68.94622802734375 -66 0.6000003814697266
      vertex -48.48241424560547 -73.4000015258789 0.6000003814697266
      vertex -7.053771018981934 -66 0.6000003814697266
    endloop
  endfacet
  facet normal 0 0 1
    outer loop
      vertex -50.23999786376953 -74.84241485595703 0.6000003814697266
      vertex -68.94622802734375 -66 0.6000003814697266
      vertex -50.23999786376953 -75.15758514404297 0.6000003814697266
    endloop
  endfacet
  facet normal 0 0 1
    outer loop
      vertex -50.17851257324219 -74.53329467773438 0.6000003814697266
      vertex -68.94622802734375 -66 0.6000003814697266
      vertex -50.23999786376953 -74.84241485595703 0.6000003814697266
    endloop
  endfacet
  facet normal 0 0 1
    outer loop
      vertex -50.057899475097656 -74.24211120605469 0.6000003814697266
      vertex -68.94622802734375 -66 0.6000003814697266
      vertex -50.17851257324219 -74.53329467773438 0.6000003814697266
    endloop
  endfacet
  facet normal 0 0 1
    outer loop
      vertex -49.8828010559082 -73.98005676269531 0.6000003814697266
      vertex -68.94622802734375 -66 0.6000003814697266
      vertex -50.057899475097656 -74.24211120605469 0.6000003814697266
    endloop
  endfacet
  facet normal 0 0 1
    outer loop
      vertex -49.65993881225586 -73.7572021484375 0.6000003814697266
      vertex -68.94622802734375 -66 0.6000003814697266
      vertex -49.8828010559082 -73.98005676269531 0.6000003814697266
    endloop
  endfacet
  facet normal 0 0 1
    outer loop
      vertex -49.397884368896484 -73.58209991455078 0.6000003814697266
      vertex -68.94622802734375 -66 0.6000003814697266
      vertex -49.65993881225586 -73.7572021484375 0.6000003814697266
    endloop
  endfacet
  facet normal 0 0 1
    outer loop
      vertex -49.1067008972168 -73.46148681640625 0.6000003814697266
      vertex -68.94622802734375 -66 0.6000003814697266
      vertex -49.397884368896484 -73.58209991455078 0.6000003814697266
    endloop
  endfacet
  facet normal 0 0 1
    outer loop
      vertex -48.797584533691406 -73.4000015258789 0.6000003814697266
      vertex -68.94622802734375 -66 0.6000003814697266
      vertex -49.1067008972168 -73.46148681640625 0.6000003814697266
    endloop
  endfacet
  facet normal 0 0 1
    outer loop
      vertex -48.48241424560547 -73.4000015258789 0.6000003814697266
      vertex -68.94622802734375 -66 0.6000003814697266
      vertex -48.797584533691406 -73.4000015258789 0.6000003814697266
    endloop
  endfacet
  facet normal 0 0 1
    outer loop
      vertex 5.706342697143555 65.44187927246094 0.6000003814697266
      vertex 0.4667024612426758 73.46148681640625 0.6000003814697266
      vertex 5.358122825622559 65.09365844726562 0.6000003814697266
    endloop
  endfacet
  facet normal 0 0 1
    outer loop
      vertex 4.799999237060547 -63.7462272644043 0.6000003814697266
      vertex 1.5385122299194336 -74.53329467773438 0.6000003814697266
      vertex 1.5999994277954102 -74.84241485595703 0.6000003814697266
    endloop
  endfacet
  facet normal 0 0 1
    outer loop
      vertex 4.799999237060547 63.7462272644043 0.6000003814697266
      vertex -4.799999237060547 63.7462272644043 0.6000003814697266
      vertex 4.799999237060547 -63.7462272644043 0.6000003814697266
    endloop
  endfacet
  facet normal 0 0 1
    outer loop
      vertex 4.799999237060547 -63.7462272644043 0.6000003814697266
      vertex 1.4179010391235352 -74.24211120605469 0.6000003814697266
      vertex 1.5385122299194336 -74.53329467773438 0.6000003814697266
    endloop
  endfacet
  facet normal 0 0 1
    outer loop
      vertex 0.15758609771728516 73.4000015258789 0.6000003814697266
      vertex 5.358122825622559 65.09365844726562 0.6000003814697266
      vertex 0.4667024612426758 73.46148681640625 0.6000003814697266
    endloop
  endfacet
  facet normal 0 0 1
    outer loop
      vertex -4.799999237060547 -63.7462272644043 0.6000003814697266
      vertex 4.799999237060547 -63.7462272644043 0.6000003814697266
      vertex -4.799999237060547 63.7462272644043 0.6000003814697266
    endloop
  endfacet
  facet normal 0 0 1
    outer loop
      vertex 5.358122825622559 65.09365844726562 0.6000003814697266
      vertex 0.15758609771728516 73.4000015258789 0.6000003814697266
      vertex 5.084527969360352 64.68419647216797 0.6000003814697266
    endloop
  endfacet
  facet normal 0 0 1
    outer loop
      vertex -4.896073341369629 -64.2292251586914 0.6000003814697266
      vertex 4.799999237060547 -63.7462272644043 0.6000003814697266
      vertex -4.799999237060547 -63.7462272644043 0.6000003814697266
    endloop
  endfacet
  facet normal 0 0 1
    outer loop
      vertex -5.084527969360352 64.68419647216797 0.6000003814697266
      vertex 5.084527969360352 64.68419647216797 0.6000003814697266
      vertex 0.15758609771728516 73.4000015258789 0.6000003814697266
    endloop
  endfacet
  facet normal 0 0 1
    outer loop
      vertex 4.799999237060547 -63.7462272644043 0.6000003814697266
      vertex 1.2428007125854492 -73.98005676269531 0.6000003814697266
      vertex 1.4179010391235352 -74.24211120605469 0.6000003814697266
    endloop
  endfacet
  facet normal 0 0 1
    outer loop
      vertex 5.084527969360352 64.68419647216797 0.6000003814697266
      vertex -5.084527969360352 64.68419647216797 0.6000003814697266
      vertex 4.896073341369629 64.2292251586914 0.6000003814697266
    endloop
  endfacet
  facet normal 0 0 1
    outer loop
      vertex 4.799999237060547 -63.7462272644043 0.6000003814697266
      vertex 1.0199403762817383 -73.7572021484375 0.6000003814697266
      vertex 1.2428007125854492 -73.98005676269531 0.6000003814697266
    endloop
  endfacet
  facet normal 0 0 1
    outer loop
      vertex -4.896073341369629 64.2292251586914 0.6000003814697266
      vertex 4.896073341369629 64.2292251586914 0.6000003814697266
      vertex -5.084527969360352 64.68419647216797 0.6000003814697266
    endloop
  endfacet
  facet normal 0 0 1
    outer loop
      vertex 4.799999237060547 -63.7462272644043 0.6000003814697266
      vertex 0.7578840255737305 -73.58209991455078 0.6000003814697266
      vertex 1.0199403762817383 -73.7572021484375 0.6000003814697266
    endloop
  endfacet
  facet normal 0 0 1
    outer loop
      vertex -5.084527969360352 64.68419647216797 0.6000003814697266
      vertex 0.15758609771728516 73.4000015258789 0.6000003814697266
      vertex -0.15758609771728516 73.4000015258789 0.6000003814697266
    endloop
  endfacet
  facet normal 0 0 1
    outer loop
      vertex 4.799999237060547 -63.7462272644043 0.6000003814697266
      vertex 0.4667024612426758 -73.46148681640625 0.6000003814697266
      vertex 0.7578840255737305 -73.58209991455078 0.6000003814697266
    endloop
  endfacet
  facet normal 0 0 1
    outer loop
      vertex -5.358122825622559 65.09365844726562 0.6000003814697266
      vertex -0.15758609771728516 73.4000015258789 0.6000003814697266
      vertex -0.4667024612426758 73.46148681640625 0.6000003814697266
    endloop
  endfacet
  facet normal 0 0 1
    outer loop
      vertex -5.084527969360352 -64.68419647216797 0.6000003814697266
      vertex 4.799999237060547 -63.7462272644043 0.6000003814697266
      vertex -4.896073341369629 -64.2292251586914 0.6000003814697266
    endloop
  endfacet
  facet normal 0 0 1
    outer loop
      vertex -5.706342697143555 65.44187927246094 0.6000003814697266
      vertex -0.4667024612426758 73.46148681640625 0.6000003814697266
      vertex -0.7578840255737305 73.58209991455078 0.6000003814697266
    endloop
  endfacet
  facet normal 0 0 1
    outer loop
      vertex 4.799999237060547 -63.7462272644043 0.6000003814697266
      vertex 0.15758609771728516 -73.4000015258789 0.6000003814697266
      vertex 0.4667024612426758 -73.46148681640625 0.6000003814697266
    endloop
  endfacet
  facet normal 0 0 1
    outer loop
      vertex -6.115805625915527 65.71546936035156 0.6000003814697266
      vertex -0.7578840255737305 73.58209991455078 0.6000003814697266
      vertex -1.0199403762817383 73.7572021484375 0.6000003814697266
    endloop
  endfacet
  facet normal 0 0 1
    outer loop
      vertex 4.799999237060547 -63.7462272644043 0.6000003814697266
      vertex -5.084527969360352 -64.68419647216797 0.6000003814697266
      vertex 0.15758609771728516 -73.4000015258789 0.6000003814697266
    endloop
  endfacet
  facet normal 0 0 1
    outer loop
      vertex -6.570775985717773 65.90392303466797 0.6000003814697266
      vertex -1.0199403762817383 73.7572021484375 0.6000003814697266
      vertex -1.2428007125854492 73.98005676269531 0.6000003814697266
    endloop
  endfacet
  facet normal 0 0 1
    outer loop
      vertex 0.15758609771728516 -73.4000015258789 0.6000003814697266
      vertex -5.084527969360352 -64.68419647216797 0.6000003814697266
      vertex -0.15758609771728516 -73.4000015258789 0.6000003814697266
    endloop
  endfacet
  facet normal 0 0 1
    outer loop
      vertex -6.570775985717773 65.90392303466797 0.6000003814697266
      vertex -1.2428007125854492 73.98005676269531 0.6000003814697266
      vertex -1.4179010391235352 74.24211120605469 0.6000003814697266
    endloop
  endfacet
  facet normal 0 0 1
    outer loop
      vertex -5.358122825622559 -65.09365844726562 0.6000003814697266
      vertex -0.15758609771728516 -73.4000015258789 0.6000003814697266
      vertex -5.084527969360352 -64.68419647216797 0.6000003814697266
    endloop
  endfacet
  facet normal 0 0 1
    outer loop
      vertex -7.053771018981934 66 0.6000003814697266
      vertex -1.4179010391235352 74.24211120605469 0.6000003814697266
      vertex -1.5385122299194336 74.53329467773438 0.6000003814697266
    endloop
  endfacet
  facet normal 0 0 1
    outer loop
      vertex -0.15758609771728516 -73.4000015258789 0.6000003814697266
      vertex -5.358122825622559 -65.09365844726562 0.6000003814697266
      vertex -0.4667024612426758 -73.46148681640625 0.6000003814697266
    endloop
  endfacet
  facet normal 0 0 1
    outer loop
      vertex -7.053771018981934 66 0.6000003814697266
      vertex -1.5385122299194336 74.53329467773438 0.6000003814697266
      vertex -1.5999994277954102 74.84241485595703 0.6000003814697266
    endloop
  endfacet
  facet normal 0 0 1
    outer loop
      vertex -5.706342697143555 -65.44187927246094 0.6000003814697266
      vertex -0.4667024612426758 -73.46148681640625 0.6000003814697266
      vertex -5.358122825622559 -65.09365844726562 0.6000003814697266
    endloop
  endfacet
  facet normal 0 0 1
    outer loop
      vertex -47.040000915527344 74.84241485595703 0.6000003814697266
      vertex -7.053771018981934 66 0.6000003814697266
      vertex -47.040000915527344 75.15758514404297 0.6000003814697266
    endloop
  endfacet
  facet normal 0 0 1
    outer loop
      vertex -47.10148620605469 74.53329467773438 0.6000003814697266
      vertex -7.053771018981934 66 0.6000003814697266
      vertex -47.040000915527344 74.84241485595703 0.6000003814697266
    endloop
  endfacet
  facet normal 0 0 1
    outer loop
      vertex -47.22209930419922 74.24211120605469 0.6000003814697266
      vertex -7.053771018981934 66 0.6000003814697266
      vertex -47.10148620605469 74.53329467773438 0.6000003814697266
    endloop
  endfacet
  facet normal 0 0 1
    outer loop
      vertex -47.39719772338867 73.98005676269531 0.6000003814697266
      vertex -7.053771018981934 66 0.6000003814697266
      vertex -47.22209930419922 74.24211120605469 0.6000003814697266
    endloop
  endfacet
  facet normal 0 0 1
    outer loop
      vertex -47.620059967041016 73.7572021484375 0.6000003814697266
      vertex -7.053771018981934 66 0.6000003814697266
      vertex -47.39719772338867 73.98005676269531 0.6000003814697266
    endloop
  endfacet
  facet normal 0 0 1
    outer loop
      vertex -47.88211441040039 73.58209991455078 0.6000003814697266
      vertex -7.053771018981934 66 0.6000003814697266
      vertex -47.620059967041016 73.7572021484375 0.6000003814697266
    endloop
  endfacet
  facet normal 0 0 1
    outer loop
      vertex -48.17329788208008 73.46148681640625 0.6000003814697266
      vertex -7.053771018981934 66 0.6000003814697266
      vertex -47.88211441040039 73.58209991455078 0.6000003814697266
    endloop
  endfacet
  facet normal 0 0 1
    outer loop
      vertex -48.48241424560547 73.4000015258789 0.6000003814697266
      vertex -7.053771018981934 66 0.6000003814697266
      vertex -48.17329788208008 73.46148681640625 0.6000003814697266
    endloop
  endfacet
  facet normal 0 0 1
    outer loop
      vertex -68.94622802734375 66 0.6000003814697266
      vertex -48.48241424560547 73.4000015258789 0.6000003814697266
      vertex -48.797584533691406 73.4000015258789 0.6000003814697266
    endloop
  endfacet
  facet normal 0 0 1
    outer loop
      vertex -48.48241424560547 73.4000015258789 0.6000003814697266
      vertex -68.94622802734375 66 0.6000003814697266
      vertex -7.053771018981934 66 0.6000003814697266
    endloop
  endfacet
  facet normal 0 0 1
    outer loop
      vertex -49.1067008972168 73.46148681640625 0.6000003814697266
      vertex -68.94622802734375 66 0.6000003814697266
      vertex -48.797584533691406 73.4000015258789 0.6000003814697266
    endloop
  endfacet
  facet normal 0 0 1
    outer loop
      vertex -49.397884368896484 73.58209991455078 0.6000003814697266
      vertex -68.94622802734375 66 0.6000003814697266
      vertex -49.1067008972168 73.46148681640625 0.6000003814697266
    endloop
  endfacet
  facet normal 0 0 1
    outer loop
      vertex -49.65993881225586 73.7572021484375 0.6000003814697266
      vertex -68.94622802734375 66 0.6000003814697266
      vertex -49.397884368896484 73.58209991455078 0.6000003814697266
    endloop
  endfacet
  facet normal 0 0 1
    outer loop
      vertex -49.8828010559082 73.98005676269531 0.6000003814697266
      vertex -68.94622802734375 66 0.6000003814697266
      vertex -49.65993881225586 73.7572021484375 0.6000003814697266
    endloop
  endfacet
  facet normal 0 0 1
    outer loop
      vertex -50.057899475097656 74.24211120605469 0.6000003814697266
      vertex -68.94622802734375 66 0.6000003814697266
      vertex -49.8828010559082 73.98005676269531 0.6000003814697266
    endloop
  endfacet
  facet normal 0 0 1
    outer loop
      vertex -50.17851257324219 74.53329467773438 0.6000003814697266
      vertex -68.94622802734375 66 0.6000003814697266
      vertex -50.057899475097656 74.24211120605469 0.6000003814697266
    endloop
  endfacet
  facet normal 0 0 1
    outer loop
      vertex -68.94622802734375 66 0.6000003814697266
      vertex -50.17851257324219 74.53329467773438 0.6000003814697266
      vertex -50.23999786376953 74.84241485595703 0.6000003814697266
    endloop
  endfacet
  facet normal 0 0 1
    outer loop
      vertex 68.94622802734375 -66 0.6000003814697266
      vertex 50.17851257324219 -74.53329467773438 0.6000003814697266
      vertex 50.23999786376953 -74.84241485595703 0.6000003814697266
    endloop
  endfacet
  facet normal 0 0 1
    outer loop
      vertex 68.94622802734375 -66 0.6000003814697266
      vertex 50.057899475097656 -74.24211120605469 0.6000003814697266
      vertex 50.17851257324219 -74.53329467773438 0.6000003814697266
    endloop
  endfacet
  facet normal 0 0 1
    outer loop
      vertex 68.94622802734375 -66 0.6000003814697266
      vertex 49.8828010559082 -73.98005676269531 0.6000003814697266
      vertex 50.057899475097656 -74.24211120605469 0.6000003814697266
    endloop
  endfacet
  facet normal 0 0 1
    outer loop
      vertex 68.94622802734375 -66 0.6000003814697266
      vertex 49.65993881225586 -73.7572021484375 0.6000003814697266
      vertex 49.8828010559082 -73.98005676269531 0.6000003814697266
    endloop
  endfacet
  facet normal 0 0 1
    outer loop
      vertex 68.94622802734375 -66 0.6000003814697266
      vertex 49.397884368896484 -73.58209991455078 0.6000003814697266
      vertex 49.65993881225586 -73.7572021484375 0.6000003814697266
    endloop
  endfacet
  facet normal 0 0 1
    outer loop
      vertex 68.94622802734375 -66 0.6000003814697266
      vertex 49.1067008972168 -73.46148681640625 0.6000003814697266
      vertex 49.397884368896484 -73.58209991455078 0.6000003814697266
    endloop
  endfacet
  facet normal 0 0 1
    outer loop
      vertex 68.94622802734375 -66 0.6000003814697266
      vertex 48.797584533691406 -73.4000015258789 0.6000003814697266
      vertex 49.1067008972168 -73.46148681640625 0.6000003814697266
    endloop
  endfacet
  facet normal 0 0 1
    outer loop
      vertex 68.94622802734375 -66 0.6000003814697266
      vertex 48.48241424560547 -73.4000015258789 0.6000003814697266
      vertex 48.797584533691406 -73.4000015258789 0.6000003814697266
    endloop
  endfacet
  facet normal 0 0 1
    outer loop
      vertex 7.053771018981934 -66 0.6000003814697266
      vertex 48.48241424560547 -73.4000015258789 0.6000003814697266
      vertex 68.94622802734375 -66 0.6000003814697266
    endloop
  endfacet
  facet normal 0 0 1
    outer loop
      vertex 47.040000915527344 -74.84241485595703 0.6000003814697266
      vertex 7.053771018981934 -66 0.6000003814697266
      vertex 47.040000915527344 -75.15758514404297 0.6000003814697266
    endloop
  endfacet
  facet normal 0 0 1
    outer loop
      vertex 47.10148620605469 -74.53329467773438 0.6000003814697266
      vertex 7.053771018981934 -66 0.6000003814697266
      vertex 47.040000915527344 -74.84241485595703 0.6000003814697266
    endloop
  endfacet
  facet normal 0 0 1
    outer loop
      vertex 47.22209930419922 -74.24211120605469 0.6000003814697266
      vertex 7.053771018981934 -66 0.6000003814697266
      vertex 47.10148620605469 -74.53329467773438 0.6000003814697266
    endloop
  endfacet
  facet normal 0 0 1
    outer loop
      vertex 47.39719772338867 -73.98005676269531 0.6000003814697266
      vertex 7.053771018981934 -66 0.6000003814697266
      vertex 47.22209930419922 -74.24211120605469 0.6000003814697266
    endloop
  endfacet
  facet normal 0 0 1
    outer loop
      vertex 47.620059967041016 -73.7572021484375 0.6000003814697266
      vertex 7.053771018981934 -66 0.6000003814697266
      vertex 47.39719772338867 -73.98005676269531 0.6000003814697266
    endloop
  endfacet
  facet normal 0 0 1
    outer loop
      vertex 47.88211441040039 -73.58209991455078 0.6000003814697266
      vertex 7.053771018981934 -66 0.6000003814697266
      vertex 47.620059967041016 -73.7572021484375 0.6000003814697266
    endloop
  endfacet
  facet normal 0 0 1
    outer loop
      vertex 48.17329788208008 -73.46148681640625 0.6000003814697266
      vertex 7.053771018981934 -66 0.6000003814697266
      vertex 47.88211441040039 -73.58209991455078 0.6000003814697266
    endloop
  endfacet
  facet normal 0 0 1
    outer loop
      vertex 48.48241424560547 -73.4000015258789 0.6000003814697266
      vertex 7.053771018981934 -66 0.6000003814697266
      vertex 48.17329788208008 -73.46148681640625 0.6000003814697266
    endloop
  endfacet
  facet normal 0 0 1
    outer loop
      vertex 73.66743469238281 83.19999694824219 0.6000003814697266
      vertex 75.19999694824219 81.66743469238281 0.6000003814697266
      vertex 75.1346664428711 81.9958724975586 0.6000003814697266
    endloop
  endfacet
  facet normal 0 0 1
    outer loop
      vertex 75.19999694824219 81.66743469238281 0.6000003814697266
      vertex 71.19999694824219 63.7462272644043 0.6000003814697266
      vertex 75.19999694824219 -81.66743469238281 0.6000003814697266
    endloop
  endfacet
  facet normal 0 0 1
    outer loop
      vertex 73.66743469238281 83.19999694824219 0.6000003814697266
      vertex 75.1346664428711 81.9958724975586 0.6000003814697266
      vertex 75.00652313232422 82.30525207519531 0.6000003814697266
    endloop
  endfacet
  facet normal 0 0 1
    outer loop
      vertex 71.19999694824219 -63.7462272644043 0.6000003814697266
      vertex 75.19999694824219 -81.66743469238281 0.6000003814697266
      vertex 71.19999694824219 63.7462272644043 0.6000003814697266
    endloop
  endfacet
  facet normal 0 0 1
    outer loop
      vertex 73.66743469238281 83.19999694824219 0.6000003814697266
      vertex 75.00652313232422 82.30525207519531 0.6000003814697266
      vertex 74.82047271728516 82.58368682861328 0.6000003814697266
    endloop
  endfacet
  facet normal 0 0 1
    outer loop
      vertex 71.10392761230469 -64.2292251586914 0.6000003814697266
      vertex 75.19999694824219 -81.66743469238281 0.6000003814697266
      vertex 71.19999694824219 -63.7462272644043 0.6000003814697266
    endloop
  endfacet
  facet normal 0 0 1
    outer loop
      vertex 73.66743469238281 83.19999694824219 0.6000003814697266
      vertex 74.82047271728516 82.58368682861328 0.6000003814697266
      vertex 74.58368682861328 82.82047271728516 0.6000003814697266
    endloop
  endfacet
  facet normal 0 0 1
    outer loop
      vertex 70.91547393798828 -64.68419647216797 0.6000003814697266
      vertex 75.19999694824219 -81.66743469238281 0.6000003814697266
      vertex 71.10392761230469 -64.2292251586914 0.6000003814697266
    endloop
  endfacet
  facet normal 0 0 1
    outer loop
      vertex 73.66743469238281 83.19999694824219 0.6000003814697266
      vertex 74.58368682861328 82.82047271728516 0.6000003814697266
      vertex 74.30525207519531 83.00652313232422 0.6000003814697266
    endloop
  endfacet
  facet normal 0 0 1
    outer loop
      vertex 70.64187622070312 -65.09365844726562 0.6000003814697266
      vertex 75.19999694824219 -81.66743469238281 0.6000003814697266
      vertex 70.91547393798828 -64.68419647216797 0.6000003814697266
    endloop
  endfacet
  facet normal 0 0 1
    outer loop
      vertex 73.66743469238281 83.19999694824219 0.6000003814697266
      vertex 74.30525207519531 83.00652313232422 0.6000003814697266
      vertex 73.9958724975586 83.1346664428711 0.6000003814697266
    endloop
  endfacet
  facet normal 0 0 1
    outer loop
      vertex 70.29365539550781 -65.44187927246094 0.6000003814697266
      vertex 75.19999694824219 -81.66743469238281 0.6000003814697266
      vertex 70.64187622070312 -65.09365844726562 0.6000003814697266
    endloop
  endfacet
  facet normal 0 0 1
    outer loop
      vertex 75.19999694824219 81.66743469238281 0.6000003814697266
      vertex 73.66743469238281 83.19999694824219 0.6000003814697266
      vertex 68.94622802734375 66 0.6000003814697266
    endloop
  endfacet
  facet normal 0 0 1
    outer loop
      vertex 69.88419342041016 -65.71546936035156 0.6000003814697266
      vertex 75.19999694824219 -81.66743469238281 0.6000003814697266
      vertex 70.29365539550781 -65.44187927246094 0.6000003814697266
    endloop
  endfacet
  facet normal 0 0 1
    outer loop
      vertex 69.4292221069336 -65.90392303466797 0.6000003814697266
      vertex 75.19999694824219 -81.66743469238281 0.6000003814697266
      vertex 69.88419342041016 -65.71546936035156 0.6000003814697266
    endloop
  endfacet
  facet normal 0 0 1
    outer loop
      vertex 75.19999694824219 81.66743469238281 0.6000003814697266
      vertex 71.10392761230469 64.2292251586914 0.6000003814697266
      vertex 71.19999694824219 63.7462272644043 0.6000003814697266
    endloop
  endfacet
  facet normal 0 0 1
    outer loop
      vertex 75.19999694824219 81.66743469238281 0.6000003814697266
      vertex 70.91547393798828 64.68419647216797 0.6000003814697266
      vertex 71.10392761230469 64.2292251586914 0.6000003814697266
    endloop
  endfacet
  facet normal 0 0 1
    outer loop
      vertex 75.19999694824219 81.66743469238281 0.6000003814697266
      vertex 70.64187622070312 65.09365844726562 0.6000003814697266
      vertex 70.91547393798828 64.68419647216797 0.6000003814697266
    endloop
  endfacet
  facet normal 0 0 1
    outer loop
      vertex 75.19999694824219 81.66743469238281 0.6000003814697266
      vertex 70.29365539550781 65.44187927246094 0.6000003814697266
      vertex 70.64187622070312 65.09365844726562 0.6000003814697266
    endloop
  endfacet
  facet normal 0 0 1
    outer loop
      vertex 75.19999694824219 81.66743469238281 0.6000003814697266
      vertex 69.88419342041016 65.71546936035156 0.6000003814697266
      vertex 70.29365539550781 65.44187927246094 0.6000003814697266
    endloop
  endfacet
  facet normal 0 0 1
    outer loop
      vertex 75.19999694824219 81.66743469238281 0.6000003814697266
      vertex 69.4292221069336 65.90392303466797 0.6000003814697266
      vertex 69.88419342041016 65.71546936035156 0.6000003814697266
    endloop
  endfacet
  facet normal 0 0 1
    outer loop
      vertex 75.19999694824219 81.66743469238281 0.6000003814697266
      vertex 68.94622802734375 66 0.6000003814697266
      vertex 69.4292221069336 65.90392303466797 0.6000003814697266
    endloop
  endfacet
  facet normal 0 0 1
    outer loop
      vertex 73.66743469238281 83.19999694824219 0.6000003814697266
      vertex 50.23999786376953 75.15758514404297 0.6000003814697266
      vertex 68.94622802734375 66 0.6000003814697266
    endloop
  endfacet
  facet normal 0 0 1
    outer loop
      vertex 73.66743469238281 83.19999694824219 0.6000003814697266
      vertex 50.17851257324219 75.46670532226562 0.6000003814697266
      vertex 50.23999786376953 75.15758514404297 0.6000003814697266
    endloop
  endfacet
  facet normal 0 0 1
    outer loop
      vertex 73.66743469238281 83.19999694824219 0.6000003814697266
      vertex 50.057899475097656 75.75788116455078 0.6000003814697266
      vertex 50.17851257324219 75.46670532226562 0.6000003814697266
    endloop
  endfacet
  facet normal 0 0 1
    outer loop
      vertex 73.66743469238281 83.19999694824219 0.6000003814697266
      vertex 49.8828010559082 76.01994323730469 0.6000003814697266
      vertex 50.057899475097656 75.75788116455078 0.6000003814697266
    endloop
  endfacet
  facet normal 0 0 1
    outer loop
      vertex 73.66743469238281 83.19999694824219 0.6000003814697266
      vertex 49.65993881225586 76.2427978515625 0.6000003814697266
      vertex 49.8828010559082 76.01994323730469 0.6000003814697266
    endloop
  endfacet
  facet normal 0 0 1
    outer loop
      vertex 73.66743469238281 83.19999694824219 0.6000003814697266
      vertex 49.397884368896484 76.41790008544922 0.6000003814697266
      vertex 49.65993881225586 76.2427978515625 0.6000003814697266
    endloop
  endfacet
  facet normal 0 0 1
    outer loop
      vertex 73.66743469238281 83.19999694824219 0.6000003814697266
      vertex 49.1067008972168 76.53851318359375 0.6000003814697266
      vertex 49.397884368896484 76.41790008544922 0.6000003814697266
    endloop
  endfacet
  facet normal 0 0 1
    outer loop
      vertex 73.66743469238281 83.19999694824219 0.6000003814697266
      vertex 48.797584533691406 76.5999984741211 0.6000003814697266
      vertex 49.1067008972168 76.53851318359375 0.6000003814697266
    endloop
  endfacet
  facet normal 0 0 1
    outer loop
      vertex 73.66743469238281 83.19999694824219 0.6000003814697266
      vertex 48.48241424560547 76.5999984741211 0.6000003814697266
      vertex 48.797584533691406 76.5999984741211 0.6000003814697266
    endloop
  endfacet
  facet normal 0 0 1
    outer loop
      vertex 0.15758609771728516 76.5999984741211 0.6000003814697266
      vertex 48.48241424560547 76.5999984741211 0.6000003814697266
      vertex 73.66743469238281 83.19999694824219 0.6000003814697266
    endloop
  endfacet
  facet normal 0 0 1
    outer loop
      vertex 47.040000915527344 75.15758514404297 0.6000003814697266
      vertex 7.053771018981934 66 0.6000003814697266
      vertex 47.040000915527344 74.84241485595703 0.6000003814697266
    endloop
  endfacet
  facet normal 0 0 1
    outer loop
      vertex 47.10148620605469 75.46670532226562 0.6000003814697266
      vertex 7.053771018981934 66 0.6000003814697266
      vertex 47.040000915527344 75.15758514404297 0.6000003814697266
    endloop
  endfacet
  facet normal 0 0 1
    outer loop
      vertex 1.5385122299194336 75.46670532226562 0.6000003814697266
      vertex 47.10148620605469 75.46670532226562 0.6000003814697266
      vertex 47.22209930419922 75.75788116455078 0.6000003814697266
    endloop
  endfacet
  facet normal 0 0 1
    outer loop
      vertex 1.4179010391235352 75.75788116455078 0.6000003814697266
      vertex 47.22209930419922 75.75788116455078 0.6000003814697266
      vertex 47.39719772338867 76.01994323730469 0.6000003814697266
    endloop
  endfacet
  facet normal 0 0 1
    outer loop
      vertex 1.2428007125854492 76.01994323730469 0.6000003814697266
      vertex 47.39719772338867 76.01994323730469 0.6000003814697266
      vertex 47.620059967041016 76.2427978515625 0.6000003814697266
    endloop
  endfacet
  facet normal 0 0 1
    outer loop
      vertex 1.0199403762817383 76.2427978515625 0.6000003814697266
      vertex 47.620059967041016 76.2427978515625 0.6000003814697266
      vertex 47.88211441040039 76.41790008544922 0.6000003814697266
    endloop
  endfacet
  facet normal 0 0 1
    outer loop
      vertex 0.7578840255737305 76.41790008544922 0.6000003814697266
      vertex 47.88211441040039 76.41790008544922 0.6000003814697266
      vertex 48.17329788208008 76.53851318359375 0.6000003814697266
    endloop
  endfacet
  facet normal 0 0 1
    outer loop
      vertex 48.48241424560547 76.5999984741211 0.6000003814697266
      vertex 0.15758609771728516 76.5999984741211 0.6000003814697266
      vertex 48.17329788208008 76.53851318359375 0.6000003814697266
    endloop
  endfacet
  facet normal 0 0 1
    outer loop
      vertex 47.10148620605469 75.46670532226562 0.6000003814697266
      vertex 1.5385122299194336 75.46670532226562 0.6000003814697266
      vertex 7.053771018981934 66 0.6000003814697266
    endloop
  endfacet
  facet normal 0 0 1
    outer loop
      vertex 0.7578840255737305 73.58209991455078 0.6000003814697266
      vertex 6.115805625915527 65.71546936035156 0.6000003814697266
      vertex 1.0199403762817383 73.7572021484375 0.6000003814697266
    endloop
  endfacet
  facet normal 0 0 1
    outer loop
      vertex 6.570775985717773 65.90392303466797 0.6000003814697266
      vertex 1.0199403762817383 73.7572021484375 0.6000003814697266
      vertex 6.115805625915527 65.71546936035156 0.6000003814697266
    endloop
  endfacet
  facet normal 0 0 1
    outer loop
      vertex 1.0199403762817383 73.7572021484375 0.6000003814697266
      vertex 6.570775985717773 65.90392303466797 0.6000003814697266
      vertex 1.2428007125854492 73.98005676269531 0.6000003814697266
    endloop
  endfacet
  facet normal 0 0 1
    outer loop
      vertex 1.2428007125854492 73.98005676269531 0.6000003814697266
      vertex 6.570775985717773 65.90392303466797 0.6000003814697266
      vertex 1.4179010391235352 74.24211120605469 0.6000003814697266
    endloop
  endfacet
  facet normal 0 0 1
    outer loop
      vertex 7.053771018981934 66 0.6000003814697266
      vertex 1.4179010391235352 74.24211120605469 0.6000003814697266
      vertex 6.570775985717773 65.90392303466797 0.6000003814697266
    endloop
  endfacet
  facet normal 0 0 1
    outer loop
      vertex 1.4179010391235352 74.24211120605469 0.6000003814697266
      vertex 7.053771018981934 66 0.6000003814697266
      vertex 1.5385122299194336 74.53329467773438 0.6000003814697266
    endloop
  endfacet
  facet normal 0 0 1
    outer loop
      vertex 1.5385122299194336 74.53329467773438 0.6000003814697266
      vertex 7.053771018981934 66 0.6000003814697266
      vertex 1.5999994277954102 74.84241485595703 0.6000003814697266
    endloop
  endfacet
  facet normal 0 0 1
    outer loop
      vertex 1.5999994277954102 75.15758514404297 0.6000003814697266
      vertex 7.053771018981934 66 0.6000003814697266
      vertex 1.5385122299194336 75.46670532226562 0.6000003814697266
    endloop
  endfacet
  facet normal 0 0 1
    outer loop
      vertex 1.5999994277954102 74.84241485595703 0.6000003814697266
      vertex 7.053771018981934 66 0.6000003814697266
      vertex 1.5999994277954102 75.15758514404297 0.6000003814697266
    endloop
  endfacet
  facet normal 0 0 1
    outer loop
      vertex 47.22209930419922 75.75788116455078 0.6000003814697266
      vertex 1.4179010391235352 75.75788116455078 0.6000003814697266
      vertex 1.5385122299194336 75.46670532226562 0.6000003814697266
    endloop
  endfacet
  facet normal 0 0 1
    outer loop
      vertex 47.39719772338867 76.01994323730469 0.6000003814697266
      vertex 1.2428007125854492 76.01994323730469 0.6000003814697266
      vertex 1.4179010391235352 75.75788116455078 0.6000003814697266
    endloop
  endfacet
  facet normal 0 0 1
    outer loop
      vertex 47.620059967041016 76.2427978515625 0.6000003814697266
      vertex 1.0199403762817383 76.2427978515625 0.6000003814697266
      vertex 1.2428007125854492 76.01994323730469 0.6000003814697266
    endloop
  endfacet
  facet normal 0 0 1
    outer loop
      vertex 47.88211441040039 76.41790008544922 0.6000003814697266
      vertex 0.7578840255737305 76.41790008544922 0.6000003814697266
      vertex 1.0199403762817383 76.2427978515625 0.6000003814697266
    endloop
  endfacet
  facet normal 0 0 1
    outer loop
      vertex 48.17329788208008 76.53851318359375 0.6000003814697266
      vertex 0.4667024612426758 76.53851318359375 0.6000003814697266
      vertex 0.7578840255737305 76.41790008544922 0.6000003814697266
    endloop
  endfacet
  facet normal 0 0 1
    outer loop
      vertex 48.17329788208008 76.53851318359375 0.6000003814697266
      vertex 0.15758609771728516 76.5999984741211 0.6000003814697266
      vertex 0.4667024612426758 76.53851318359375 0.6000003814697266
    endloop
  endfacet
  facet normal 0 0 1
    outer loop
      vertex 73.66743469238281 83.19999694824219 0.6000003814697266
      vertex -0.15758609771728516 76.5999984741211 0.6000003814697266
      vertex 0.15758609771728516 76.5999984741211 0.6000003814697266
    endloop
  endfacet
  facet normal 0 0 1
    outer loop
      vertex -7.053771018981934 66 0.6000003814697266
      vertex -1.5999994277954102 74.84241485595703 0.6000003814697266
      vertex -1.5999994277954102 75.15758514404297 0.6000003814697266
    endloop
  endfacet
  facet normal 0 0 1
    outer loop
      vertex -0.4667024612426758 -73.46148681640625 0.6000003814697266
      vertex -5.706342697143555 -65.44187927246094 0.6000003814697266
      vertex -0.7578840255737305 -73.58209991455078 0.6000003814697266
    endloop
  endfacet
  facet normal 0 0 1
    outer loop
      vertex -6.115805625915527 -65.71546936035156 0.6000003814697266
      vertex -0.7578840255737305 -73.58209991455078 0.6000003814697266
      vertex -5.706342697143555 -65.44187927246094 0.6000003814697266
    endloop
  endfacet
  facet normal 0 0 1
    outer loop
      vertex -7.053771018981934 66 0.6000003814697266
      vertex -1.5999994277954102 75.15758514404297 0.6000003814697266
      vertex -1.5385122299194336 75.46670532226562 0.6000003814697266
    endloop
  endfacet
  facet normal 0 0 1
    outer loop
      vertex 4.799999237060547 63.7462272644043 0.6000003814697266
      vertex -4.896073341369629 64.2292251586914 0.6000003814697266
      vertex -4.799999237060547 63.7462272644043 0.6000003814697266
    endloop
  endfacet
  facet normal 0 0 1
    outer loop
      vertex 4.896073341369629 64.2292251586914 0.6000003814697266
      vertex -4.896073341369629 64.2292251586914 0.6000003814697266
      vertex 4.799999237060547 63.7462272644043 0.6000003814697266
    endloop
  endfacet
  facet normal 0 0 1
    outer loop
      vertex -0.15758609771728516 73.4000015258789 0.6000003814697266
      vertex -5.358122825622559 65.09365844726562 0.6000003814697266
      vertex -5.084527969360352 64.68419647216797 0.6000003814697266
    endloop
  endfacet
  facet normal 0 0 1
    outer loop
      vertex -0.4667024612426758 73.46148681640625 0.6000003814697266
      vertex -5.706342697143555 65.44187927246094 0.6000003814697266
      vertex -5.358122825622559 65.09365844726562 0.6000003814697266
    endloop
  endfacet
  facet normal 0 0 1
    outer loop
      vertex -47.10148620605469 75.46670532226562 0.6000003814697266
      vertex -1.5385122299194336 75.46670532226562 0.6000003814697266
      vertex -1.4179010391235352 75.75788116455078 0.6000003814697266
    endloop
  endfacet
  facet normal 0 0 1
    outer loop
      vertex -0.7578840255737305 73.58209991455078 0.6000003814697266
      vertex -6.115805625915527 65.71546936035156 0.6000003814697266
      vertex -5.706342697143555 65.44187927246094 0.6000003814697266
    endloop
  endfacet
  facet normal 0 0 1
    outer loop
      vertex -1.0199403762817383 73.7572021484375 0.6000003814697266
      vertex -6.570775985717773 65.90392303466797 0.6000003814697266
      vertex -6.115805625915527 65.71546936035156 0.6000003814697266
    endloop
  endfacet
  facet normal 0 0 1
    outer loop
      vertex -1.4179010391235352 74.24211120605469 0.6000003814697266
      vertex -7.053771018981934 66 0.6000003814697266
      vertex -6.570775985717773 65.90392303466797 0.6000003814697266
    endloop
  endfacet
  facet normal 0 0 1
    outer loop
      vertex -1.5385122299194336 75.46670532226562 0.6000003814697266
      vertex -47.10148620605469 75.46670532226562 0.6000003814697266
      vertex -7.053771018981934 66 0.6000003814697266
    endloop
  endfacet
  facet normal 0 0 1
    outer loop
      vertex -47.22209930419922 75.75788116455078 0.6000003814697266
      vertex -1.4179010391235352 75.75788116455078 0.6000003814697266
      vertex -1.2428007125854492 76.01994323730469 0.6000003814697266
    endloop
  endfacet
  facet normal 0 0 1
    outer loop
      vertex -47.39719772338867 76.01994323730469 0.6000003814697266
      vertex -1.2428007125854492 76.01994323730469 0.6000003814697266
      vertex -1.0199403762817383 76.2427978515625 0.6000003814697266
    endloop
  endfacet
  facet normal 0 0 1
    outer loop
      vertex -47.620059967041016 76.2427978515625 0.6000003814697266
      vertex -1.0199403762817383 76.2427978515625 0.6000003814697266
      vertex -0.7578840255737305 76.41790008544922 0.6000003814697266
    endloop
  endfacet
  facet normal 0 0 1
    outer loop
      vertex -47.88211441040039 76.41790008544922 0.6000003814697266
      vertex -0.7578840255737305 76.41790008544922 0.6000003814697266
      vertex -0.4667024612426758 76.53851318359375 0.6000003814697266
    endloop
  endfacet
  facet normal 0 0 1
    outer loop
      vertex -48.17329788208008 76.53851318359375 0.6000003814697266
      vertex -0.4667024612426758 76.53851318359375 0.6000003814697266
      vertex -0.15758609771728516 76.5999984741211 0.6000003814697266
    endloop
  endfacet
  facet normal 0 0 1
    outer loop
      vertex -73.66743469238281 83.19999694824219 0.6000003814697266
      vertex -0.15758609771728516 76.5999984741211 0.6000003814697266
      vertex 73.66743469238281 83.19999694824219 0.6000003814697266
    endloop
  endfacet
  facet normal 0 0 1
    outer loop
      vertex -7.053771018981934 66 0.6000003814697266
      vertex -47.10148620605469 75.46670532226562 0.6000003814697266
      vertex -47.040000915527344 75.15758514404297 0.6000003814697266
    endloop
  endfacet
  facet normal 0 0 1
    outer loop
      vertex -1.4179010391235352 75.75788116455078 0.6000003814697266
      vertex -47.22209930419922 75.75788116455078 0.6000003814697266
      vertex -47.10148620605469 75.46670532226562 0.6000003814697266
    endloop
  endfacet
  facet normal 0 0 1
    outer loop
      vertex -1.2428007125854492 76.01994323730469 0.6000003814697266
      vertex -47.39719772338867 76.01994323730469 0.6000003814697266
      vertex -47.22209930419922 75.75788116455078 0.6000003814697266
    endloop
  endfacet
  facet normal 0 0 1
    outer loop
      vertex -1.0199403762817383 76.2427978515625 0.6000003814697266
      vertex -47.620059967041016 76.2427978515625 0.6000003814697266
      vertex -47.39719772338867 76.01994323730469 0.6000003814697266
    endloop
  endfacet
  facet normal 0 0 1
    outer loop
      vertex -0.7578840255737305 76.41790008544922 0.6000003814697266
      vertex -47.88211441040039 76.41790008544922 0.6000003814697266
      vertex -47.620059967041016 76.2427978515625 0.6000003814697266
    endloop
  endfacet
  facet normal 0 0 1
    outer loop
      vertex -0.4667024612426758 76.53851318359375 0.6000003814697266
      vertex -48.17329788208008 76.53851318359375 0.6000003814697266
      vertex -47.88211441040039 76.41790008544922 0.6000003814697266
    endloop
  endfacet
  facet normal 0 0 1
    outer loop
      vertex -0.15758609771728516 76.5999984741211 0.6000003814697266
      vertex -48.48241424560547 76.5999984741211 0.6000003814697266
      vertex -48.17329788208008 76.53851318359375 0.6000003814697266
    endloop
  endfacet
  facet normal 0 0 1
    outer loop
      vertex -0.15758609771728516 76.5999984741211 0.6000003814697266
      vertex -73.66743469238281 83.19999694824219 0.6000003814697266
      vertex -48.48241424560547 76.5999984741211 0.6000003814697266
    endloop
  endfacet
  facet normal 0 0 1
    outer loop
      vertex -50.23999786376953 75.15758514404297 0.6000003814697266
      vertex -68.94622802734375 66 0.6000003814697266
      vertex -50.23999786376953 74.84241485595703 0.6000003814697266
    endloop
  endfacet
  facet normal 0 0 1
    outer loop
      vertex -73.66743469238281 83.19999694824219 0.6000003814697266
      vertex -50.23999786376953 75.15758514404297 0.6000003814697266
      vertex -50.17851257324219 75.46670532226562 0.6000003814697266
    endloop
  endfacet
  facet normal 0 0 1
    outer loop
      vertex -73.66743469238281 83.19999694824219 0.6000003814697266
      vertex -50.17851257324219 75.46670532226562 0.6000003814697266
      vertex -50.057899475097656 75.75788116455078 0.6000003814697266
    endloop
  endfacet
  facet normal 0 0 1
    outer loop
      vertex -73.66743469238281 83.19999694824219 0.6000003814697266
      vertex -50.057899475097656 75.75788116455078 0.6000003814697266
      vertex -49.8828010559082 76.01994323730469 0.6000003814697266
    endloop
  endfacet
  facet normal 0 0 1
    outer loop
      vertex -73.66743469238281 83.19999694824219 0.6000003814697266
      vertex -49.8828010559082 76.01994323730469 0.6000003814697266
      vertex -49.65993881225586 76.2427978515625 0.6000003814697266
    endloop
  endfacet
  facet normal 0 0 1
    outer loop
      vertex -73.66743469238281 83.19999694824219 0.6000003814697266
      vertex -49.65993881225586 76.2427978515625 0.6000003814697266
      vertex -49.397884368896484 76.41790008544922 0.6000003814697266
    endloop
  endfacet
  facet normal 0 0 1
    outer loop
      vertex -50.23999786376953 75.15758514404297 0.6000003814697266
      vertex -73.66743469238281 83.19999694824219 0.6000003814697266
      vertex -68.94622802734375 66 0.6000003814697266
    endloop
  endfacet
  facet normal 0 0 1
    outer loop
      vertex -75.19999694824219 81.66743469238281 0.6000003814697266
      vertex -68.94622802734375 66 0.6000003814697266
      vertex -73.66743469238281 83.19999694824219 0.6000003814697266
    endloop
  endfacet
  facet normal 0 0 1
    outer loop
      vertex -71.10392761230469 64.2292251586914 0.6000003814697266
      vertex -75.19999694824219 81.66743469238281 0.6000003814697266
      vertex -71.19999694824219 63.7462272644043 0.6000003814697266
    endloop
  endfacet
  facet normal 0 0 1
    outer loop
      vertex -70.91547393798828 64.68419647216797 0.6000003814697266
      vertex -75.19999694824219 81.66743469238281 0.6000003814697266
      vertex -71.10392761230469 64.2292251586914 0.6000003814697266
    endloop
  endfacet
  facet normal 0 0 1
    outer loop
      vertex -70.64187622070312 65.09365844726562 0.6000003814697266
      vertex -75.19999694824219 81.66743469238281 0.6000003814697266
      vertex -70.91547393798828 64.68419647216797 0.6000003814697266
    endloop
  endfacet
  facet normal 0 0 1
    outer loop
      vertex -70.29365539550781 65.44187927246094 0.6000003814697266
      vertex -75.19999694824219 81.66743469238281 0.6000003814697266
      vertex -70.64187622070312 65.09365844726562 0.6000003814697266
    endloop
  endfacet
  facet normal 0 0 1
    outer loop
      vertex -69.88419342041016 65.71546936035156 0.6000003814697266
      vertex -75.19999694824219 81.66743469238281 0.6000003814697266
      vertex -70.29365539550781 65.44187927246094 0.6000003814697266
    endloop
  endfacet
  facet normal 0 0 1
    outer loop
      vertex -69.4292221069336 65.90392303466797 0.6000003814697266
      vertex -75.19999694824219 81.66743469238281 0.6000003814697266
      vertex -69.88419342041016 65.71546936035156 0.6000003814697266
    endloop
  endfacet
  facet normal 0 0 1
    outer loop
      vertex -68.94622802734375 66 0.6000003814697266
      vertex -75.19999694824219 81.66743469238281 0.6000003814697266
      vertex -69.4292221069336 65.90392303466797 0.6000003814697266
    endloop
  endfacet
  facet normal 0 0 1
    outer loop
      vertex -49.1067008972168 76.53851318359375 0.6000003814697266
      vertex -73.66743469238281 83.19999694824219 0.6000003814697266
      vertex -49.397884368896484 76.41790008544922 0.6000003814697266
    endloop
  endfacet
  facet normal 0 0 1
    outer loop
      vertex -48.797584533691406 76.5999984741211 0.6000003814697266
      vertex -73.66743469238281 83.19999694824219 0.6000003814697266
      vertex -49.1067008972168 76.53851318359375 0.6000003814697266
    endloop
  endfacet
  facet normal 0 0 1
    outer loop
      vertex -48.48241424560547 76.5999984741211 0.6000003814697266
      vertex -73.66743469238281 83.19999694824219 0.6000003814697266
      vertex -48.797584533691406 76.5999984741211 0.6000003814697266
    endloop
  endfacet
  facet normal 0 0 1
    outer loop
      vertex 68.94622802734375 -66 0.6000003814697266
      vertex 75.19999694824219 -81.66743469238281 0.6000003814697266
      vertex 69.4292221069336 -65.90392303466797 0.6000003814697266
    endloop
  endfacet
  facet normal 0 0 1
    outer loop
      vertex 73.66743469238281 -83.19999694824219 0.6000003814697266
      vertex 75.19999694824219 -81.66743469238281 0.6000003814697266
      vertex 68.94622802734375 -66 0.6000003814697266
    endloop
  endfacet
  facet normal 0 0 1
    outer loop
      vertex 75.19999694824219 -81.66743469238281 0.6000003814697266
      vertex 73.66743469238281 -83.19999694824219 0.6000003814697266
      vertex 75.1346664428711 -81.9958724975586 0.6000003814697266
    endloop
  endfacet
  facet normal 0 0 1
    outer loop
      vertex 75.1346664428711 -81.9958724975586 0.6000003814697266
      vertex 73.66743469238281 -83.19999694824219 0.6000003814697266
      vertex 75.00652313232422 -82.30525207519531 0.6000003814697266
    endloop
  endfacet
  facet normal 0 0 1
    outer loop
      vertex 75.00652313232422 -82.30525207519531 0.6000003814697266
      vertex 73.66743469238281 -83.19999694824219 0.6000003814697266
      vertex 74.82047271728516 -82.58368682861328 0.6000003814697266
    endloop
  endfacet
  facet normal 0 0 1
    outer loop
      vertex 74.58368682861328 -82.82047271728516 0.6000003814697266
      vertex 73.66743469238281 -83.19999694824219 0.6000003814697266
      vertex 74.30525207519531 -83.00652313232422 0.6000003814697266
    endloop
  endfacet
  facet normal 0 0 1
    outer loop
      vertex 74.30525207519531 -83.00652313232422 0.6000003814697266
      vertex 73.66743469238281 -83.19999694824219 0.6000003814697266
      vertex 73.9958724975586 -83.1346664428711 0.6000003814697266
    endloop
  endfacet
  facet normal 0 0 1
    outer loop
      vertex 74.82047271728516 -82.58368682861328 0.6000003814697266
      vertex 73.66743469238281 -83.19999694824219 0.6000003814697266
      vertex 74.58368682861328 -82.82047271728516 0.6000003814697266
    endloop
  endfacet
  facet normal 0 0 1
    outer loop
      vertex 50.23999786376953 -75.15758514404297 0.6000003814697266
      vertex 68.94622802734375 -66 0.6000003814697266
      vertex 50.23999786376953 -74.84241485595703 0.6000003814697266
    endloop
  endfacet
  facet normal 0 0 1
    outer loop
      vertex 68.94622802734375 -66 0.6000003814697266
      vertex 50.23999786376953 -75.15758514404297 0.6000003814697266
      vertex 73.66743469238281 -83.19999694824219 0.6000003814697266
    endloop
  endfacet
  facet normal 0 0 1
    outer loop
      vertex 50.17851257324219 -75.46670532226562 0.6000003814697266
      vertex 73.66743469238281 -83.19999694824219 0.6000003814697266
      vertex 50.23999786376953 -75.15758514404297 0.6000003814697266
    endloop
  endfacet
  facet normal 0 0 1
    outer loop
      vertex 50.057899475097656 -75.75788116455078 0.6000003814697266
      vertex 73.66743469238281 -83.19999694824219 0.6000003814697266
      vertex 50.17851257324219 -75.46670532226562 0.6000003814697266
    endloop
  endfacet
  facet normal 0 0 1
    outer loop
      vertex 49.8828010559082 -76.01994323730469 0.6000003814697266
      vertex 73.66743469238281 -83.19999694824219 0.6000003814697266
      vertex 50.057899475097656 -75.75788116455078 0.6000003814697266
    endloop
  endfacet
  facet normal 0 0 1
    outer loop
      vertex 49.65993881225586 -76.2427978515625 0.6000003814697266
      vertex 73.66743469238281 -83.19999694824219 0.6000003814697266
      vertex 49.8828010559082 -76.01994323730469 0.6000003814697266
    endloop
  endfacet
  facet normal 0 0 1
    outer loop
      vertex 49.397884368896484 -76.41790008544922 0.6000003814697266
      vertex 73.66743469238281 -83.19999694824219 0.6000003814697266
      vertex 49.65993881225586 -76.2427978515625 0.6000003814697266
    endloop
  endfacet
  facet normal 0 0 1
    outer loop
      vertex 49.1067008972168 -76.53851318359375 0.6000003814697266
      vertex 73.66743469238281 -83.19999694824219 0.6000003814697266
      vertex 49.397884368896484 -76.41790008544922 0.6000003814697266
    endloop
  endfacet
  facet normal 0 0 1
    outer loop
      vertex 48.797584533691406 -76.5999984741211 0.6000003814697266
      vertex 73.66743469238281 -83.19999694824219 0.6000003814697266
      vertex 49.1067008972168 -76.53851318359375 0.6000003814697266
    endloop
  endfacet
  facet normal 0 0 1
    outer loop
      vertex 48.48241424560547 -76.5999984741211 0.6000003814697266
      vertex 73.66743469238281 -83.19999694824219 0.6000003814697266
      vertex 48.797584533691406 -76.5999984741211 0.6000003814697266
    endloop
  endfacet
  facet normal 0 0 1
    outer loop
      vertex 0.15758609771728516 -76.5999984741211 0.6000003814697266
      vertex 48.48241424560547 -76.5999984741211 0.6000003814697266
      vertex 48.17329788208008 -76.53851318359375 0.6000003814697266
    endloop
  endfacet
  facet normal 0 0 1
    outer loop
      vertex 7.053771018981934 -66 0.6000003814697266
      vertex 47.10148620605469 -75.46670532226562 0.6000003814697266
      vertex 47.040000915527344 -75.15758514404297 0.6000003814697266
    endloop
  endfacet
  facet normal 0 0 1
    outer loop
      vertex 1.5385122299194336 -75.46670532226562 0.6000003814697266
      vertex 47.10148620605469 -75.46670532226562 0.6000003814697266
      vertex 7.053771018981934 -66 0.6000003814697266
    endloop
  endfacet
  facet normal 0 0 1
    outer loop
      vertex 47.10148620605469 -75.46670532226562 0.6000003814697266
      vertex 1.5385122299194336 -75.46670532226562 0.6000003814697266
      vertex 47.22209930419922 -75.75788116455078 0.6000003814697266
    endloop
  endfacet
  facet normal 0 0 1
    outer loop
      vertex 1.4179010391235352 -75.75788116455078 0.6000003814697266
      vertex 47.22209930419922 -75.75788116455078 0.6000003814697266
      vertex 1.5385122299194336 -75.46670532226562 0.6000003814697266
    endloop
  endfacet
  facet normal 0 0 1
    outer loop
      vertex 47.22209930419922 -75.75788116455078 0.6000003814697266
      vertex 1.4179010391235352 -75.75788116455078 0.6000003814697266
      vertex 47.39719772338867 -76.01994323730469 0.6000003814697266
    endloop
  endfacet
  facet normal 0 0 1
    outer loop
      vertex 1.2428007125854492 -76.01994323730469 0.6000003814697266
      vertex 47.39719772338867 -76.01994323730469 0.6000003814697266
      vertex 1.4179010391235352 -75.75788116455078 0.6000003814697266
    endloop
  endfacet
  facet normal 0 0 1
    outer loop
      vertex 47.39719772338867 -76.01994323730469 0.6000003814697266
      vertex 1.2428007125854492 -76.01994323730469 0.6000003814697266
      vertex 47.620059967041016 -76.2427978515625 0.6000003814697266
    endloop
  endfacet
  facet normal 0 0 1
    outer loop
      vertex 1.5999994277954102 -74.84241485595703 0.6000003814697266
      vertex 7.053771018981934 -66 0.6000003814697266
      vertex 6.570775985717773 -65.90392303466797 0.6000003814697266
    endloop
  endfacet
  facet normal 0 0 1
    outer loop
      vertex 6.115805625915527 65.71546936035156 0.6000003814697266
      vertex 0.7578840255737305 73.58209991455078 0.6000003814697266
      vertex 5.706342697143555 65.44187927246094 0.6000003814697266
    endloop
  endfacet
  facet normal 0 0 1
    outer loop
      vertex 0.4667024612426758 73.46148681640625 0.6000003814697266
      vertex 5.706342697143555 65.44187927246094 0.6000003814697266
      vertex 0.7578840255737305 73.58209991455078 0.6000003814697266
    endloop
  endfacet
  facet normal 0 0 1
    outer loop
      vertex 1.5999994277954102 -74.84241485595703 0.6000003814697266
      vertex 4.896073341369629 -64.2292251586914 0.6000003814697266
      vertex 4.799999237060547 -63.7462272644043 0.6000003814697266
    endloop
  endfacet
  facet normal 0 0 1
    outer loop
      vertex 1.5999994277954102 -74.84241485595703 0.6000003814697266
      vertex 5.084527969360352 -64.68419647216797 0.6000003814697266
      vertex 4.896073341369629 -64.2292251586914 0.6000003814697266
    endloop
  endfacet
  facet normal 0 0 1
    outer loop
      vertex 1.5999994277954102 -74.84241485595703 0.6000003814697266
      vertex 5.358122825622559 -65.09365844726562 0.6000003814697266
      vertex 5.084527969360352 -64.68419647216797 0.6000003814697266
    endloop
  endfacet
  facet normal 0 0 1
    outer loop
      vertex 1.5999994277954102 -74.84241485595703 0.6000003814697266
      vertex 5.706342697143555 -65.44187927246094 0.6000003814697266
      vertex 5.358122825622559 -65.09365844726562 0.6000003814697266
    endloop
  endfacet
  facet normal 0 0 1
    outer loop
      vertex 1.5999994277954102 -74.84241485595703 0.6000003814697266
      vertex 6.115805625915527 -65.71546936035156 0.6000003814697266
      vertex 5.706342697143555 -65.44187927246094 0.6000003814697266
    endloop
  endfacet
  facet normal 0 0 1
    outer loop
      vertex 1.5999994277954102 -74.84241485595703 0.6000003814697266
      vertex 6.570775985717773 -65.90392303466797 0.6000003814697266
      vertex 6.115805625915527 -65.71546936035156 0.6000003814697266
    endloop
  endfacet
  facet normal 0 0 1
    outer loop
      vertex 7.053771018981934 -66 0.6000003814697266
      vertex 1.5999994277954102 -74.84241485595703 0.6000003814697266
      vertex 1.5999994277954102 -75.15758514404297 0.6000003814697266
    endloop
  endfacet
  facet normal 0 0 1
    outer loop
      vertex 7.053771018981934 -66 0.6000003814697266
      vertex 1.5999994277954102 -75.15758514404297 0.6000003814697266
      vertex 1.5385122299194336 -75.46670532226562 0.6000003814697266
    endloop
  endfacet
  facet normal 0 0 1
    outer loop
      vertex 1.0199403762817383 -76.2427978515625 0.6000003814697266
      vertex 47.620059967041016 -76.2427978515625 0.6000003814697266
      vertex 1.2428007125854492 -76.01994323730469 0.6000003814697266
    endloop
  endfacet
  facet normal 0 0 1
    outer loop
      vertex 47.620059967041016 -76.2427978515625 0.6000003814697266
      vertex 1.0199403762817383 -76.2427978515625 0.6000003814697266
      vertex 47.88211441040039 -76.41790008544922 0.6000003814697266
    endloop
  endfacet
  facet normal 0 0 1
    outer loop
      vertex 0.7578840255737305 -76.41790008544922 0.6000003814697266
      vertex 47.88211441040039 -76.41790008544922 0.6000003814697266
      vertex 1.0199403762817383 -76.2427978515625 0.6000003814697266
    endloop
  endfacet
  facet normal 0 0 1
    outer loop
      vertex 47.88211441040039 -76.41790008544922 0.6000003814697266
      vertex 0.7578840255737305 -76.41790008544922 0.6000003814697266
      vertex 48.17329788208008 -76.53851318359375 0.6000003814697266
    endloop
  endfacet
  facet normal 0 0 1
    outer loop
      vertex 0.4667024612426758 -76.53851318359375 0.6000003814697266
      vertex 48.17329788208008 -76.53851318359375 0.6000003814697266
      vertex 0.7578840255737305 -76.41790008544922 0.6000003814697266
    endloop
  endfacet
  facet normal 0 0 1
    outer loop
      vertex 0.15758609771728516 -76.5999984741211 0.6000003814697266
      vertex 48.17329788208008 -76.53851318359375 0.6000003814697266
      vertex 0.4667024612426758 -76.53851318359375 0.6000003814697266
    endloop
  endfacet
  facet normal 0 0 1
    outer loop
      vertex 48.48241424560547 -76.5999984741211 0.6000003814697266
      vertex 0.15758609771728516 -76.5999984741211 0.6000003814697266
      vertex 73.66743469238281 -83.19999694824219 0.6000003814697266
    endloop
  endfacet
  facet normal 0 0 1
    outer loop
      vertex -0.15758609771728516 -76.5999984741211 0.6000003814697266
      vertex 73.66743469238281 -83.19999694824219 0.6000003814697266
      vertex 0.15758609771728516 -76.5999984741211 0.6000003814697266
    endloop
  endfacet
  facet normal 0 0 1
    outer loop
      vertex -0.7578840255737305 -73.58209991455078 0.6000003814697266
      vertex -6.115805625915527 -65.71546936035156 0.6000003814697266
      vertex -1.0199403762817383 -73.7572021484375 0.6000003814697266
    endloop
  endfacet
  facet normal 0 0 1
    outer loop
      vertex -6.570775985717773 -65.90392303466797 0.6000003814697266
      vertex -1.0199403762817383 -73.7572021484375 0.6000003814697266
      vertex -6.115805625915527 -65.71546936035156 0.6000003814697266
    endloop
  endfacet
  facet normal 0 0 1
    outer loop
      vertex -1.0199403762817383 -73.7572021484375 0.6000003814697266
      vertex -6.570775985717773 -65.90392303466797 0.6000003814697266
      vertex -1.2428007125854492 -73.98005676269531 0.6000003814697266
    endloop
  endfacet
  facet normal 0 0 1
    outer loop
      vertex -1.2428007125854492 -73.98005676269531 0.6000003814697266
      vertex -6.570775985717773 -65.90392303466797 0.6000003814697266
      vertex -1.4179010391235352 -74.24211120605469 0.6000003814697266
    endloop
  endfacet
  facet normal 0 0 1
    outer loop
      vertex -7.053771018981934 -66 0.6000003814697266
      vertex -1.4179010391235352 -74.24211120605469 0.6000003814697266
      vertex -6.570775985717773 -65.90392303466797 0.6000003814697266
    endloop
  endfacet
  facet normal 0 0 1
    outer loop
      vertex -1.4179010391235352 -74.24211120605469 0.6000003814697266
      vertex -7.053771018981934 -66 0.6000003814697266
      vertex -1.5385122299194336 -74.53329467773438 0.6000003814697266
    endloop
  endfacet
  facet normal 0 0 1
    outer loop
      vertex -1.5385122299194336 -74.53329467773438 0.6000003814697266
      vertex -7.053771018981934 -66 0.6000003814697266
      vertex -1.5999994277954102 -74.84241485595703 0.6000003814697266
    endloop
  endfacet
  facet normal 0 0 1
    outer loop
      vertex -1.5999994277954102 -74.84241485595703 0.6000003814697266
      vertex -7.053771018981934 -66 0.6000003814697266
      vertex -1.5999994277954102 -75.15758514404297 0.6000003814697266
    endloop
  endfacet
  facet normal 0 0 1
    outer loop
      vertex -1.5999994277954102 -75.15758514404297 0.6000003814697266
      vertex -7.053771018981934 -66 0.6000003814697266
      vertex -1.5385122299194336 -75.46670532226562 0.6000003814697266
    endloop
  endfacet
  facet normal 0 0 1
    outer loop
      vertex -47.10148620605469 -75.46670532226562 0.6000003814697266
      vertex -1.5385122299194336 -75.46670532226562 0.6000003814697266
      vertex -7.053771018981934 -66 0.6000003814697266
    endloop
  endfacet
  facet normal 0 0 1
    outer loop
      vertex -47.040000915527344 -75.15758514404297 0.6000003814697266
      vertex -7.053771018981934 -66 0.6000003814697266
      vertex -47.040000915527344 -74.84241485595703 0.6000003814697266
    endloop
  endfacet
  facet normal 0 0 1
    outer loop
      vertex -47.10148620605469 -75.46670532226562 0.6000003814697266
      vertex -7.053771018981934 -66 0.6000003814697266
      vertex -47.040000915527344 -75.15758514404297 0.6000003814697266
    endloop
  endfacet
  facet normal 0 0 1
    outer loop
      vertex -1.5385122299194336 -75.46670532226562 0.6000003814697266
      vertex -47.10148620605469 -75.46670532226562 0.6000003814697266
      vertex -1.4179010391235352 -75.75788116455078 0.6000003814697266
    endloop
  endfacet
  facet normal 0 0 1
    outer loop
      vertex -47.22209930419922 -75.75788116455078 0.6000003814697266
      vertex -1.4179010391235352 -75.75788116455078 0.6000003814697266
      vertex -47.10148620605469 -75.46670532226562 0.6000003814697266
    endloop
  endfacet
  facet normal 0 0 1
    outer loop
      vertex -1.4179010391235352 -75.75788116455078 0.6000003814697266
      vertex -47.22209930419922 -75.75788116455078 0.6000003814697266
      vertex -1.2428007125854492 -76.01994323730469 0.6000003814697266
    endloop
  endfacet
  facet normal 0 0 1
    outer loop
      vertex -47.39719772338867 -76.01994323730469 0.6000003814697266
      vertex -1.2428007125854492 -76.01994323730469 0.6000003814697266
      vertex -47.22209930419922 -75.75788116455078 0.6000003814697266
    endloop
  endfacet
  facet normal 0 0 1
    outer loop
      vertex -1.2428007125854492 -76.01994323730469 0.6000003814697266
      vertex -47.39719772338867 -76.01994323730469 0.6000003814697266
      vertex -1.0199403762817383 -76.2427978515625 0.6000003814697266
    endloop
  endfacet
  facet normal 0 0 1
    outer loop
      vertex -47.620059967041016 -76.2427978515625 0.6000003814697266
      vertex -1.0199403762817383 -76.2427978515625 0.6000003814697266
      vertex -47.39719772338867 -76.01994323730469 0.6000003814697266
    endloop
  endfacet
  facet normal 0 0 1
    outer loop
      vertex -1.0199403762817383 -76.2427978515625 0.6000003814697266
      vertex -47.620059967041016 -76.2427978515625 0.6000003814697266
      vertex -0.7578840255737305 -76.41790008544922 0.6000003814697266
    endloop
  endfacet
  facet normal 0 0 1
    outer loop
      vertex -47.88211441040039 -76.41790008544922 0.6000003814697266
      vertex -0.7578840255737305 -76.41790008544922 0.6000003814697266
      vertex -47.620059967041016 -76.2427978515625 0.6000003814697266
    endloop
  endfacet
  facet normal 0 0 1
    outer loop
      vertex -0.7578840255737305 -76.41790008544922 0.6000003814697266
      vertex -47.88211441040039 -76.41790008544922 0.6000003814697266
      vertex -0.4667024612426758 -76.53851318359375 0.6000003814697266
    endloop
  endfacet
  facet normal 0 0 1
    outer loop
      vertex -48.17329788208008 -76.53851318359375 0.6000003814697266
      vertex -0.4667024612426758 -76.53851318359375 0.6000003814697266
      vertex -47.88211441040039 -76.41790008544922 0.6000003814697266
    endloop
  endfacet
  facet normal 0 0 1
    outer loop
      vertex -0.4667024612426758 -76.53851318359375 0.6000003814697266
      vertex -48.17329788208008 -76.53851318359375 0.6000003814697266
      vertex -0.15758609771728516 -76.5999984741211 0.6000003814697266
    endloop
  endfacet
  facet normal 0 0 1
    outer loop
      vertex -48.48241424560547 -76.5999984741211 0.6000003814697266
      vertex -0.15758609771728516 -76.5999984741211 0.6000003814697266
      vertex -48.17329788208008 -76.53851318359375 0.6000003814697266
    endloop
  endfacet
  facet normal 0 0 1
    outer loop
      vertex -73.66743469238281 -83.19999694824219 0.6000003814697266
      vertex -0.15758609771728516 -76.5999984741211 0.6000003814697266
      vertex -48.48241424560547 -76.5999984741211 0.6000003814697266
    endloop
  endfacet
  facet normal 0 0 1
    outer loop
      vertex -73.66743469238281 -83.19999694824219 0.6000003814697266
      vertex -48.48241424560547 -76.5999984741211 0.6000003814697266
      vertex -48.797584533691406 -76.5999984741211 0.6000003814697266
    endloop
  endfacet
  facet normal 0 0 1
    outer loop
      vertex -73.66743469238281 -83.19999694824219 0.6000003814697266
      vertex -50.23999786376953 -75.15758514404297 0.6000003814697266
      vertex -68.94622802734375 -66 0.6000003814697266
    endloop
  endfacet
  facet normal 0 0 1
    outer loop
      vertex -50.23999786376953 -75.15758514404297 0.6000003814697266
      vertex -73.66743469238281 -83.19999694824219 0.6000003814697266
      vertex -50.17851257324219 -75.46670532226562 0.6000003814697266
    endloop
  endfacet
  facet normal 0 0 1
    outer loop
      vertex -50.17851257324219 -75.46670532226562 0.6000003814697266
      vertex -73.66743469238281 -83.19999694824219 0.6000003814697266
      vertex -50.057899475097656 -75.75788116455078 0.6000003814697266
    endloop
  endfacet
  facet normal 0 0 1
    outer loop
      vertex -50.057899475097656 -75.75788116455078 0.6000003814697266
      vertex -73.66743469238281 -83.19999694824219 0.6000003814697266
      vertex -49.8828010559082 -76.01994323730469 0.6000003814697266
    endloop
  endfacet
  facet normal 0 0 1
    outer loop
      vertex -49.8828010559082 -76.01994323730469 0.6000003814697266
      vertex -73.66743469238281 -83.19999694824219 0.6000003814697266
      vertex -49.65993881225586 -76.2427978515625 0.6000003814697266
    endloop
  endfacet
  facet normal 0 0 1
    outer loop
      vertex -75.19999694824219 -81.66743469238281 0.6000003814697266
      vertex -68.94622802734375 -66 0.6000003814697266
      vertex -69.4292221069336 -65.90392303466797 0.6000003814697266
    endloop
  endfacet
  facet normal 0 0 1
    outer loop
      vertex -75.19999694824219 -81.66743469238281 0.6000003814697266
      vertex -69.4292221069336 -65.90392303466797 0.6000003814697266
      vertex -69.88419342041016 -65.71546936035156 0.6000003814697266
    endloop
  endfacet
  facet normal 0 0 1
    outer loop
      vertex -0.15758609771728516 -76.5999984741211 0.6000003814697266
      vertex -73.66743469238281 -83.19999694824219 0.6000003814697266
      vertex 73.66743469238281 -83.19999694824219 0.6000003814697266
    endloop
  endfacet
  facet normal 0 0 1
    outer loop
      vertex -49.1067008972168 -76.53851318359375 0.6000003814697266
      vertex -73.66743469238281 -83.19999694824219 0.6000003814697266
      vertex -48.797584533691406 -76.5999984741211 0.6000003814697266
    endloop
  endfacet
  facet normal 0 0 1
    outer loop
      vertex -49.397884368896484 -76.41790008544922 0.6000003814697266
      vertex -73.66743469238281 -83.19999694824219 0.6000003814697266
      vertex -49.1067008972168 -76.53851318359375 0.6000003814697266
    endloop
  endfacet
  facet normal 0 0 1
    outer loop
      vertex -49.65993881225586 -76.2427978515625 0.6000003814697266
      vertex -73.66743469238281 -83.19999694824219 0.6000003814697266
      vertex -49.397884368896484 -76.41790008544922 0.6000003814697266
    endloop
  endfacet
  facet normal 0 0 1
    outer loop
      vertex -75.19999694824219 -81.66743469238281 0.6000003814697266
      vertex -69.88419342041016 -65.71546936035156 0.6000003814697266
      vertex -70.29365539550781 -65.44187927246094 0.6000003814697266
    endloop
  endfacet
  facet normal 0 0 1
    outer loop
      vertex -75.19999694824219 -81.66743469238281 0.6000003814697266
      vertex -70.29365539550781 -65.44187927246094 0.6000003814697266
      vertex -70.64187622070312 -65.09365844726562 0.6000003814697266
    endloop
  endfacet
  facet normal 0 0 1
    outer loop
      vertex -75.19999694824219 -81.66743469238281 0.6000003814697266
      vertex -70.64187622070312 -65.09365844726562 0.6000003814697266
      vertex -70.91547393798828 -64.68419647216797 0.6000003814697266
    endloop
  endfacet
  facet normal 0 0 1
    outer loop
      vertex -75.19999694824219 -81.66743469238281 0.6000003814697266
      vertex -70.91547393798828 -64.68419647216797 0.6000003814697266
      vertex -71.10392761230469 -64.2292251586914 0.6000003814697266
    endloop
  endfacet
  facet normal 0 0 1
    outer loop
      vertex -75.19999694824219 -81.66743469238281 0.6000003814697266
      vertex -71.10392761230469 -64.2292251586914 0.6000003814697266
      vertex -71.19999694824219 -63.7462272644043 0.6000003814697266
    endloop
  endfacet
  facet normal 0 0 1
    outer loop
      vertex -71.19999694824219 63.7462272644043 0.6000003814697266
      vertex -75.19999694824219 81.66743469238281 0.6000003814697266
      vertex -71.19999694824219 -63.7462272644043 0.6000003814697266
    endloop
  endfacet
  facet normal 0 0 1
    outer loop
      vertex -75.19999694824219 81.66743469238281 0.6000003814697266
      vertex -73.66743469238281 83.19999694824219 0.6000003814697266
      vertex -73.9958724975586 83.1346664428711 0.6000003814697266
    endloop
  endfacet
  facet normal 0 0 1
    outer loop
      vertex -75.19999694824219 -81.66743469238281 0.6000003814697266
      vertex -71.19999694824219 -63.7462272644043 0.6000003814697266
      vertex -75.19999694824219 81.66743469238281 0.6000003814697266
    endloop
  endfacet
  facet normal 0 0 1
    outer loop
      vertex -75.19999694824219 81.66743469238281 0.6000003814697266
      vertex -73.9958724975586 83.1346664428711 0.6000003814697266
      vertex -74.30525207519531 83.00652313232422 0.6000003814697266
    endloop
  endfacet
  facet normal 0 0 1
    outer loop
      vertex -68.94622802734375 -66 0.6000003814697266
      vertex -75.19999694824219 -81.66743469238281 0.6000003814697266
      vertex -73.66743469238281 -83.19999694824219 0.6000003814697266
    endloop
  endfacet
  facet normal 0 0 1
    outer loop
      vertex -75.19999694824219 81.66743469238281 0.6000003814697266
      vertex -74.30525207519531 83.00652313232422 0.6000003814697266
      vertex -74.58368682861328 82.82047271728516 0.6000003814697266
    endloop
  endfacet
  facet normal 0 0 1
    outer loop
      vertex -73.66743469238281 -83.19999694824219 0.6000003814697266
      vertex -75.19999694824219 -81.66743469238281 0.6000003814697266
      vertex -73.9958724975586 -83.1346664428711 0.6000003814697266
    endloop
  endfacet
  facet normal 0 0 1
    outer loop
      vertex -75.19999694824219 81.66743469238281 0.6000003814697266
      vertex -74.58368682861328 82.82047271728516 0.6000003814697266
      vertex -74.82047271728516 82.58368682861328 0.6000003814697266
    endloop
  endfacet
  facet normal 0 0 1
    outer loop
      vertex -73.9958724975586 -83.1346664428711 0.6000003814697266
      vertex -75.19999694824219 -81.66743469238281 0.6000003814697266
      vertex -74.30525207519531 -83.00652313232422 0.6000003814697266
    endloop
  endfacet
  facet normal 0 0 1
    outer loop
      vertex -75.19999694824219 81.66743469238281 0.6000003814697266
      vertex -74.82047271728516 82.58368682861328 0.6000003814697266
      vertex -75.00652313232422 82.30525207519531 0.6000003814697266
    endloop
  endfacet
  facet normal 0 0 1
    outer loop
      vertex -74.30525207519531 -83.00652313232422 0.6000003814697266
      vertex -75.19999694824219 -81.66743469238281 0.6000003814697266
      vertex -74.58368682861328 -82.82047271728516 0.6000003814697266
    endloop
  endfacet
  facet normal 0 0 1
    outer loop
      vertex -75.19999694824219 81.66743469238281 0.6000003814697266
      vertex -75.00652313232422 82.30525207519531 0.6000003814697266
      vertex -75.1346664428711 81.9958724975586 0.6000003814697266
    endloop
  endfacet
  facet normal 0 0 1
    outer loop
      vertex -74.58368682861328 -82.82047271728516 0.6000003814697266
      vertex -75.19999694824219 -81.66743469238281 0.6000003814697266
      vertex -74.82047271728516 -82.58368682861328 0.6000003814697266
    endloop
  endfacet
  facet normal 0 0 1
    outer loop
      vertex -74.82047271728516 -82.58368682861328 0.6000003814697266
      vertex -75.19999694824219 -81.66743469238281 0.6000003814697266
      vertex -75.00652313232422 -82.30525207519531 0.6000003814697266
    endloop
  endfacet
  facet normal 0 0 1
    outer loop
      vertex -75.00652313232422 -82.30525207519531 0.6000003814697266
      vertex -75.19999694824219 -81.66743469238281 0.6000003814697266
      vertex -75.1346664428711 -81.9958724975586 0.6000003814697266
    endloop
  endfacet
  facet normal 0 0 1
    outer loop
      vertex 50.23999786376953 74.84241485595703 0.6000003814697266
      vertex 68.94622802734375 66 0.6000003814697266
      vertex 50.23999786376953 75.15758514404297 0.6000003814697266
    endloop
  endfacet
  facet normal 0 0 1
    outer loop
      vertex 50.17851257324219 74.53329467773438 0.6000003814697266
      vertex 68.94622802734375 66 0.6000003814697266
      vertex 50.23999786376953 74.84241485595703 0.6000003814697266
    endloop
  endfacet
  facet normal 0 0 1
    outer loop
      vertex 50.057899475097656 74.24211120605469 0.6000003814697266
      vertex 68.94622802734375 66 0.6000003814697266
      vertex 50.17851257324219 74.53329467773438 0.6000003814697266
    endloop
  endfacet
  facet normal 0 0 1
    outer loop
      vertex 49.8828010559082 73.98005676269531 0.6000003814697266
      vertex 68.94622802734375 66 0.6000003814697266
      vertex 50.057899475097656 74.24211120605469 0.6000003814697266
    endloop
  endfacet
  facet normal 0 0 1
    outer loop
      vertex 49.65993881225586 73.7572021484375 0.6000003814697266
      vertex 68.94622802734375 66 0.6000003814697266
      vertex 49.8828010559082 73.98005676269531 0.6000003814697266
    endloop
  endfacet
  facet normal 0 0 1
    outer loop
      vertex 49.397884368896484 73.58209991455078 0.6000003814697266
      vertex 68.94622802734375 66 0.6000003814697266
      vertex 49.65993881225586 73.7572021484375 0.6000003814697266
    endloop
  endfacet
  facet normal 0 0 1
    outer loop
      vertex 49.1067008972168 73.46148681640625 0.6000003814697266
      vertex 68.94622802734375 66 0.6000003814697266
      vertex 49.397884368896484 73.58209991455078 0.6000003814697266
    endloop
  endfacet
  facet normal 0 0 1
    outer loop
      vertex 48.797584533691406 73.4000015258789 0.6000003814697266
      vertex 68.94622802734375 66 0.6000003814697266
      vertex 49.1067008972168 73.46148681640625 0.6000003814697266
    endloop
  endfacet
  facet normal 0 0 1
    outer loop
      vertex 48.48241424560547 73.4000015258789 0.6000003814697266
      vertex 68.94622802734375 66 0.6000003814697266
      vertex 48.797584533691406 73.4000015258789 0.6000003814697266
    endloop
  endfacet
  facet normal 0 0 1
    outer loop
      vertex 7.053771018981934 66 0.6000003814697266
      vertex 48.48241424560547 73.4000015258789 0.6000003814697266
      vertex 48.17329788208008 73.46148681640625 0.6000003814697266
    endloop
  endfacet
  facet normal 0 0 1
    outer loop
      vertex 48.48241424560547 73.4000015258789 0.6000003814697266
      vertex 7.053771018981934 66 0.6000003814697266
      vertex 68.94622802734375 66 0.6000003814697266
    endloop
  endfacet
  facet normal 0 0 1
    outer loop
      vertex 47.88211441040039 73.58209991455078 0.6000003814697266
      vertex 7.053771018981934 66 0.6000003814697266
      vertex 48.17329788208008 73.46148681640625 0.6000003814697266
    endloop
  endfacet
  facet normal 0 0 1
    outer loop
      vertex 47.620059967041016 73.7572021484375 0.6000003814697266
      vertex 7.053771018981934 66 0.6000003814697266
      vertex 47.88211441040039 73.58209991455078 0.6000003814697266
    endloop
  endfacet
  facet normal 0 0 1
    outer loop
      vertex 47.39719772338867 73.98005676269531 0.6000003814697266
      vertex 7.053771018981934 66 0.6000003814697266
      vertex 47.620059967041016 73.7572021484375 0.6000003814697266
    endloop
  endfacet
  facet normal 0 0 1
    outer loop
      vertex 47.22209930419922 74.24211120605469 0.6000003814697266
      vertex 7.053771018981934 66 0.6000003814697266
      vertex 47.39719772338867 73.98005676269531 0.6000003814697266
    endloop
  endfacet
  facet normal 0 0 1
    outer loop
      vertex 47.10148620605469 74.53329467773438 0.6000003814697266
      vertex 7.053771018981934 66 0.6000003814697266
      vertex 47.22209930419922 74.24211120605469 0.6000003814697266
    endloop
  endfacet
  facet normal 0 0 1
    outer loop
      vertex 7.053771018981934 66 0.6000003814697266
      vertex 47.10148620605469 74.53329467773438 0.6000003814697266
      vertex 47.040000915527344 74.84241485595703 0.6000003814697266
    endloop
  endfacet
  facet normal -0.5555769295725357 -0.8314651377699209 0
    outer loop
      vertex -47.88211441040039 -73.58209991455078 0
      vertex -47.620059967041016 -73.7572021484375 0.6000003814697266
      vertex -47.88211441040039 -73.58209991455078 0.6000003814697266
    endloop
  endfacet
  facet normal -0.5555769295725357 -0.8314651377699209 0
    outer loop
      vertex -47.620059967041016 -73.7572021484375 0.6000003814697266
      vertex -47.88211441040039 -73.58209991455078 0
      vertex -47.620059967041016 -73.7572021484375 0
    endloop
  endfacet
  facet normal -0.9807868199227205 -0.19508258216939073 0
    outer loop
      vertex -47.040000915527344 -74.84241485595703 0
      vertex -47.10148620605469 -74.53329467773438 0.6000003814697266
      vertex -47.10148620605469 -74.53329467773438 0
    endloop
  endfacet
  facet normal -0.9807868199227205 -0.19508258216939073 0
    outer loop
      vertex -47.10148620605469 -74.53329467773438 0.6000003814697266
      vertex -47.040000915527344 -74.84241485595703 0
      vertex -47.040000915527344 -74.84241485595703 0.6000003814697266
    endloop
  endfacet
  facet normal 0.3826860187804458 0.9238784611787269 0
    outer loop
      vertex -49.1067008972168 -76.53851318359375 0
      vertex -49.397884368896484 -76.41790008544922 0.6000003814697266
      vertex -49.1067008972168 -76.53851318359375 0.6000003814697266
    endloop
  endfacet
  facet normal 0.3826860187804458 0.9238784611787269 0
    outer loop
      vertex -49.397884368896484 -76.41790008544922 0.6000003814697266
      vertex -49.1067008972168 -76.53851318359375 0
      vertex -49.397884368896484 -76.41790008544922 0
    endloop
  endfacet
  facet normal 0.8314707289115353 -0.5555685618925175 0
    outer loop
      vertex -50.057899475097656 -74.24211120605469 0.6000003814697266
      vertex -49.8828010559082 -73.98005676269531 0
      vertex -49.8828010559082 -73.98005676269531 0.6000003814697266
    endloop
  endfacet
  facet normal 0.8314707289115353 -0.5555685618925175 0
    outer loop
      vertex -49.8828010559082 -73.98005676269531 0
      vertex -50.057899475097656 -74.24211120605469 0.6000003814697266
      vertex -50.057899475097656 -74.24211120605469 0
    endloop
  endfacet
  facet normal 0.5555769295725357 0.8314651377699209 0
    outer loop
      vertex -49.397884368896484 -76.41790008544922 0
      vertex -49.65993881225586 -76.2427978515625 0.6000003814697266
      vertex -49.397884368896484 -76.41790008544922 0.6000003814697266
    endloop
  endfacet
  facet normal 0.5555769295725357 0.8314651377699209 0
    outer loop
      vertex -49.65993881225586 -76.2427978515625 0.6000003814697266
      vertex -49.397884368896484 -76.41790008544922 0
      vertex -49.65993881225586 -76.2427978515625 0
    endloop
  endfacet
  facet normal -0.3826860187804458 -0.9238784611787269 0
    outer loop
      vertex -48.17329788208008 -73.46148681640625 0
      vertex -47.88211441040039 -73.58209991455078 0.6000003814697266
      vertex -48.17329788208008 -73.46148681640625 0.6000003814697266
    endloop
  endfacet
  facet normal -0.3826860187804458 -0.9238784611787269 0
    outer loop
      vertex -47.88211441040039 -73.58209991455078 0.6000003814697266
      vertex -48.17329788208008 -73.46148681640625 0
      vertex -47.88211441040039 -73.58209991455078 0
    endloop
  endfacet
  facet normal -0.9238784611787269 -0.3826860187804458 0
    outer loop
      vertex -47.10148620605469 -74.53329467773438 0
      vertex -47.22209930419922 -74.24211120605469 0.6000003814697266
      vertex -47.22209930419922 -74.24211120605469 0
    endloop
  endfacet
  facet normal -0.9238784611787269 -0.3826860187804458 0
    outer loop
      vertex -47.22209930419922 -74.24211120605469 0.6000003814697266
      vertex -47.10148620605469 -74.53329467773438 0
      vertex -47.10148620605469 -74.53329467773438 0.6000003814697266
    endloop
  endfacet
  facet normal 0.8314782004102019 0.5555573797931335 0
    outer loop
      vertex -49.8828010559082 -76.01994323730469 0.6000003814697266
      vertex -50.057899475097656 -75.75788116455078 0
      vertex -50.057899475097656 -75.75788116455078 0.6000003814697266
    endloop
  endfacet
  facet normal 0.8314782004102019 0.5555573797931335 0
    outer loop
      vertex -50.057899475097656 -75.75788116455078 0
      vertex -49.8828010559082 -76.01994323730469 0.6000003814697266
      vertex -49.8828010559082 -76.01994323730469 0
    endloop
  endfacet
  facet normal -0.8314782004102019 0.5555573797931335 0
    outer loop
      vertex -47.39719772338867 -76.01994323730469 0
      vertex -47.22209930419922 -75.75788116455078 0.6000003814697266
      vertex -47.22209930419922 -75.75788116455078 0
    endloop
  endfacet
  facet normal -0.8314782004102019 0.5555573797931335 0
    outer loop
      vertex -47.22209930419922 -75.75788116455078 0.6000003814697266
      vertex -47.39719772338867 -76.01994323730469 0
      vertex -47.39719772338867 -76.01994323730469 0.6000003814697266
    endloop
  endfacet
  facet normal 0.7070946774424675 -0.7071188847234481 0
    outer loop
      vertex -49.8828010559082 -73.98005676269531 0
      vertex -49.65993881225586 -73.7572021484375 0.6000003814697266
      vertex -49.8828010559082 -73.98005676269531 0.6000003814697266
    endloop
  endfacet
  facet normal 0.7070946774424675 -0.7071188847234481 0
    outer loop
      vertex -49.65993881225586 -73.7572021484375 0.6000003814697266
      vertex -49.8828010559082 -73.98005676269531 0
      vertex -49.65993881225586 -73.7572021484375 0
    endloop
  endfacet
  facet normal -0.7070946774424675 -0.7071188847234481 0
    outer loop
      vertex -47.620059967041016 -73.7572021484375 0
      vertex -47.39719772338867 -73.98005676269531 0.6000003814697266
      vertex -47.620059967041016 -73.7572021484375 0.6000003814697266
    endloop
  endfacet
  facet normal -0.7070946774424675 -0.7071188847234481 0
    outer loop
      vertex -47.39719772338867 -73.98005676269531 0.6000003814697266
      vertex -47.620059967041016 -73.7572021484375 0
      vertex -47.39719772338867 -73.98005676269531 0
    endloop
  endfacet
  facet normal 0.5555769295725357 -0.8314651377699209 0
    outer loop
      vertex -49.65993881225586 -73.7572021484375 0
      vertex -49.397884368896484 -73.58209991455078 0.6000003814697266
      vertex -49.65993881225586 -73.7572021484375 0.6000003814697266
    endloop
  endfacet
  facet normal 0.5555769295725357 -0.8314651377699209 0
    outer loop
      vertex -49.397884368896484 -73.58209991455078 0.6000003814697266
      vertex -49.65993881225586 -73.7572021484375 0
      vertex -49.397884368896484 -73.58209991455078 0
    endloop
  endfacet
  facet normal 0.19508489799319606 -0.9807863592928809 0
    outer loop
      vertex -49.1067008972168 -73.46148681640625 0
      vertex -48.797584533691406 -73.4000015258789 0.6000003814697266
      vertex -49.1067008972168 -73.46148681640625 0.6000003814697266
    endloop
  endfacet
  facet normal 0.19508489799319606 -0.9807863592928809 0
    outer loop
      vertex -48.797584533691406 -73.4000015258789 0.6000003814697266
      vertex -49.1067008972168 -73.46148681640625 0
      vertex -48.797584533691406 -73.4000015258789 0
    endloop
  endfacet
  facet normal 0.3826860187804458 -0.9238784611787269 0
    outer loop
      vertex -49.397884368896484 -73.58209991455078 0
      vertex -49.1067008972168 -73.46148681640625 0.6000003814697266
      vertex -49.397884368896484 -73.58209991455078 0.6000003814697266
    endloop
  endfacet
  facet normal 0.3826860187804458 -0.9238784611787269 0
    outer loop
      vertex -49.1067008972168 -73.46148681640625 0.6000003814697266
      vertex -49.397884368896484 -73.58209991455078 0
      vertex -49.1067008972168 -73.46148681640625 0
    endloop
  endfacet
  facet normal 1 0 0
    outer loop
      vertex -50.23999786376953 -75.15758514404297 0.6000003814697266
      vertex -50.23999786376953 -74.84241485595703 0
      vertex -50.23999786376953 -74.84241485595703 0.6000003814697266
    endloop
  endfacet
  facet normal 1 0 0
    outer loop
      vertex -50.23999786376953 -74.84241485595703 0
      vertex -50.23999786376953 -75.15758514404297 0.6000003814697266
      vertex -50.23999786376953 -75.15758514404297 0
    endloop
  endfacet
  facet normal 0 -1 0
    outer loop
      vertex -48.797584533691406 -73.4000015258789 0
      vertex -48.48241424560547 -73.4000015258789 0.6000003814697266
      vertex -48.797584533691406 -73.4000015258789 0.6000003814697266
    endloop
  endfacet
  facet normal 0 -1 0
    outer loop
      vertex -48.48241424560547 -73.4000015258789 0.6000003814697266
      vertex -48.797584533691406 -73.4000015258789 0
      vertex -48.48241424560547 -73.4000015258789 0
    endloop
  endfacet
  facet normal 0.9807868199227205 0.19508258216939073 0
    outer loop
      vertex -50.17851257324219 -75.46670532226562 0.6000003814697266
      vertex -50.23999786376953 -75.15758514404297 0
      vertex -50.23999786376953 -75.15758514404297 0.6000003814697266
    endloop
  endfacet
  facet normal 0.9807868199227205 0.19508258216939073 0
    outer loop
      vertex -50.23999786376953 -75.15758514404297 0
      vertex -50.17851257324219 -75.46670532226562 0.6000003814697266
      vertex -50.17851257324219 -75.46670532226562 0
    endloop
  endfacet
  facet normal 0.9238749160014491 0.382694577415614 0
    outer loop
      vertex -50.057899475097656 -75.75788116455078 0.6000003814697266
      vertex -50.17851257324219 -75.46670532226562 0
      vertex -50.17851257324219 -75.46670532226562 0.6000003814697266
    endloop
  endfacet
  facet normal 0.9238749160014491 0.382694577415614 0
    outer loop
      vertex -50.17851257324219 -75.46670532226562 0
      vertex -50.057899475097656 -75.75788116455078 0.6000003814697266
      vertex -50.057899475097656 -75.75788116455078 0
    endloop
  endfacet
  facet normal -0.19508489799319606 0.9807863592928809 0
    outer loop
      vertex -48.17329788208008 -76.53851318359375 0
      vertex -48.48241424560547 -76.5999984741211 0.6000003814697266
      vertex -48.17329788208008 -76.53851318359375 0.6000003814697266
    endloop
  endfacet
  facet normal -0.19508489799319606 0.9807863592928809 0
    outer loop
      vertex -48.48241424560547 -76.5999984741211 0.6000003814697266
      vertex -48.17329788208008 -76.53851318359375 0
      vertex -48.48241424560547 -76.5999984741211 0
    endloop
  endfacet
  facet normal -0.8314707289115353 -0.5555685618925175 0
    outer loop
      vertex -47.22209930419922 -74.24211120605469 0
      vertex -47.39719772338867 -73.98005676269531 0.6000003814697266
      vertex -47.39719772338867 -73.98005676269531 0
    endloop
  endfacet
  facet normal -0.8314707289115353 -0.5555685618925175 0
    outer loop
      vertex -47.39719772338867 -73.98005676269531 0.6000003814697266
      vertex -47.22209930419922 -74.24211120605469 0
      vertex -47.22209930419922 -74.24211120605469 0.6000003814697266
    endloop
  endfacet
  facet normal -0.5555769295725357 0.8314651377699209 0
    outer loop
      vertex -47.620059967041016 -76.2427978515625 0
      vertex -47.88211441040039 -76.41790008544922 0.6000003814697266
      vertex -47.620059967041016 -76.2427978515625 0.6000003814697266
    endloop
  endfacet
  facet normal -0.5555769295725357 0.8314651377699209 0
    outer loop
      vertex -47.88211441040039 -76.41790008544922 0.6000003814697266
      vertex -47.620059967041016 -76.2427978515625 0
      vertex -47.88211441040039 -76.41790008544922 0
    endloop
  endfacet
  facet normal -0.7070946774424675 0.7071188847234481 0
    outer loop
      vertex -47.39719772338867 -76.01994323730469 0
      vertex -47.620059967041016 -76.2427978515625 0.6000003814697266
      vertex -47.39719772338867 -76.01994323730469 0.6000003814697266
    endloop
  endfacet
  facet normal -0.7070946774424675 0.7071188847234481 0
    outer loop
      vertex -47.620059967041016 -76.2427978515625 0.6000003814697266
      vertex -47.39719772338867 -76.01994323730469 0
      vertex -47.620059967041016 -76.2427978515625 0
    endloop
  endfacet
  facet normal -0.9238749160014491 0.382694577415614 0
    outer loop
      vertex -47.22209930419922 -75.75788116455078 0
      vertex -47.10148620605469 -75.46670532226562 0.6000003814697266
      vertex -47.10148620605469 -75.46670532226562 0
    endloop
  endfacet
  facet normal -0.9238749160014491 0.382694577415614 0
    outer loop
      vertex -47.10148620605469 -75.46670532226562 0.6000003814697266
      vertex -47.22209930419922 -75.75788116455078 0
      vertex -47.22209930419922 -75.75788116455078 0.6000003814697266
    endloop
  endfacet
  facet normal 0.7070946774424675 0.7071188847234481 0
    outer loop
      vertex -49.65993881225586 -76.2427978515625 0
      vertex -49.8828010559082 -76.01994323730469 0.6000003814697266
      vertex -49.65993881225586 -76.2427978515625 0.6000003814697266
    endloop
  endfacet
  facet normal 0.7070946774424675 0.7071188847234481 0
    outer loop
      vertex -49.8828010559082 -76.01994323730469 0.6000003814697266
      vertex -49.65993881225586 -76.2427978515625 0
      vertex -49.8828010559082 -76.01994323730469 0
    endloop
  endfacet
  facet normal -0.19508489799319606 -0.9807863592928809 0
    outer loop
      vertex -48.48241424560547 -73.4000015258789 0
      vertex -48.17329788208008 -73.46148681640625 0.6000003814697266
      vertex -48.48241424560547 -73.4000015258789 0.6000003814697266
    endloop
  endfacet
  facet normal -0.19508489799319606 -0.9807863592928809 0
    outer loop
      vertex -48.17329788208008 -73.46148681640625 0.6000003814697266
      vertex -48.48241424560547 -73.4000015258789 0
      vertex -48.17329788208008 -73.46148681640625 0
    endloop
  endfacet
  facet normal -0.3826860187804458 0.9238784611787269 0
    outer loop
      vertex -47.88211441040039 -76.41790008544922 0
      vertex -48.17329788208008 -76.53851318359375 0.6000003814697266
      vertex -47.88211441040039 -76.41790008544922 0.6000003814697266
    endloop
  endfacet
  facet normal -0.3826860187804458 0.9238784611787269 0
    outer loop
      vertex -48.17329788208008 -76.53851318359375 0.6000003814697266
      vertex -47.88211441040039 -76.41790008544922 0
      vertex -48.17329788208008 -76.53851318359375 0
    endloop
  endfacet
  facet normal 0.19508489799319606 0.9807863592928809 0
    outer loop
      vertex -48.797584533691406 -76.5999984741211 0
      vertex -49.1067008972168 -76.53851318359375 0.6000003814697266
      vertex -48.797584533691406 -76.5999984741211 0.6000003814697266
    endloop
  endfacet
  facet normal 0.19508489799319606 0.9807863592928809 0
    outer loop
      vertex -49.1067008972168 -76.53851318359375 0.6000003814697266
      vertex -48.797584533691406 -76.5999984741211 0
      vertex -49.1067008972168 -76.53851318359375 0
    endloop
  endfacet
  facet normal 0.9238784611787269 -0.3826860187804458 0
    outer loop
      vertex -50.17851257324219 -74.53329467773438 0.6000003814697266
      vertex -50.057899475097656 -74.24211120605469 0
      vertex -50.057899475097656 -74.24211120605469 0.6000003814697266
    endloop
  endfacet
  facet normal 0.9238784611787269 -0.3826860187804458 0
    outer loop
      vertex -50.057899475097656 -74.24211120605469 0
      vertex -50.17851257324219 -74.53329467773438 0.6000003814697266
      vertex -50.17851257324219 -74.53329467773438 0
    endloop
  endfacet
  facet normal -1 0 0
    outer loop
      vertex -47.040000915527344 -75.15758514404297 0
      vertex -47.040000915527344 -74.84241485595703 0.6000003814697266
      vertex -47.040000915527344 -74.84241485595703 0
    endloop
  endfacet
  facet normal -1 0 0
    outer loop
      vertex -47.040000915527344 -74.84241485595703 0.6000003814697266
      vertex -47.040000915527344 -75.15758514404297 0
      vertex -47.040000915527344 -75.15758514404297 0.6000003814697266
    endloop
  endfacet
  facet normal -0.9807868199227205 0.19508258216939073 0
    outer loop
      vertex -47.10148620605469 -75.46670532226562 0
      vertex -47.040000915527344 -75.15758514404297 0.6000003814697266
      vertex -47.040000915527344 -75.15758514404297 0
    endloop
  endfacet
  facet normal -0.9807868199227205 0.19508258216939073 0
    outer loop
      vertex -47.040000915527344 -75.15758514404297 0.6000003814697266
      vertex -47.10148620605469 -75.46670532226562 0
      vertex -47.10148620605469 -75.46670532226562 0.6000003814697266
    endloop
  endfacet
  facet normal 0.9807868199227205 -0.19508258216939073 0
    outer loop
      vertex -50.23999786376953 -74.84241485595703 0.6000003814697266
      vertex -50.17851257324219 -74.53329467773438 0
      vertex -50.17851257324219 -74.53329467773438 0.6000003814697266
    endloop
  endfacet
  facet normal 0.9807868199227205 -0.19508258216939073 0
    outer loop
      vertex -50.17851257324219 -74.53329467773438 0
      vertex -50.23999786376953 -74.84241485595703 0.6000003814697266
      vertex -50.23999786376953 -74.84241485595703 0
    endloop
  endfacet
  facet normal 0 1 0
    outer loop
      vertex -48.48241424560547 -76.5999984741211 0
      vertex -48.797584533691406 -76.5999984741211 0.6000003814697266
      vertex -48.48241424560547 -76.5999984741211 0.6000003814697266
    endloop
  endfacet
  facet normal 0 1 0
    outer loop
      vertex -48.797584533691406 -76.5999984741211 0.6000003814697266
      vertex -48.48241424560547 -76.5999984741211 0
      vertex -48.797584533691406 -76.5999984741211 0
    endloop
  endfacet
  facet normal -0.5555769295725357 -0.8314651377699209 0
    outer loop
      vertex -47.88211441040039 76.41790008544922 0
      vertex -47.620059967041016 76.2427978515625 0.6000003814697266
      vertex -47.88211441040039 76.41790008544922 0.6000003814697266
    endloop
  endfacet
  facet normal -0.5555769295725357 -0.8314651377699209 0
    outer loop
      vertex -47.620059967041016 76.2427978515625 0.6000003814697266
      vertex -47.88211441040039 76.41790008544922 0
      vertex -47.620059967041016 76.2427978515625 0
    endloop
  endfacet
  facet normal -0.9807868199227205 -0.19508258216939073 0
    outer loop
      vertex -47.040000915527344 75.15758514404297 0
      vertex -47.10148620605469 75.46670532226562 0.6000003814697266
      vertex -47.10148620605469 75.46670532226562 0
    endloop
  endfacet
  facet normal -0.9807868199227205 -0.19508258216939073 0
    outer loop
      vertex -47.10148620605469 75.46670532226562 0.6000003814697266
      vertex -47.040000915527344 75.15758514404297 0
      vertex -47.040000915527344 75.15758514404297 0.6000003814697266
    endloop
  endfacet
  facet normal 0.3826860187804458 0.9238784611787269 0
    outer loop
      vertex -49.1067008972168 73.46148681640625 0
      vertex -49.397884368896484 73.58209991455078 0.6000003814697266
      vertex -49.1067008972168 73.46148681640625 0.6000003814697266
    endloop
  endfacet
  facet normal 0.3826860187804458 0.9238784611787269 0
    outer loop
      vertex -49.397884368896484 73.58209991455078 0.6000003814697266
      vertex -49.1067008972168 73.46148681640625 0
      vertex -49.397884368896484 73.58209991455078 0
    endloop
  endfacet
  facet normal 0.8314782004102019 -0.5555573797931335 0
    outer loop
      vertex -50.057899475097656 75.75788116455078 0.6000003814697266
      vertex -49.8828010559082 76.01994323730469 0
      vertex -49.8828010559082 76.01994323730469 0.6000003814697266
    endloop
  endfacet
  facet normal 0.8314782004102019 -0.5555573797931335 0
    outer loop
      vertex -49.8828010559082 76.01994323730469 0
      vertex -50.057899475097656 75.75788116455078 0.6000003814697266
      vertex -50.057899475097656 75.75788116455078 0
    endloop
  endfacet
  facet normal 0.5555769295725357 0.8314651377699209 0
    outer loop
      vertex -49.397884368896484 73.58209991455078 0
      vertex -49.65993881225586 73.7572021484375 0.6000003814697266
      vertex -49.397884368896484 73.58209991455078 0.6000003814697266
    endloop
  endfacet
  facet normal 0.5555769295725357 0.8314651377699209 0
    outer loop
      vertex -49.65993881225586 73.7572021484375 0.6000003814697266
      vertex -49.397884368896484 73.58209991455078 0
      vertex -49.65993881225586 73.7572021484375 0
    endloop
  endfacet
  facet normal -0.3826860187804458 -0.9238784611787269 0
    outer loop
      vertex -48.17329788208008 76.53851318359375 0
      vertex -47.88211441040039 76.41790008544922 0.6000003814697266
      vertex -48.17329788208008 76.53851318359375 0.6000003814697266
    endloop
  endfacet
  facet normal -0.3826860187804458 -0.9238784611787269 0
    outer loop
      vertex -47.88211441040039 76.41790008544922 0.6000003814697266
      vertex -48.17329788208008 76.53851318359375 0
      vertex -47.88211441040039 76.41790008544922 0
    endloop
  endfacet
  facet normal -0.9238749160014491 -0.382694577415614 0
    outer loop
      vertex -47.10148620605469 75.46670532226562 0
      vertex -47.22209930419922 75.75788116455078 0.6000003814697266
      vertex -47.22209930419922 75.75788116455078 0
    endloop
  endfacet
  facet normal -0.9238749160014491 -0.382694577415614 0
    outer loop
      vertex -47.22209930419922 75.75788116455078 0.6000003814697266
      vertex -47.10148620605469 75.46670532226562 0
      vertex -47.10148620605469 75.46670532226562 0.6000003814697266
    endloop
  endfacet
  facet normal 0.8314707289115353 0.5555685618925175 0
    outer loop
      vertex -49.8828010559082 73.98005676269531 0.6000003814697266
      vertex -50.057899475097656 74.24211120605469 0
      vertex -50.057899475097656 74.24211120605469 0.6000003814697266
    endloop
  endfacet
  facet normal 0.8314707289115353 0.5555685618925175 0
    outer loop
      vertex -50.057899475097656 74.24211120605469 0
      vertex -49.8828010559082 73.98005676269531 0.6000003814697266
      vertex -49.8828010559082 73.98005676269531 0
    endloop
  endfacet
  facet normal -0.8314707289115353 0.5555685618925175 0
    outer loop
      vertex -47.39719772338867 73.98005676269531 0
      vertex -47.22209930419922 74.24211120605469 0.6000003814697266
      vertex -47.22209930419922 74.24211120605469 0
    endloop
  endfacet
  facet normal -0.8314707289115353 0.5555685618925175 0
    outer loop
      vertex -47.22209930419922 74.24211120605469 0.6000003814697266
      vertex -47.39719772338867 73.98005676269531 0
      vertex -47.39719772338867 73.98005676269531 0.6000003814697266
    endloop
  endfacet
  facet normal 0.7070946774424675 -0.7071188847234481 0
    outer loop
      vertex -49.8828010559082 76.01994323730469 0
      vertex -49.65993881225586 76.2427978515625 0.6000003814697266
      vertex -49.8828010559082 76.01994323730469 0.6000003814697266
    endloop
  endfacet
  facet normal 0.7070946774424675 -0.7071188847234481 0
    outer loop
      vertex -49.65993881225586 76.2427978515625 0.6000003814697266
      vertex -49.8828010559082 76.01994323730469 0
      vertex -49.65993881225586 76.2427978515625 0
    endloop
  endfacet
  facet normal -0.7070946774424675 -0.7071188847234481 0
    outer loop
      vertex -47.620059967041016 76.2427978515625 0
      vertex -47.39719772338867 76.01994323730469 0.6000003814697266
      vertex -47.620059967041016 76.2427978515625 0.6000003814697266
    endloop
  endfacet
  facet normal -0.7070946774424675 -0.7071188847234481 0
    outer loop
      vertex -47.39719772338867 76.01994323730469 0.6000003814697266
      vertex -47.620059967041016 76.2427978515625 0
      vertex -47.39719772338867 76.01994323730469 0
    endloop
  endfacet
  facet normal 0.5555769295725357 -0.8314651377699209 0
    outer loop
      vertex -49.65993881225586 76.2427978515625 0
      vertex -49.397884368896484 76.41790008544922 0.6000003814697266
      vertex -49.65993881225586 76.2427978515625 0.6000003814697266
    endloop
  endfacet
  facet normal 0.5555769295725357 -0.8314651377699209 0
    outer loop
      vertex -49.397884368896484 76.41790008544922 0.6000003814697266
      vertex -49.65993881225586 76.2427978515625 0
      vertex -49.397884368896484 76.41790008544922 0
    endloop
  endfacet
  facet normal 0.19508489799319606 -0.9807863592928809 0
    outer loop
      vertex -49.1067008972168 76.53851318359375 0
      vertex -48.797584533691406 76.5999984741211 0.6000003814697266
      vertex -49.1067008972168 76.53851318359375 0.6000003814697266
    endloop
  endfacet
  facet normal 0.19508489799319606 -0.9807863592928809 0
    outer loop
      vertex -48.797584533691406 76.5999984741211 0.6000003814697266
      vertex -49.1067008972168 76.53851318359375 0
      vertex -48.797584533691406 76.5999984741211 0
    endloop
  endfacet
  facet normal 0.3826860187804458 -0.9238784611787269 0
    outer loop
      vertex -49.397884368896484 76.41790008544922 0
      vertex -49.1067008972168 76.53851318359375 0.6000003814697266
      vertex -49.397884368896484 76.41790008544922 0.6000003814697266
    endloop
  endfacet
  facet normal 0.3826860187804458 -0.9238784611787269 0
    outer loop
      vertex -49.1067008972168 76.53851318359375 0.6000003814697266
      vertex -49.397884368896484 76.41790008544922 0
      vertex -49.1067008972168 76.53851318359375 0
    endloop
  endfacet
  facet normal 1 0 0
    outer loop
      vertex -50.23999786376953 74.84241485595703 0.6000003814697266
      vertex -50.23999786376953 75.15758514404297 0
      vertex -50.23999786376953 75.15758514404297 0.6000003814697266
    endloop
  endfacet
  facet normal 1 0 0
    outer loop
      vertex -50.23999786376953 75.15758514404297 0
      vertex -50.23999786376953 74.84241485595703 0.6000003814697266
      vertex -50.23999786376953 74.84241485595703 0
    endloop
  endfacet
  facet normal 0 -1 0
    outer loop
      vertex -48.797584533691406 76.5999984741211 0
      vertex -48.48241424560547 76.5999984741211 0.6000003814697266
      vertex -48.797584533691406 76.5999984741211 0.6000003814697266
    endloop
  endfacet
  facet normal 0 -1 0
    outer loop
      vertex -48.48241424560547 76.5999984741211 0.6000003814697266
      vertex -48.797584533691406 76.5999984741211 0
      vertex -48.48241424560547 76.5999984741211 0
    endloop
  endfacet
  facet normal 0.9807868199227205 0.19508258216939073 0
    outer loop
      vertex -50.17851257324219 74.53329467773438 0.6000003814697266
      vertex -50.23999786376953 74.84241485595703 0
      vertex -50.23999786376953 74.84241485595703 0.6000003814697266
    endloop
  endfacet
  facet normal 0.9807868199227205 0.19508258216939073 0
    outer loop
      vertex -50.23999786376953 74.84241485595703 0
      vertex -50.17851257324219 74.53329467773438 0.6000003814697266
      vertex -50.17851257324219 74.53329467773438 0
    endloop
  endfacet
  facet normal 0.9238784611787269 0.3826860187804458 0
    outer loop
      vertex -50.057899475097656 74.24211120605469 0.6000003814697266
      vertex -50.17851257324219 74.53329467773438 0
      vertex -50.17851257324219 74.53329467773438 0.6000003814697266
    endloop
  endfacet
  facet normal 0.9238784611787269 0.3826860187804458 0
    outer loop
      vertex -50.17851257324219 74.53329467773438 0
      vertex -50.057899475097656 74.24211120605469 0.6000003814697266
      vertex -50.057899475097656 74.24211120605469 0
    endloop
  endfacet
  facet normal -0.19508489799319606 0.9807863592928809 0
    outer loop
      vertex -48.17329788208008 73.46148681640625 0
      vertex -48.48241424560547 73.4000015258789 0.6000003814697266
      vertex -48.17329788208008 73.46148681640625 0.6000003814697266
    endloop
  endfacet
  facet normal -0.19508489799319606 0.9807863592928809 0
    outer loop
      vertex -48.48241424560547 73.4000015258789 0.6000003814697266
      vertex -48.17329788208008 73.46148681640625 0
      vertex -48.48241424560547 73.4000015258789 0
    endloop
  endfacet
  facet normal -0.8314782004102019 -0.5555573797931335 0
    outer loop
      vertex -47.22209930419922 75.75788116455078 0
      vertex -47.39719772338867 76.01994323730469 0.6000003814697266
      vertex -47.39719772338867 76.01994323730469 0
    endloop
  endfacet
  facet normal -0.8314782004102019 -0.5555573797931335 0
    outer loop
      vertex -47.39719772338867 76.01994323730469 0.6000003814697266
      vertex -47.22209930419922 75.75788116455078 0
      vertex -47.22209930419922 75.75788116455078 0.6000003814697266
    endloop
  endfacet
  facet normal -0.5555769295725357 0.8314651377699209 0
    outer loop
      vertex -47.620059967041016 73.7572021484375 0
      vertex -47.88211441040039 73.58209991455078 0.6000003814697266
      vertex -47.620059967041016 73.7572021484375 0.6000003814697266
    endloop
  endfacet
  facet normal -0.5555769295725357 0.8314651377699209 0
    outer loop
      vertex -47.88211441040039 73.58209991455078 0.6000003814697266
      vertex -47.620059967041016 73.7572021484375 0
      vertex -47.88211441040039 73.58209991455078 0
    endloop
  endfacet
  facet normal -0.7070946774424675 0.7071188847234481 0
    outer loop
      vertex -47.39719772338867 73.98005676269531 0
      vertex -47.620059967041016 73.7572021484375 0.6000003814697266
      vertex -47.39719772338867 73.98005676269531 0.6000003814697266
    endloop
  endfacet
  facet normal -0.7070946774424675 0.7071188847234481 0
    outer loop
      vertex -47.620059967041016 73.7572021484375 0.6000003814697266
      vertex -47.39719772338867 73.98005676269531 0
      vertex -47.620059967041016 73.7572021484375 0
    endloop
  endfacet
  facet normal -0.9238784611787269 0.3826860187804458 0
    outer loop
      vertex -47.22209930419922 74.24211120605469 0
      vertex -47.10148620605469 74.53329467773438 0.6000003814697266
      vertex -47.10148620605469 74.53329467773438 0
    endloop
  endfacet
  facet normal -0.9238784611787269 0.3826860187804458 0
    outer loop
      vertex -47.10148620605469 74.53329467773438 0.6000003814697266
      vertex -47.22209930419922 74.24211120605469 0
      vertex -47.22209930419922 74.24211120605469 0.6000003814697266
    endloop
  endfacet
  facet normal 0.7070946774424675 0.7071188847234481 0
    outer loop
      vertex -49.65993881225586 73.7572021484375 0
      vertex -49.8828010559082 73.98005676269531 0.6000003814697266
      vertex -49.65993881225586 73.7572021484375 0.6000003814697266
    endloop
  endfacet
  facet normal 0.7070946774424675 0.7071188847234481 0
    outer loop
      vertex -49.8828010559082 73.98005676269531 0.6000003814697266
      vertex -49.65993881225586 73.7572021484375 0
      vertex -49.8828010559082 73.98005676269531 0
    endloop
  endfacet
  facet normal -0.19508489799319606 -0.9807863592928809 0
    outer loop
      vertex -48.48241424560547 76.5999984741211 0
      vertex -48.17329788208008 76.53851318359375 0.6000003814697266
      vertex -48.48241424560547 76.5999984741211 0.6000003814697266
    endloop
  endfacet
  facet normal -0.19508489799319606 -0.9807863592928809 0
    outer loop
      vertex -48.17329788208008 76.53851318359375 0.6000003814697266
      vertex -48.48241424560547 76.5999984741211 0
      vertex -48.17329788208008 76.53851318359375 0
    endloop
  endfacet
  facet normal -0.3826860187804458 0.9238784611787269 0
    outer loop
      vertex -47.88211441040039 73.58209991455078 0
      vertex -48.17329788208008 73.46148681640625 0.6000003814697266
      vertex -47.88211441040039 73.58209991455078 0.6000003814697266
    endloop
  endfacet
  facet normal -0.3826860187804458 0.9238784611787269 0
    outer loop
      vertex -48.17329788208008 73.46148681640625 0.6000003814697266
      vertex -47.88211441040039 73.58209991455078 0
      vertex -48.17329788208008 73.46148681640625 0
    endloop
  endfacet
  facet normal 0.9238749160014491 -0.382694577415614 0
    outer loop
      vertex -50.17851257324219 75.46670532226562 0.6000003814697266
      vertex -50.057899475097656 75.75788116455078 0
      vertex -50.057899475097656 75.75788116455078 0.6000003814697266
    endloop
  endfacet
  facet normal 0.9238749160014491 -0.382694577415614 0
    outer loop
      vertex -50.057899475097656 75.75788116455078 0
      vertex -50.17851257324219 75.46670532226562 0.6000003814697266
      vertex -50.17851257324219 75.46670532226562 0
    endloop
  endfacet
  facet normal -1 0 0
    outer loop
      vertex -47.040000915527344 74.84241485595703 0
      vertex -47.040000915527344 75.15758514404297 0.6000003814697266
      vertex -47.040000915527344 75.15758514404297 0
    endloop
  endfacet
  facet normal -1 0 0
    outer loop
      vertex -47.040000915527344 75.15758514404297 0.6000003814697266
      vertex -47.040000915527344 74.84241485595703 0
      vertex -47.040000915527344 74.84241485595703 0.6000003814697266
    endloop
  endfacet
  facet normal -0.9807868199227205 0.19508258216939073 0
    outer loop
      vertex -47.10148620605469 74.53329467773438 0
      vertex -47.040000915527344 74.84241485595703 0.6000003814697266
      vertex -47.040000915527344 74.84241485595703 0
    endloop
  endfacet
  facet normal -0.9807868199227205 0.19508258216939073 0
    outer loop
      vertex -47.040000915527344 74.84241485595703 0.6000003814697266
      vertex -47.10148620605469 74.53329467773438 0
      vertex -47.10148620605469 74.53329467773438 0.6000003814697266
    endloop
  endfacet
  facet normal 0.9807868199227205 -0.19508258216939073 0
    outer loop
      vertex -50.23999786376953 75.15758514404297 0.6000003814697266
      vertex -50.17851257324219 75.46670532226562 0
      vertex -50.17851257324219 75.46670532226562 0.6000003814697266
    endloop
  endfacet
  facet normal 0.9807868199227205 -0.19508258216939073 0
    outer loop
      vertex -50.17851257324219 75.46670532226562 0
      vertex -50.23999786376953 75.15758514404297 0.6000003814697266
      vertex -50.23999786376953 75.15758514404297 0
    endloop
  endfacet
  facet normal 0.19508489799319606 0.9807863592928809 0
    outer loop
      vertex -48.797584533691406 73.4000015258789 0
      vertex -49.1067008972168 73.46148681640625 0.6000003814697266
      vertex -48.797584533691406 73.4000015258789 0.6000003814697266
    endloop
  endfacet
  facet normal 0.19508489799319606 0.9807863592928809 0
    outer loop
      vertex -49.1067008972168 73.46148681640625 0.6000003814697266
      vertex -48.797584533691406 73.4000015258789 0
      vertex -49.1067008972168 73.46148681640625 0
    endloop
  endfacet
  facet normal 0 1 0
    outer loop
      vertex -48.48241424560547 73.4000015258789 0
      vertex -48.797584533691406 73.4000015258789 0.6000003814697266
      vertex -48.48241424560547 73.4000015258789 0.6000003814697266
    endloop
  endfacet
  facet normal 0 1 0
    outer loop
      vertex -48.797584533691406 73.4000015258789 0.6000003814697266
      vertex -48.48241424560547 73.4000015258789 0
      vertex -48.797584533691406 73.4000015258789 0
    endloop
  endfacet
  facet normal -0.9807856620083821 -0.19508840354767268 0
    outer loop
      vertex 1.5999994277954102 -74.84241485595703 0
      vertex 1.5385122299194336 -74.53329467773438 0.6000003814697266
      vertex 1.5385122299194336 -74.53329467773438 0
    endloop
  endfacet
  facet normal -0.9807856620083821 -0.19508840354767268 0
    outer loop
      vertex 1.5385122299194336 -74.53329467773438 0.6000003814697266
      vertex 1.5999994277954102 -74.84241485595703 0
      vertex 1.5999994277954102 -74.84241485595703 0.6000003814697266
    endloop
  endfacet
  facet normal -0.8314754049279351 0.5555615636452242 0
    outer loop
      vertex 1.2428007125854492 -76.01994323730469 0
      vertex 1.4179010391235352 -75.75788116455078 0.6000003814697266
      vertex 1.4179010391235352 -75.75788116455078 0
    endloop
  endfacet
  facet normal -0.8314754049279351 0.5555615636452242 0
    outer loop
      vertex 1.4179010391235352 -75.75788116455078 0.6000003814697266
      vertex 1.2428007125854492 -76.01994323730469 0
      vertex 1.2428007125854492 -76.01994323730469 0.6000003814697266
    endloop
  endfacet
  facet normal -0.5555741340104012 -0.8314670057305897 0
    outer loop
      vertex 0.7578840255737305 -73.58209991455078 0
      vertex 1.0199403762817383 -73.7572021484375 0.6000003814697266
      vertex 0.7578840255737305 -73.58209991455078 0.6000003814697266
    endloop
  endfacet
  facet normal -0.5555741340104012 -0.8314670057305897 0
    outer loop
      vertex 1.0199403762817383 -73.7572021484375 0.6000003814697266
      vertex 0.7578840255737305 -73.58209991455078 0
      vertex 1.0199403762817383 -73.7572021484375 0
    endloop
  endfacet
  facet normal 0.3826881584064278 0.9238775749067063 0
    outer loop
      vertex -0.4667024612426758 -76.53851318359375 0
      vertex -0.7578840255737305 -76.41790008544922 0.6000003814697266
      vertex -0.4667024612426758 -76.53851318359375 0.6000003814697266
    endloop
  endfacet
  facet normal 0.3826881584064278 0.9238775749067063 0
    outer loop
      vertex -0.7578840255737305 -76.41790008544922 0.6000003814697266
      vertex -0.4667024612426758 -76.53851318359375 0
      vertex -0.7578840255737305 -76.41790008544922 0
    endloop
  endfacet
  facet normal -0.9238806007842872 -0.3826808533157418 0
    outer loop
      vertex 1.5385122299194336 -74.53329467773438 0
      vertex 1.4179010391235352 -74.24211120605469 0.6000003814697266
      vertex 1.4179010391235352 -74.24211120605469 0
    endloop
  endfacet
  facet normal -0.9238806007842872 -0.3826808533157418 0
    outer loop
      vertex 1.4179010391235352 -74.24211120605469 0.6000003814697266
      vertex 1.5385122299194336 -74.53329467773438 0
      vertex 1.5385122299194336 -74.53329467773438 0.6000003814697266
    endloop
  endfacet
  facet normal 0.9238770556945034 0.382689411875029 0
    outer loop
      vertex -1.4179010391235352 -75.75788116455078 0.6000003814697266
      vertex -1.5385122299194336 -75.46670532226562 0
      vertex -1.5385122299194336 -75.46670532226562 0.6000003814697266
    endloop
  endfacet
  facet normal 0.9238770556945034 0.382689411875029 0
    outer loop
      vertex -1.5385122299194336 -75.46670532226562 0
      vertex -1.4179010391235352 -75.75788116455078 0.6000003814697266
      vertex -1.4179010391235352 -75.75788116455078 0
    endloop
  endfacet
  facet normal 0.3826881584064278 -0.9238775749067063 0
    outer loop
      vertex -0.7578840255737305 -73.58209991455078 0
      vertex -0.4667024612426758 -73.46148681640625 0.6000003814697266
      vertex -0.7578840255737305 -73.58209991455078 0.6000003814697266
    endloop
  endfacet
  facet normal 0.3826881584064278 -0.9238775749067063 0
    outer loop
      vertex -0.4667024612426758 -73.46148681640625 0.6000003814697266
      vertex -0.7578840255737305 -73.58209991455078 0
      vertex -0.4667024612426758 -73.46148681640625 0
    endloop
  endfacet
  facet normal 0.9807856620083821 0.19508840354767268 0
    outer loop
      vertex -1.5385122299194336 -75.46670532226562 0.6000003814697266
      vertex -1.5999994277954102 -75.15758514404297 0
      vertex -1.5999994277954102 -75.15758514404297 0.6000003814697266
    endloop
  endfacet
  facet normal 0.9807856620083821 0.19508840354767268 0
    outer loop
      vertex -1.5999994277954102 -75.15758514404297 0
      vertex -1.5385122299194336 -75.46670532226562 0.6000003814697266
      vertex -1.5385122299194336 -75.46670532226562 0
    endloop
  endfacet
  facet normal -0.8314679333418552 -0.555572745753627 0
    outer loop
      vertex 1.4179010391235352 -74.24211120605469 0
      vertex 1.2428007125854492 -73.98005676269531 0.6000003814697266
      vertex 1.2428007125854492 -73.98005676269531 0
    endloop
  endfacet
  facet normal -0.8314679333418552 -0.555572745753627 0
    outer loop
      vertex 1.2428007125854492 -73.98005676269531 0.6000003814697266
      vertex 1.4179010391235352 -74.24211120605469 0
      vertex 1.4179010391235352 -74.24211120605469 0.6000003814697266
    endloop
  endfacet
  facet normal 0.5555741340104012 -0.8314670057305897 0
    outer loop
      vertex -1.0199403762817383 -73.7572021484375 0
      vertex -0.7578840255737305 -73.58209991455078 0.6000003814697266
      vertex -1.0199403762817383 -73.7572021484375 0.6000003814697266
    endloop
  endfacet
  facet normal 0.5555741340104012 -0.8314670057305897 0
    outer loop
      vertex -0.7578840255737305 -73.58209991455078 0.6000003814697266
      vertex -1.0199403762817383 -73.7572021484375 0
      vertex -0.7578840255737305 -73.58209991455078 0
    endloop
  endfacet
  facet normal 0.5555741340104012 0.8314670057305897 0
    outer loop
      vertex -0.7578840255737305 -76.41790008544922 0
      vertex -1.0199403762817383 -76.2427978515625 0.6000003814697266
      vertex -0.7578840255737305 -76.41790008544922 0.6000003814697266
    endloop
  endfacet
  facet normal 0.5555741340104012 0.8314670057305897 0
    outer loop
      vertex -1.0199403762817383 -76.2427978515625 0.6000003814697266
      vertex -0.7578840255737305 -76.41790008544922 0
      vertex -1.0199403762817383 -76.2427978515625 0
    endloop
  endfacet
  facet normal 0.8314754049279351 0.5555615636452242 0
    outer loop
      vertex -1.2428007125854492 -76.01994323730469 0.6000003814697266
      vertex -1.4179010391235352 -75.75788116455078 0
      vertex -1.4179010391235352 -75.75788116455078 0.6000003814697266
    endloop
  endfacet
  facet normal 0.8314754049279351 0.5555615636452242 0
    outer loop
      vertex -1.4179010391235352 -75.75788116455078 0
      vertex -1.2428007125854492 -76.01994323730469 0.6000003814697266
      vertex -1.2428007125854492 -76.01994323730469 0
    endloop
  endfacet
  facet normal 1 0 0
    outer loop
      vertex -1.5999994277954102 -75.15758514404297 0.6000003814697266
      vertex -1.5999994277954102 -74.84241485595703 0
      vertex -1.5999994277954102 -74.84241485595703 0.6000003814697266
    endloop
  endfacet
  facet normal 1 0 0
    outer loop
      vertex -1.5999994277954102 -74.84241485595703 0
      vertex -1.5999994277954102 -75.15758514404297 0.6000003814697266
      vertex -1.5999994277954102 -75.15758514404297 0
    endloop
  endfacet
  facet normal 0 -1 0
    outer loop
      vertex -0.15758609771728516 -73.4000015258789 0
      vertex 0.15758609771728516 -73.4000015258789 0.6000003814697266
      vertex -0.15758609771728516 -73.4000015258789 0.6000003814697266
    endloop
  endfacet
  facet normal 0 -1 0
    outer loop
      vertex 0.15758609771728516 -73.4000015258789 0.6000003814697266
      vertex -0.15758609771728516 -73.4000015258789 0
      vertex 0.15758609771728516 -73.4000015258789 0
    endloop
  endfacet
  facet normal 0.8314679333418552 -0.555572745753627 0
    outer loop
      vertex -1.4179010391235352 -74.24211120605469 0.6000003814697266
      vertex -1.2428007125854492 -73.98005676269531 0
      vertex -1.2428007125854492 -73.98005676269531 0.6000003814697266
    endloop
  endfacet
  facet normal 0.8314679333418552 -0.555572745753627 0
    outer loop
      vertex -1.2428007125854492 -73.98005676269531 0
      vertex -1.4179010391235352 -74.24211120605469 0.6000003814697266
      vertex -1.4179010391235352 -74.24211120605469 0
    endloop
  endfacet
  facet normal -0.9807856620083821 0.19508840354767268 0
    outer loop
      vertex 1.5385122299194336 -75.46670532226562 0
      vertex 1.5999994277954102 -75.15758514404297 0.6000003814697266
      vertex 1.5999994277954102 -75.15758514404297 0
    endloop
  endfacet
  facet normal -0.9807856620083821 0.19508840354767268 0
    outer loop
      vertex 1.5999994277954102 -75.15758514404297 0.6000003814697266
      vertex 1.5385122299194336 -75.46670532226562 0
      vertex 1.5385122299194336 -75.46670532226562 0.6000003814697266
    endloop
  endfacet
  facet normal -0.5555741340104012 0.8314670057305897 0
    outer loop
      vertex 1.0199403762817383 -76.2427978515625 0
      vertex 0.7578840255737305 -76.41790008544922 0.6000003814697266
      vertex 1.0199403762817383 -76.2427978515625 0.6000003814697266
    endloop
  endfacet
  facet normal -0.5555741340104012 0.8314670057305897 0
    outer loop
      vertex 0.7578840255737305 -76.41790008544922 0.6000003814697266
      vertex 1.0199403762817383 -76.2427978515625 0
      vertex 0.7578840255737305 -76.41790008544922 0
    endloop
  endfacet
  facet normal -1 0 0
    outer loop
      vertex 1.5999994277954102 -75.15758514404297 0
      vertex 1.5999994277954102 -74.84241485595703 0.6000003814697266
      vertex 1.5999994277954102 -74.84241485595703 0
    endloop
  endfacet
  facet normal -1 0 0
    outer loop
      vertex 1.5999994277954102 -74.84241485595703 0.6000003814697266
      vertex 1.5999994277954102 -75.15758514404297 0
      vertex 1.5999994277954102 -75.15758514404297 0.6000003814697266
    endloop
  endfacet
  facet normal -0.19508489799319606 -0.9807863592928809 0
    outer loop
      vertex 0.15758609771728516 -73.4000015258789 0
      vertex 0.4667024612426758 -73.46148681640625 0.6000003814697266
      vertex 0.15758609771728516 -73.4000015258789 0.6000003814697266
    endloop
  endfacet
  facet normal -0.19508489799319606 -0.9807863592928809 0
    outer loop
      vertex 0.4667024612426758 -73.46148681640625 0.6000003814697266
      vertex 0.15758609771728516 -73.4000015258789 0
      vertex 0.4667024612426758 -73.46148681640625 0
    endloop
  endfacet
  facet normal -0.3826881584064278 -0.9238775749067063 0
    outer loop
      vertex 0.4667024612426758 -73.46148681640625 0
      vertex 0.7578840255737305 -73.58209991455078 0.6000003814697266
      vertex 0.4667024612426758 -73.46148681640625 0.6000003814697266
    endloop
  endfacet
  facet normal -0.3826881584064278 -0.9238775749067063 0
    outer loop
      vertex 0.7578840255737305 -73.58209991455078 0.6000003814697266
      vertex 0.4667024612426758 -73.46148681640625 0
      vertex 0.7578840255737305 -73.58209991455078 0
    endloop
  endfacet
  facet normal 0.9807856620083821 -0.19508840354767268 0
    outer loop
      vertex -1.5999994277954102 -74.84241485595703 0.6000003814697266
      vertex -1.5385122299194336 -74.53329467773438 0
      vertex -1.5385122299194336 -74.53329467773438 0.6000003814697266
    endloop
  endfacet
  facet normal 0.9807856620083821 -0.19508840354767268 0
    outer loop
      vertex -1.5385122299194336 -74.53329467773438 0
      vertex -1.5999994277954102 -74.84241485595703 0.6000003814697266
      vertex -1.5999994277954102 -74.84241485595703 0
    endloop
  endfacet
  facet normal 0 1 0
    outer loop
      vertex 0.15758609771728516 -76.5999984741211 0
      vertex -0.15758609771728516 -76.5999984741211 0.6000003814697266
      vertex 0.15758609771728516 -76.5999984741211 0.6000003814697266
    endloop
  endfacet
  facet normal 0 1 0
    outer loop
      vertex -0.15758609771728516 -76.5999984741211 0.6000003814697266
      vertex 0.15758609771728516 -76.5999984741211 0
      vertex -0.15758609771728516 -76.5999984741211 0
    endloop
  endfacet
  facet normal -0.7070977033590632 0.7071158588974924 0
    outer loop
      vertex 1.2428007125854492 -76.01994323730469 0
      vertex 1.0199403762817383 -76.2427978515625 0.6000003814697266
      vertex 1.2428007125854492 -76.01994323730469 0.6000003814697266
    endloop
  endfacet
  facet normal -0.7070977033590632 0.7071158588974924 0
    outer loop
      vertex 1.0199403762817383 -76.2427978515625 0.6000003814697266
      vertex 1.2428007125854492 -76.01994323730469 0
      vertex 1.0199403762817383 -76.2427978515625 0
    endloop
  endfacet
  facet normal -0.7070977033590632 -0.7071158588974924 0
    outer loop
      vertex 1.0199403762817383 -73.7572021484375 0
      vertex 1.2428007125854492 -73.98005676269531 0.6000003814697266
      vertex 1.0199403762817383 -73.7572021484375 0.6000003814697266
    endloop
  endfacet
  facet normal -0.7070977033590632 -0.7071158588974924 0
    outer loop
      vertex 1.2428007125854492 -73.98005676269531 0.6000003814697266
      vertex 1.0199403762817383 -73.7572021484375 0
      vertex 1.2428007125854492 -73.98005676269531 0
    endloop
  endfacet
  facet normal -0.3826881584064278 0.9238775749067063 0
    outer loop
      vertex 0.7578840255737305 -76.41790008544922 0
      vertex 0.4667024612426758 -76.53851318359375 0.6000003814697266
      vertex 0.7578840255737305 -76.41790008544922 0.6000003814697266
    endloop
  endfacet
  facet normal -0.3826881584064278 0.9238775749067063 0
    outer loop
      vertex 0.4667024612426758 -76.53851318359375 0.6000003814697266
      vertex 0.7578840255737305 -76.41790008544922 0
      vertex 0.4667024612426758 -76.53851318359375 0
    endloop
  endfacet
  facet normal -0.19508489799319606 0.9807863592928809 0
    outer loop
      vertex 0.4667024612426758 -76.53851318359375 0
      vertex 0.15758609771728516 -76.5999984741211 0.6000003814697266
      vertex 0.4667024612426758 -76.53851318359375 0.6000003814697266
    endloop
  endfacet
  facet normal -0.19508489799319606 0.9807863592928809 0
    outer loop
      vertex 0.15758609771728516 -76.5999984741211 0.6000003814697266
      vertex 0.4667024612426758 -76.53851318359375 0
      vertex 0.15758609771728516 -76.5999984741211 0
    endloop
  endfacet
  facet normal 0.7070977033590632 0.7071158588974924 0
    outer loop
      vertex -1.0199403762817383 -76.2427978515625 0
      vertex -1.2428007125854492 -76.01994323730469 0.6000003814697266
      vertex -1.0199403762817383 -76.2427978515625 0.6000003814697266
    endloop
  endfacet
  facet normal 0.7070977033590632 0.7071158588974924 0
    outer loop
      vertex -1.2428007125854492 -76.01994323730469 0.6000003814697266
      vertex -1.0199403762817383 -76.2427978515625 0
      vertex -1.2428007125854492 -76.01994323730469 0
    endloop
  endfacet
  facet normal 0.9238806007842872 -0.3826808533157418 0
    outer loop
      vertex -1.5385122299194336 -74.53329467773438 0.6000003814697266
      vertex -1.4179010391235352 -74.24211120605469 0
      vertex -1.4179010391235352 -74.24211120605469 0.6000003814697266
    endloop
  endfacet
  facet normal 0.9238806007842872 -0.3826808533157418 0
    outer loop
      vertex -1.4179010391235352 -74.24211120605469 0
      vertex -1.5385122299194336 -74.53329467773438 0.6000003814697266
      vertex -1.5385122299194336 -74.53329467773438 0
    endloop
  endfacet
  facet normal 0.19508489799319606 0.9807863592928809 0
    outer loop
      vertex -0.15758609771728516 -76.5999984741211 0
      vertex -0.4667024612426758 -76.53851318359375 0.6000003814697266
      vertex -0.15758609771728516 -76.5999984741211 0.6000003814697266
    endloop
  endfacet
  facet normal 0.19508489799319606 0.9807863592928809 0
    outer loop
      vertex -0.4667024612426758 -76.53851318359375 0.6000003814697266
      vertex -0.15758609771728516 -76.5999984741211 0
      vertex -0.4667024612426758 -76.53851318359375 0
    endloop
  endfacet
  facet normal 0.7070977033590632 -0.7071158588974924 0
    outer loop
      vertex -1.2428007125854492 -73.98005676269531 0
      vertex -1.0199403762817383 -73.7572021484375 0.6000003814697266
      vertex -1.2428007125854492 -73.98005676269531 0.6000003814697266
    endloop
  endfacet
  facet normal 0.7070977033590632 -0.7071158588974924 0
    outer loop
      vertex -1.0199403762817383 -73.7572021484375 0.6000003814697266
      vertex -1.2428007125854492 -73.98005676269531 0
      vertex -1.0199403762817383 -73.7572021484375 0
    endloop
  endfacet
  facet normal -0.9238770556945034 0.382689411875029 0
    outer loop
      vertex 1.4179010391235352 -75.75788116455078 0
      vertex 1.5385122299194336 -75.46670532226562 0.6000003814697266
      vertex 1.5385122299194336 -75.46670532226562 0
    endloop
  endfacet
  facet normal -0.9238770556945034 0.382689411875029 0
    outer loop
      vertex 1.5385122299194336 -75.46670532226562 0.6000003814697266
      vertex 1.4179010391235352 -75.75788116455078 0
      vertex 1.4179010391235352 -75.75788116455078 0.6000003814697266
    endloop
  endfacet
  facet normal 0.19508489799319606 -0.9807863592928809 0
    outer loop
      vertex -0.4667024612426758 -73.46148681640625 0
      vertex -0.15758609771728516 -73.4000015258789 0.6000003814697266
      vertex -0.4667024612426758 -73.46148681640625 0.6000003814697266
    endloop
  endfacet
  facet normal 0.19508489799319606 -0.9807863592928809 0
    outer loop
      vertex -0.15758609771728516 -73.4000015258789 0.6000003814697266
      vertex -0.4667024612426758 -73.46148681640625 0
      vertex -0.15758609771728516 -73.4000015258789 0
    endloop
  endfacet
  facet normal -0.9807856620083821 -0.19508840354767268 0
    outer loop
      vertex 1.5999994277954102 75.15758514404297 0
      vertex 1.5385122299194336 75.46670532226562 0.6000003814697266
      vertex 1.5385122299194336 75.46670532226562 0
    endloop
  endfacet
  facet normal -0.9807856620083821 -0.19508840354767268 0
    outer loop
      vertex 1.5385122299194336 75.46670532226562 0.6000003814697266
      vertex 1.5999994277954102 75.15758514404297 0
      vertex 1.5999994277954102 75.15758514404297 0.6000003814697266
    endloop
  endfacet
  facet normal -0.8314679333418552 0.555572745753627 0
    outer loop
      vertex 1.2428007125854492 73.98005676269531 0
      vertex 1.4179010391235352 74.24211120605469 0.6000003814697266
      vertex 1.4179010391235352 74.24211120605469 0
    endloop
  endfacet
  facet normal -0.8314679333418552 0.555572745753627 0
    outer loop
      vertex 1.4179010391235352 74.24211120605469 0.6000003814697266
      vertex 1.2428007125854492 73.98005676269531 0
      vertex 1.2428007125854492 73.98005676269531 0.6000003814697266
    endloop
  endfacet
  facet normal 0.7070977033590632 -0.7071158588974924 0
    outer loop
      vertex -1.2428007125854492 76.01994323730469 0
      vertex -1.0199403762817383 76.2427978515625 0.6000003814697266
      vertex -1.2428007125854492 76.01994323730469 0.6000003814697266
    endloop
  endfacet
  facet normal 0.7070977033590632 -0.7071158588974924 0
    outer loop
      vertex -1.0199403762817383 76.2427978515625 0.6000003814697266
      vertex -1.2428007125854492 76.01994323730469 0
      vertex -1.0199403762817383 76.2427978515625 0
    endloop
  endfacet
  facet normal -0.9238806007842872 0.3826808533157418 0
    outer loop
      vertex 1.4179010391235352 74.24211120605469 0
      vertex 1.5385122299194336 74.53329467773438 0.6000003814697266
      vertex 1.5385122299194336 74.53329467773438 0
    endloop
  endfacet
  facet normal -0.9238806007842872 0.3826808533157418 0
    outer loop
      vertex 1.5385122299194336 74.53329467773438 0.6000003814697266
      vertex 1.4179010391235352 74.24211120605469 0
      vertex 1.4179010391235352 74.24211120605469 0.6000003814697266
    endloop
  endfacet
  facet normal -0.5555741340104012 -0.8314670057305897 0
    outer loop
      vertex 0.7578840255737305 76.41790008544922 0
      vertex 1.0199403762817383 76.2427978515625 0.6000003814697266
      vertex 0.7578840255737305 76.41790008544922 0.6000003814697266
    endloop
  endfacet
  facet normal -0.5555741340104012 -0.8314670057305897 0
    outer loop
      vertex 1.0199403762817383 76.2427978515625 0.6000003814697266
      vertex 0.7578840255737305 76.41790008544922 0
      vertex 1.0199403762817383 76.2427978515625 0
    endloop
  endfacet
  facet normal 0.3826881584064278 0.9238775749067063 0
    outer loop
      vertex -0.4667024612426758 73.46148681640625 0
      vertex -0.7578840255737305 73.58209991455078 0.6000003814697266
      vertex -0.4667024612426758 73.46148681640625 0.6000003814697266
    endloop
  endfacet
  facet normal 0.3826881584064278 0.9238775749067063 0
    outer loop
      vertex -0.7578840255737305 73.58209991455078 0.6000003814697266
      vertex -0.4667024612426758 73.46148681640625 0
      vertex -0.7578840255737305 73.58209991455078 0
    endloop
  endfacet
  facet normal -0.19508489799319606 -0.9807863592928809 0
    outer loop
      vertex 0.15758609771728516 76.5999984741211 0
      vertex 0.4667024612426758 76.53851318359375 0.6000003814697266
      vertex 0.15758609771728516 76.5999984741211 0.6000003814697266
    endloop
  endfacet
  facet normal -0.19508489799319606 -0.9807863592928809 0
    outer loop
      vertex 0.4667024612426758 76.53851318359375 0.6000003814697266
      vertex 0.15758609771728516 76.5999984741211 0
      vertex 0.4667024612426758 76.53851318359375 0
    endloop
  endfacet
  facet normal -0.9238770556945034 -0.382689411875029 0
    outer loop
      vertex 1.5385122299194336 75.46670532226562 0
      vertex 1.4179010391235352 75.75788116455078 0.6000003814697266
      vertex 1.4179010391235352 75.75788116455078 0
    endloop
  endfacet
  facet normal -0.9238770556945034 -0.382689411875029 0
    outer loop
      vertex 1.4179010391235352 75.75788116455078 0.6000003814697266
      vertex 1.5385122299194336 75.46670532226562 0
      vertex 1.5385122299194336 75.46670532226562 0.6000003814697266
    endloop
  endfacet
  facet normal 0.9238806007842872 0.3826808533157418 0
    outer loop
      vertex -1.4179010391235352 74.24211120605469 0.6000003814697266
      vertex -1.5385122299194336 74.53329467773438 0
      vertex -1.5385122299194336 74.53329467773438 0.6000003814697266
    endloop
  endfacet
  facet normal 0.9238806007842872 0.3826808533157418 0
    outer loop
      vertex -1.5385122299194336 74.53329467773438 0
      vertex -1.4179010391235352 74.24211120605469 0.6000003814697266
      vertex -1.4179010391235352 74.24211120605469 0
    endloop
  endfacet
  facet normal 0.3826881584064278 -0.9238775749067063 0
    outer loop
      vertex -0.7578840255737305 76.41790008544922 0
      vertex -0.4667024612426758 76.53851318359375 0.6000003814697266
      vertex -0.7578840255737305 76.41790008544922 0.6000003814697266
    endloop
  endfacet
  facet normal 0.3826881584064278 -0.9238775749067063 0
    outer loop
      vertex -0.4667024612426758 76.53851318359375 0.6000003814697266
      vertex -0.7578840255737305 76.41790008544922 0
      vertex -0.4667024612426758 76.53851318359375 0
    endloop
  endfacet
  facet normal 0.9807856620083821 0.19508840354767268 0
    outer loop
      vertex -1.5385122299194336 74.53329467773438 0.6000003814697266
      vertex -1.5999994277954102 74.84241485595703 0
      vertex -1.5999994277954102 74.84241485595703 0.6000003814697266
    endloop
  endfacet
  facet normal 0.9807856620083821 0.19508840354767268 0
    outer loop
      vertex -1.5999994277954102 74.84241485595703 0
      vertex -1.5385122299194336 74.53329467773438 0.6000003814697266
      vertex -1.5385122299194336 74.53329467773438 0
    endloop
  endfacet
  facet normal -0.8314754049279351 -0.5555615636452242 0
    outer loop
      vertex 1.4179010391235352 75.75788116455078 0
      vertex 1.2428007125854492 76.01994323730469 0.6000003814697266
      vertex 1.2428007125854492 76.01994323730469 0
    endloop
  endfacet
  facet normal -0.8314754049279351 -0.5555615636452242 0
    outer loop
      vertex 1.2428007125854492 76.01994323730469 0.6000003814697266
      vertex 1.4179010391235352 75.75788116455078 0
      vertex 1.4179010391235352 75.75788116455078 0.6000003814697266
    endloop
  endfacet
  facet normal 0.5555741340104012 -0.8314670057305897 0
    outer loop
      vertex -1.0199403762817383 76.2427978515625 0
      vertex -0.7578840255737305 76.41790008544922 0.6000003814697266
      vertex -1.0199403762817383 76.2427978515625 0.6000003814697266
    endloop
  endfacet
  facet normal 0.5555741340104012 -0.8314670057305897 0
    outer loop
      vertex -0.7578840255737305 76.41790008544922 0.6000003814697266
      vertex -1.0199403762817383 76.2427978515625 0
      vertex -0.7578840255737305 76.41790008544922 0
    endloop
  endfacet
  facet normal 0.5555741340104012 0.8314670057305897 0
    outer loop
      vertex -0.7578840255737305 73.58209991455078 0
      vertex -1.0199403762817383 73.7572021484375 0.6000003814697266
      vertex -0.7578840255737305 73.58209991455078 0.6000003814697266
    endloop
  endfacet
  facet normal 0.5555741340104012 0.8314670057305897 0
    outer loop
      vertex -1.0199403762817383 73.7572021484375 0.6000003814697266
      vertex -0.7578840255737305 73.58209991455078 0
      vertex -1.0199403762817383 73.7572021484375 0
    endloop
  endfacet
  facet normal 0.8314679333418552 0.555572745753627 0
    outer loop
      vertex -1.2428007125854492 73.98005676269531 0.6000003814697266
      vertex -1.4179010391235352 74.24211120605469 0
      vertex -1.4179010391235352 74.24211120605469 0.6000003814697266
    endloop
  endfacet
  facet normal 0.8314679333418552 0.555572745753627 0
    outer loop
      vertex -1.4179010391235352 74.24211120605469 0
      vertex -1.2428007125854492 73.98005676269531 0.6000003814697266
      vertex -1.2428007125854492 73.98005676269531 0
    endloop
  endfacet
  facet normal 1 0 0
    outer loop
      vertex -1.5999994277954102 74.84241485595703 0.6000003814697266
      vertex -1.5999994277954102 75.15758514404297 0
      vertex -1.5999994277954102 75.15758514404297 0.6000003814697266
    endloop
  endfacet
  facet normal 1 0 0
    outer loop
      vertex -1.5999994277954102 75.15758514404297 0
      vertex -1.5999994277954102 74.84241485595703 0.6000003814697266
      vertex -1.5999994277954102 74.84241485595703 0
    endloop
  endfacet
  facet normal 0 -1 0
    outer loop
      vertex -0.15758609771728516 76.5999984741211 0
      vertex 0.15758609771728516 76.5999984741211 0.6000003814697266
      vertex -0.15758609771728516 76.5999984741211 0.6000003814697266
    endloop
  endfacet
  facet normal 0 -1 0
    outer loop
      vertex 0.15758609771728516 76.5999984741211 0.6000003814697266
      vertex -0.15758609771728516 76.5999984741211 0
      vertex 0.15758609771728516 76.5999984741211 0
    endloop
  endfacet
  facet normal 0.8314754049279351 -0.5555615636452242 0
    outer loop
      vertex -1.4179010391235352 75.75788116455078 0.6000003814697266
      vertex -1.2428007125854492 76.01994323730469 0
      vertex -1.2428007125854492 76.01994323730469 0.6000003814697266
    endloop
  endfacet
  facet normal 0.8314754049279351 -0.5555615636452242 0
    outer loop
      vertex -1.2428007125854492 76.01994323730469 0
      vertex -1.4179010391235352 75.75788116455078 0.6000003814697266
      vertex -1.4179010391235352 75.75788116455078 0
    endloop
  endfacet
  facet normal -0.9807856620083821 0.19508840354767268 0
    outer loop
      vertex 1.5385122299194336 74.53329467773438 0
      vertex 1.5999994277954102 74.84241485595703 0.6000003814697266
      vertex 1.5999994277954102 74.84241485595703 0
    endloop
  endfacet
  facet normal -0.9807856620083821 0.19508840354767268 0
    outer loop
      vertex 1.5999994277954102 74.84241485595703 0.6000003814697266
      vertex 1.5385122299194336 74.53329467773438 0
      vertex 1.5385122299194336 74.53329467773438 0.6000003814697266
    endloop
  endfacet
  facet normal -0.5555741340104012 0.8314670057305897 0
    outer loop
      vertex 1.0199403762817383 73.7572021484375 0
      vertex 0.7578840255737305 73.58209991455078 0.6000003814697266
      vertex 1.0199403762817383 73.7572021484375 0.6000003814697266
    endloop
  endfacet
  facet normal -0.5555741340104012 0.8314670057305897 0
    outer loop
      vertex 0.7578840255737305 73.58209991455078 0.6000003814697266
      vertex 1.0199403762817383 73.7572021484375 0
      vertex 0.7578840255737305 73.58209991455078 0
    endloop
  endfacet
  facet normal -1 0 0
    outer loop
      vertex 1.5999994277954102 74.84241485595703 0
      vertex 1.5999994277954102 75.15758514404297 0.6000003814697266
      vertex 1.5999994277954102 75.15758514404297 0
    endloop
  endfacet
  facet normal -1 0 0
    outer loop
      vertex 1.5999994277954102 75.15758514404297 0.6000003814697266
      vertex 1.5999994277954102 74.84241485595703 0
      vertex 1.5999994277954102 74.84241485595703 0.6000003814697266
    endloop
  endfacet
  facet normal -0.3826881584064278 -0.9238775749067063 0
    outer loop
      vertex 0.4667024612426758 76.53851318359375 0
      vertex 0.7578840255737305 76.41790008544922 0.6000003814697266
      vertex 0.4667024612426758 76.53851318359375 0.6000003814697266
    endloop
  endfacet
  facet normal -0.3826881584064278 -0.9238775749067063 0
    outer loop
      vertex 0.7578840255737305 76.41790008544922 0.6000003814697266
      vertex 0.4667024612426758 76.53851318359375 0
      vertex 0.7578840255737305 76.41790008544922 0
    endloop
  endfacet
  facet normal 0.9807856620083821 -0.19508840354767268 0
    outer loop
      vertex -1.5999994277954102 75.15758514404297 0.6000003814697266
      vertex -1.5385122299194336 75.46670532226562 0
      vertex -1.5385122299194336 75.46670532226562 0.6000003814697266
    endloop
  endfacet
  facet normal 0.9807856620083821 -0.19508840354767268 0
    outer loop
      vertex -1.5385122299194336 75.46670532226562 0
      vertex -1.5999994277954102 75.15758514404297 0.6000003814697266
      vertex -1.5999994277954102 75.15758514404297 0
    endloop
  endfacet
  facet normal 0 1 0
    outer loop
      vertex 0.15758609771728516 73.4000015258789 0
      vertex -0.15758609771728516 73.4000015258789 0.6000003814697266
      vertex 0.15758609771728516 73.4000015258789 0.6000003814697266
    endloop
  endfacet
  facet normal 0 1 0
    outer loop
      vertex -0.15758609771728516 73.4000015258789 0.6000003814697266
      vertex 0.15758609771728516 73.4000015258789 0
      vertex -0.15758609771728516 73.4000015258789 0
    endloop
  endfacet
  facet normal -0.7070977033590632 0.7071158588974924 0
    outer loop
      vertex 1.2428007125854492 73.98005676269531 0
      vertex 1.0199403762817383 73.7572021484375 0.6000003814697266
      vertex 1.2428007125854492 73.98005676269531 0.6000003814697266
    endloop
  endfacet
  facet normal -0.7070977033590632 0.7071158588974924 0
    outer loop
      vertex 1.0199403762817383 73.7572021484375 0.6000003814697266
      vertex 1.2428007125854492 73.98005676269531 0
      vertex 1.0199403762817383 73.7572021484375 0
    endloop
  endfacet
  facet normal -0.7070977033590632 -0.7071158588974924 0
    outer loop
      vertex 1.0199403762817383 76.2427978515625 0
      vertex 1.2428007125854492 76.01994323730469 0.6000003814697266
      vertex 1.0199403762817383 76.2427978515625 0.6000003814697266
    endloop
  endfacet
  facet normal -0.7070977033590632 -0.7071158588974924 0
    outer loop
      vertex 1.2428007125854492 76.01994323730469 0.6000003814697266
      vertex 1.0199403762817383 76.2427978515625 0
      vertex 1.2428007125854492 76.01994323730469 0
    endloop
  endfacet
  facet normal -0.3826881584064278 0.9238775749067063 0
    outer loop
      vertex 0.7578840255737305 73.58209991455078 0
      vertex 0.4667024612426758 73.46148681640625 0.6000003814697266
      vertex 0.7578840255737305 73.58209991455078 0.6000003814697266
    endloop
  endfacet
  facet normal -0.3826881584064278 0.9238775749067063 0
    outer loop
      vertex 0.4667024612426758 73.46148681640625 0.6000003814697266
      vertex 0.7578840255737305 73.58209991455078 0
      vertex 0.4667024612426758 73.46148681640625 0
    endloop
  endfacet
  facet normal -0.19508489799319606 0.9807863592928809 0
    outer loop
      vertex 0.4667024612426758 73.46148681640625 0
      vertex 0.15758609771728516 73.4000015258789 0.6000003814697266
      vertex 0.4667024612426758 73.46148681640625 0.6000003814697266
    endloop
  endfacet
  facet normal -0.19508489799319606 0.9807863592928809 0
    outer loop
      vertex 0.15758609771728516 73.4000015258789 0.6000003814697266
      vertex 0.4667024612426758 73.46148681640625 0
      vertex 0.15758609771728516 73.4000015258789 0
    endloop
  endfacet
  facet normal 0.7070977033590632 0.7071158588974924 0
    outer loop
      vertex -1.0199403762817383 73.7572021484375 0
      vertex -1.2428007125854492 73.98005676269531 0.6000003814697266
      vertex -1.0199403762817383 73.7572021484375 0.6000003814697266
    endloop
  endfacet
  facet normal 0.7070977033590632 0.7071158588974924 0
    outer loop
      vertex -1.2428007125854492 73.98005676269531 0.6000003814697266
      vertex -1.0199403762817383 73.7572021484375 0
      vertex -1.2428007125854492 73.98005676269531 0
    endloop
  endfacet
  facet normal 0.9238770556945034 -0.382689411875029 0
    outer loop
      vertex -1.5385122299194336 75.46670532226562 0.6000003814697266
      vertex -1.4179010391235352 75.75788116455078 0
      vertex -1.4179010391235352 75.75788116455078 0.6000003814697266
    endloop
  endfacet
  facet normal 0.9238770556945034 -0.382689411875029 0
    outer loop
      vertex -1.4179010391235352 75.75788116455078 0
      vertex -1.5385122299194336 75.46670532226562 0.6000003814697266
      vertex -1.5385122299194336 75.46670532226562 0
    endloop
  endfacet
  facet normal 0.19508489799319606 0.9807863592928809 0
    outer loop
      vertex -0.15758609771728516 73.4000015258789 0
      vertex -0.4667024612426758 73.46148681640625 0.6000003814697266
      vertex -0.15758609771728516 73.4000015258789 0.6000003814697266
    endloop
  endfacet
  facet normal 0.19508489799319606 0.9807863592928809 0
    outer loop
      vertex -0.4667024612426758 73.46148681640625 0.6000003814697266
      vertex -0.15758609771728516 73.4000015258789 0
      vertex -0.4667024612426758 73.46148681640625 0
    endloop
  endfacet
  facet normal 0.19508489799319606 -0.9807863592928809 0
    outer loop
      vertex -0.4667024612426758 76.53851318359375 0
      vertex -0.15758609771728516 76.5999984741211 0.6000003814697266
      vertex -0.4667024612426758 76.53851318359375 0.6000003814697266
    endloop
  endfacet
  facet normal 0.19508489799319606 -0.9807863592928809 0
    outer loop
      vertex -0.15758609771728516 76.5999984741211 0.6000003814697266
      vertex -0.4667024612426758 76.53851318359375 0
      vertex -0.15758609771728516 76.5999984741211 0
    endloop
  endfacet
  facet normal -0.5555769295725357 -0.8314651377699209 0
    outer loop
      vertex 49.397884368896484 -73.58209991455078 0
      vertex 49.65993881225586 -73.7572021484375 0.6000003814697266
      vertex 49.397884368896484 -73.58209991455078 0.6000003814697266
    endloop
  endfacet
  facet normal -0.5555769295725357 -0.8314651377699209 0
    outer loop
      vertex 49.65993881225586 -73.7572021484375 0.6000003814697266
      vertex 49.397884368896484 -73.58209991455078 0
      vertex 49.65993881225586 -73.7572021484375 0
    endloop
  endfacet
  facet normal -0.8314707289115353 -0.5555685618925175 0
    outer loop
      vertex 50.057899475097656 -74.24211120605469 0
      vertex 49.8828010559082 -73.98005676269531 0.6000003814697266
      vertex 49.8828010559082 -73.98005676269531 0
    endloop
  endfacet
  facet normal -0.8314707289115353 -0.5555685618925175 0
    outer loop
      vertex 49.8828010559082 -73.98005676269531 0.6000003814697266
      vertex 50.057899475097656 -74.24211120605469 0
      vertex 50.057899475097656 -74.24211120605469 0.6000003814697266
    endloop
  endfacet
  facet normal 0.5555769295725357 -0.8314651377699209 0
    outer loop
      vertex 47.620059967041016 -73.7572021484375 0
      vertex 47.88211441040039 -73.58209991455078 0.6000003814697266
      vertex 47.620059967041016 -73.7572021484375 0.6000003814697266
    endloop
  endfacet
  facet normal 0.5555769295725357 -0.8314651377699209 0
    outer loop
      vertex 47.88211441040039 -73.58209991455078 0.6000003814697266
      vertex 47.620059967041016 -73.7572021484375 0
      vertex 47.88211441040039 -73.58209991455078 0
    endloop
  endfacet
  facet normal 0.5555769295725357 0.8314651377699209 0
    outer loop
      vertex 47.88211441040039 -76.41790008544922 0
      vertex 47.620059967041016 -76.2427978515625 0.6000003814697266
      vertex 47.88211441040039 -76.41790008544922 0.6000003814697266
    endloop
  endfacet
  facet normal 0.5555769295725357 0.8314651377699209 0
    outer loop
      vertex 47.620059967041016 -76.2427978515625 0.6000003814697266
      vertex 47.88211441040039 -76.41790008544922 0
      vertex 47.620059967041016 -76.2427978515625 0
    endloop
  endfacet
  facet normal -0.7070946774424675 0.7071188847234481 0
    outer loop
      vertex 49.8828010559082 -76.01994323730469 0
      vertex 49.65993881225586 -76.2427978515625 0.6000003814697266
      vertex 49.8828010559082 -76.01994323730469 0.6000003814697266
    endloop
  endfacet
  facet normal -0.7070946774424675 0.7071188847234481 0
    outer loop
      vertex 49.65993881225586 -76.2427978515625 0.6000003814697266
      vertex 49.8828010559082 -76.01994323730469 0
      vertex 49.65993881225586 -76.2427978515625 0
    endloop
  endfacet
  facet normal -0.9807868199227205 -0.19508258216939073 0
    outer loop
      vertex 50.23999786376953 -74.84241485595703 0
      vertex 50.17851257324219 -74.53329467773438 0.6000003814697266
      vertex 50.17851257324219 -74.53329467773438 0
    endloop
  endfacet
  facet normal -0.9807868199227205 -0.19508258216939073 0
    outer loop
      vertex 50.17851257324219 -74.53329467773438 0.6000003814697266
      vertex 50.23999786376953 -74.84241485595703 0
      vertex 50.23999786376953 -74.84241485595703 0.6000003814697266
    endloop
  endfacet
  facet normal 0.7070946774424675 -0.7071188847234481 0
    outer loop
      vertex 47.39719772338867 -73.98005676269531 0
      vertex 47.620059967041016 -73.7572021484375 0.6000003814697266
      vertex 47.39719772338867 -73.98005676269531 0.6000003814697266
    endloop
  endfacet
  facet normal 0.7070946774424675 -0.7071188847234481 0
    outer loop
      vertex 47.620059967041016 -73.7572021484375 0.6000003814697266
      vertex 47.39719772338867 -73.98005676269531 0
      vertex 47.620059967041016 -73.7572021484375 0
    endloop
  endfacet
  facet normal 0.8314707289115353 -0.5555685618925175 0
    outer loop
      vertex 47.22209930419922 -74.24211120605469 0.6000003814697266
      vertex 47.39719772338867 -73.98005676269531 0
      vertex 47.39719772338867 -73.98005676269531 0.6000003814697266
    endloop
  endfacet
  facet normal 0.8314707289115353 -0.5555685618925175 0
    outer loop
      vertex 47.39719772338867 -73.98005676269531 0
      vertex 47.22209930419922 -74.24211120605469 0.6000003814697266
      vertex 47.22209930419922 -74.24211120605469 0
    endloop
  endfacet
  facet normal -0.19508489799319606 -0.9807863592928809 0
    outer loop
      vertex 48.797584533691406 -73.4000015258789 0
      vertex 49.1067008972168 -73.46148681640625 0.6000003814697266
      vertex 48.797584533691406 -73.4000015258789 0.6000003814697266
    endloop
  endfacet
  facet normal -0.19508489799319606 -0.9807863592928809 0
    outer loop
      vertex 49.1067008972168 -73.46148681640625 0.6000003814697266
      vertex 48.797584533691406 -73.4000015258789 0
      vertex 49.1067008972168 -73.46148681640625 0
    endloop
  endfacet
  facet normal 0.19508489799319606 -0.9807863592928809 0
    outer loop
      vertex 48.17329788208008 -73.46148681640625 0
      vertex 48.48241424560547 -73.4000015258789 0.6000003814697266
      vertex 48.17329788208008 -73.46148681640625 0.6000003814697266
    endloop
  endfacet
  facet normal 0.19508489799319606 -0.9807863592928809 0
    outer loop
      vertex 48.48241424560547 -73.4000015258789 0.6000003814697266
      vertex 48.17329788208008 -73.46148681640625 0
      vertex 48.48241424560547 -73.4000015258789 0
    endloop
  endfacet
  facet normal 0 1 0
    outer loop
      vertex 48.797584533691406 -76.5999984741211 0
      vertex 48.48241424560547 -76.5999984741211 0.6000003814697266
      vertex 48.797584533691406 -76.5999984741211 0.6000003814697266
    endloop
  endfacet
  facet normal 0 1 0
    outer loop
      vertex 48.48241424560547 -76.5999984741211 0.6000003814697266
      vertex 48.797584533691406 -76.5999984741211 0
      vertex 48.48241424560547 -76.5999984741211 0
    endloop
  endfacet
  facet normal -0.7070946774424675 -0.7071188847234481 0
    outer loop
      vertex 49.65993881225586 -73.7572021484375 0
      vertex 49.8828010559082 -73.98005676269531 0.6000003814697266
      vertex 49.65993881225586 -73.7572021484375 0.6000003814697266
    endloop
  endfacet
  facet normal -0.7070946774424675 -0.7071188847234481 0
    outer loop
      vertex 49.8828010559082 -73.98005676269531 0.6000003814697266
      vertex 49.65993881225586 -73.7572021484375 0
      vertex 49.8828010559082 -73.98005676269531 0
    endloop
  endfacet
  facet normal -1 0 0
    outer loop
      vertex 50.23999786376953 -75.15758514404297 0
      vertex 50.23999786376953 -74.84241485595703 0.6000003814697266
      vertex 50.23999786376953 -74.84241485595703 0
    endloop
  endfacet
  facet normal -1 0 0
    outer loop
      vertex 50.23999786376953 -74.84241485595703 0.6000003814697266
      vertex 50.23999786376953 -75.15758514404297 0
      vertex 50.23999786376953 -75.15758514404297 0.6000003814697266
    endloop
  endfacet
  facet normal 0.3826860187804458 -0.9238784611787269 0
    outer loop
      vertex 47.88211441040039 -73.58209991455078 0
      vertex 48.17329788208008 -73.46148681640625 0.6000003814697266
      vertex 47.88211441040039 -73.58209991455078 0.6000003814697266
    endloop
  endfacet
  facet normal 0.3826860187804458 -0.9238784611787269 0
    outer loop
      vertex 48.17329788208008 -73.46148681640625 0.6000003814697266
      vertex 47.88211441040039 -73.58209991455078 0
      vertex 48.17329788208008 -73.46148681640625 0
    endloop
  endfacet
  facet normal 0.9238749160014491 0.382694577415614 0
    outer loop
      vertex 47.22209930419922 -75.75788116455078 0.6000003814697266
      vertex 47.10148620605469 -75.46670532226562 0
      vertex 47.10148620605469 -75.46670532226562 0.6000003814697266
    endloop
  endfacet
  facet normal 0.9238749160014491 0.382694577415614 0
    outer loop
      vertex 47.10148620605469 -75.46670532226562 0
      vertex 47.22209930419922 -75.75788116455078 0.6000003814697266
      vertex 47.22209930419922 -75.75788116455078 0
    endloop
  endfacet
  facet normal -0.8314782004102019 0.5555573797931335 0
    outer loop
      vertex 49.8828010559082 -76.01994323730469 0
      vertex 50.057899475097656 -75.75788116455078 0.6000003814697266
      vertex 50.057899475097656 -75.75788116455078 0
    endloop
  endfacet
  facet normal -0.8314782004102019 0.5555573797931335 0
    outer loop
      vertex 50.057899475097656 -75.75788116455078 0.6000003814697266
      vertex 49.8828010559082 -76.01994323730469 0
      vertex 49.8828010559082 -76.01994323730469 0.6000003814697266
    endloop
  endfacet
  facet normal -0.19508489799319606 0.9807863592928809 0
    outer loop
      vertex 49.1067008972168 -76.53851318359375 0
      vertex 48.797584533691406 -76.5999984741211 0.6000003814697266
      vertex 49.1067008972168 -76.53851318359375 0.6000003814697266
    endloop
  endfacet
  facet normal -0.19508489799319606 0.9807863592928809 0
    outer loop
      vertex 48.797584533691406 -76.5999984741211 0.6000003814697266
      vertex 49.1067008972168 -76.53851318359375 0
      vertex 48.797584533691406 -76.5999984741211 0
    endloop
  endfacet
  facet normal 0.9238784611787269 -0.3826860187804458 0
    outer loop
      vertex 47.10148620605469 -74.53329467773438 0.6000003814697266
      vertex 47.22209930419922 -74.24211120605469 0
      vertex 47.22209930419922 -74.24211120605469 0.6000003814697266
    endloop
  endfacet
  facet normal 0.9238784611787269 -0.3826860187804458 0
    outer loop
      vertex 47.22209930419922 -74.24211120605469 0
      vertex 47.10148620605469 -74.53329467773438 0.6000003814697266
      vertex 47.10148620605469 -74.53329467773438 0
    endloop
  endfacet
  facet normal -0.9807868199227205 0.19508258216939073 0
    outer loop
      vertex 50.17851257324219 -75.46670532226562 0
      vertex 50.23999786376953 -75.15758514404297 0.6000003814697266
      vertex 50.23999786376953 -75.15758514404297 0
    endloop
  endfacet
  facet normal -0.9807868199227205 0.19508258216939073 0
    outer loop
      vertex 50.23999786376953 -75.15758514404297 0.6000003814697266
      vertex 50.17851257324219 -75.46670532226562 0
      vertex 50.17851257324219 -75.46670532226562 0.6000003814697266
    endloop
  endfacet
  facet normal 0.9807868199227205 0.19508258216939073 0
    outer loop
      vertex 47.10148620605469 -75.46670532226562 0.6000003814697266
      vertex 47.040000915527344 -75.15758514404297 0
      vertex 47.040000915527344 -75.15758514404297 0.6000003814697266
    endloop
  endfacet
  facet normal 0.9807868199227205 0.19508258216939073 0
    outer loop
      vertex 47.040000915527344 -75.15758514404297 0
      vertex 47.10148620605469 -75.46670532226562 0.6000003814697266
      vertex 47.10148620605469 -75.46670532226562 0
    endloop
  endfacet
  facet normal 1 0 0
    outer loop
      vertex 47.040000915527344 -75.15758514404297 0.6000003814697266
      vertex 47.040000915527344 -74.84241485595703 0
      vertex 47.040000915527344 -74.84241485595703 0.6000003814697266
    endloop
  endfacet
  facet normal 1 0 0
    outer loop
      vertex 47.040000915527344 -74.84241485595703 0
      vertex 47.040000915527344 -75.15758514404297 0.6000003814697266
      vertex 47.040000915527344 -75.15758514404297 0
    endloop
  endfacet
  facet normal -0.9238784611787269 -0.3826860187804458 0
    outer loop
      vertex 50.17851257324219 -74.53329467773438 0
      vertex 50.057899475097656 -74.24211120605469 0.6000003814697266
      vertex 50.057899475097656 -74.24211120605469 0
    endloop
  endfacet
  facet normal -0.9238784611787269 -0.3826860187804458 0
    outer loop
      vertex 50.057899475097656 -74.24211120605469 0.6000003814697266
      vertex 50.17851257324219 -74.53329467773438 0
      vertex 50.17851257324219 -74.53329467773438 0.6000003814697266
    endloop
  endfacet
  facet normal 0 -1 0
    outer loop
      vertex 48.48241424560547 -73.4000015258789 0
      vertex 48.797584533691406 -73.4000015258789 0.6000003814697266
      vertex 48.48241424560547 -73.4000015258789 0.6000003814697266
    endloop
  endfacet
  facet normal 0 -1 0
    outer loop
      vertex 48.797584533691406 -73.4000015258789 0.6000003814697266
      vertex 48.48241424560547 -73.4000015258789 0
      vertex 48.797584533691406 -73.4000015258789 0
    endloop
  endfacet
  facet normal 0.9807868199227205 -0.19508258216939073 0
    outer loop
      vertex 47.040000915527344 -74.84241485595703 0.6000003814697266
      vertex 47.10148620605469 -74.53329467773438 0
      vertex 47.10148620605469 -74.53329467773438 0.6000003814697266
    endloop
  endfacet
  facet normal 0.9807868199227205 -0.19508258216939073 0
    outer loop
      vertex 47.10148620605469 -74.53329467773438 0
      vertex 47.040000915527344 -74.84241485595703 0.6000003814697266
      vertex 47.040000915527344 -74.84241485595703 0
    endloop
  endfacet
  facet normal 0.7070946774424675 0.7071188847234481 0
    outer loop
      vertex 47.620059967041016 -76.2427978515625 0
      vertex 47.39719772338867 -76.01994323730469 0.6000003814697266
      vertex 47.620059967041016 -76.2427978515625 0.6000003814697266
    endloop
  endfacet
  facet normal 0.7070946774424675 0.7071188847234481 0
    outer loop
      vertex 47.39719772338867 -76.01994323730469 0.6000003814697266
      vertex 47.620059967041016 -76.2427978515625 0
      vertex 47.39719772338867 -76.01994323730469 0
    endloop
  endfacet
  facet normal -0.3826860187804458 -0.9238784611787269 0
    outer loop
      vertex 49.1067008972168 -73.46148681640625 0
      vertex 49.397884368896484 -73.58209991455078 0.6000003814697266
      vertex 49.1067008972168 -73.46148681640625 0.6000003814697266
    endloop
  endfacet
  facet normal -0.3826860187804458 -0.9238784611787269 0
    outer loop
      vertex 49.397884368896484 -73.58209991455078 0.6000003814697266
      vertex 49.1067008972168 -73.46148681640625 0
      vertex 49.397884368896484 -73.58209991455078 0
    endloop
  endfacet
  facet normal 0.8314782004102019 0.5555573797931335 0
    outer loop
      vertex 47.39719772338867 -76.01994323730469 0.6000003814697266
      vertex 47.22209930419922 -75.75788116455078 0
      vertex 47.22209930419922 -75.75788116455078 0.6000003814697266
    endloop
  endfacet
  facet normal 0.8314782004102019 0.5555573797931335 0
    outer loop
      vertex 47.22209930419922 -75.75788116455078 0
      vertex 47.39719772338867 -76.01994323730469 0.6000003814697266
      vertex 47.39719772338867 -76.01994323730469 0
    endloop
  endfacet
  facet normal -0.3826860187804458 0.9238784611787269 0
    outer loop
      vertex 49.397884368896484 -76.41790008544922 0
      vertex 49.1067008972168 -76.53851318359375 0.6000003814697266
      vertex 49.397884368896484 -76.41790008544922 0.6000003814697266
    endloop
  endfacet
  facet normal -0.3826860187804458 0.9238784611787269 0
    outer loop
      vertex 49.1067008972168 -76.53851318359375 0.6000003814697266
      vertex 49.397884368896484 -76.41790008544922 0
      vertex 49.1067008972168 -76.53851318359375 0
    endloop
  endfacet
  facet normal -0.9238749160014491 0.382694577415614 0
    outer loop
      vertex 50.057899475097656 -75.75788116455078 0
      vertex 50.17851257324219 -75.46670532226562 0.6000003814697266
      vertex 50.17851257324219 -75.46670532226562 0
    endloop
  endfacet
  facet normal -0.9238749160014491 0.382694577415614 0
    outer loop
      vertex 50.17851257324219 -75.46670532226562 0.6000003814697266
      vertex 50.057899475097656 -75.75788116455078 0
      vertex 50.057899475097656 -75.75788116455078 0.6000003814697266
    endloop
  endfacet
  facet normal 0.3826860187804458 0.9238784611787269 0
    outer loop
      vertex 48.17329788208008 -76.53851318359375 0
      vertex 47.88211441040039 -76.41790008544922 0.6000003814697266
      vertex 48.17329788208008 -76.53851318359375 0.6000003814697266
    endloop
  endfacet
  facet normal 0.3826860187804458 0.9238784611787269 0
    outer loop
      vertex 47.88211441040039 -76.41790008544922 0.6000003814697266
      vertex 48.17329788208008 -76.53851318359375 0
      vertex 47.88211441040039 -76.41790008544922 0
    endloop
  endfacet
  facet normal -0.5555769295725357 0.8314651377699209 0
    outer loop
      vertex 49.65993881225586 -76.2427978515625 0
      vertex 49.397884368896484 -76.41790008544922 0.6000003814697266
      vertex 49.65993881225586 -76.2427978515625 0.6000003814697266
    endloop
  endfacet
  facet normal -0.5555769295725357 0.8314651377699209 0
    outer loop
      vertex 49.397884368896484 -76.41790008544922 0.6000003814697266
      vertex 49.65993881225586 -76.2427978515625 0
      vertex 49.397884368896484 -76.41790008544922 0
    endloop
  endfacet
  facet normal 0.19508489799319606 0.9807863592928809 0
    outer loop
      vertex 48.48241424560547 -76.5999984741211 0
      vertex 48.17329788208008 -76.53851318359375 0.6000003814697266
      vertex 48.48241424560547 -76.5999984741211 0.6000003814697266
    endloop
  endfacet
  facet normal 0.19508489799319606 0.9807863592928809 0
    outer loop
      vertex 48.17329788208008 -76.53851318359375 0.6000003814697266
      vertex 48.48241424560547 -76.5999984741211 0
      vertex 48.17329788208008 -76.53851318359375 0
    endloop
  endfacet
  facet normal -0.5555769295725357 -0.8314651377699209 0
    outer loop
      vertex 49.397884368896484 76.41790008544922 0
      vertex 49.65993881225586 76.2427978515625 0.6000003814697266
      vertex 49.397884368896484 76.41790008544922 0.6000003814697266
    endloop
  endfacet
  facet normal -0.5555769295725357 -0.8314651377699209 0
    outer loop
      vertex 49.65993881225586 76.2427978515625 0.6000003814697266
      vertex 49.397884368896484 76.41790008544922 0
      vertex 49.65993881225586 76.2427978515625 0
    endloop
  endfacet
  facet normal -0.8314782004102019 -0.5555573797931335 0
    outer loop
      vertex 50.057899475097656 75.75788116455078 0
      vertex 49.8828010559082 76.01994323730469 0.6000003814697266
      vertex 49.8828010559082 76.01994323730469 0
    endloop
  endfacet
  facet normal -0.8314782004102019 -0.5555573797931335 0
    outer loop
      vertex 49.8828010559082 76.01994323730469 0.6000003814697266
      vertex 50.057899475097656 75.75788116455078 0
      vertex 50.057899475097656 75.75788116455078 0.6000003814697266
    endloop
  endfacet
  facet normal 0.5555769295725357 -0.8314651377699209 0
    outer loop
      vertex 47.620059967041016 76.2427978515625 0
      vertex 47.88211441040039 76.41790008544922 0.6000003814697266
      vertex 47.620059967041016 76.2427978515625 0.6000003814697266
    endloop
  endfacet
  facet normal 0.5555769295725357 -0.8314651377699209 0
    outer loop
      vertex 47.88211441040039 76.41790008544922 0.6000003814697266
      vertex 47.620059967041016 76.2427978515625 0
      vertex 47.88211441040039 76.41790008544922 0
    endloop
  endfacet
  facet normal 0.5555769295725357 0.8314651377699209 0
    outer loop
      vertex 47.88211441040039 73.58209991455078 0
      vertex 47.620059967041016 73.7572021484375 0.6000003814697266
      vertex 47.88211441040039 73.58209991455078 0.6000003814697266
    endloop
  endfacet
  facet normal 0.5555769295725357 0.8314651377699209 0
    outer loop
      vertex 47.620059967041016 73.7572021484375 0.6000003814697266
      vertex 47.88211441040039 73.58209991455078 0
      vertex 47.620059967041016 73.7572021484375 0
    endloop
  endfacet
  facet normal -0.7070946774424675 0.7071188847234481 0
    outer loop
      vertex 49.8828010559082 73.98005676269531 0
      vertex 49.65993881225586 73.7572021484375 0.6000003814697266
      vertex 49.8828010559082 73.98005676269531 0.6000003814697266
    endloop
  endfacet
  facet normal -0.7070946774424675 0.7071188847234481 0
    outer loop
      vertex 49.65993881225586 73.7572021484375 0.6000003814697266
      vertex 49.8828010559082 73.98005676269531 0
      vertex 49.65993881225586 73.7572021484375 0
    endloop
  endfacet
  facet normal -0.9807868199227205 -0.19508258216939073 0
    outer loop
      vertex 50.23999786376953 75.15758514404297 0
      vertex 50.17851257324219 75.46670532226562 0.6000003814697266
      vertex 50.17851257324219 75.46670532226562 0
    endloop
  endfacet
  facet normal -0.9807868199227205 -0.19508258216939073 0
    outer loop
      vertex 50.17851257324219 75.46670532226562 0.6000003814697266
      vertex 50.23999786376953 75.15758514404297 0
      vertex 50.23999786376953 75.15758514404297 0.6000003814697266
    endloop
  endfacet
  facet normal 0.7070946774424675 -0.7071188847234481 0
    outer loop
      vertex 47.39719772338867 76.01994323730469 0
      vertex 47.620059967041016 76.2427978515625 0.6000003814697266
      vertex 47.39719772338867 76.01994323730469 0.6000003814697266
    endloop
  endfacet
  facet normal 0.7070946774424675 -0.7071188847234481 0
    outer loop
      vertex 47.620059967041016 76.2427978515625 0.6000003814697266
      vertex 47.39719772338867 76.01994323730469 0
      vertex 47.620059967041016 76.2427978515625 0
    endloop
  endfacet
  facet normal 0.8314782004102019 -0.5555573797931335 0
    outer loop
      vertex 47.22209930419922 75.75788116455078 0.6000003814697266
      vertex 47.39719772338867 76.01994323730469 0
      vertex 47.39719772338867 76.01994323730469 0.6000003814697266
    endloop
  endfacet
  facet normal 0.8314782004102019 -0.5555573797931335 0
    outer loop
      vertex 47.39719772338867 76.01994323730469 0
      vertex 47.22209930419922 75.75788116455078 0.6000003814697266
      vertex 47.22209930419922 75.75788116455078 0
    endloop
  endfacet
  facet normal -0.19508489799319606 -0.9807863592928809 0
    outer loop
      vertex 48.797584533691406 76.5999984741211 0
      vertex 49.1067008972168 76.53851318359375 0.6000003814697266
      vertex 48.797584533691406 76.5999984741211 0.6000003814697266
    endloop
  endfacet
  facet normal -0.19508489799319606 -0.9807863592928809 0
    outer loop
      vertex 49.1067008972168 76.53851318359375 0.6000003814697266
      vertex 48.797584533691406 76.5999984741211 0
      vertex 49.1067008972168 76.53851318359375 0
    endloop
  endfacet
  facet normal 0.19508489799319606 -0.9807863592928809 0
    outer loop
      vertex 48.17329788208008 76.53851318359375 0
      vertex 48.48241424560547 76.5999984741211 0.6000003814697266
      vertex 48.17329788208008 76.53851318359375 0.6000003814697266
    endloop
  endfacet
  facet normal 0.19508489799319606 -0.9807863592928809 0
    outer loop
      vertex 48.48241424560547 76.5999984741211 0.6000003814697266
      vertex 48.17329788208008 76.53851318359375 0
      vertex 48.48241424560547 76.5999984741211 0
    endloop
  endfacet
  facet normal 0 1 0
    outer loop
      vertex 48.797584533691406 73.4000015258789 0
      vertex 48.48241424560547 73.4000015258789 0.6000003814697266
      vertex 48.797584533691406 73.4000015258789 0.6000003814697266
    endloop
  endfacet
  facet normal 0 1 0
    outer loop
      vertex 48.48241424560547 73.4000015258789 0.6000003814697266
      vertex 48.797584533691406 73.4000015258789 0
      vertex 48.48241424560547 73.4000015258789 0
    endloop
  endfacet
  facet normal -0.7070946774424675 -0.7071188847234481 0
    outer loop
      vertex 49.65993881225586 76.2427978515625 0
      vertex 49.8828010559082 76.01994323730469 0.6000003814697266
      vertex 49.65993881225586 76.2427978515625 0.6000003814697266
    endloop
  endfacet
  facet normal -0.7070946774424675 -0.7071188847234481 0
    outer loop
      vertex 49.8828010559082 76.01994323730469 0.6000003814697266
      vertex 49.65993881225586 76.2427978515625 0
      vertex 49.8828010559082 76.01994323730469 0
    endloop
  endfacet
  facet normal -1 0 0
    outer loop
      vertex 50.23999786376953 74.84241485595703 0
      vertex 50.23999786376953 75.15758514404297 0.6000003814697266
      vertex 50.23999786376953 75.15758514404297 0
    endloop
  endfacet
  facet normal -1 0 0
    outer loop
      vertex 50.23999786376953 75.15758514404297 0.6000003814697266
      vertex 50.23999786376953 74.84241485595703 0
      vertex 50.23999786376953 74.84241485595703 0.6000003814697266
    endloop
  endfacet
  facet normal 0.3826860187804458 -0.9238784611787269 0
    outer loop
      vertex 47.88211441040039 76.41790008544922 0
      vertex 48.17329788208008 76.53851318359375 0.6000003814697266
      vertex 47.88211441040039 76.41790008544922 0.6000003814697266
    endloop
  endfacet
  facet normal 0.3826860187804458 -0.9238784611787269 0
    outer loop
      vertex 48.17329788208008 76.53851318359375 0.6000003814697266
      vertex 47.88211441040039 76.41790008544922 0
      vertex 48.17329788208008 76.53851318359375 0
    endloop
  endfacet
  facet normal 0.9238784611787269 0.3826860187804458 0
    outer loop
      vertex 47.22209930419922 74.24211120605469 0.6000003814697266
      vertex 47.10148620605469 74.53329467773438 0
      vertex 47.10148620605469 74.53329467773438 0.6000003814697266
    endloop
  endfacet
  facet normal 0.9238784611787269 0.3826860187804458 0
    outer loop
      vertex 47.10148620605469 74.53329467773438 0
      vertex 47.22209930419922 74.24211120605469 0.6000003814697266
      vertex 47.22209930419922 74.24211120605469 0
    endloop
  endfacet
  facet normal -0.8314707289115353 0.5555685618925175 0
    outer loop
      vertex 49.8828010559082 73.98005676269531 0
      vertex 50.057899475097656 74.24211120605469 0.6000003814697266
      vertex 50.057899475097656 74.24211120605469 0
    endloop
  endfacet
  facet normal -0.8314707289115353 0.5555685618925175 0
    outer loop
      vertex 50.057899475097656 74.24211120605469 0.6000003814697266
      vertex 49.8828010559082 73.98005676269531 0
      vertex 49.8828010559082 73.98005676269531 0.6000003814697266
    endloop
  endfacet
  facet normal -0.19508489799319606 0.9807863592928809 0
    outer loop
      vertex 49.1067008972168 73.46148681640625 0
      vertex 48.797584533691406 73.4000015258789 0.6000003814697266
      vertex 49.1067008972168 73.46148681640625 0.6000003814697266
    endloop
  endfacet
  facet normal -0.19508489799319606 0.9807863592928809 0
    outer loop
      vertex 48.797584533691406 73.4000015258789 0.6000003814697266
      vertex 49.1067008972168 73.46148681640625 0
      vertex 48.797584533691406 73.4000015258789 0
    endloop
  endfacet
  facet normal 0.9238749160014491 -0.382694577415614 0
    outer loop
      vertex 47.10148620605469 75.46670532226562 0.6000003814697266
      vertex 47.22209930419922 75.75788116455078 0
      vertex 47.22209930419922 75.75788116455078 0.6000003814697266
    endloop
  endfacet
  facet normal 0.9238749160014491 -0.382694577415614 0
    outer loop
      vertex 47.22209930419922 75.75788116455078 0
      vertex 47.10148620605469 75.46670532226562 0.6000003814697266
      vertex 47.10148620605469 75.46670532226562 0
    endloop
  endfacet
  facet normal -0.9807868199227205 0.19508258216939073 0
    outer loop
      vertex 50.17851257324219 74.53329467773438 0
      vertex 50.23999786376953 74.84241485595703 0.6000003814697266
      vertex 50.23999786376953 74.84241485595703 0
    endloop
  endfacet
  facet normal -0.9807868199227205 0.19508258216939073 0
    outer loop
      vertex 50.23999786376953 74.84241485595703 0.6000003814697266
      vertex 50.17851257324219 74.53329467773438 0
      vertex 50.17851257324219 74.53329467773438 0.6000003814697266
    endloop
  endfacet
  facet normal 0.9807868199227205 0.19508258216939073 0
    outer loop
      vertex 47.10148620605469 74.53329467773438 0.6000003814697266
      vertex 47.040000915527344 74.84241485595703 0
      vertex 47.040000915527344 74.84241485595703 0.6000003814697266
    endloop
  endfacet
  facet normal 0.9807868199227205 0.19508258216939073 0
    outer loop
      vertex 47.040000915527344 74.84241485595703 0
      vertex 47.10148620605469 74.53329467773438 0.6000003814697266
      vertex 47.10148620605469 74.53329467773438 0
    endloop
  endfacet
  facet normal -0.9238749160014491 -0.382694577415614 0
    outer loop
      vertex 50.17851257324219 75.46670532226562 0
      vertex 50.057899475097656 75.75788116455078 0.6000003814697266
      vertex 50.057899475097656 75.75788116455078 0
    endloop
  endfacet
  facet normal -0.9238749160014491 -0.382694577415614 0
    outer loop
      vertex 50.057899475097656 75.75788116455078 0.6000003814697266
      vertex 50.17851257324219 75.46670532226562 0
      vertex 50.17851257324219 75.46670532226562 0.6000003814697266
    endloop
  endfacet
  facet normal 0 -1 0
    outer loop
      vertex 48.48241424560547 76.5999984741211 0
      vertex 48.797584533691406 76.5999984741211 0.6000003814697266
      vertex 48.48241424560547 76.5999984741211 0.6000003814697266
    endloop
  endfacet
  facet normal 0 -1 0
    outer loop
      vertex 48.797584533691406 76.5999984741211 0.6000003814697266
      vertex 48.48241424560547 76.5999984741211 0
      vertex 48.797584533691406 76.5999984741211 0
    endloop
  endfacet
  facet normal 0.9807868199227205 -0.19508258216939073 0
    outer loop
      vertex 47.040000915527344 75.15758514404297 0.6000003814697266
      vertex 47.10148620605469 75.46670532226562 0
      vertex 47.10148620605469 75.46670532226562 0.6000003814697266
    endloop
  endfacet
  facet normal 0.9807868199227205 -0.19508258216939073 0
    outer loop
      vertex 47.10148620605469 75.46670532226562 0
      vertex 47.040000915527344 75.15758514404297 0.6000003814697266
      vertex 47.040000915527344 75.15758514404297 0
    endloop
  endfacet
  facet normal 0.7070946774424675 0.7071188847234481 0
    outer loop
      vertex 47.620059967041016 73.7572021484375 0
      vertex 47.39719772338867 73.98005676269531 0.6000003814697266
      vertex 47.620059967041016 73.7572021484375 0.6000003814697266
    endloop
  endfacet
  facet normal 0.7070946774424675 0.7071188847234481 0
    outer loop
      vertex 47.39719772338867 73.98005676269531 0.6000003814697266
      vertex 47.620059967041016 73.7572021484375 0
      vertex 47.39719772338867 73.98005676269531 0
    endloop
  endfacet
  facet normal -0.3826860187804458 -0.9238784611787269 0
    outer loop
      vertex 49.1067008972168 76.53851318359375 0
      vertex 49.397884368896484 76.41790008544922 0.6000003814697266
      vertex 49.1067008972168 76.53851318359375 0.6000003814697266
    endloop
  endfacet
  facet normal -0.3826860187804458 -0.9238784611787269 0
    outer loop
      vertex 49.397884368896484 76.41790008544922 0.6000003814697266
      vertex 49.1067008972168 76.53851318359375 0
      vertex 49.397884368896484 76.41790008544922 0
    endloop
  endfacet
  facet normal 0.8314707289115353 0.5555685618925175 0
    outer loop
      vertex 47.39719772338867 73.98005676269531 0.6000003814697266
      vertex 47.22209930419922 74.24211120605469 0
      vertex 47.22209930419922 74.24211120605469 0.6000003814697266
    endloop
  endfacet
  facet normal 0.8314707289115353 0.5555685618925175 0
    outer loop
      vertex 47.22209930419922 74.24211120605469 0
      vertex 47.39719772338867 73.98005676269531 0.6000003814697266
      vertex 47.39719772338867 73.98005676269531 0
    endloop
  endfacet
  facet normal 1 0 0
    outer loop
      vertex 47.040000915527344 74.84241485595703 0.6000003814697266
      vertex 47.040000915527344 75.15758514404297 0
      vertex 47.040000915527344 75.15758514404297 0.6000003814697266
    endloop
  endfacet
  facet normal 1 0 0
    outer loop
      vertex 47.040000915527344 75.15758514404297 0
      vertex 47.040000915527344 74.84241485595703 0.6000003814697266
      vertex 47.040000915527344 74.84241485595703 0
    endloop
  endfacet
  facet normal -0.3826860187804458 0.9238784611787269 0
    outer loop
      vertex 49.397884368896484 73.58209991455078 0
      vertex 49.1067008972168 73.46148681640625 0.6000003814697266
      vertex 49.397884368896484 73.58209991455078 0.6000003814697266
    endloop
  endfacet
  facet normal -0.3826860187804458 0.9238784611787269 0
    outer loop
      vertex 49.1067008972168 73.46148681640625 0.6000003814697266
      vertex 49.397884368896484 73.58209991455078 0
      vertex 49.1067008972168 73.46148681640625 0
    endloop
  endfacet
  facet normal -0.9238784611787269 0.3826860187804458 0
    outer loop
      vertex 50.057899475097656 74.24211120605469 0
      vertex 50.17851257324219 74.53329467773438 0.6000003814697266
      vertex 50.17851257324219 74.53329467773438 0
    endloop
  endfacet
  facet normal -0.9238784611787269 0.3826860187804458 0
    outer loop
      vertex 50.17851257324219 74.53329467773438 0.6000003814697266
      vertex 50.057899475097656 74.24211120605469 0
      vertex 50.057899475097656 74.24211120605469 0.6000003814697266
    endloop
  endfacet
  facet normal 0.3826860187804458 0.9238784611787269 0
    outer loop
      vertex 48.17329788208008 73.46148681640625 0
      vertex 47.88211441040039 73.58209991455078 0.6000003814697266
      vertex 48.17329788208008 73.46148681640625 0.6000003814697266
    endloop
  endfacet
  facet normal 0.3826860187804458 0.9238784611787269 0
    outer loop
      vertex 47.88211441040039 73.58209991455078 0.6000003814697266
      vertex 48.17329788208008 73.46148681640625 0
      vertex 47.88211441040039 73.58209991455078 0
    endloop
  endfacet
  facet normal -0.5555769295725357 0.8314651377699209 0
    outer loop
      vertex 49.65993881225586 73.7572021484375 0
      vertex 49.397884368896484 73.58209991455078 0.6000003814697266
      vertex 49.65993881225586 73.7572021484375 0.6000003814697266
    endloop
  endfacet
  facet normal -0.5555769295725357 0.8314651377699209 0
    outer loop
      vertex 49.397884368896484 73.58209991455078 0.6000003814697266
      vertex 49.65993881225586 73.7572021484375 0
      vertex 49.397884368896484 73.58209991455078 0
    endloop
  endfacet
  facet normal 0.19508489799319606 0.9807863592928809 0
    outer loop
      vertex 48.48241424560547 73.4000015258789 0
      vertex 48.17329788208008 73.46148681640625 0.6000003814697266
      vertex 48.48241424560547 73.4000015258789 0.6000003814697266
    endloop
  endfacet
  facet normal 0.19508489799319606 0.9807863592928809 0
    outer loop
      vertex 48.17329788208008 73.46148681640625 0.6000003814697266
      vertex 48.48241424560547 73.4000015258789 0
      vertex 48.17329788208008 73.46148681640625 0
    endloop
  endfacet
  facet normal 0.3826806345142009 0.923880691414107 0
    outer loop
      vertex -69.4292221069336 -65.90392303466797 0
      vertex -69.88419342041016 -65.71546936035156 0.6000003814697266
      vertex -69.4292221069336 -65.90392303466797 0.6000003814697266
    endloop
  endfacet
  facet normal 0.3826806345142009 0.923880691414107 0
    outer loop
      vertex -69.88419342041016 -65.71546936035156 0.6000003814697266
      vertex -69.4292221069336 -65.90392303466797 0
      vertex -69.88419342041016 -65.71546936035156 0
    endloop
  endfacet
  facet normal -0.9807853387944838 -0.19509002846324505 0
    outer loop
      vertex -4.799999237060547 63.7462272644043 0
      vertex -4.896073341369629 64.2292251586914 0.6000003814697266
      vertex -4.896073341369629 64.2292251586914 0
    endloop
  endfacet
  facet normal -0.9807853387944838 -0.19509002846324505 0
    outer loop
      vertex -4.896073341369629 64.2292251586914 0.6000003814697266
      vertex -4.799999237060547 63.7462272644043 0
      vertex -4.799999237060547 63.7462272644043 0.6000003814697266
    endloop
  endfacet
  facet normal 0.8314658859785166 0.5555758098171306 0
    outer loop
      vertex -70.64187622070312 -65.09365844726562 0.6000003814697266
      vertex -70.91547393798828 -64.68419647216797 0
      vertex -70.91547393798828 -64.68419647216797 0.6000003814697266
    endloop
  endfacet
  facet normal 0.8314658859785166 0.5555758098171306 0
    outer loop
      vertex -70.91547393798828 -64.68419647216797 0
      vertex -70.64187622070312 -65.09365844726562 0.6000003814697266
      vertex -70.64187622070312 -65.09365844726562 0
    endloop
  endfacet
  facet normal 0.923880691414107 -0.3826806345142009 0
    outer loop
      vertex -71.10392761230469 64.2292251586914 0.6000003814697266
      vertex -70.91547393798828 64.68419647216797 0
      vertex -70.91547393798828 64.68419647216797 0.6000003814697266
    endloop
  endfacet
  facet normal 0.923880691414107 -0.3826806345142009 0
    outer loop
      vertex -70.91547393798828 64.68419647216797 0
      vertex -71.10392761230469 64.2292251586914 0.6000003814697266
      vertex -71.10392761230469 64.2292251586914 0
    endloop
  endfacet
  facet normal 0 1 0
    outer loop
      vertex -7.053771018981934 -66 0
      vertex -68.94622802734375 -66 0.6000003814697266
      vertex -7.053771018981934 -66 0.6000003814697266
    endloop
  endfacet
  facet normal 0 1 0
    outer loop
      vertex -68.94622802734375 -66 0.6000003814697266
      vertex -7.053771018981934 -66 0
      vertex -68.94622802734375 -66 0
    endloop
  endfacet
  facet normal -0.9807853387944838 0.19509002846324505 0
    outer loop
      vertex -4.896073341369629 -64.2292251586914 0
      vertex -4.799999237060547 -63.7462272644043 0.6000003814697266
      vertex -4.799999237060547 -63.7462272644043 0
    endloop
  endfacet
  facet normal -0.9807853387944838 0.19509002846324505 0
    outer loop
      vertex -4.799999237060547 -63.7462272644043 0.6000003814697266
      vertex -4.896073341369629 -64.2292251586914 0
      vertex -4.896073341369629 -64.2292251586914 0.6000003814697266
    endloop
  endfacet
  facet normal 0.8314658859785166 -0.5555758098171306 0
    outer loop
      vertex -70.91547393798828 64.68419647216797 0.6000003814697266
      vertex -70.64187622070312 65.09365844726562 0
      vertex -70.64187622070312 65.09365844726562 0.6000003814697266
    endloop
  endfacet
  facet normal 0.8314658859785166 -0.5555758098171306 0
    outer loop
      vertex -70.64187622070312 65.09365844726562 0
      vertex -70.91547393798828 64.68419647216797 0.6000003814697266
      vertex -70.91547393798828 64.68419647216797 0
    endloop
  endfacet
  facet normal 0.923880691414107 0.3826806345142009 0
    outer loop
      vertex -70.91547393798828 -64.68419647216797 0.6000003814697266
      vertex -71.10392761230469 -64.2292251586914 0
      vertex -71.10392761230469 -64.2292251586914 0.6000003814697266
    endloop
  endfacet
  facet normal 0.923880691414107 0.3826806345142009 0
    outer loop
      vertex -71.10392761230469 -64.2292251586914 0
      vertex -70.91547393798828 -64.68419647216797 0.6000003814697266
      vertex -70.91547393798828 -64.68419647216797 0
    endloop
  endfacet
  facet normal 1 0 0
    outer loop
      vertex -71.19999694824219 -63.7462272644043 0.6000003814697266
      vertex -71.19999694824219 63.7462272644043 0
      vertex -71.19999694824219 63.7462272644043 0.6000003814697266
    endloop
  endfacet
  facet normal 1 0 0
    outer loop
      vertex -71.19999694824219 63.7462272644043 0
      vertex -71.19999694824219 -63.7462272644043 0.6000003814697266
      vertex -71.19999694824219 -63.7462272644043 0
    endloop
  endfacet
  facet normal 0.9807871914655074 -0.19508071421132836 0
    outer loop
      vertex -71.19999694824219 63.7462272644043 0.6000003814697266
      vertex -71.10392761230469 64.2292251586914 0
      vertex -71.10392761230469 64.2292251586914 0.6000003814697266
    endloop
  endfacet
  facet normal 0.9807871914655074 -0.19508071421132836 0
    outer loop
      vertex -71.10392761230469 64.2292251586914 0
      vertex -71.19999694824219 63.7462272644043 0.6000003814697266
      vertex -71.19999694824219 63.7462272644043 0
    endloop
  endfacet
  facet normal 0.9807871914655074 0.19508071421132836 0
    outer loop
      vertex -71.10392761230469 -64.2292251586914 0.6000003814697266
      vertex -71.19999694824219 -63.7462272644043 0
      vertex -71.19999694824219 -63.7462272644043 0.6000003814697266
    endloop
  endfacet
  facet normal 0.9807871914655074 0.19508071421132836 0
    outer loop
      vertex -71.19999694824219 -63.7462272644043 0
      vertex -71.10392761230469 -64.2292251586914 0.6000003814697266
      vertex -71.10392761230469 -64.2292251586914 0
    endloop
  endfacet
  facet normal -1 0 0
    outer loop
      vertex -4.799999237060547 -63.7462272644043 0
      vertex -4.799999237060547 63.7462272644043 0.6000003814697266
      vertex -4.799999237060547 63.7462272644043 0
    endloop
  endfacet
  facet normal -1 0 0
    outer loop
      vertex -4.799999237060547 63.7462272644043 0.6000003814697266
      vertex -4.799999237060547 -63.7462272644043 0
      vertex -4.799999237060547 -63.7462272644043 0.6000003814697266
    endloop
  endfacet
  facet normal -0.5555642046013824 -0.8314736403312094 0
    outer loop
      vertex -6.115805625915527 65.71546936035156 0
      vertex -5.706342697143555 65.44187927246094 0.6000003814697266
      vertex -6.115805625915527 65.71546936035156 0.6000003814697266
    endloop
  endfacet
  facet normal -0.5555642046013824 -0.8314736403312094 0
    outer loop
      vertex -5.706342697143555 65.44187927246094 0.6000003814697266
      vertex -6.115805625915527 65.71546936035156 0
      vertex -5.706342697143555 65.44187927246094 0
    endloop
  endfacet
  facet normal -0.19509672865164226 0.9807840060224409 0
    outer loop
      vertex -6.570775985717773 -65.90392303466797 0
      vertex -7.053771018981934 -66 0.6000003814697266
      vertex -6.570775985717773 -65.90392303466797 0.6000003814697266
    endloop
  endfacet
  facet normal -0.19509672865164226 0.9807840060224409 0
    outer loop
      vertex -7.053771018981934 -66 0.6000003814697266
      vertex -6.570775985717773 -65.90392303466797 0
      vertex -7.053771018981934 -66 0
    endloop
  endfacet
  facet normal 0.19509709920859628 -0.980783932311491 0
    outer loop
      vertex -69.4292221069336 65.90392303466797 0
      vertex -68.94622802734375 66 0.6000003814697266
      vertex -69.4292221069336 65.90392303466797 0.6000003814697266
    endloop
  endfacet
  facet normal 0.19509709920859628 -0.980783932311491 0
    outer loop
      vertex -68.94622802734375 66 0.6000003814697266
      vertex -69.4292221069336 65.90392303466797 0
      vertex -68.94622802734375 66 0
    endloop
  endfacet
  facet normal -0.9238800067383434 -0.3826822874776916 0
    outer loop
      vertex -4.896073341369629 64.2292251586914 0
      vertex -5.084527969360352 64.68419647216797 0.6000003814697266
      vertex -5.084527969360352 64.68419647216797 0
    endloop
  endfacet
  facet normal -0.9238800067383434 -0.3826822874776916 0
    outer loop
      vertex -5.084527969360352 64.68419647216797 0.6000003814697266
      vertex -4.896073341369629 64.2292251586914 0
      vertex -4.896073341369629 64.2292251586914 0.6000003814697266
    endloop
  endfacet
  facet normal -0.9238800067383434 0.3826822874776916 0
    outer loop
      vertex -5.084527969360352 -64.68419647216797 0
      vertex -4.896073341369629 -64.2292251586914 0.6000003814697266
      vertex -4.896073341369629 -64.2292251586914 0
    endloop
  endfacet
  facet normal -0.9238800067383434 0.3826822874776916 0
    outer loop
      vertex -4.896073341369629 -64.2292251586914 0.6000003814697266
      vertex -5.084527969360352 -64.68419647216797 0
      vertex -5.084527969360352 -64.68419647216797 0.6000003814697266
    endloop
  endfacet
  facet normal 0 -1 0
    outer loop
      vertex -68.94622802734375 66 0
      vertex -7.053771018981934 66 0.6000003814697266
      vertex -68.94622802734375 66 0.6000003814697266
    endloop
  endfacet
  facet normal 0 -1 0
    outer loop
      vertex -7.053771018981934 66 0.6000003814697266
      vertex -68.94622802734375 66 0
      vertex -7.053771018981934 66 0
    endloop
  endfacet
  facet normal -0.7071077494658535 -0.7071058129059157 0
    outer loop
      vertex -5.358122825622559 65.09365844726562 0
      vertex -5.706342697143555 65.44187927246094 0.6000003814697266
      vertex -5.706342697143555 65.44187927246094 0
    endloop
  endfacet
  facet normal -0.7071077494658535 -0.7071058129059157 0
    outer loop
      vertex -5.706342697143555 65.44187927246094 0.6000003814697266
      vertex -5.358122825622559 65.09365844726562 0
      vertex -5.358122825622559 65.09365844726562 0.6000003814697266
    endloop
  endfacet
  facet normal 0.19509709920859628 0.980783932311491 0
    outer loop
      vertex -68.94622802734375 -66 0
      vertex -69.4292221069336 -65.90392303466797 0.6000003814697266
      vertex -68.94622802734375 -66 0.6000003814697266
    endloop
  endfacet
  facet normal 0.19509709920859628 0.980783932311491 0
    outer loop
      vertex -69.4292221069336 -65.90392303466797 0.6000003814697266
      vertex -68.94622802734375 -66 0
      vertex -69.4292221069336 -65.90392303466797 0
    endloop
  endfacet
  facet normal 0.7071067811865476 0.7071067811865476 0
    outer loop
      vertex -70.29365539550781 -65.44187927246094 0.6000003814697266
      vertex -70.64187622070312 -65.09365844726562 0
      vertex -70.64187622070312 -65.09365844726562 0.6000003814697266
    endloop
  endfacet
  facet normal 0.7071067811865476 0.7071067811865476 0
    outer loop
      vertex -70.64187622070312 -65.09365844726562 0
      vertex -70.29365539550781 -65.44187927246094 0.6000003814697266
      vertex -70.29365539550781 -65.44187927246094 0
    endloop
  endfacet
  facet normal 0.3826806345142009 -0.923880691414107 0
    outer loop
      vertex -69.88419342041016 65.71546936035156 0
      vertex -69.4292221069336 65.90392303466797 0.6000003814697266
      vertex -69.88419342041016 65.71546936035156 0.6000003814697266
    endloop
  endfacet
  facet normal 0.3826806345142009 -0.923880691414107 0
    outer loop
      vertex -69.4292221069336 65.90392303466797 0.6000003814697266
      vertex -69.88419342041016 65.71546936035156 0
      vertex -69.4292221069336 65.90392303466797 0
    endloop
  endfacet
  facet normal -0.19509672865164226 -0.9807840060224409 0
    outer loop
      vertex -7.053771018981934 66 0
      vertex -6.570775985717773 65.90392303466797 0.6000003814697266
      vertex -7.053771018981934 66 0.6000003814697266
    endloop
  endfacet
  facet normal -0.19509672865164226 -0.9807840060224409 0
    outer loop
      vertex -6.570775985717773 65.90392303466797 0.6000003814697266
      vertex -7.053771018981934 66 0
      vertex -6.570775985717773 65.90392303466797 0
    endloop
  endfacet
  facet normal -0.8314685697145361 -0.5555717933596552 0
    outer loop
      vertex -5.084527969360352 64.68419647216797 0
      vertex -5.358122825622559 65.09365844726562 0.6000003814697266
      vertex -5.358122825622559 65.09365844726562 0
    endloop
  endfacet
  facet normal -0.8314685697145361 -0.5555717933596552 0
    outer loop
      vertex -5.358122825622559 65.09365844726562 0.6000003814697266
      vertex -5.084527969360352 64.68419647216797 0
      vertex -5.084527969360352 64.68419647216797 0.6000003814697266
    endloop
  endfacet
  facet normal 0.5555650991774364 -0.8314730426032858 0
    outer loop
      vertex -70.29365539550781 65.44187927246094 0
      vertex -69.88419342041016 65.71546936035156 0.6000003814697266
      vertex -70.29365539550781 65.44187927246094 0.6000003814697266
    endloop
  endfacet
  facet normal 0.5555650991774364 -0.8314730426032858 0
    outer loop
      vertex -69.88419342041016 65.71546936035156 0.6000003814697266
      vertex -70.29365539550781 65.44187927246094 0
      vertex -69.88419342041016 65.71546936035156 0
    endloop
  endfacet
  facet normal -0.5555642046013824 0.8314736403312094 0
    outer loop
      vertex -5.706342697143555 -65.44187927246094 0
      vertex -6.115805625915527 -65.71546936035156 0.6000003814697266
      vertex -5.706342697143555 -65.44187927246094 0.6000003814697266
    endloop
  endfacet
  facet normal -0.5555642046013824 0.8314736403312094 0
    outer loop
      vertex -6.115805625915527 -65.71546936035156 0.6000003814697266
      vertex -5.706342697143555 -65.44187927246094 0
      vertex -6.115805625915527 -65.71546936035156 0
    endloop
  endfacet
  facet normal -0.3826813191901132 0.9238804078141902 0
    outer loop
      vertex -6.115805625915527 -65.71546936035156 0
      vertex -6.570775985717773 -65.90392303466797 0.6000003814697266
      vertex -6.115805625915527 -65.71546936035156 0.6000003814697266
    endloop
  endfacet
  facet normal -0.3826813191901132 0.9238804078141902 0
    outer loop
      vertex -6.570775985717773 -65.90392303466797 0.6000003814697266
      vertex -6.115805625915527 -65.71546936035156 0
      vertex -6.570775985717773 -65.90392303466797 0
    endloop
  endfacet
  facet normal 0.5555650991774364 0.8314730426032858 0
    outer loop
      vertex -69.88419342041016 -65.71546936035156 0
      vertex -70.29365539550781 -65.44187927246094 0.6000003814697266
      vertex -69.88419342041016 -65.71546936035156 0.6000003814697266
    endloop
  endfacet
  facet normal 0.5555650991774364 0.8314730426032858 0
    outer loop
      vertex -70.29365539550781 -65.44187927246094 0.6000003814697266
      vertex -69.88419342041016 -65.71546936035156 0
      vertex -70.29365539550781 -65.44187927246094 0
    endloop
  endfacet
  facet normal -0.7071077494658535 0.7071058129059157 0
    outer loop
      vertex -5.706342697143555 -65.44187927246094 0
      vertex -5.358122825622559 -65.09365844726562 0.6000003814697266
      vertex -5.358122825622559 -65.09365844726562 0
    endloop
  endfacet
  facet normal -0.7071077494658535 0.7071058129059157 0
    outer loop
      vertex -5.358122825622559 -65.09365844726562 0.6000003814697266
      vertex -5.706342697143555 -65.44187927246094 0
      vertex -5.706342697143555 -65.44187927246094 0.6000003814697266
    endloop
  endfacet
  facet normal -0.8314685697145361 0.5555717933596552 0
    outer loop
      vertex -5.358122825622559 -65.09365844726562 0
      vertex -5.084527969360352 -64.68419647216797 0.6000003814697266
      vertex -5.084527969360352 -64.68419647216797 0
    endloop
  endfacet
  facet normal -0.8314685697145361 0.5555717933596552 0
    outer loop
      vertex -5.084527969360352 -64.68419647216797 0.6000003814697266
      vertex -5.358122825622559 -65.09365844726562 0
      vertex -5.358122825622559 -65.09365844726562 0.6000003814697266
    endloop
  endfacet
  facet normal -0.3826813191901132 -0.9238804078141902 0
    outer loop
      vertex -6.570775985717773 65.90392303466797 0
      vertex -6.115805625915527 65.71546936035156 0.6000003814697266
      vertex -6.570775985717773 65.90392303466797 0.6000003814697266
    endloop
  endfacet
  facet normal -0.3826813191901132 -0.9238804078141902 0
    outer loop
      vertex -6.115805625915527 65.71546936035156 0.6000003814697266
      vertex -6.570775985717773 65.90392303466797 0
      vertex -6.115805625915527 65.71546936035156 0
    endloop
  endfacet
  facet normal 0.7071067811865476 -0.7071067811865476 0
    outer loop
      vertex -70.64187622070312 65.09365844726562 0.6000003814697266
      vertex -70.29365539550781 65.44187927246094 0
      vertex -70.29365539550781 65.44187927246094 0.6000003814697266
    endloop
  endfacet
  facet normal 0.7071067811865476 -0.7071067811865476 0
    outer loop
      vertex -70.29365539550781 65.44187927246094 0
      vertex -70.64187622070312 65.09365844726562 0.6000003814697266
      vertex -70.64187622070312 65.09365844726562 0
    endloop
  endfacet
  facet normal 0.3826813191901132 0.9238804078141902 0
    outer loop
      vertex 6.570775985717773 -65.90392303466797 0
      vertex 6.115805625915527 -65.71546936035156 0.6000003814697266
      vertex 6.570775985717773 -65.90392303466797 0.6000003814697266
    endloop
  endfacet
  facet normal 0.3826813191901132 0.9238804078141902 0
    outer loop
      vertex 6.115805625915527 -65.71546936035156 0.6000003814697266
      vertex 6.570775985717773 -65.90392303466797 0
      vertex 6.115805625915527 -65.71546936035156 0
    endloop
  endfacet
  facet normal -0.9807871914655074 -0.19508071421132836 0
    outer loop
      vertex 71.19999694824219 63.7462272644043 0
      vertex 71.10392761230469 64.2292251586914 0.6000003814697266
      vertex 71.10392761230469 64.2292251586914 0
    endloop
  endfacet
  facet normal -0.9807871914655074 -0.19508071421132836 0
    outer loop
      vertex 71.10392761230469 64.2292251586914 0.6000003814697266
      vertex 71.19999694824219 63.7462272644043 0
      vertex 71.19999694824219 63.7462272644043 0.6000003814697266
    endloop
  endfacet
  facet normal 0.8314685697145361 0.5555717933596552 0
    outer loop
      vertex 5.358122825622559 -65.09365844726562 0.6000003814697266
      vertex 5.084527969360352 -64.68419647216797 0
      vertex 5.084527969360352 -64.68419647216797 0.6000003814697266
    endloop
  endfacet
  facet normal 0.8314685697145361 0.5555717933596552 0
    outer loop
      vertex 5.084527969360352 -64.68419647216797 0
      vertex 5.358122825622559 -65.09365844726562 0.6000003814697266
      vertex 5.358122825622559 -65.09365844726562 0
    endloop
  endfacet
  facet normal 0.9238800067383434 -0.3826822874776916 0
    outer loop
      vertex 4.896073341369629 64.2292251586914 0.6000003814697266
      vertex 5.084527969360352 64.68419647216797 0
      vertex 5.084527969360352 64.68419647216797 0.6000003814697266
    endloop
  endfacet
  facet normal 0.9238800067383434 -0.3826822874776916 0
    outer loop
      vertex 5.084527969360352 64.68419647216797 0
      vertex 4.896073341369629 64.2292251586914 0.6000003814697266
      vertex 4.896073341369629 64.2292251586914 0
    endloop
  endfacet
  facet normal 0 1 0
    outer loop
      vertex 68.94622802734375 -66 0
      vertex 7.053771018981934 -66 0.6000003814697266
      vertex 68.94622802734375 -66 0.6000003814697266
    endloop
  endfacet
  facet normal 0 1 0
    outer loop
      vertex 7.053771018981934 -66 0.6000003814697266
      vertex 68.94622802734375 -66 0
      vertex 7.053771018981934 -66 0
    endloop
  endfacet
  facet normal -0.9807871914655074 0.19508071421132836 0
    outer loop
      vertex 71.10392761230469 -64.2292251586914 0
      vertex 71.19999694824219 -63.7462272644043 0.6000003814697266
      vertex 71.19999694824219 -63.7462272644043 0
    endloop
  endfacet
  facet normal -0.9807871914655074 0.19508071421132836 0
    outer loop
      vertex 71.19999694824219 -63.7462272644043 0.6000003814697266
      vertex 71.10392761230469 -64.2292251586914 0
      vertex 71.10392761230469 -64.2292251586914 0.6000003814697266
    endloop
  endfacet
  facet normal 0.8314685697145361 -0.5555717933596552 0
    outer loop
      vertex 5.084527969360352 64.68419647216797 0.6000003814697266
      vertex 5.358122825622559 65.09365844726562 0
      vertex 5.358122825622559 65.09365844726562 0.6000003814697266
    endloop
  endfacet
  facet normal 0.8314685697145361 -0.5555717933596552 0
    outer loop
      vertex 5.358122825622559 65.09365844726562 0
      vertex 5.084527969360352 64.68419647216797 0.6000003814697266
      vertex 5.084527969360352 64.68419647216797 0
    endloop
  endfacet
  facet normal 0.9238800067383434 0.3826822874776916 0
    outer loop
      vertex 5.084527969360352 -64.68419647216797 0.6000003814697266
      vertex 4.896073341369629 -64.2292251586914 0
      vertex 4.896073341369629 -64.2292251586914 0.6000003814697266
    endloop
  endfacet
  facet normal 0.9238800067383434 0.3826822874776916 0
    outer loop
      vertex 4.896073341369629 -64.2292251586914 0
      vertex 5.084527969360352 -64.68419647216797 0.6000003814697266
      vertex 5.084527969360352 -64.68419647216797 0
    endloop
  endfacet
  facet normal 1 0 0
    outer loop
      vertex 4.799999237060547 -63.7462272644043 0.6000003814697266
      vertex 4.799999237060547 63.7462272644043 0
      vertex 4.799999237060547 63.7462272644043 0.6000003814697266
    endloop
  endfacet
  facet normal 1 0 0
    outer loop
      vertex 4.799999237060547 63.7462272644043 0
      vertex 4.799999237060547 -63.7462272644043 0.6000003814697266
      vertex 4.799999237060547 -63.7462272644043 0
    endloop
  endfacet
  facet normal 0.9807853387944838 -0.19509002846324505 0
    outer loop
      vertex 4.799999237060547 63.7462272644043 0.6000003814697266
      vertex 4.896073341369629 64.2292251586914 0
      vertex 4.896073341369629 64.2292251586914 0.6000003814697266
    endloop
  endfacet
  facet normal 0.9807853387944838 -0.19509002846324505 0
    outer loop
      vertex 4.896073341369629 64.2292251586914 0
      vertex 4.799999237060547 63.7462272644043 0.6000003814697266
      vertex 4.799999237060547 63.7462272644043 0
    endloop
  endfacet
  facet normal -0.7071067811865476 0.7071067811865476 0
    outer loop
      vertex 70.29365539550781 -65.44187927246094 0
      vertex 70.64187622070312 -65.09365844726562 0.6000003814697266
      vertex 70.64187622070312 -65.09365844726562 0
    endloop
  endfacet
  facet normal -0.7071067811865476 0.7071067811865476 0
    outer loop
      vertex 70.64187622070312 -65.09365844726562 0.6000003814697266
      vertex 70.29365539550781 -65.44187927246094 0
      vertex 70.29365539550781 -65.44187927246094 0.6000003814697266
    endloop
  endfacet
  facet normal 0.9807853387944838 0.19509002846324505 0
    outer loop
      vertex 4.896073341369629 -64.2292251586914 0.6000003814697266
      vertex 4.799999237060547 -63.7462272644043 0
      vertex 4.799999237060547 -63.7462272644043 0.6000003814697266
    endloop
  endfacet
  facet normal 0.9807853387944838 0.19509002846324505 0
    outer loop
      vertex 4.799999237060547 -63.7462272644043 0
      vertex 4.896073341369629 -64.2292251586914 0.6000003814697266
      vertex 4.896073341369629 -64.2292251586914 0
    endloop
  endfacet
  facet normal -1 0 0
    outer loop
      vertex 71.19999694824219 -63.7462272644043 0
      vertex 71.19999694824219 63.7462272644043 0.6000003814697266
      vertex 71.19999694824219 63.7462272644043 0
    endloop
  endfacet
  facet normal -1 0 0
    outer loop
      vertex 71.19999694824219 63.7462272644043 0.6000003814697266
      vertex 71.19999694824219 -63.7462272644043 0
      vertex 71.19999694824219 -63.7462272644043 0.6000003814697266
    endloop
  endfacet
  facet normal -0.5555650991774364 -0.8314730426032858 0
    outer loop
      vertex 69.88419342041016 65.71546936035156 0
      vertex 70.29365539550781 65.44187927246094 0.6000003814697266
      vertex 69.88419342041016 65.71546936035156 0.6000003814697266
    endloop
  endfacet
  facet normal -0.5555650991774364 -0.8314730426032858 0
    outer loop
      vertex 70.29365539550781 65.44187927246094 0.6000003814697266
      vertex 69.88419342041016 65.71546936035156 0
      vertex 70.29365539550781 65.44187927246094 0
    endloop
  endfacet
  facet normal -0.19509709920859628 0.980783932311491 0
    outer loop
      vertex 69.4292221069336 -65.90392303466797 0
      vertex 68.94622802734375 -66 0.6000003814697266
      vertex 69.4292221069336 -65.90392303466797 0.6000003814697266
    endloop
  endfacet
  facet normal -0.19509709920859628 0.980783932311491 0
    outer loop
      vertex 68.94622802734375 -66 0.6000003814697266
      vertex 69.4292221069336 -65.90392303466797 0
      vertex 68.94622802734375 -66 0
    endloop
  endfacet
  facet normal 0.19509672865164226 -0.9807840060224409 0
    outer loop
      vertex 6.570775985717773 65.90392303466797 0
      vertex 7.053771018981934 66 0.6000003814697266
      vertex 6.570775985717773 65.90392303466797 0.6000003814697266
    endloop
  endfacet
  facet normal 0.19509672865164226 -0.9807840060224409 0
    outer loop
      vertex 7.053771018981934 66 0.6000003814697266
      vertex 6.570775985717773 65.90392303466797 0
      vertex 7.053771018981934 66 0
    endloop
  endfacet
  facet normal -0.923880691414107 -0.3826806345142009 0
    outer loop
      vertex 71.10392761230469 64.2292251586914 0
      vertex 70.91547393798828 64.68419647216797 0.6000003814697266
      vertex 70.91547393798828 64.68419647216797 0
    endloop
  endfacet
  facet normal -0.923880691414107 -0.3826806345142009 0
    outer loop
      vertex 70.91547393798828 64.68419647216797 0.6000003814697266
      vertex 71.10392761230469 64.2292251586914 0
      vertex 71.10392761230469 64.2292251586914 0.6000003814697266
    endloop
  endfacet
  facet normal -0.923880691414107 0.3826806345142009 0
    outer loop
      vertex 70.91547393798828 -64.68419647216797 0
      vertex 71.10392761230469 -64.2292251586914 0.6000003814697266
      vertex 71.10392761230469 -64.2292251586914 0
    endloop
  endfacet
  facet normal -0.923880691414107 0.3826806345142009 0
    outer loop
      vertex 71.10392761230469 -64.2292251586914 0.6000003814697266
      vertex 70.91547393798828 -64.68419647216797 0
      vertex 70.91547393798828 -64.68419647216797 0.6000003814697266
    endloop
  endfacet
  facet normal 0 -1 0
    outer loop
      vertex 7.053771018981934 66 0
      vertex 68.94622802734375 66 0.6000003814697266
      vertex 7.053771018981934 66 0.6000003814697266
    endloop
  endfacet
  facet normal 0 -1 0
    outer loop
      vertex 68.94622802734375 66 0.6000003814697266
      vertex 7.053771018981934 66 0
      vertex 68.94622802734375 66 0
    endloop
  endfacet
  facet normal -0.7071067811865476 -0.7071067811865476 0
    outer loop
      vertex 70.64187622070312 65.09365844726562 0
      vertex 70.29365539550781 65.44187927246094 0.6000003814697266
      vertex 70.29365539550781 65.44187927246094 0
    endloop
  endfacet
  facet normal -0.7071067811865476 -0.7071067811865476 0
    outer loop
      vertex 70.29365539550781 65.44187927246094 0.6000003814697266
      vertex 70.64187622070312 65.09365844726562 0
      vertex 70.64187622070312 65.09365844726562 0.6000003814697266
    endloop
  endfacet
  facet normal 0.19509672865164226 0.9807840060224409 0
    outer loop
      vertex 7.053771018981934 -66 0
      vertex 6.570775985717773 -65.90392303466797 0.6000003814697266
      vertex 7.053771018981934 -66 0.6000003814697266
    endloop
  endfacet
  facet normal 0.19509672865164226 0.9807840060224409 0
    outer loop
      vertex 6.570775985717773 -65.90392303466797 0.6000003814697266
      vertex 7.053771018981934 -66 0
      vertex 6.570775985717773 -65.90392303466797 0
    endloop
  endfacet
  facet normal 0.7071077494658535 0.7071058129059157 0
    outer loop
      vertex 5.706342697143555 -65.44187927246094 0.6000003814697266
      vertex 5.358122825622559 -65.09365844726562 0
      vertex 5.358122825622559 -65.09365844726562 0.6000003814697266
    endloop
  endfacet
  facet normal 0.7071077494658535 0.7071058129059157 0
    outer loop
      vertex 5.358122825622559 -65.09365844726562 0
      vertex 5.706342697143555 -65.44187927246094 0.6000003814697266
      vertex 5.706342697143555 -65.44187927246094 0
    endloop
  endfacet
  facet normal 0.3826813191901132 -0.9238804078141902 0
    outer loop
      vertex 6.115805625915527 65.71546936035156 0
      vertex 6.570775985717773 65.90392303466797 0.6000003814697266
      vertex 6.115805625915527 65.71546936035156 0.6000003814697266
    endloop
  endfacet
  facet normal 0.3826813191901132 -0.9238804078141902 0
    outer loop
      vertex 6.570775985717773 65.90392303466797 0.6000003814697266
      vertex 6.115805625915527 65.71546936035156 0
      vertex 6.570775985717773 65.90392303466797 0
    endloop
  endfacet
  facet normal -0.19509709920859628 -0.980783932311491 0
    outer loop
      vertex 68.94622802734375 66 0
      vertex 69.4292221069336 65.90392303466797 0.6000003814697266
      vertex 68.94622802734375 66 0.6000003814697266
    endloop
  endfacet
  facet normal -0.19509709920859628 -0.980783932311491 0
    outer loop
      vertex 69.4292221069336 65.90392303466797 0.6000003814697266
      vertex 68.94622802734375 66 0
      vertex 69.4292221069336 65.90392303466797 0
    endloop
  endfacet
  facet normal -0.8314658859785166 -0.5555758098171306 0
    outer loop
      vertex 70.91547393798828 64.68419647216797 0
      vertex 70.64187622070312 65.09365844726562 0.6000003814697266
      vertex 70.64187622070312 65.09365844726562 0
    endloop
  endfacet
  facet normal -0.8314658859785166 -0.5555758098171306 0
    outer loop
      vertex 70.64187622070312 65.09365844726562 0.6000003814697266
      vertex 70.91547393798828 64.68419647216797 0
      vertex 70.91547393798828 64.68419647216797 0.6000003814697266
    endloop
  endfacet
  facet normal 0.5555642046013824 -0.8314736403312094 0
    outer loop
      vertex 5.706342697143555 65.44187927246094 0
      vertex 6.115805625915527 65.71546936035156 0.6000003814697266
      vertex 5.706342697143555 65.44187927246094 0.6000003814697266
    endloop
  endfacet
  facet normal 0.5555642046013824 -0.8314736403312094 0
    outer loop
      vertex 6.115805625915527 65.71546936035156 0.6000003814697266
      vertex 5.706342697143555 65.44187927246094 0
      vertex 6.115805625915527 65.71546936035156 0
    endloop
  endfacet
  facet normal -0.5555650991774364 0.8314730426032858 0
    outer loop
      vertex 70.29365539550781 -65.44187927246094 0
      vertex 69.88419342041016 -65.71546936035156 0.6000003814697266
      vertex 70.29365539550781 -65.44187927246094 0.6000003814697266
    endloop
  endfacet
  facet normal -0.5555650991774364 0.8314730426032858 0
    outer loop
      vertex 69.88419342041016 -65.71546936035156 0.6000003814697266
      vertex 70.29365539550781 -65.44187927246094 0
      vertex 69.88419342041016 -65.71546936035156 0
    endloop
  endfacet
  facet normal -0.3826806345142009 0.923880691414107 0
    outer loop
      vertex 69.88419342041016 -65.71546936035156 0
      vertex 69.4292221069336 -65.90392303466797 0.6000003814697266
      vertex 69.88419342041016 -65.71546936035156 0.6000003814697266
    endloop
  endfacet
  facet normal -0.3826806345142009 0.923880691414107 0
    outer loop
      vertex 69.4292221069336 -65.90392303466797 0.6000003814697266
      vertex 69.88419342041016 -65.71546936035156 0
      vertex 69.4292221069336 -65.90392303466797 0
    endloop
  endfacet
  facet normal 0.5555642046013824 0.8314736403312094 0
    outer loop
      vertex 6.115805625915527 -65.71546936035156 0
      vertex 5.706342697143555 -65.44187927246094 0.6000003814697266
      vertex 6.115805625915527 -65.71546936035156 0.6000003814697266
    endloop
  endfacet
  facet normal 0.5555642046013824 0.8314736403312094 0
    outer loop
      vertex 5.706342697143555 -65.44187927246094 0.6000003814697266
      vertex 6.115805625915527 -65.71546936035156 0
      vertex 5.706342697143555 -65.44187927246094 0
    endloop
  endfacet
  facet normal -0.8314658859785166 0.5555758098171306 0
    outer loop
      vertex 70.64187622070312 -65.09365844726562 0
      vertex 70.91547393798828 -64.68419647216797 0.6000003814697266
      vertex 70.91547393798828 -64.68419647216797 0
    endloop
  endfacet
  facet normal -0.8314658859785166 0.5555758098171306 0
    outer loop
      vertex 70.91547393798828 -64.68419647216797 0.6000003814697266
      vertex 70.64187622070312 -65.09365844726562 0
      vertex 70.64187622070312 -65.09365844726562 0.6000003814697266
    endloop
  endfacet
  facet normal -0.3826806345142009 -0.923880691414107 0
    outer loop
      vertex 69.4292221069336 65.90392303466797 0
      vertex 69.88419342041016 65.71546936035156 0.6000003814697266
      vertex 69.4292221069336 65.90392303466797 0.6000003814697266
    endloop
  endfacet
  facet normal -0.3826806345142009 -0.923880691414107 0
    outer loop
      vertex 69.88419342041016 65.71546936035156 0.6000003814697266
      vertex 69.4292221069336 65.90392303466797 0
      vertex 69.88419342041016 65.71546936035156 0
    endloop
  endfacet
  facet normal 0.7071077494658535 -0.7071058129059157 0
    outer loop
      vertex 5.358122825622559 65.09365844726562 0.6000003814697266
      vertex 5.706342697143555 65.44187927246094 0
      vertex 5.706342697143555 65.44187927246094 0.6000003814697266
    endloop
  endfacet
  facet normal 0.7071077494658535 -0.7071058129059157 0
    outer loop
      vertex 5.706342697143555 65.44187927246094 0
      vertex 5.358122825622559 65.09365844726562 0.6000003814697266
      vertex 5.358122825622559 65.09365844726562 0
    endloop
  endfacet
endsolid OpenSCAD_Model
