solid OpenSCAD_Model
  facet normal -0.790573135465066 -0.612367632620254 0
    outer loop
      vertex -57.416748046875 -116.13746643066406 0
      vertex -63.00587463378906 -108.92184448242188 18
      vertex -63.00587463378906 -108.92184448242188 0
    endloop
  endfacet
  facet normal -0.790573135465066 -0.612367632620254 0
    outer loop
      vertex -63.00587463378906 -108.92184448242188 18
      vertex -57.416748046875 -116.13746643066406 0
      vertex -57.416748046875 -116.13746643066406 18
    endloop
  endfacet
  facet normal -0.3826949923203938 -0.9238747441362892 0
    outer loop
      vertex -57.113677978515625 -116.38618469238281 0
      vertex -56.93168640136719 -116.4615707397461 18
      vertex -57.113677978515625 -116.38618469238281 18
    endloop
  endfacet
  facet normal -0.3826949923203938 -0.9238747441362892 0
    outer loop
      vertex -56.93168640136719 -116.4615707397461 18
      vertex -57.113677978515625 -116.38618469238281 0
      vertex -56.93168640136719 -116.4615707397461 0
    endloop
  endfacet
  facet normal -0.19509187107699222 -0.980784972274595 0
    outer loop
      vertex -56.93168640136719 -116.4615707397461 0
      vertex -56.73849105834961 -116.5 18
      vertex -56.93168640136719 -116.4615707397461 18
    endloop
  endfacet
  facet normal -0.19509187107699222 -0.980784972274595 0
    outer loop
      vertex -56.73849105834961 -116.5 18
      vertex -56.93168640136719 -116.4615707397461 0
      vertex -56.73849105834961 -116.5 0
    endloop
  endfacet
  facet normal 0.3826949923203938 -0.9238747441362892 0
    outer loop
      vertex -40.34831237792969 -116.4615707397461 0
      vertex -40.16632080078125 -116.38618469238281 18
      vertex -40.34831237792969 -116.4615707397461 18
    endloop
  endfacet
  facet normal 0.3826949923203938 -0.9238747441362892 0
    outer loop
      vertex -40.16632080078125 -116.38618469238281 18
      vertex -40.34831237792969 -116.4615707397461 0
      vertex -40.16632080078125 -116.38618469238281 0
    endloop
  endfacet
  facet normal 0 1 0
    outer loop
      vertex -32.98014450073242 -107 2
      vertex -32.98014831542969 -107 18
      vertex -32.98014450073242 -107 18
    endloop
  endfacet
  facet normal 0 1 0
    outer loop
      vertex -32.98014831542969 -107 18
      vertex -32.98014450073242 -107 2
      vertex -32.98014831542969 -107 2
    endloop
  endfacet
  facet normal -0.7070970980421085 -0.707116464198387 0
    outer loop
      vertex -57.416748046875 -116.13746643066406 0
      vertex -57.277462005615234 -116.27674865722656 18
      vertex -57.416748046875 -116.13746643066406 18
    endloop
  endfacet
  facet normal -0.7070970980421085 -0.707116464198387 0
    outer loop
      vertex -57.277462005615234 -116.27674865722656 18
      vertex -57.416748046875 -116.13746643066406 0
      vertex -57.277462005615234 -116.27674865722656 0
    endloop
  endfacet
  facet normal 0 1 0
    outer loop
      vertex -32.98014831542969 -107 18
      vertex -46.87959289550781 -107 13.25
      vertex -62.11409378051758 -107 18
    endloop
  endfacet
  facet normal 0 1 0
    outer loop
      vertex -32.98014831542969 -107 18
      vertex -44.38999938964844 -107 10.760407447814941
      vertex -46.87959289550781 -107 13.25
    endloop
  endfacet
  facet normal 0 1 0
    outer loop
      vertex -32.98014831542969 -107 2
      vertex -44.38999938964844 -107 10.760407447814941
      vertex -32.98014831542969 -107 18
    endloop
  endfacet
  facet normal 0 1 0
    outer loop
      vertex -44.38999938964844 -107 10.760407447814941
      vertex -32.98014831542969 -107 2
      vertex -44.38999938964844 -107 7.239592552185059
    endloop
  endfacet
  facet normal 0 1 0
    outer loop
      vertex -62.11409378051758 -107 2
      vertex -46.87959289550781 -107 4.75
      vertex -32.98014831542969 -107 2
    endloop
  endfacet
  facet normal 0 1 0
    outer loop
      vertex -44.38999938964844 -107 7.239592552185059
      vertex -32.98014831542969 -107 2
      vertex -46.87959289550781 -107 4.75
    endloop
  endfacet
  facet normal 0 1 0
    outer loop
      vertex -50.40040588378906 -107 13.25
      vertex -62.11409378051758 -107 18
      vertex -46.87959289550781 -107 13.25
    endloop
  endfacet
  facet normal 0 1 0
    outer loop
      vertex -52.88999938964844 -107 10.760407447814941
      vertex -62.11409378051758 -107 18
      vertex -50.40040588378906 -107 13.25
    endloop
  endfacet
  facet normal 0 1 0
    outer loop
      vertex -62.11409378051758 -107 2
      vertex -52.88999938964844 -107 10.760407447814941
      vertex -52.88999938964844 -107 7.239592552185059
    endloop
  endfacet
  facet normal 0 1 0
    outer loop
      vertex -52.88999938964844 -107 10.760407447814941
      vertex -62.11409378051758 -107 2
      vertex -62.11409378051758 -107 18
    endloop
  endfacet
  facet normal 0 1 0
    outer loop
      vertex -50.40040588378906 -107 4.75
      vertex -62.11409378051758 -107 2
      vertex -52.88999938964844 -107 7.239592552185059
    endloop
  endfacet
  facet normal 0 1 0
    outer loop
      vertex -46.87959289550781 -107 4.75
      vertex -62.11409378051758 -107 2
      vertex -50.40040588378906 -107 4.75
    endloop
  endfacet
  facet normal -0.5555668883362574 -0.8314718471387762 0
    outer loop
      vertex -57.277462005615234 -116.27674865722656 0
      vertex -57.113677978515625 -116.38618469238281 18
      vertex -57.277462005615234 -116.27674865722656 18
    endloop
  endfacet
  facet normal -0.5555668883362574 -0.8314718471387762 0
    outer loop
      vertex -57.113677978515625 -116.38618469238281 18
      vertex -57.277462005615234 -116.27674865722656 0
      vertex -57.113677978515625 -116.38618469238281 0
    endloop
  endfacet
  facet normal 0.19509187107699222 -0.980784972274595 0
    outer loop
      vertex -40.541507720947266 -116.5 0
      vertex -40.34831237792969 -116.4615707397461 18
      vertex -40.541507720947266 -116.5 18
    endloop
  endfacet
  facet normal 0.19509187107699222 -0.980784972274595 0
    outer loop
      vertex -40.34831237792969 -116.4615707397461 18
      vertex -40.541507720947266 -116.5 0
      vertex -40.34831237792969 -116.4615707397461 0
    endloop
  endfacet
  facet normal 0 -1 0
    outer loop
      vertex -56.73849105834961 -116.5 18
      vertex -49.57197952270508 -116.5 11.25
      vertex -40.541507720947266 -116.5 18
    endloop
  endfacet
  facet normal 0 -1 0
    outer loop
      vertex -56.73849105834961 -116.5 18
      vertex -50.88999938964844 -116.5 9.93198013305664
      vertex -49.57197952270508 -116.5 11.25
    endloop
  endfacet
  facet normal 0 -1 0
    outer loop
      vertex -56.73849105834961 -116.5 18
      vertex -50.88999938964844 -116.5 8.06801986694336
      vertex -50.88999938964844 -116.5 9.93198013305664
    endloop
  endfacet
  facet normal 0 -1 0
    outer loop
      vertex -49.57197952270508 -116.5 6.75
      vertex -56.73849105834961 -116.5 0
      vertex -47.7080192565918 -116.5 6.75
    endloop
  endfacet
  facet normal 0 -1 0
    outer loop
      vertex -50.88999938964844 -116.5 8.06801986694336
      vertex -56.73849105834961 -116.5 0
      vertex -49.57197952270508 -116.5 6.75
    endloop
  endfacet
  facet normal 0 -1 0
    outer loop
      vertex -56.73849105834961 -116.5 0
      vertex -50.88999938964844 -116.5 8.06801986694336
      vertex -56.73849105834961 -116.5 18
    endloop
  endfacet
  facet normal 0 -1 0
    outer loop
      vertex -47.7080192565918 -116.5 11.25
      vertex -40.541507720947266 -116.5 18
      vertex -49.57197952270508 -116.5 11.25
    endloop
  endfacet
  facet normal 0 -1 0
    outer loop
      vertex -46.38999938964844 -116.5 9.93198013305664
      vertex -40.541507720947266 -116.5 18
      vertex -47.7080192565918 -116.5 11.25
    endloop
  endfacet
  facet normal 0 -1 0
    outer loop
      vertex -46.38999938964844 -116.5 8.06801986694336
      vertex -40.541507720947266 -116.5 18
      vertex -46.38999938964844 -116.5 9.93198013305664
    endloop
  endfacet
  facet normal 0 -1 0
    outer loop
      vertex -46.38999938964844 -116.5 8.06801986694336
      vertex -40.541507720947266 -116.5 0
      vertex -40.541507720947266 -116.5 18
    endloop
  endfacet
  facet normal 0 -1 0
    outer loop
      vertex -47.7080192565918 -116.5 6.75
      vertex -40.541507720947266 -116.5 0
      vertex -46.38999938964844 -116.5 8.06801986694336
    endloop
  endfacet
  facet normal 0 -1 0
    outer loop
      vertex -40.541507720947266 -116.5 0
      vertex -47.7080192565918 -116.5 6.75
      vertex -56.73849105834961 -116.5 0
    endloop
  endfacet
  facet normal 0.7905731891810205 -0.6123675632723786 0
    outer loop
      vertex -39.863250732421875 -116.13746643066406 18
      vertex -34.33466339111328 -109 0
      vertex -34.33466339111328 -109 18
    endloop
  endfacet
  facet normal 0.7905731891810205 -0.6123675632723786 0
    outer loop
      vertex -34.33466339111328 -109 0
      vertex -39.863250732421875 -116.13746643066406 18
      vertex -39.863250732421875 -116.13746643066406 0
    endloop
  endfacet
  facet normal 0 0 1
    outer loop
      vertex 74 95.11408233642578 18
      vertex 76 95.21234130859375 18
      vertex 75.86035919189453 96.63015747070312 18
    endloop
  endfacet
  facet normal 0 0 1
    outer loop
      vertex 76 95.21234130859375 18
      vertex 74 95.11408233642578 18
      vertex 76 -95.21234130859375 18
    endloop
  endfacet
  facet normal 0 0 1
    outer loop
      vertex 73.8796157836914 96.33634185791016 18
      vertex 75.86035919189453 96.63015747070312 18
      vertex 75.58241271972656 98.02745819091797 18
    endloop
  endfacet
  facet normal 0 0 1
    outer loop
      vertex 74 -95.11408233642578 18
      vertex 76 -95.21234130859375 18
      vertex 74 95.11408233642578 18
    endloop
  endfacet
  facet normal 0 0 1
    outer loop
      vertex 73.6400146484375 97.5409164428711 18
      vertex 75.58241271972656 98.02745819091797 18
      vertex 75.16885375976562 99.39079284667969 18
    endloop
  endfacet
  facet normal 0 0 1
    outer loop
      vertex 76 -95.21234130859375 18
      vertex 74 -95.11408233642578 18
      vertex 75.86035919189453 -96.63015747070312 18
    endloop
  endfacet
  facet normal 0 0 1
    outer loop
      vertex 73.28349304199219 98.71620178222656 18
      vertex 75.16885375976562 99.39079284667969 18
      vertex 74.62364959716797 100.70702362060547 18
    endloop
  endfacet
  facet normal 0 0 1
    outer loop
      vertex 73.8796157836914 -96.33634185791016 18
      vertex 75.86035919189453 -96.63015747070312 18
      vertex 74 -95.11408233642578 18
    endloop
  endfacet
  facet normal 0 0 1
    outer loop
      vertex 75.86035919189453 -96.63015747070312 18
      vertex 73.8796157836914 -96.33634185791016 18
      vertex 75.58241271972656 -98.02745819091797 18
    endloop
  endfacet
  facet normal 0 0 1
    outer loop
      vertex 72.81349182128906 99.85088348388672 18
      vertex 74.62364959716797 100.70702362060547 18
      vertex 73.95206451416016 101.9634780883789 18
    endloop
  endfacet
  facet normal 0 0 1
    outer loop
      vertex 75.86035919189453 96.63015747070312 18
      vertex 73.8796157836914 96.33634185791016 18
      vertex 74 95.11408233642578 18
    endloop
  endfacet
  facet normal 0 0 1
    outer loop
      vertex 75.58241271972656 98.02745819091797 18
      vertex 73.6400146484375 97.5409164428711 18
      vertex 73.8796157836914 96.33634185791016 18
    endloop
  endfacet
  facet normal 0 0 1
    outer loop
      vertex 75.16885375976562 99.39079284667969 18
      vertex 73.28349304199219 98.71620178222656 18
      vertex 73.6400146484375 97.5409164428711 18
    endloop
  endfacet
  facet normal 0 0 1
    outer loop
      vertex 72.23453521728516 100.93403625488281 18
      vertex 73.95206451416016 101.9634780883789 18
      vertex 73.16055297851562 103.14805603027344 18
    endloop
  endfacet
  facet normal 0 0 1
    outer loop
      vertex 74.62364959716797 100.70702362060547 18
      vertex 72.81349182128906 99.85088348388672 18
      vertex 73.28349304199219 98.71620178222656 18
    endloop
  endfacet
  facet normal 0 0 1
    outer loop
      vertex 71.55220031738281 101.9552230834961 18
      vertex 73.16055297851562 103.14805603027344 18
      vertex 72.25674438476562 104.24934387207031 18
    endloop
  endfacet
  facet normal 0 0 1
    outer loop
      vertex 73.95206451416016 101.9634780883789 18
      vertex 72.23453521728516 100.93403625488281 18
      vertex 72.81349182128906 99.85088348388672 18
    endloop
  endfacet
  facet normal 0 0 1
    outer loop
      vertex 73.16055297851562 103.14805603027344 18
      vertex 71.55220031738281 101.9552230834961 18
      vertex 72.23453521728516 100.93403625488281 18
    endloop
  endfacet
  facet normal 0 0 1
    outer loop
      vertex 70.77305603027344 102.90460968017578 18
      vertex 72.25674438476562 104.24934387207031 18
      vertex 71.24934387207031 105.25674438476562 18
    endloop
  endfacet
  facet normal 0 0 1
    outer loop
      vertex 72.25674438476562 104.24934387207031 18
      vertex 70.77305603027344 102.90460968017578 18
      vertex 71.55220031738281 101.9552230834961 18
    endloop
  endfacet
  facet normal 0 0 1
    outer loop
      vertex 69.90460968017578 103.77305603027344 18
      vertex 71.24934387207031 105.25674438476562 18
      vertex 70.14805603027344 106.16055297851562 18
    endloop
  endfacet
  facet normal 0 0 1
    outer loop
      vertex 71.24934387207031 105.25674438476562 18
      vertex 69.90460968017578 103.77305603027344 18
      vertex 70.77305603027344 102.90460968017578 18
    endloop
  endfacet
  facet normal 0 0 1
    outer loop
      vertex 68.9552230834961 104.55220031738281 18
      vertex 70.14805603027344 106.16055297851562 18
      vertex 68.9634780883789 106.95206451416016 18
    endloop
  endfacet
  facet normal 0 0 1
    outer loop
      vertex 70.14805603027344 106.16055297851562 18
      vertex 68.9552230834961 104.55220031738281 18
      vertex 69.90460968017578 103.77305603027344 18
    endloop
  endfacet
  facet normal 0 0 1
    outer loop
      vertex 68.9634780883789 106.95206451416016 18
      vertex 67.93403625488281 105.23453521728516 18
      vertex 68.9552230834961 104.55220031738281 18
    endloop
  endfacet
  facet normal 0 0 1
    outer loop
      vertex 67.70702362060547 107.62364959716797 18
      vertex 67.93403625488281 105.23453521728516 18
      vertex 68.9634780883789 106.95206451416016 18
    endloop
  endfacet
  facet normal 0 0 1
    outer loop
      vertex 67.70702362060547 107.62364959716797 18
      vertex 66.85088348388672 105.81349182128906 18
      vertex 67.93403625488281 105.23453521728516 18
    endloop
  endfacet
  facet normal 0 0 1
    outer loop
      vertex 66.39079284667969 108.16885375976562 18
      vertex 66.85088348388672 105.81349182128906 18
      vertex 67.70702362060547 107.62364959716797 18
    endloop
  endfacet
  facet normal 0 0 1
    outer loop
      vertex 66.39079284667969 108.16885375976562 18
      vertex 65.71620178222656 106.28349304199219 18
      vertex 66.85088348388672 105.81349182128906 18
    endloop
  endfacet
  facet normal 0 0 1
    outer loop
      vertex 65.02745819091797 108.58241271972656 18
      vertex 65.71620178222656 106.28349304199219 18
      vertex 66.39079284667969 108.16885375976562 18
    endloop
  endfacet
  facet normal 0 0 1
    outer loop
      vertex 65.02745819091797 108.58241271972656 18
      vertex 64.5409164428711 106.6400146484375 18
      vertex 65.71620178222656 106.28349304199219 18
    endloop
  endfacet
  facet normal 0 0 1
    outer loop
      vertex 63.630157470703125 108.86035919189453 18
      vertex 64.5409164428711 106.6400146484375 18
      vertex 65.02745819091797 108.58241271972656 18
    endloop
  endfacet
  facet normal 0 0 1
    outer loop
      vertex 63.630157470703125 108.86035919189453 18
      vertex 63.336341857910156 106.8796157836914 18
      vertex 64.5409164428711 106.6400146484375 18
    endloop
  endfacet
  facet normal 0 0 1
    outer loop
      vertex 62.212337493896484 109 18
      vertex 63.336341857910156 106.8796157836914 18
      vertex 63.630157470703125 108.86035919189453 18
    endloop
  endfacet
  facet normal 0 0 1
    outer loop
      vertex 62.212337493896484 109 18
      vertex 62.11408615112305 107 18
      vertex 63.336341857910156 106.8796157836914 18
    endloop
  endfacet
  facet normal 0 0 1
    outer loop
      vertex 62.212337493896484 109 18
      vertex -62.11408615112305 107 18
      vertex 62.11408615112305 107 18
    endloop
  endfacet
  facet normal 0 0 1
    outer loop
      vertex -62.212337493896484 109 18
      vertex -62.11408615112305 107 18
      vertex 62.212337493896484 109 18
    endloop
  endfacet
  facet normal 0 0 1
    outer loop
      vertex -62.212337493896484 109 18
      vertex -63.336341857910156 106.8796157836914 18
      vertex -62.11408615112305 107 18
    endloop
  endfacet
  facet normal 0 0 1
    outer loop
      vertex -63.630157470703125 108.86035919189453 18
      vertex -63.336341857910156 106.8796157836914 18
      vertex -62.212337493896484 109 18
    endloop
  endfacet
  facet normal 0 0 1
    outer loop
      vertex -63.630157470703125 108.86035919189453 18
      vertex -64.5409164428711 106.6400146484375 18
      vertex -63.336341857910156 106.8796157836914 18
    endloop
  endfacet
  facet normal 0 0 1
    outer loop
      vertex -65.02745819091797 108.58241271972656 18
      vertex -64.5409164428711 106.6400146484375 18
      vertex -63.630157470703125 108.86035919189453 18
    endloop
  endfacet
  facet normal 0 0 1
    outer loop
      vertex -65.02745819091797 108.58241271972656 18
      vertex -65.71620178222656 106.28349304199219 18
      vertex -64.5409164428711 106.6400146484375 18
    endloop
  endfacet
  facet normal 0 0 1
    outer loop
      vertex -66.39079284667969 108.16885375976562 18
      vertex -65.71620178222656 106.28349304199219 18
      vertex -65.02745819091797 108.58241271972656 18
    endloop
  endfacet
  facet normal 0 0 1
    outer loop
      vertex -66.39079284667969 108.16885375976562 18
      vertex -66.85088348388672 105.81349182128906 18
      vertex -65.71620178222656 106.28349304199219 18
    endloop
  endfacet
  facet normal 0 0 1
    outer loop
      vertex -67.70702362060547 107.62364959716797 18
      vertex -66.85088348388672 105.81349182128906 18
      vertex -66.39079284667969 108.16885375976562 18
    endloop
  endfacet
  facet normal 0 0 1
    outer loop
      vertex -67.70702362060547 107.62364959716797 18
      vertex -67.93403625488281 105.23453521728516 18
      vertex -66.85088348388672 105.81349182128906 18
    endloop
  endfacet
  facet normal 0 0 1
    outer loop
      vertex -68.9634780883789 106.95206451416016 18
      vertex -67.93403625488281 105.23453521728516 18
      vertex -67.70702362060547 107.62364959716797 18
    endloop
  endfacet
  facet normal 0 0 1
    outer loop
      vertex -67.93403625488281 105.23453521728516 18
      vertex -68.9634780883789 106.95206451416016 18
      vertex -68.9552230834961 104.55220031738281 18
    endloop
  endfacet
  facet normal 0 0 1
    outer loop
      vertex -70.14805603027344 106.16055297851562 18
      vertex -68.9552230834961 104.55220031738281 18
      vertex -68.9634780883789 106.95206451416016 18
    endloop
  endfacet
  facet normal 0 0 1
    outer loop
      vertex -68.9552230834961 104.55220031738281 18
      vertex -70.14805603027344 106.16055297851562 18
      vertex -69.90460968017578 103.77305603027344 18
    endloop
  endfacet
  facet normal 0 0 1
    outer loop
      vertex -71.24934387207031 105.25674438476562 18
      vertex -69.90460968017578 103.77305603027344 18
      vertex -70.14805603027344 106.16055297851562 18
    endloop
  endfacet
  facet normal 0 0 1
    outer loop
      vertex -69.90460968017578 103.77305603027344 18
      vertex -71.24934387207031 105.25674438476562 18
      vertex -70.77305603027344 102.90460968017578 18
    endloop
  endfacet
  facet normal 0 0 1
    outer loop
      vertex -72.25674438476562 104.24934387207031 18
      vertex -70.77305603027344 102.90460968017578 18
      vertex -71.24934387207031 105.25674438476562 18
    endloop
  endfacet
  facet normal 0 0 1
    outer loop
      vertex -70.77305603027344 102.90460968017578 18
      vertex -72.25674438476562 104.24934387207031 18
      vertex -71.55220031738281 101.9552230834961 18
    endloop
  endfacet
  facet normal 0 0 1
    outer loop
      vertex -73.16055297851562 103.14805603027344 18
      vertex -71.55220031738281 101.9552230834961 18
      vertex -72.25674438476562 104.24934387207031 18
    endloop
  endfacet
  facet normal 0 0 1
    outer loop
      vertex -71.55220031738281 101.9552230834961 18
      vertex -73.16055297851562 103.14805603027344 18
      vertex -72.23453521728516 100.93403625488281 18
    endloop
  endfacet
  facet normal 0 0 1
    outer loop
      vertex -73.95206451416016 101.9634780883789 18
      vertex -72.23453521728516 100.93403625488281 18
      vertex -73.16055297851562 103.14805603027344 18
    endloop
  endfacet
  facet normal 0 0 1
    outer loop
      vertex -72.23453521728516 100.93403625488281 18
      vertex -73.95206451416016 101.9634780883789 18
      vertex -72.81349182128906 99.85088348388672 18
    endloop
  endfacet
  facet normal 0 0 1
    outer loop
      vertex -74.62364959716797 100.70702362060547 18
      vertex -72.81349182128906 99.85088348388672 18
      vertex -73.95206451416016 101.9634780883789 18
    endloop
  endfacet
  facet normal 0 0 1
    outer loop
      vertex -72.81349182128906 99.85088348388672 18
      vertex -74.62364959716797 100.70702362060547 18
      vertex -73.28349304199219 98.71620178222656 18
    endloop
  endfacet
  facet normal 0 0 1
    outer loop
      vertex -75.16885375976562 99.39079284667969 18
      vertex -73.28349304199219 98.71620178222656 18
      vertex -74.62364959716797 100.70702362060547 18
    endloop
  endfacet
  facet normal 0 0 1
    outer loop
      vertex -73.28349304199219 98.71620178222656 18
      vertex -75.16885375976562 99.39079284667969 18
      vertex -73.6400146484375 97.5409164428711 18
    endloop
  endfacet
  facet normal 0 0 1
    outer loop
      vertex -73.6400146484375 97.5409164428711 18
      vertex -75.58241271972656 98.02745819091797 18
      vertex -73.8796157836914 96.33634185791016 18
    endloop
  endfacet
  facet normal 0 0 1
    outer loop
      vertex -75.58241271972656 98.02745819091797 18
      vertex -73.6400146484375 97.5409164428711 18
      vertex -75.16885375976562 99.39079284667969 18
    endloop
  endfacet
  facet normal 0 0 1
    outer loop
      vertex 73.6400146484375 -97.5409164428711 18
      vertex 75.58241271972656 -98.02745819091797 18
      vertex 73.8796157836914 -96.33634185791016 18
    endloop
  endfacet
  facet normal 0 0 1
    outer loop
      vertex 75.58241271972656 -98.02745819091797 18
      vertex 73.6400146484375 -97.5409164428711 18
      vertex 75.16885375976562 -99.39079284667969 18
    endloop
  endfacet
  facet normal 0 0 1
    outer loop
      vertex 73.28349304199219 -98.71620178222656 18
      vertex 75.16885375976562 -99.39079284667969 18
      vertex 73.6400146484375 -97.5409164428711 18
    endloop
  endfacet
  facet normal 0 0 1
    outer loop
      vertex 75.16885375976562 -99.39079284667969 18
      vertex 73.28349304199219 -98.71620178222656 18
      vertex 74.62364959716797 -100.70702362060547 18
    endloop
  endfacet
  facet normal 0 0 1
    outer loop
      vertex 72.81349182128906 -99.85088348388672 18
      vertex 74.62364959716797 -100.70702362060547 18
      vertex 73.28349304199219 -98.71620178222656 18
    endloop
  endfacet
  facet normal 0 0 1
    outer loop
      vertex 74.62364959716797 -100.70702362060547 18
      vertex 72.81349182128906 -99.85088348388672 18
      vertex 73.95206451416016 -101.9634780883789 18
    endloop
  endfacet
  facet normal 0 0 1
    outer loop
      vertex 72.23453521728516 -100.93403625488281 18
      vertex 73.95206451416016 -101.9634780883789 18
      vertex 72.81349182128906 -99.85088348388672 18
    endloop
  endfacet
  facet normal 0 0 1
    outer loop
      vertex 73.95206451416016 -101.9634780883789 18
      vertex 72.23453521728516 -100.93403625488281 18
      vertex 73.16055297851562 -103.14805603027344 18
    endloop
  endfacet
  facet normal 0 0 1
    outer loop
      vertex 71.55220031738281 -101.9552230834961 18
      vertex 73.16055297851562 -103.14805603027344 18
      vertex 72.23453521728516 -100.93403625488281 18
    endloop
  endfacet
  facet normal 0 0 1
    outer loop
      vertex 73.16055297851562 -103.14805603027344 18
      vertex 71.55220031738281 -101.9552230834961 18
      vertex 72.25674438476562 -104.24934387207031 18
    endloop
  endfacet
  facet normal 0 0 1
    outer loop
      vertex 70.77305603027344 -102.90460968017578 18
      vertex 72.25674438476562 -104.24934387207031 18
      vertex 71.55220031738281 -101.9552230834961 18
    endloop
  endfacet
  facet normal 0 0 1
    outer loop
      vertex 72.25674438476562 -104.24934387207031 18
      vertex 70.77305603027344 -102.90460968017578 18
      vertex 71.24934387207031 -105.25674438476562 18
    endloop
  endfacet
  facet normal 0 0 1
    outer loop
      vertex 69.90460968017578 -103.77305603027344 18
      vertex 71.24934387207031 -105.25674438476562 18
      vertex 70.77305603027344 -102.90460968017578 18
    endloop
  endfacet
  facet normal 0 0 1
    outer loop
      vertex 71.24934387207031 -105.25674438476562 18
      vertex 69.90460968017578 -103.77305603027344 18
      vertex 70.14805603027344 -106.16055297851562 18
    endloop
  endfacet
  facet normal 0 0 1
    outer loop
      vertex 68.9552230834961 -104.55220031738281 18
      vertex 70.14805603027344 -106.16055297851562 18
      vertex 69.90460968017578 -103.77305603027344 18
    endloop
  endfacet
  facet normal 0 0 1
    outer loop
      vertex 70.14805603027344 -106.16055297851562 18
      vertex 68.9552230834961 -104.55220031738281 18
      vertex 68.9634780883789 -106.95206451416016 18
    endloop
  endfacet
  facet normal 0 0 1
    outer loop
      vertex 67.93403625488281 -105.23453521728516 18
      vertex 68.9634780883789 -106.95206451416016 18
      vertex 68.9552230834961 -104.55220031738281 18
    endloop
  endfacet
  facet normal 0 0 1
    outer loop
      vertex 67.93403625488281 -105.23453521728516 18
      vertex 67.70702362060547 -107.62364959716797 18
      vertex 68.9634780883789 -106.95206451416016 18
    endloop
  endfacet
  facet normal 0 0 1
    outer loop
      vertex 66.85088348388672 -105.81349182128906 18
      vertex 67.70702362060547 -107.62364959716797 18
      vertex 67.93403625488281 -105.23453521728516 18
    endloop
  endfacet
  facet normal 0 0 1
    outer loop
      vertex 66.85088348388672 -105.81349182128906 18
      vertex 66.39079284667969 -108.16885375976562 18
      vertex 67.70702362060547 -107.62364959716797 18
    endloop
  endfacet
  facet normal 0 0 1
    outer loop
      vertex 65.71620178222656 -106.28349304199219 18
      vertex 66.39079284667969 -108.16885375976562 18
      vertex 66.85088348388672 -105.81349182128906 18
    endloop
  endfacet
  facet normal 0 0 1
    outer loop
      vertex 65.71620178222656 -106.28349304199219 18
      vertex 65.02745819091797 -108.58241271972656 18
      vertex 66.39079284667969 -108.16885375976562 18
    endloop
  endfacet
  facet normal 0 0 1
    outer loop
      vertex 64.5409164428711 -106.6400146484375 18
      vertex 65.02745819091797 -108.58241271972656 18
      vertex 65.71620178222656 -106.28349304199219 18
    endloop
  endfacet
  facet normal 0 0 1
    outer loop
      vertex 64.5409164428711 -106.6400146484375 18
      vertex 63.630157470703125 -108.86035919189453 18
      vertex 65.02745819091797 -108.58241271972656 18
    endloop
  endfacet
  facet normal 0 0 1
    outer loop
      vertex 63.336341857910156 -106.8796157836914 18
      vertex 63.630157470703125 -108.86035919189453 18
      vertex 64.5409164428711 -106.6400146484375 18
    endloop
  endfacet
  facet normal 0 0 1
    outer loop
      vertex 63.336341857910156 -106.8796157836914 18
      vertex 63.00587463378906 -108.92184448242188 18
      vertex 63.630157470703125 -108.86035919189453 18
    endloop
  endfacet
  facet normal 0 0 1
    outer loop
      vertex 62.11409378051758 -107 18
      vertex 63.00587463378906 -108.92184448242188 18
      vertex 63.336341857910156 -106.8796157836914 18
    endloop
  endfacet
  facet normal 0 0 1
    outer loop
      vertex 62.11409378051758 -107 18
      vertex 57.416748046875 -116.13746643066406 18
      vertex 63.00587463378906 -108.92184448242188 18
    endloop
  endfacet
  facet normal 0 0 1
    outer loop
      vertex 56.73849105834961 -116.5 18
      vertex 57.416748046875 -116.13746643066406 18
      vertex 62.11409378051758 -107 18
    endloop
  endfacet
  facet normal 0 0 1
    outer loop
      vertex 57.416748046875 -116.13746643066406 18
      vertex 56.73849105834961 -116.5 18
      vertex 57.277462005615234 -116.27674865722656 18
    endloop
  endfacet
  facet normal 0 0 1
    outer loop
      vertex 57.277462005615234 -116.27674865722656 18
      vertex 56.73849105834961 -116.5 18
      vertex 57.113677978515625 -116.38618469238281 18
    endloop
  endfacet
  facet normal 0 0 1
    outer loop
      vertex 57.113677978515625 -116.38618469238281 18
      vertex 56.73849105834961 -116.5 18
      vertex 56.93168640136719 -116.4615707397461 18
    endloop
  endfacet
  facet normal 0 0 1
    outer loop
      vertex 62.11409378051758 -107 18
      vertex 40.541507720947266 -116.5 18
      vertex 56.73849105834961 -116.5 18
    endloop
  endfacet
  facet normal 0 0 1
    outer loop
      vertex 34.33466339111328 -109 18
      vertex 40.541507720947266 -116.5 18
      vertex 62.11409378051758 -107 18
    endloop
  endfacet
  facet normal 0 0 1
    outer loop
      vertex 40.541507720947266 -116.5 18
      vertex 39.863250732421875 -116.13746643066406 18
      vertex 40.34831237792969 -116.4615707397461 18
    endloop
  endfacet
  facet normal 0 0 1
    outer loop
      vertex 40.34831237792969 -116.4615707397461 18
      vertex 39.863250732421875 -116.13746643066406 18
      vertex 40.16632080078125 -116.38618469238281 18
    endloop
  endfacet
  facet normal 0 0 1
    outer loop
      vertex 40.16632080078125 -116.38618469238281 18
      vertex 39.863250732421875 -116.13746643066406 18
      vertex 40.00253677368164 -116.27674865722656 18
    endloop
  endfacet
  facet normal 0 0 1
    outer loop
      vertex 40.541507720947266 -116.5 18
      vertex 34.33466339111328 -109 18
      vertex 39.863250732421875 -116.13746643066406 18
    endloop
  endfacet
  facet normal 0 0 1
    outer loop
      vertex 32.98014831542969 -107 18
      vertex 34.33466339111328 -109 18
      vertex 62.11409378051758 -107 18
    endloop
  endfacet
  facet normal 0 0 1
    outer loop
      vertex 32.98014450073242 -107 18
      vertex 34.33466339111328 -109 18
      vertex 32.98014831542969 -107 18
    endloop
  endfacet
  facet normal 0 0 1
    outer loop
      vertex 15.659852981567383 -107 18
      vertex 34.33466339111328 -109 18
      vertex 32.98014450073242 -107 18
    endloop
  endfacet
  facet normal 0 0 1
    outer loop
      vertex 14.305335998535156 -109 18
      vertex 15.659852981567383 -107 18
      vertex 15.6598482131958 -107 18
    endloop
  endfacet
  facet normal 0 0 1
    outer loop
      vertex 15.659852981567383 -107 18
      vertex 14.305335998535156 -109 18
      vertex 34.33466339111328 -109 18
    endloop
  endfacet
  facet normal 0 0 1
    outer loop
      vertex -14.305335998535156 -109 18
      vertex 14.305335998535156 -109 18
      vertex 15.6598482131958 -107 18
    endloop
  endfacet
  facet normal 0 0 1
    outer loop
      vertex 14.305335998535156 -109 18
      vertex 8.098490715026855 -116.5 18
      vertex 8.776750564575195 -116.13746643066406 18
    endloop
  endfacet
  facet normal 0 0 1
    outer loop
      vertex 8.776750564575195 -116.13746643066406 18
      vertex 8.098490715026855 -116.5 18
      vertex 8.637462615966797 -116.27674865722656 18
    endloop
  endfacet
  facet normal 0 0 1
    outer loop
      vertex 8.637462615966797 -116.27674865722656 18
      vertex 8.098490715026855 -116.5 18
      vertex 8.473676681518555 -116.38618469238281 18
    endloop
  endfacet
  facet normal 0 0 1
    outer loop
      vertex 8.473676681518555 -116.38618469238281 18
      vertex 8.098490715026855 -116.5 18
      vertex 8.291688919067383 -116.4615707397461 18
    endloop
  endfacet
  facet normal 0 0 1
    outer loop
      vertex 14.305335998535156 -109 18
      vertex -14.305335998535156 -109 18
      vertex 8.098490715026855 -116.5 18
    endloop
  endfacet
  facet normal 0 0 1
    outer loop
      vertex 8.098490715026855 -116.5 18
      vertex -14.305335998535156 -109 18
      vertex -8.098490715026855 -116.5 18
    endloop
  endfacet
  facet normal 0 0 1
    outer loop
      vertex -8.776750564575195 -116.13746643066406 18
      vertex -8.098490715026855 -116.5 18
      vertex -14.305335998535156 -109 18
    endloop
  endfacet
  facet normal 0 0 1
    outer loop
      vertex -8.291688919067383 -116.4615707397461 18
      vertex -8.776750564575195 -116.13746643066406 18
      vertex -8.473676681518555 -116.38618469238281 18
    endloop
  endfacet
  facet normal 0 0 1
    outer loop
      vertex -8.473676681518555 -116.38618469238281 18
      vertex -8.776750564575195 -116.13746643066406 18
      vertex -8.637462615966797 -116.27674865722656 18
    endloop
  endfacet
  facet normal 0 0 1
    outer loop
      vertex -8.098490715026855 -116.5 18
      vertex -8.776750564575195 -116.13746643066406 18
      vertex -8.291688919067383 -116.4615707397461 18
    endloop
  endfacet
  facet normal 0 0 1
    outer loop
      vertex -15.6598482131958 -107 18
      vertex -14.305335998535156 -109 18
      vertex 15.6598482131958 -107 18
    endloop
  endfacet
  facet normal 0 0 1
    outer loop
      vertex -15.659852981567383 -107 18
      vertex -14.305335998535156 -109 18
      vertex -15.6598482131958 -107 18
    endloop
  endfacet
  facet normal 0 0 1
    outer loop
      vertex -32.98014450073242 -107 18
      vertex -14.305335998535156 -109 18
      vertex -15.659852981567383 -107 18
    endloop
  endfacet
  facet normal 0 0 1
    outer loop
      vertex -34.33466339111328 -109 18
      vertex -32.98014450073242 -107 18
      vertex -32.98014831542969 -107 18
    endloop
  endfacet
  facet normal 0 0 1
    outer loop
      vertex -32.98014450073242 -107 18
      vertex -34.33466339111328 -109 18
      vertex -14.305335998535156 -109 18
    endloop
  endfacet
  facet normal 0 0 1
    outer loop
      vertex -62.11409378051758 -107 18
      vertex -34.33466339111328 -109 18
      vertex -32.98014831542969 -107 18
    endloop
  endfacet
  facet normal 0 0 1
    outer loop
      vertex -34.33466339111328 -109 18
      vertex -40.541507720947266 -116.5 18
      vertex -39.863250732421875 -116.13746643066406 18
    endloop
  endfacet
  facet normal 0 0 1
    outer loop
      vertex -39.863250732421875 -116.13746643066406 18
      vertex -40.541507720947266 -116.5 18
      vertex -40.00253677368164 -116.27674865722656 18
    endloop
  endfacet
  facet normal 0 0 1
    outer loop
      vertex -40.00253677368164 -116.27674865722656 18
      vertex -40.541507720947266 -116.5 18
      vertex -40.16632080078125 -116.38618469238281 18
    endloop
  endfacet
  facet normal 0 0 1
    outer loop
      vertex -40.16632080078125 -116.38618469238281 18
      vertex -40.541507720947266 -116.5 18
      vertex -40.34831237792969 -116.4615707397461 18
    endloop
  endfacet
  facet normal 0 0 1
    outer loop
      vertex -34.33466339111328 -109 18
      vertex -62.11409378051758 -107 18
      vertex -40.541507720947266 -116.5 18
    endloop
  endfacet
  facet normal 0 0 1
    outer loop
      vertex -40.541507720947266 -116.5 18
      vertex -62.11409378051758 -107 18
      vertex -56.73849105834961 -116.5 18
    endloop
  endfacet
  facet normal 0 0 1
    outer loop
      vertex -57.416748046875 -116.13746643066406 18
      vertex -56.73849105834961 -116.5 18
      vertex -62.11409378051758 -107 18
    endloop
  endfacet
  facet normal 0 0 1
    outer loop
      vertex -56.73849105834961 -116.5 18
      vertex -57.416748046875 -116.13746643066406 18
      vertex -56.93168640136719 -116.4615707397461 18
    endloop
  endfacet
  facet normal 0 0 1
    outer loop
      vertex -57.113677978515625 -116.38618469238281 18
      vertex -57.416748046875 -116.13746643066406 18
      vertex -57.277462005615234 -116.27674865722656 18
    endloop
  endfacet
  facet normal 0 0 1
    outer loop
      vertex -56.93168640136719 -116.4615707397461 18
      vertex -57.416748046875 -116.13746643066406 18
      vertex -57.113677978515625 -116.38618469238281 18
    endloop
  endfacet
  facet normal 0 0 1
    outer loop
      vertex -62.11409378051758 -107 18
      vertex -63.00587463378906 -108.92184448242188 18
      vertex -57.416748046875 -116.13746643066406 18
    endloop
  endfacet
  facet normal 0 0 1
    outer loop
      vertex -63.336341857910156 -106.8796157836914 18
      vertex -63.00587463378906 -108.92184448242188 18
      vertex -62.11409378051758 -107 18
    endloop
  endfacet
  facet normal 0 0 1
    outer loop
      vertex -63.336341857910156 -106.8796157836914 18
      vertex -63.630157470703125 -108.86035919189453 18
      vertex -63.00587463378906 -108.92184448242188 18
    endloop
  endfacet
  facet normal 0 0 1
    outer loop
      vertex -64.5409164428711 -106.6400146484375 18
      vertex -63.630157470703125 -108.86035919189453 18
      vertex -63.336341857910156 -106.8796157836914 18
    endloop
  endfacet
  facet normal 0 0 1
    outer loop
      vertex -64.5409164428711 -106.6400146484375 18
      vertex -65.02745819091797 -108.58241271972656 18
      vertex -63.630157470703125 -108.86035919189453 18
    endloop
  endfacet
  facet normal 0 0 1
    outer loop
      vertex -65.71620178222656 -106.28349304199219 18
      vertex -65.02745819091797 -108.58241271972656 18
      vertex -64.5409164428711 -106.6400146484375 18
    endloop
  endfacet
  facet normal 0 0 1
    outer loop
      vertex -65.71620178222656 -106.28349304199219 18
      vertex -66.39079284667969 -108.16885375976562 18
      vertex -65.02745819091797 -108.58241271972656 18
    endloop
  endfacet
  facet normal 0 0 1
    outer loop
      vertex -66.85088348388672 -105.81349182128906 18
      vertex -66.39079284667969 -108.16885375976562 18
      vertex -65.71620178222656 -106.28349304199219 18
    endloop
  endfacet
  facet normal 0 0 1
    outer loop
      vertex -66.85088348388672 -105.81349182128906 18
      vertex -67.70702362060547 -107.62364959716797 18
      vertex -66.39079284667969 -108.16885375976562 18
    endloop
  endfacet
  facet normal 0 0 1
    outer loop
      vertex -67.93403625488281 -105.23453521728516 18
      vertex -67.70702362060547 -107.62364959716797 18
      vertex -66.85088348388672 -105.81349182128906 18
    endloop
  endfacet
  facet normal 0 0 1
    outer loop
      vertex -68.9634780883789 -106.95206451416016 18
      vertex -67.93403625488281 -105.23453521728516 18
      vertex -68.9552230834961 -104.55220031738281 18
    endloop
  endfacet
  facet normal 0 0 1
    outer loop
      vertex -67.93403625488281 -105.23453521728516 18
      vertex -68.9634780883789 -106.95206451416016 18
      vertex -67.70702362060547 -107.62364959716797 18
    endloop
  endfacet
  facet normal 0 0 1
    outer loop
      vertex -70.14805603027344 -106.16055297851562 18
      vertex -68.9552230834961 -104.55220031738281 18
      vertex -69.90460968017578 -103.77305603027344 18
    endloop
  endfacet
  facet normal 0 0 1
    outer loop
      vertex -68.9552230834961 -104.55220031738281 18
      vertex -70.14805603027344 -106.16055297851562 18
      vertex -68.9634780883789 -106.95206451416016 18
    endloop
  endfacet
  facet normal 0 0 1
    outer loop
      vertex -71.24934387207031 -105.25674438476562 18
      vertex -69.90460968017578 -103.77305603027344 18
      vertex -70.77305603027344 -102.90460968017578 18
    endloop
  endfacet
  facet normal 0 0 1
    outer loop
      vertex -69.90460968017578 -103.77305603027344 18
      vertex -71.24934387207031 -105.25674438476562 18
      vertex -70.14805603027344 -106.16055297851562 18
    endloop
  endfacet
  facet normal 0 0 1
    outer loop
      vertex -72.25674438476562 -104.24934387207031 18
      vertex -70.77305603027344 -102.90460968017578 18
      vertex -71.55220031738281 -101.9552230834961 18
    endloop
  endfacet
  facet normal 0 0 1
    outer loop
      vertex -73.16055297851562 -103.14805603027344 18
      vertex -71.55220031738281 -101.9552230834961 18
      vertex -72.23453521728516 -100.93403625488281 18
    endloop
  endfacet
  facet normal 0 0 1
    outer loop
      vertex -70.77305603027344 -102.90460968017578 18
      vertex -72.25674438476562 -104.24934387207031 18
      vertex -71.24934387207031 -105.25674438476562 18
    endloop
  endfacet
  facet normal 0 0 1
    outer loop
      vertex -73.95206451416016 -101.9634780883789 18
      vertex -72.23453521728516 -100.93403625488281 18
      vertex -72.81349182128906 -99.85088348388672 18
    endloop
  endfacet
  facet normal 0 0 1
    outer loop
      vertex -71.55220031738281 -101.9552230834961 18
      vertex -73.16055297851562 -103.14805603027344 18
      vertex -72.25674438476562 -104.24934387207031 18
    endloop
  endfacet
  facet normal 0 0 1
    outer loop
      vertex -74.62364959716797 -100.70702362060547 18
      vertex -72.81349182128906 -99.85088348388672 18
      vertex -73.28349304199219 -98.71620178222656 18
    endloop
  endfacet
  facet normal 0 0 1
    outer loop
      vertex -75.16885375976562 -99.39079284667969 18
      vertex -73.28349304199219 -98.71620178222656 18
      vertex -73.6400146484375 -97.5409164428711 18
    endloop
  endfacet
  facet normal 0 0 1
    outer loop
      vertex -75.58241271972656 -98.02745819091797 18
      vertex -73.6400146484375 -97.5409164428711 18
      vertex -73.8796157836914 -96.33634185791016 18
    endloop
  endfacet
  facet normal 0 0 1
    outer loop
      vertex -72.23453521728516 -100.93403625488281 18
      vertex -73.95206451416016 -101.9634780883789 18
      vertex -73.16055297851562 -103.14805603027344 18
    endloop
  endfacet
  facet normal 0 0 1
    outer loop
      vertex -75.86035919189453 -96.63015747070312 18
      vertex -73.8796157836914 -96.33634185791016 18
      vertex -74 -95.11408233642578 18
    endloop
  endfacet
  facet normal 0 0 1
    outer loop
      vertex -72.81349182128906 -99.85088348388672 18
      vertex -74.62364959716797 -100.70702362060547 18
      vertex -73.95206451416016 -101.9634780883789 18
    endloop
  endfacet
  facet normal 0 0 1
    outer loop
      vertex -74 95.11408233642578 18
      vertex -76 95.21234130859375 18
      vertex -74 -95.11408233642578 18
    endloop
  endfacet
  facet normal 0 0 1
    outer loop
      vertex -75.86035919189453 96.63015747070312 18
      vertex -73.8796157836914 96.33634185791016 18
      vertex -75.58241271972656 98.02745819091797 18
    endloop
  endfacet
  facet normal 0 0 1
    outer loop
      vertex -76 -95.21234130859375 18
      vertex -74 -95.11408233642578 18
      vertex -76 95.21234130859375 18
    endloop
  endfacet
  facet normal 0 0 1
    outer loop
      vertex -73.8796157836914 96.33634185791016 18
      vertex -75.86035919189453 96.63015747070312 18
      vertex -74 95.11408233642578 18
    endloop
  endfacet
  facet normal 0 0 1
    outer loop
      vertex -75.86035919189453 -96.63015747070312 18
      vertex -74 -95.11408233642578 18
      vertex -76 -95.21234130859375 18
    endloop
  endfacet
  facet normal 0 0 1
    outer loop
      vertex -74 95.11408233642578 18
      vertex -75.86035919189453 96.63015747070312 18
      vertex -76 95.21234130859375 18
    endloop
  endfacet
  facet normal 0 0 1
    outer loop
      vertex -73.28349304199219 -98.71620178222656 18
      vertex -75.16885375976562 -99.39079284667969 18
      vertex -74.62364959716797 -100.70702362060547 18
    endloop
  endfacet
  facet normal 0 0 1
    outer loop
      vertex -73.6400146484375 -97.5409164428711 18
      vertex -75.58241271972656 -98.02745819091797 18
      vertex -75.16885375976562 -99.39079284667969 18
    endloop
  endfacet
  facet normal 0 0 1
    outer loop
      vertex -73.8796157836914 -96.33634185791016 18
      vertex -75.86035919189453 -96.63015747070312 18
      vertex -75.58241271972656 -98.02745819091797 18
    endloop
  endfacet
  facet normal 0.7070970980421085 -0.707116464198387 0
    outer loop
      vertex -40.00253677368164 -116.27674865722656 0
      vertex -39.863250732421875 -116.13746643066406 18
      vertex -40.00253677368164 -116.27674865722656 18
    endloop
  endfacet
  facet normal 0.7070970980421085 -0.707116464198387 0
    outer loop
      vertex -39.863250732421875 -116.13746643066406 18
      vertex -40.00253677368164 -116.27674865722656 0
      vertex -39.863250732421875 -116.13746643066406 0
    endloop
  endfacet
  facet normal 0.5555668883362574 -0.8314718471387762 0
    outer loop
      vertex -40.16632080078125 -116.38618469238281 0
      vertex -40.00253677368164 -116.27674865722656 18
      vertex -40.16632080078125 -116.38618469238281 18
    endloop
  endfacet
  facet normal 0.5555668883362574 -0.8314718471387762 0
    outer loop
      vertex -40.00253677368164 -116.27674865722656 18
      vertex -40.16632080078125 -116.38618469238281 0
      vertex -40.00253677368164 -116.27674865722656 0
    endloop
  endfacet
  facet normal 0 0 -1
    outer loop
      vertex 61.928001403808594 -93.10818481445312 0
      vertex 76 -95.21234130859375 0
      vertex 75.86035919189453 -96.63015747070312 0
    endloop
  endfacet
  facet normal 0 0 -1
    outer loop
      vertex 76 -95.21234130859375 0
      vertex 62 -92.62281799316406 0
      vertex 76 95.21234130859375 0
    endloop
  endfacet
  facet normal 0 0 -1
    outer loop
      vertex 61.85669708251953 -93.3432388305664 0
      vertex 75.86035919189453 -96.63015747070312 0
      vertex 75.58241271972656 -98.02745819091797 0
    endloop
  endfacet
  facet normal 0 0 -1
    outer loop
      vertex 62 92.62281799316406 0
      vertex 76 95.21234130859375 0
      vertex 62 -92.62281799316406 0
    endloop
  endfacet
  facet normal 0 0 -1
    outer loop
      vertex 61.762699127197266 -93.57017517089844 0
      vertex 75.58241271972656 -98.02745819091797 0
      vertex 75.16885375976562 -99.39079284667969 0
    endloop
  endfacet
  facet normal 0 0 -1
    outer loop
      vertex 61.975921630859375 92.86727142333984 0
      vertex 76 95.21234130859375 0
      vertex 62 92.62281799316406 0
    endloop
  endfacet
  facet normal 0 0 -1
    outer loop
      vertex 61.646907806396484 -93.78680419921875 0
      vertex 75.16885375976562 -99.39079284667969 0
      vertex 74.62364959716797 -100.70702362060547 0
    endloop
  endfacet
  facet normal 0 0 -1
    outer loop
      vertex 61.928001403808594 93.10818481445312 0
      vertex 76 95.21234130859375 0
      vertex 61.975921630859375 92.86727142333984 0
    endloop
  endfacet
  facet normal 0 0 -1
    outer loop
      vertex 61.646907806396484 -93.78680419921875 0
      vertex 74.62364959716797 -100.70702362060547 0
      vertex 73.95206451416016 -101.9634780883789 0
    endloop
  endfacet
  facet normal 0 0 -1
    outer loop
      vertex 76 95.21234130859375 0
      vertex 61.928001403808594 93.10818481445312 0
      vertex 75.86035919189453 96.63015747070312 0
    endloop
  endfacet
  facet normal 0 0 -1
    outer loop
      vertex 61.510440826416016 -93.99104309082031 0
      vertex 73.95206451416016 -101.9634780883789 0
      vertex 73.16055297851562 -103.14805603027344 0
    endloop
  endfacet
  facet normal 0 0 -1
    outer loop
      vertex 61.85669708251953 93.3432388305664 0
      vertex 75.86035919189453 96.63015747070312 0
      vertex 61.928001403808594 93.10818481445312 0
    endloop
  endfacet
  facet normal 0 0 -1
    outer loop
      vertex 61.354610443115234 -94.18092346191406 0
      vertex 73.16055297851562 -103.14805603027344 0
      vertex 72.25674438476562 -104.24934387207031 0
    endloop
  endfacet
  facet normal 0 0 -1
    outer loop
      vertex 75.86035919189453 96.63015747070312 0
      vertex 61.85669708251953 93.3432388305664 0
      vertex 75.58241271972656 98.02745819091797 0
    endloop
  endfacet
  facet normal 0 0 -1
    outer loop
      vertex 61.354610443115234 -94.18092346191406 0
      vertex 72.25674438476562 -104.24934387207031 0
      vertex 71.24934387207031 -105.25674438476562 0
    endloop
  endfacet
  facet normal 0 0 -1
    outer loop
      vertex 61.762699127197266 93.57017517089844 0
      vertex 75.58241271972656 98.02745819091797 0
      vertex 61.85669708251953 93.3432388305664 0
    endloop
  endfacet
  facet normal 0 0 -1
    outer loop
      vertex 61.18092346191406 -94.3546142578125 0
      vertex 71.24934387207031 -105.25674438476562 0
      vertex 70.14805603027344 -106.16055297851562 0
    endloop
  endfacet
  facet normal 0 0 -1
    outer loop
      vertex 75.58241271972656 98.02745819091797 0
      vertex 61.762699127197266 93.57017517089844 0
      vertex 75.16885375976562 99.39079284667969 0
    endloop
  endfacet
  facet normal 0 0 -1
    outer loop
      vertex 60.99104309082031 -94.51043701171875 0
      vertex 70.14805603027344 -106.16055297851562 0
      vertex 68.9634780883789 -106.95206451416016 0
    endloop
  endfacet
  facet normal 0 0 -1
    outer loop
      vertex 61.646907806396484 93.78680419921875 0
      vertex 75.16885375976562 99.39079284667969 0
      vertex 61.762699127197266 93.57017517089844 0
    endloop
  endfacet
  facet normal 0 0 -1
    outer loop
      vertex 60.78680419921875 -94.64690399169922 0
      vertex 68.9634780883789 -106.95206451416016 0
      vertex 67.70702362060547 -107.62364959716797 0
    endloop
  endfacet
  facet normal 0 0 -1
    outer loop
      vertex 75.16885375976562 99.39079284667969 0
      vertex 61.646907806396484 93.78680419921875 0
      vertex 74.62364959716797 100.70702362060547 0
    endloop
  endfacet
  facet normal 0 0 -1
    outer loop
      vertex 60.78680419921875 -94.64690399169922 0
      vertex 67.70702362060547 -107.62364959716797 0
      vertex 66.39079284667969 -108.16885375976562 0
    endloop
  endfacet
  facet normal 0 0 -1
    outer loop
      vertex 74.62364959716797 100.70702362060547 0
      vertex 61.646907806396484 93.78680419921875 0
      vertex 73.95206451416016 101.9634780883789 0
    endloop
  endfacet
  facet normal 0 0 -1
    outer loop
      vertex 60.57017517089844 -94.7626953125 0
      vertex 66.39079284667969 -108.16885375976562 0
      vertex 65.02745819091797 -108.58241271972656 0
    endloop
  endfacet
  facet normal 0 0 -1
    outer loop
      vertex 61.510440826416016 93.99104309082031 0
      vertex 73.95206451416016 101.9634780883789 0
      vertex 61.646907806396484 93.78680419921875 0
    endloop
  endfacet
  facet normal 0 0 -1
    outer loop
      vertex 60.343238830566406 -94.85669708251953 0
      vertex 65.02745819091797 -108.58241271972656 0
      vertex 63.630157470703125 -108.86035919189453 0
    endloop
  endfacet
  facet normal 0 0 -1
    outer loop
      vertex 73.95206451416016 101.9634780883789 0
      vertex 61.510440826416016 93.99104309082031 0
      vertex 73.16055297851562 103.14805603027344 0
    endloop
  endfacet
  facet normal 0 0 -1
    outer loop
      vertex 60.343238830566406 -94.85669708251953 0
      vertex 63.630157470703125 -108.86035919189453 0
      vertex 63.00587463378906 -108.92184448242188 0
    endloop
  endfacet
  facet normal 0 0 -1
    outer loop
      vertex 61.354610443115234 94.18092346191406 0
      vertex 73.16055297851562 103.14805603027344 0
      vertex 61.510440826416016 93.99104309082031 0
    endloop
  endfacet
  facet normal 0 0 -1
    outer loop
      vertex 73.16055297851562 103.14805603027344 0
      vertex 61.354610443115234 94.18092346191406 0
      vertex 72.25674438476562 104.24934387207031 0
    endloop
  endfacet
  facet normal 0 0 -1
    outer loop
      vertex 76 -95.21234130859375 0
      vertex 61.975921630859375 -92.86727142333984 0
      vertex 62 -92.62281799316406 0
    endloop
  endfacet
  facet normal 0 0 -1
    outer loop
      vertex 76 -95.21234130859375 0
      vertex 61.928001403808594 -93.10818481445312 0
      vertex 61.975921630859375 -92.86727142333984 0
    endloop
  endfacet
  facet normal 0 0 -1
    outer loop
      vertex 75.86035919189453 -96.63015747070312 0
      vertex 61.85669708251953 -93.3432388305664 0
      vertex 61.928001403808594 -93.10818481445312 0
    endloop
  endfacet
  facet normal 0 0 -1
    outer loop
      vertex 75.58241271972656 -98.02745819091797 0
      vertex 61.762699127197266 -93.57017517089844 0
      vertex 61.85669708251953 -93.3432388305664 0
    endloop
  endfacet
  facet normal 0 0 -1
    outer loop
      vertex 75.16885375976562 -99.39079284667969 0
      vertex 61.646907806396484 -93.78680419921875 0
      vertex 61.762699127197266 -93.57017517089844 0
    endloop
  endfacet
  facet normal 0 0 -1
    outer loop
      vertex 73.95206451416016 -101.9634780883789 0
      vertex 61.510440826416016 -93.99104309082031 0
      vertex 61.646907806396484 -93.78680419921875 0
    endloop
  endfacet
  facet normal 0 0 -1
    outer loop
      vertex 73.16055297851562 -103.14805603027344 0
      vertex 61.354610443115234 -94.18092346191406 0
      vertex 61.510440826416016 -93.99104309082031 0
    endloop
  endfacet
  facet normal 0 0 -1
    outer loop
      vertex 71.24934387207031 -105.25674438476562 0
      vertex 61.18092346191406 -94.3546142578125 0
      vertex 61.354610443115234 -94.18092346191406 0
    endloop
  endfacet
  facet normal 0 0 -1
    outer loop
      vertex 70.14805603027344 -106.16055297851562 0
      vertex 60.99104309082031 -94.51043701171875 0
      vertex 61.18092346191406 -94.3546142578125 0
    endloop
  endfacet
  facet normal 0 0 -1
    outer loop
      vertex 68.9634780883789 -106.95206451416016 0
      vertex 60.78680419921875 -94.64690399169922 0
      vertex 60.99104309082031 -94.51043701171875 0
    endloop
  endfacet
  facet normal 0 0 -1
    outer loop
      vertex 66.39079284667969 -108.16885375976562 0
      vertex 60.57017517089844 -94.7626953125 0
      vertex 60.78680419921875 -94.64690399169922 0
    endloop
  endfacet
  facet normal 0 0 -1
    outer loop
      vertex 65.02745819091797 -108.58241271972656 0
      vertex 60.343238830566406 -94.85669708251953 0
      vertex 60.57017517089844 -94.7626953125 0
    endloop
  endfacet
  facet normal 0 0 -1
    outer loop
      vertex 63.00587463378906 -108.92184448242188 0
      vertex 60.108184814453125 -94.9280014038086 0
      vertex 60.343238830566406 -94.85669708251953 0
    endloop
  endfacet
  facet normal 0 0 -1
    outer loop
      vertex 63.00587463378906 -108.92184448242188 0
      vertex 59.86726760864258 -94.97592163085938 0
      vertex 60.108184814453125 -94.9280014038086 0
    endloop
  endfacet
  facet normal 0 0 -1
    outer loop
      vertex 63.00587463378906 -108.92184448242188 0
      vertex 59.62281799316406 -95 0
      vertex 59.86726760864258 -94.97592163085938 0
    endloop
  endfacet
  facet normal 0 0 -1
    outer loop
      vertex 56.73849105834961 -116.5 0
      vertex 63.00587463378906 -108.92184448242188 0
      vertex 57.416748046875 -116.13746643066406 0
    endloop
  endfacet
  facet normal 0 0 -1
    outer loop
      vertex 56.73849105834961 -116.5 0
      vertex 57.416748046875 -116.13746643066406 0
      vertex 57.277462005615234 -116.27674865722656 0
    endloop
  endfacet
  facet normal 0 0 -1
    outer loop
      vertex 56.73849105834961 -116.5 0
      vertex 57.277462005615234 -116.27674865722656 0
      vertex 57.113677978515625 -116.38618469238281 0
    endloop
  endfacet
  facet normal 0 0 -1
    outer loop
      vertex 56.73849105834961 -116.5 0
      vertex 57.113677978515625 -116.38618469238281 0
      vertex 56.93168640136719 -116.4615707397461 0
    endloop
  endfacet
  facet normal 0 0 -1
    outer loop
      vertex 63.00587463378906 -108.92184448242188 0
      vertex 56.73849105834961 -116.5 0
      vertex 59.62281799316406 -95 0
    endloop
  endfacet
  facet normal 0 0 -1
    outer loop
      vertex 40.541507720947266 -116.5 0
      vertex 59.62281799316406 -95 0
      vertex 56.73849105834961 -116.5 0
    endloop
  endfacet
  facet normal 0 0 -1
    outer loop
      vertex 39.863250732421875 -116.13746643066406 0
      vertex 40.541507720947266 -116.5 0
      vertex 40.34831237792969 -116.4615707397461 0
    endloop
  endfacet
  facet normal 0 0 -1
    outer loop
      vertex 39.863250732421875 -116.13746643066406 0
      vertex 40.34831237792969 -116.4615707397461 0
      vertex 40.16632080078125 -116.38618469238281 0
    endloop
  endfacet
  facet normal 0 0 -1
    outer loop
      vertex 39.863250732421875 -116.13746643066406 0
      vertex 40.16632080078125 -116.38618469238281 0
      vertex 40.00253677368164 -116.27674865722656 0
    endloop
  endfacet
  facet normal 0 0 -1
    outer loop
      vertex 34.33466339111328 -109 0
      vertex 40.541507720947266 -116.5 0
      vertex 39.863250732421875 -116.13746643066406 0
    endloop
  endfacet
  facet normal 0 0 -1
    outer loop
      vertex 40.541507720947266 -116.5 0
      vertex 34.33466339111328 -109 0
      vertex 59.62281799316406 -95 0
    endloop
  endfacet
  facet normal 0 0 -1
    outer loop
      vertex 14.305335998535156 -109 0
      vertex 59.62281799316406 -95 0
      vertex 34.33466339111328 -109 0
    endloop
  endfacet
  facet normal 0 0 -1
    outer loop
      vertex 8.098490715026855 -116.5 0
      vertex 8.776750564575195 -116.13746643066406 0
      vertex 8.637462615966797 -116.27674865722656 0
    endloop
  endfacet
  facet normal 0 0 -1
    outer loop
      vertex 8.098490715026855 -116.5 0
      vertex 8.637462615966797 -116.27674865722656 0
      vertex 8.473676681518555 -116.38618469238281 0
    endloop
  endfacet
  facet normal 0 0 -1
    outer loop
      vertex 8.098490715026855 -116.5 0
      vertex 8.473676681518555 -116.38618469238281 0
      vertex 8.291688919067383 -116.4615707397461 0
    endloop
  endfacet
  facet normal 0 0 -1
    outer loop
      vertex 8.776750564575195 -116.13746643066406 0
      vertex 8.098490715026855 -116.5 0
      vertex 14.305335998535156 -109 0
    endloop
  endfacet
  facet normal 0 0 -1
    outer loop
      vertex -8.098490715026855 -116.5 0
      vertex 14.305335998535156 -109 0
      vertex 8.098490715026855 -116.5 0
    endloop
  endfacet
  facet normal 0 0 -1
    outer loop
      vertex -8.776750564575195 -116.13746643066406 0
      vertex -8.098490715026855 -116.5 0
      vertex -8.291688919067383 -116.4615707397461 0
    endloop
  endfacet
  facet normal 0 0 -1
    outer loop
      vertex -8.776750564575195 -116.13746643066406 0
      vertex -8.291688919067383 -116.4615707397461 0
      vertex -8.473676681518555 -116.38618469238281 0
    endloop
  endfacet
  facet normal 0 0 -1
    outer loop
      vertex -8.776750564575195 -116.13746643066406 0
      vertex -8.473676681518555 -116.38618469238281 0
      vertex -8.637462615966797 -116.27674865722656 0
    endloop
  endfacet
  facet normal 0 0 -1
    outer loop
      vertex -14.305335998535156 -109 0
      vertex -8.098490715026855 -116.5 0
      vertex -8.776750564575195 -116.13746643066406 0
    endloop
  endfacet
  facet normal 0 0 -1
    outer loop
      vertex -8.098490715026855 -116.5 0
      vertex -14.305335998535156 -109 0
      vertex 14.305335998535156 -109 0
    endloop
  endfacet
  facet normal 0 0 -1
    outer loop
      vertex -14.305335998535156 -109 0
      vertex 59.62281799316406 -95 0
      vertex 14.305335998535156 -109 0
    endloop
  endfacet
  facet normal 0 0 -1
    outer loop
      vertex -59.62281799316406 -95 0
      vertex -14.305335998535156 -109 0
      vertex -34.33466339111328 -109 0
    endloop
  endfacet
  facet normal 0 0 -1
    outer loop
      vertex -40.541507720947266 -116.5 0
      vertex -39.863250732421875 -116.13746643066406 0
      vertex -40.00253677368164 -116.27674865722656 0
    endloop
  endfacet
  facet normal 0 0 -1
    outer loop
      vertex -40.541507720947266 -116.5 0
      vertex -40.00253677368164 -116.27674865722656 0
      vertex -40.16632080078125 -116.38618469238281 0
    endloop
  endfacet
  facet normal 0 0 -1
    outer loop
      vertex -40.541507720947266 -116.5 0
      vertex -40.16632080078125 -116.38618469238281 0
      vertex -40.34831237792969 -116.4615707397461 0
    endloop
  endfacet
  facet normal 0 0 -1
    outer loop
      vertex -39.863250732421875 -116.13746643066406 0
      vertex -40.541507720947266 -116.5 0
      vertex -34.33466339111328 -109 0
    endloop
  endfacet
  facet normal 0 0 -1
    outer loop
      vertex -59.62281799316406 -95 0
      vertex -40.541507720947266 -116.5 0
      vertex -56.73849105834961 -116.5 0
    endloop
  endfacet
  facet normal 0 0 -1
    outer loop
      vertex -57.416748046875 -116.13746643066406 0
      vertex -56.73849105834961 -116.5 0
      vertex -56.93168640136719 -116.4615707397461 0
    endloop
  endfacet
  facet normal 0 0 -1
    outer loop
      vertex -57.416748046875 -116.13746643066406 0
      vertex -56.93168640136719 -116.4615707397461 0
      vertex -57.113677978515625 -116.38618469238281 0
    endloop
  endfacet
  facet normal 0 0 -1
    outer loop
      vertex -57.416748046875 -116.13746643066406 0
      vertex -57.113677978515625 -116.38618469238281 0
      vertex -57.277462005615234 -116.27674865722656 0
    endloop
  endfacet
  facet normal 0 0 -1
    outer loop
      vertex -63.00587463378906 -108.92184448242188 0
      vertex -56.73849105834961 -116.5 0
      vertex -57.416748046875 -116.13746643066406 0
    endloop
  endfacet
  facet normal 0 0 -1
    outer loop
      vertex -14.305335998535156 -109 0
      vertex -59.62281799316406 -95 0
      vertex 59.62281799316406 -95 0
    endloop
  endfacet
  facet normal 0 0 -1
    outer loop
      vertex -40.541507720947266 -116.5 0
      vertex -59.62281799316406 -95 0
      vertex -34.33466339111328 -109 0
    endloop
  endfacet
  facet normal 0 0 -1
    outer loop
      vertex -56.73849105834961 -116.5 0
      vertex -63.00587463378906 -108.92184448242188 0
      vertex -59.62281799316406 -95 0
    endloop
  endfacet
  facet normal 0 0 -1
    outer loop
      vertex -59.62281799316406 -95 0
      vertex -63.00587463378906 -108.92184448242188 0
      vertex -59.86726760864258 -94.97592163085938 0
    endloop
  endfacet
  facet normal 0 0 -1
    outer loop
      vertex -59.86726760864258 -94.97592163085938 0
      vertex -63.00587463378906 -108.92184448242188 0
      vertex -60.108184814453125 -94.9280014038086 0
    endloop
  endfacet
  facet normal 0 0 -1
    outer loop
      vertex -60.108184814453125 -94.9280014038086 0
      vertex -63.00587463378906 -108.92184448242188 0
      vertex -60.343238830566406 -94.85669708251953 0
    endloop
  endfacet
  facet normal 0 0 -1
    outer loop
      vertex -63.630157470703125 -108.86035919189453 0
      vertex -60.343238830566406 -94.85669708251953 0
      vertex -63.00587463378906 -108.92184448242188 0
    endloop
  endfacet
  facet normal 0 0 -1
    outer loop
      vertex -65.02745819091797 -108.58241271972656 0
      vertex -60.343238830566406 -94.85669708251953 0
      vertex -63.630157470703125 -108.86035919189453 0
    endloop
  endfacet
  facet normal 0 0 -1
    outer loop
      vertex -60.343238830566406 -94.85669708251953 0
      vertex -65.02745819091797 -108.58241271972656 0
      vertex -60.57017517089844 -94.7626953125 0
    endloop
  endfacet
  facet normal 0 0 -1
    outer loop
      vertex -66.39079284667969 -108.16885375976562 0
      vertex -60.57017517089844 -94.7626953125 0
      vertex -65.02745819091797 -108.58241271972656 0
    endloop
  endfacet
  facet normal 0 0 -1
    outer loop
      vertex -60.57017517089844 -94.7626953125 0
      vertex -66.39079284667969 -108.16885375976562 0
      vertex -60.78680419921875 -94.64690399169922 0
    endloop
  endfacet
  facet normal 0 0 -1
    outer loop
      vertex -67.70702362060547 -107.62364959716797 0
      vertex -60.78680419921875 -94.64690399169922 0
      vertex -66.39079284667969 -108.16885375976562 0
    endloop
  endfacet
  facet normal 0 0 -1
    outer loop
      vertex -68.9634780883789 -106.95206451416016 0
      vertex -60.78680419921875 -94.64690399169922 0
      vertex -67.70702362060547 -107.62364959716797 0
    endloop
  endfacet
  facet normal 0 0 -1
    outer loop
      vertex -60.78680419921875 -94.64690399169922 0
      vertex -68.9634780883789 -106.95206451416016 0
      vertex -60.99104309082031 -94.51043701171875 0
    endloop
  endfacet
  facet normal 0 0 -1
    outer loop
      vertex -70.14805603027344 -106.16055297851562 0
      vertex -60.99104309082031 -94.51043701171875 0
      vertex -68.9634780883789 -106.95206451416016 0
    endloop
  endfacet
  facet normal 0 0 -1
    outer loop
      vertex -60.99104309082031 -94.51043701171875 0
      vertex -70.14805603027344 -106.16055297851562 0
      vertex -61.18092346191406 -94.3546142578125 0
    endloop
  endfacet
  facet normal 0 0 -1
    outer loop
      vertex -76 95.21234130859375 0
      vertex -62 92.62281799316406 0
      vertex -62 -92.62281799316406 0
    endloop
  endfacet
  facet normal 0 0 -1
    outer loop
      vertex -71.24934387207031 -105.25674438476562 0
      vertex -61.18092346191406 -94.3546142578125 0
      vertex -70.14805603027344 -106.16055297851562 0
    endloop
  endfacet
  facet normal 0 0 -1
    outer loop
      vertex -61.18092346191406 -94.3546142578125 0
      vertex -71.24934387207031 -105.25674438476562 0
      vertex -61.354610443115234 -94.18092346191406 0
    endloop
  endfacet
  facet normal 0 0 -1
    outer loop
      vertex -72.25674438476562 -104.24934387207031 0
      vertex -61.354610443115234 -94.18092346191406 0
      vertex -71.24934387207031 -105.25674438476562 0
    endloop
  endfacet
  facet normal 0 0 -1
    outer loop
      vertex -73.16055297851562 -103.14805603027344 0
      vertex -61.354610443115234 -94.18092346191406 0
      vertex -72.25674438476562 -104.24934387207031 0
    endloop
  endfacet
  facet normal 0 0 -1
    outer loop
      vertex -76 95.21234130859375 0
      vertex -62 -92.62281799316406 0
      vertex -76 -95.21234130859375 0
    endloop
  endfacet
  facet normal 0 0 -1
    outer loop
      vertex -61.354610443115234 -94.18092346191406 0
      vertex -73.16055297851562 -103.14805603027344 0
      vertex -61.510440826416016 -93.99104309082031 0
    endloop
  endfacet
  facet normal 0 0 -1
    outer loop
      vertex -75.86035919189453 96.63015747070312 0
      vertex -62 92.62281799316406 0
      vertex -76 95.21234130859375 0
    endloop
  endfacet
  facet normal 0 0 -1
    outer loop
      vertex -73.95206451416016 -101.9634780883789 0
      vertex -61.510440826416016 -93.99104309082031 0
      vertex -73.16055297851562 -103.14805603027344 0
    endloop
  endfacet
  facet normal 0 0 -1
    outer loop
      vertex -62 92.62281799316406 0
      vertex -63.630157470703125 108.86035919189453 0
      vertex -62.212337493896484 109 0
    endloop
  endfacet
  facet normal 0 0 -1
    outer loop
      vertex -61.510440826416016 -93.99104309082031 0
      vertex -73.95206451416016 -101.9634780883789 0
      vertex -61.646907806396484 -93.78680419921875 0
    endloop
  endfacet
  facet normal 0 0 -1
    outer loop
      vertex -62 92.62281799316406 0
      vertex -65.02745819091797 108.58241271972656 0
      vertex -63.630157470703125 108.86035919189453 0
    endloop
  endfacet
  facet normal 0 0 -1
    outer loop
      vertex -74.62364959716797 -100.70702362060547 0
      vertex -61.646907806396484 -93.78680419921875 0
      vertex -73.95206451416016 -101.9634780883789 0
    endloop
  endfacet
  facet normal 0 0 -1
    outer loop
      vertex -62 92.62281799316406 0
      vertex -66.39079284667969 108.16885375976562 0
      vertex -65.02745819091797 108.58241271972656 0
    endloop
  endfacet
  facet normal 0 0 -1
    outer loop
      vertex -75.16885375976562 -99.39079284667969 0
      vertex -61.646907806396484 -93.78680419921875 0
      vertex -74.62364959716797 -100.70702362060547 0
    endloop
  endfacet
  facet normal 0 0 -1
    outer loop
      vertex -62 92.62281799316406 0
      vertex -67.70702362060547 107.62364959716797 0
      vertex -66.39079284667969 108.16885375976562 0
    endloop
  endfacet
  facet normal 0 0 -1
    outer loop
      vertex -61.646907806396484 -93.78680419921875 0
      vertex -75.16885375976562 -99.39079284667969 0
      vertex -61.762699127197266 -93.57017517089844 0
    endloop
  endfacet
  facet normal 0 0 -1
    outer loop
      vertex -62 92.62281799316406 0
      vertex -68.9634780883789 106.95206451416016 0
      vertex -67.70702362060547 107.62364959716797 0
    endloop
  endfacet
  facet normal 0 0 -1
    outer loop
      vertex -75.58241271972656 -98.02745819091797 0
      vertex -61.762699127197266 -93.57017517089844 0
      vertex -75.16885375976562 -99.39079284667969 0
    endloop
  endfacet
  facet normal 0 0 -1
    outer loop
      vertex -62 92.62281799316406 0
      vertex -70.14805603027344 106.16055297851562 0
      vertex -68.9634780883789 106.95206451416016 0
    endloop
  endfacet
  facet normal 0 0 -1
    outer loop
      vertex -61.762699127197266 -93.57017517089844 0
      vertex -75.58241271972656 -98.02745819091797 0
      vertex -61.85669708251953 -93.3432388305664 0
    endloop
  endfacet
  facet normal 0 0 -1
    outer loop
      vertex -62 92.62281799316406 0
      vertex -71.24934387207031 105.25674438476562 0
      vertex -70.14805603027344 106.16055297851562 0
    endloop
  endfacet
  facet normal 0 0 -1
    outer loop
      vertex -75.86035919189453 -96.63015747070312 0
      vertex -61.85669708251953 -93.3432388305664 0
      vertex -75.58241271972656 -98.02745819091797 0
    endloop
  endfacet
  facet normal 0 0 -1
    outer loop
      vertex -62 92.62281799316406 0
      vertex -72.25674438476562 104.24934387207031 0
      vertex -71.24934387207031 105.25674438476562 0
    endloop
  endfacet
  facet normal 0 0 -1
    outer loop
      vertex -61.85669708251953 -93.3432388305664 0
      vertex -75.86035919189453 -96.63015747070312 0
      vertex -61.928001403808594 -93.10818481445312 0
    endloop
  endfacet
  facet normal 0 0 -1
    outer loop
      vertex -62 92.62281799316406 0
      vertex -73.16055297851562 103.14805603027344 0
      vertex -72.25674438476562 104.24934387207031 0
    endloop
  endfacet
  facet normal 0 0 -1
    outer loop
      vertex -76 -95.21234130859375 0
      vertex -61.928001403808594 -93.10818481445312 0
      vertex -75.86035919189453 -96.63015747070312 0
    endloop
  endfacet
  facet normal 0 0 -1
    outer loop
      vertex -62 92.62281799316406 0
      vertex -73.95206451416016 101.9634780883789 0
      vertex -73.16055297851562 103.14805603027344 0
    endloop
  endfacet
  facet normal 0 0 -1
    outer loop
      vertex -61.928001403808594 -93.10818481445312 0
      vertex -76 -95.21234130859375 0
      vertex -61.975921630859375 -92.86727142333984 0
    endloop
  endfacet
  facet normal 0 0 -1
    outer loop
      vertex -62 92.62281799316406 0
      vertex -74.62364959716797 100.70702362060547 0
      vertex -73.95206451416016 101.9634780883789 0
    endloop
  endfacet
  facet normal 0 0 -1
    outer loop
      vertex -61.975921630859375 -92.86727142333984 0
      vertex -76 -95.21234130859375 0
      vertex -62 -92.62281799316406 0
    endloop
  endfacet
  facet normal 0 0 -1
    outer loop
      vertex -62 92.62281799316406 0
      vertex -75.16885375976562 99.39079284667969 0
      vertex -74.62364959716797 100.70702362060547 0
    endloop
  endfacet
  facet normal 0 0 -1
    outer loop
      vertex -62 92.62281799316406 0
      vertex -75.58241271972656 98.02745819091797 0
      vertex -75.16885375976562 99.39079284667969 0
    endloop
  endfacet
  facet normal 0 0 -1
    outer loop
      vertex -62 92.62281799316406 0
      vertex -75.86035919189453 96.63015747070312 0
      vertex -75.58241271972656 98.02745819091797 0
    endloop
  endfacet
  facet normal 0 0 -1
    outer loop
      vertex 72.25674438476562 104.24934387207031 0
      vertex 61.354610443115234 94.18092346191406 0
      vertex 71.24934387207031 105.25674438476562 0
    endloop
  endfacet
  facet normal 0 0 -1
    outer loop
      vertex 61.18092346191406 94.3546142578125 0
      vertex 71.24934387207031 105.25674438476562 0
      vertex 61.354610443115234 94.18092346191406 0
    endloop
  endfacet
  facet normal 0 0 -1
    outer loop
      vertex 71.24934387207031 105.25674438476562 0
      vertex 61.18092346191406 94.3546142578125 0
      vertex 70.14805603027344 106.16055297851562 0
    endloop
  endfacet
  facet normal 0 0 -1
    outer loop
      vertex 60.99104309082031 94.51043701171875 0
      vertex 70.14805603027344 106.16055297851562 0
      vertex 61.18092346191406 94.3546142578125 0
    endloop
  endfacet
  facet normal 0 0 -1
    outer loop
      vertex 70.14805603027344 106.16055297851562 0
      vertex 60.99104309082031 94.51043701171875 0
      vertex 68.9634780883789 106.95206451416016 0
    endloop
  endfacet
  facet normal 0 0 -1
    outer loop
      vertex 60.78680419921875 94.64690399169922 0
      vertex 68.9634780883789 106.95206451416016 0
      vertex 60.99104309082031 94.51043701171875 0
    endloop
  endfacet
  facet normal 0 0 -1
    outer loop
      vertex 68.9634780883789 106.95206451416016 0
      vertex 60.78680419921875 94.64690399169922 0
      vertex 67.70702362060547 107.62364959716797 0
    endloop
  endfacet
  facet normal 0 0 -1
    outer loop
      vertex 67.70702362060547 107.62364959716797 0
      vertex 60.78680419921875 94.64690399169922 0
      vertex 66.39079284667969 108.16885375976562 0
    endloop
  endfacet
  facet normal 0 0 -1
    outer loop
      vertex 60.57017517089844 94.7626953125 0
      vertex 66.39079284667969 108.16885375976562 0
      vertex 60.78680419921875 94.64690399169922 0
    endloop
  endfacet
  facet normal 0 0 -1
    outer loop
      vertex 66.39079284667969 108.16885375976562 0
      vertex 60.57017517089844 94.7626953125 0
      vertex 65.02745819091797 108.58241271972656 0
    endloop
  endfacet
  facet normal 0 0 -1
    outer loop
      vertex 60.343238830566406 94.85669708251953 0
      vertex 65.02745819091797 108.58241271972656 0
      vertex 60.57017517089844 94.7626953125 0
    endloop
  endfacet
  facet normal 0 0 -1
    outer loop
      vertex 65.02745819091797 108.58241271972656 0
      vertex 60.343238830566406 94.85669708251953 0
      vertex 63.630157470703125 108.86035919189453 0
    endloop
  endfacet
  facet normal 0 0 -1
    outer loop
      vertex 60.108184814453125 94.9280014038086 0
      vertex 63.630157470703125 108.86035919189453 0
      vertex 60.343238830566406 94.85669708251953 0
    endloop
  endfacet
  facet normal 0 0 -1
    outer loop
      vertex 63.630157470703125 108.86035919189453 0
      vertex 60.108184814453125 94.9280014038086 0
      vertex 62.212337493896484 109 0
    endloop
  endfacet
  facet normal 0 0 -1
    outer loop
      vertex 59.86726760864258 94.97592163085938 0
      vertex 62.212337493896484 109 0
      vertex 60.108184814453125 94.9280014038086 0
    endloop
  endfacet
  facet normal 0 0 -1
    outer loop
      vertex 59.62281799316406 95 0
      vertex 62.212337493896484 109 0
      vertex 59.86726760864258 94.97592163085938 0
    endloop
  endfacet
  facet normal 0 0 -1
    outer loop
      vertex -59.62281799316406 95 0
      vertex 62.212337493896484 109 0
      vertex 59.62281799316406 95 0
    endloop
  endfacet
  facet normal 0 0 -1
    outer loop
      vertex -62.212337493896484 109 0
      vertex -59.62281799316406 95 0
      vertex -59.86726760864258 94.97592163085938 0
    endloop
  endfacet
  facet normal 0 0 -1
    outer loop
      vertex -59.62281799316406 95 0
      vertex -62.212337493896484 109 0
      vertex 62.212337493896484 109 0
    endloop
  endfacet
  facet normal 0 0 -1
    outer loop
      vertex -60.108184814453125 94.9280014038086 0
      vertex -62.212337493896484 109 0
      vertex -59.86726760864258 94.97592163085938 0
    endloop
  endfacet
  facet normal 0 0 -1
    outer loop
      vertex -60.343238830566406 94.85669708251953 0
      vertex -62.212337493896484 109 0
      vertex -60.108184814453125 94.9280014038086 0
    endloop
  endfacet
  facet normal 0 0 -1
    outer loop
      vertex -60.57017517089844 94.7626953125 0
      vertex -62.212337493896484 109 0
      vertex -60.343238830566406 94.85669708251953 0
    endloop
  endfacet
  facet normal 0 0 -1
    outer loop
      vertex -60.78680419921875 94.64690399169922 0
      vertex -62.212337493896484 109 0
      vertex -60.57017517089844 94.7626953125 0
    endloop
  endfacet
  facet normal 0 0 -1
    outer loop
      vertex -60.99104309082031 94.51043701171875 0
      vertex -62.212337493896484 109 0
      vertex -60.78680419921875 94.64690399169922 0
    endloop
  endfacet
  facet normal 0 0 -1
    outer loop
      vertex -61.18092346191406 94.3546142578125 0
      vertex -62.212337493896484 109 0
      vertex -60.99104309082031 94.51043701171875 0
    endloop
  endfacet
  facet normal 0 0 -1
    outer loop
      vertex -61.354610443115234 94.18092346191406 0
      vertex -62.212337493896484 109 0
      vertex -61.18092346191406 94.3546142578125 0
    endloop
  endfacet
  facet normal 0 0 -1
    outer loop
      vertex -61.510440826416016 93.99104309082031 0
      vertex -62.212337493896484 109 0
      vertex -61.354610443115234 94.18092346191406 0
    endloop
  endfacet
  facet normal 0 0 -1
    outer loop
      vertex -61.646907806396484 93.78680419921875 0
      vertex -62.212337493896484 109 0
      vertex -61.510440826416016 93.99104309082031 0
    endloop
  endfacet
  facet normal 0 0 -1
    outer loop
      vertex -61.762699127197266 93.57017517089844 0
      vertex -62.212337493896484 109 0
      vertex -61.646907806396484 93.78680419921875 0
    endloop
  endfacet
  facet normal 0 0 -1
    outer loop
      vertex -61.85669708251953 93.3432388305664 0
      vertex -62.212337493896484 109 0
      vertex -61.762699127197266 93.57017517089844 0
    endloop
  endfacet
  facet normal 0 0 -1
    outer loop
      vertex -61.928001403808594 93.10818481445312 0
      vertex -62.212337493896484 109 0
      vertex -61.85669708251953 93.3432388305664 0
    endloop
  endfacet
  facet normal 0 0 -1
    outer loop
      vertex -61.975921630859375 92.86727142333984 0
      vertex -62.212337493896484 109 0
      vertex -61.928001403808594 93.10818481445312 0
    endloop
  endfacet
  facet normal 0 0 -1
    outer loop
      vertex -62.212337493896484 109 0
      vertex -61.975921630859375 92.86727142333984 0
      vertex -62 92.62281799316406 0
    endloop
  endfacet
  facet normal 0 -1 0
    outer loop
      vertex 40.541507720947266 -116.5 18
      vertex 47.7080192565918 -116.5 11.25
      vertex 56.73849105834961 -116.5 18
    endloop
  endfacet
  facet normal 0 -1 0
    outer loop
      vertex 40.541507720947266 -116.5 18
      vertex 46.38999938964844 -116.5 9.93198013305664
      vertex 47.7080192565918 -116.5 11.25
    endloop
  endfacet
  facet normal 0 -1 0
    outer loop
      vertex 40.541507720947266 -116.5 18
      vertex 46.38999938964844 -116.5 8.06801986694336
      vertex 46.38999938964844 -116.5 9.93198013305664
    endloop
  endfacet
  facet normal 0 -1 0
    outer loop
      vertex 47.7080192565918 -116.5 6.75
      vertex 40.541507720947266 -116.5 0
      vertex 49.57197952270508 -116.5 6.75
    endloop
  endfacet
  facet normal 0 -1 0
    outer loop
      vertex 46.38999938964844 -116.5 8.06801986694336
      vertex 40.541507720947266 -116.5 0
      vertex 47.7080192565918 -116.5 6.75
    endloop
  endfacet
  facet normal 0 -1 0
    outer loop
      vertex 40.541507720947266 -116.5 0
      vertex 46.38999938964844 -116.5 8.06801986694336
      vertex 40.541507720947266 -116.5 18
    endloop
  endfacet
  facet normal 0 -1 0
    outer loop
      vertex 49.57197952270508 -116.5 11.25
      vertex 56.73849105834961 -116.5 18
      vertex 47.7080192565918 -116.5 11.25
    endloop
  endfacet
  facet normal 0 -1 0
    outer loop
      vertex 50.88999938964844 -116.5 9.93198013305664
      vertex 56.73849105834961 -116.5 18
      vertex 49.57197952270508 -116.5 11.25
    endloop
  endfacet
  facet normal 0 -1 0
    outer loop
      vertex 50.88999938964844 -116.5 8.06801986694336
      vertex 56.73849105834961 -116.5 18
      vertex 50.88999938964844 -116.5 9.93198013305664
    endloop
  endfacet
  facet normal 0 -1 0
    outer loop
      vertex 50.88999938964844 -116.5 8.06801986694336
      vertex 56.73849105834961 -116.5 0
      vertex 56.73849105834961 -116.5 18
    endloop
  endfacet
  facet normal 0 -1 0
    outer loop
      vertex 49.57197952270508 -116.5 6.75
      vertex 56.73849105834961 -116.5 0
      vertex 50.88999938964844 -116.5 8.06801986694336
    endloop
  endfacet
  facet normal 0 -1 0
    outer loop
      vertex 56.73849105834961 -116.5 0
      vertex 49.57197952270508 -116.5 6.75
      vertex 40.541507720947266 -116.5 0
    endloop
  endfacet
  facet normal 0 1 0
    outer loop
      vertex 46.87959289550781 -107 13.25
      vertex 62.11409378051758 -107 18
      vertex 50.40040588378906 -107 13.25
    endloop
  endfacet
  facet normal 0 1 0
    outer loop
      vertex 62.11409378051758 -107 18
      vertex 52.88999938964844 -107 10.760407447814941
      vertex 50.40040588378906 -107 13.25
    endloop
  endfacet
  facet normal 0 1 0
    outer loop
      vertex 62.11409378051758 -107 2
      vertex 52.88999938964844 -107 10.760407447814941
      vertex 62.11409378051758 -107 18
    endloop
  endfacet
  facet normal 0 1 0
    outer loop
      vertex 50.40040588378906 -107 4.75
      vertex 62.11409378051758 -107 2
      vertex 46.87959289550781 -107 4.75
    endloop
  endfacet
  facet normal 0 1 0
    outer loop
      vertex 52.88999938964844 -107 7.239592552185059
      vertex 62.11409378051758 -107 2
      vertex 50.40040588378906 -107 4.75
    endloop
  endfacet
  facet normal 0 1 0
    outer loop
      vertex 52.88999938964844 -107 10.760407447814941
      vertex 62.11409378051758 -107 2
      vertex 52.88999938964844 -107 7.239592552185059
    endloop
  endfacet
  facet normal 0 1 0
    outer loop
      vertex 62.11409378051758 -107 18
      vertex 46.87959289550781 -107 13.25
      vertex 32.98014831542969 -107 18
    endloop
  endfacet
  facet normal 0 1 0
    outer loop
      vertex 44.38999938964844 -107 10.760407447814941
      vertex 32.98014831542969 -107 18
      vertex 46.87959289550781 -107 13.25
    endloop
  endfacet
  facet normal 0 1 0
    outer loop
      vertex 32.98014831542969 -107 2
      vertex 44.38999938964844 -107 10.760407447814941
      vertex 44.38999938964844 -107 7.239592552185059
    endloop
  endfacet
  facet normal 0 1 0
    outer loop
      vertex 32.98014831542969 -107 2
      vertex 44.38999938964844 -107 7.239592552185059
      vertex 46.87959289550781 -107 4.75
    endloop
  endfacet
  facet normal 0 1 0
    outer loop
      vertex 44.38999938964844 -107 10.760407447814941
      vertex 32.98014831542969 -107 2
      vertex 32.98014831542969 -107 18
    endloop
  endfacet
  facet normal 0 1 0
    outer loop
      vertex 32.98014831542969 -107 2
      vertex 46.87959289550781 -107 4.75
      vertex 62.11409378051758 -107 2
    endloop
  endfacet
  facet normal -0.3826949923203938 -0.9238747441362892 0
    outer loop
      vertex 40.16632080078125 -116.38618469238281 0
      vertex 40.34831237792969 -116.4615707397461 18
      vertex 40.16632080078125 -116.38618469238281 18
    endloop
  endfacet
  facet normal -0.3826949923203938 -0.9238747441362892 0
    outer loop
      vertex 40.34831237792969 -116.4615707397461 18
      vertex 40.16632080078125 -116.38618469238281 0
      vertex 40.34831237792969 -116.4615707397461 0
    endloop
  endfacet
  facet normal -0.7070970980421085 -0.707116464198387 0
    outer loop
      vertex 39.863250732421875 -116.13746643066406 0
      vertex 40.00253677368164 -116.27674865722656 18
      vertex 39.863250732421875 -116.13746643066406 18
    endloop
  endfacet
  facet normal -0.7070970980421085 -0.707116464198387 0
    outer loop
      vertex 40.00253677368164 -116.27674865722656 18
      vertex 39.863250732421875 -116.13746643066406 0
      vertex 40.00253677368164 -116.27674865722656 0
    endloop
  endfacet
  facet normal -0.7905731891810205 -0.6123675632723786 0
    outer loop
      vertex 39.863250732421875 -116.13746643066406 0
      vertex 34.33466339111328 -109 18
      vertex 34.33466339111328 -109 0
    endloop
  endfacet
  facet normal -0.7905731891810205 -0.6123675632723786 0
    outer loop
      vertex 34.33466339111328 -109 18
      vertex 39.863250732421875 -116.13746643066406 0
      vertex 39.863250732421875 -116.13746643066406 18
    endloop
  endfacet
  facet normal 0.5555668883362574 -0.8314718471387762 0
    outer loop
      vertex 57.113677978515625 -116.38618469238281 0
      vertex 57.277462005615234 -116.27674865722656 18
      vertex 57.113677978515625 -116.38618469238281 18
    endloop
  endfacet
  facet normal 0.5555668883362574 -0.8314718471387762 0
    outer loop
      vertex 57.277462005615234 -116.27674865722656 18
      vertex 57.113677978515625 -116.38618469238281 0
      vertex 57.277462005615234 -116.27674865722656 0
    endloop
  endfacet
  facet normal 0.19509187107699222 -0.980784972274595 0
    outer loop
      vertex 56.73849105834961 -116.5 0
      vertex 56.93168640136719 -116.4615707397461 18
      vertex 56.73849105834961 -116.5 18
    endloop
  endfacet
  facet normal 0.19509187107699222 -0.980784972274595 0
    outer loop
      vertex 56.93168640136719 -116.4615707397461 18
      vertex 56.73849105834961 -116.5 0
      vertex 56.93168640136719 -116.4615707397461 0
    endloop
  endfacet
  facet normal 0.7070970980421085 -0.707116464198387 0
    outer loop
      vertex 57.277462005615234 -116.27674865722656 0
      vertex 57.416748046875 -116.13746643066406 18
      vertex 57.277462005615234 -116.27674865722656 18
    endloop
  endfacet
  facet normal 0.7070970980421085 -0.707116464198387 0
    outer loop
      vertex 57.416748046875 -116.13746643066406 18
      vertex 57.277462005615234 -116.27674865722656 0
      vertex 57.416748046875 -116.13746643066406 0
    endloop
  endfacet
  facet normal 0.3826949923203938 -0.9238747441362892 0
    outer loop
      vertex 56.93168640136719 -116.4615707397461 0
      vertex 57.113677978515625 -116.38618469238281 18
      vertex 56.93168640136719 -116.4615707397461 18
    endloop
  endfacet
  facet normal 0.3826949923203938 -0.9238747441362892 0
    outer loop
      vertex 57.113677978515625 -116.38618469238281 18
      vertex 56.93168640136719 -116.4615707397461 0
      vertex 57.113677978515625 -116.38618469238281 0
    endloop
  endfacet
  facet normal 0.790573135465066 -0.612367632620254 0
    outer loop
      vertex 57.416748046875 -116.13746643066406 18
      vertex 63.00587463378906 -108.92184448242188 0
      vertex 63.00587463378906 -108.92184448242188 18
    endloop
  endfacet
  facet normal 0.790573135465066 -0.612367632620254 0
    outer loop
      vertex 63.00587463378906 -108.92184448242188 0
      vertex 57.416748046875 -116.13746643066406 18
      vertex 57.416748046875 -116.13746643066406 0
    endloop
  endfacet
  facet normal -0.5555668883362574 -0.8314718471387762 0
    outer loop
      vertex 40.00253677368164 -116.27674865722656 0
      vertex 40.16632080078125 -116.38618469238281 18
      vertex 40.00253677368164 -116.27674865722656 18
    endloop
  endfacet
  facet normal -0.5555668883362574 -0.8314718471387762 0
    outer loop
      vertex 40.16632080078125 -116.38618469238281 18
      vertex 40.00253677368164 -116.27674865722656 0
      vertex 40.16632080078125 -116.38618469238281 0
    endloop
  endfacet
  facet normal -0.19509187107699222 -0.980784972274595 0
    outer loop
      vertex 40.34831237792969 -116.4615707397461 0
      vertex 40.541507720947266 -116.5 18
      vertex 40.34831237792969 -116.4615707397461 18
    endloop
  endfacet
  facet normal -0.19509187107699222 -0.980784972274595 0
    outer loop
      vertex 40.541507720947266 -116.5 18
      vertex 40.34831237792969 -116.4615707397461 0
      vertex 40.541507720947266 -116.5 0
    endloop
  endfacet
  facet normal 0 1 0
    outer loop
      vertex 32.98014831542969 -107 2
      vertex 32.98014450073242 -107 18
      vertex 32.98014831542969 -107 18
    endloop
  endfacet
  facet normal 0 1 0
    outer loop
      vertex 32.98014450073242 -107 18
      vertex 32.98014831542969 -107 2
      vertex 32.98014450073242 -107 2
    endloop
  endfacet
  facet normal 0 1 0
    outer loop
      vertex -15.6598482131958 -107 2
      vertex -15.659852981567383 -107 18
      vertex -15.6598482131958 -107 18
    endloop
  endfacet
  facet normal 0 1 0
    outer loop
      vertex -15.659852981567383 -107 18
      vertex -15.6598482131958 -107 2
      vertex -15.659852981567383 -107 2
    endloop
  endfacet
  facet normal 0 -1 0
    outer loop
      vertex -8.098490715026855 -116.5 18
      vertex -0.9319801330566406 -116.5 11.25
      vertex 8.098490715026855 -116.5 18
    endloop
  endfacet
  facet normal 0 -1 0
    outer loop
      vertex -8.098490715026855 -116.5 18
      vertex -2.25 -116.5 9.93198013305664
      vertex -0.9319801330566406 -116.5 11.25
    endloop
  endfacet
  facet normal 0 -1 0
    outer loop
      vertex -8.098490715026855 -116.5 18
      vertex -2.25 -116.5 8.06801986694336
      vertex -2.25 -116.5 9.93198013305664
    endloop
  endfacet
  facet normal 0 -1 0
    outer loop
      vertex -0.9319801330566406 -116.5 6.75
      vertex -8.098490715026855 -116.5 0
      vertex 0.9319801330566406 -116.5 6.75
    endloop
  endfacet
  facet normal 0 -1 0
    outer loop
      vertex -2.25 -116.5 8.06801986694336
      vertex -8.098490715026855 -116.5 0
      vertex -0.9319801330566406 -116.5 6.75
    endloop
  endfacet
  facet normal 0 -1 0
    outer loop
      vertex -8.098490715026855 -116.5 0
      vertex -2.25 -116.5 8.06801986694336
      vertex -8.098490715026855 -116.5 18
    endloop
  endfacet
  facet normal 0 -1 0
    outer loop
      vertex 0.9319801330566406 -116.5 11.25
      vertex 8.098490715026855 -116.5 18
      vertex -0.9319801330566406 -116.5 11.25
    endloop
  endfacet
  facet normal 0 -1 0
    outer loop
      vertex 2.25 -116.5 9.93198013305664
      vertex 8.098490715026855 -116.5 18
      vertex 0.9319801330566406 -116.5 11.25
    endloop
  endfacet
  facet normal 0 -1 0
    outer loop
      vertex 2.25 -116.5 8.06801986694336
      vertex 8.098490715026855 -116.5 18
      vertex 2.25 -116.5 9.93198013305664
    endloop
  endfacet
  facet normal 0 -1 0
    outer loop
      vertex 2.25 -116.5 8.06801986694336
      vertex 8.098490715026855 -116.5 0
      vertex 8.098490715026855 -116.5 18
    endloop
  endfacet
  facet normal 0 -1 0
    outer loop
      vertex 0.9319801330566406 -116.5 6.75
      vertex 8.098490715026855 -116.5 0
      vertex 2.25 -116.5 8.06801986694336
    endloop
  endfacet
  facet normal 0 -1 0
    outer loop
      vertex 8.098490715026855 -116.5 0
      vertex 0.9319801330566406 -116.5 6.75
      vertex -8.098490715026855 -116.5 0
    endloop
  endfacet
  facet normal 0.5555624154559882 -0.8314748357783944 0
    outer loop
      vertex 8.473676681518555 -116.38618469238281 0
      vertex 8.637462615966797 -116.27674865722656 18
      vertex 8.473676681518555 -116.38618469238281 18
    endloop
  endfacet
  facet normal 0.5555624154559882 -0.8314748357783944 0
    outer loop
      vertex 8.637462615966797 -116.27674865722656 18
      vertex 8.473676681518555 -116.38618469238281 0
      vertex 8.637462615966797 -116.27674865722656 0
    endloop
  endfacet
  facet normal -0.7905732914590505 -0.6123674312303056 0
    outer loop
      vertex -8.776750564575195 -116.13746643066406 0
      vertex -14.305335998535156 -109 18
      vertex -14.305335998535156 -109 0
    endloop
  endfacet
  facet normal -0.7905732914590505 -0.6123674312303056 0
    outer loop
      vertex -14.305335998535156 -109 18
      vertex -8.776750564575195 -116.13746643066406 0
      vertex -8.776750564575195 -116.13746643066406 18
    endloop
  endfacet
  facet normal -0.3827018392342243 -0.9238719079216242 0
    outer loop
      vertex -8.473676681518555 -116.38618469238281 0
      vertex -8.291688919067383 -116.4615707397461 18
      vertex -8.473676681518555 -116.38618469238281 18
    endloop
  endfacet
  facet normal -0.3827018392342243 -0.9238719079216242 0
    outer loop
      vertex -8.291688919067383 -116.4615707397461 18
      vertex -8.473676681518555 -116.38618469238281 0
      vertex -8.291688919067383 -116.4615707397461 0
    endloop
  endfacet
  facet normal 0.7070922565196169 -0.7071213055551334 0
    outer loop
      vertex 8.637462615966797 -116.27674865722656 0
      vertex 8.776750564575195 -116.13746643066406 18
      vertex 8.637462615966797 -116.27674865722656 18
    endloop
  endfacet
  facet normal 0.7070922565196169 -0.7071213055551334 0
    outer loop
      vertex 8.776750564575195 -116.13746643066406 18
      vertex 8.637462615966797 -116.27674865722656 0
      vertex 8.776750564575195 -116.13746643066406 0
    endloop
  endfacet
  facet normal -0.5555624154559882 -0.8314748357783944 0
    outer loop
      vertex -8.637462615966797 -116.27674865722656 0
      vertex -8.473676681518555 -116.38618469238281 18
      vertex -8.637462615966797 -116.27674865722656 18
    endloop
  endfacet
  facet normal -0.5555624154559882 -0.8314748357783944 0
    outer loop
      vertex -8.473676681518555 -116.38618469238281 18
      vertex -8.637462615966797 -116.27674865722656 0
      vertex -8.473676681518555 -116.38618469238281 0
    endloop
  endfacet
  facet normal 0.19508909196912622 -0.9807855250739899 0
    outer loop
      vertex 8.098490715026855 -116.5 0
      vertex 8.291688919067383 -116.4615707397461 18
      vertex 8.098490715026855 -116.5 18
    endloop
  endfacet
  facet normal 0.19508909196912622 -0.9807855250739899 0
    outer loop
      vertex 8.291688919067383 -116.4615707397461 18
      vertex 8.098490715026855 -116.5 0
      vertex 8.291688919067383 -116.4615707397461 0
    endloop
  endfacet
  facet normal 0 1 0
    outer loop
      vertex 15.659852981567383 -107 2
      vertex 15.6598482131958 -107 18
      vertex 15.659852981567383 -107 18
    endloop
  endfacet
  facet normal 0 1 0
    outer loop
      vertex 15.6598482131958 -107 18
      vertex 15.659852981567383 -107 2
      vertex 15.6598482131958 -107 2
    endloop
  endfacet
  facet normal -0.19508909196912622 -0.9807855250739899 0
    outer loop
      vertex -8.291688919067383 -116.4615707397461 0
      vertex -8.098490715026855 -116.5 18
      vertex -8.291688919067383 -116.4615707397461 18
    endloop
  endfacet
  facet normal -0.19508909196912622 -0.9807855250739899 0
    outer loop
      vertex -8.098490715026855 -116.5 18
      vertex -8.291688919067383 -116.4615707397461 0
      vertex -8.098490715026855 -116.5 0
    endloop
  endfacet
  facet normal 0.3827018392342243 -0.9238719079216242 0
    outer loop
      vertex 8.291688919067383 -116.4615707397461 0
      vertex 8.473676681518555 -116.38618469238281 18
      vertex 8.291688919067383 -116.4615707397461 18
    endloop
  endfacet
  facet normal 0.3827018392342243 -0.9238719079216242 0
    outer loop
      vertex 8.473676681518555 -116.38618469238281 18
      vertex 8.291688919067383 -116.4615707397461 0
      vertex 8.473676681518555 -116.38618469238281 0
    endloop
  endfacet
  facet normal -0.7070922565196169 -0.7071213055551334 0
    outer loop
      vertex -8.776750564575195 -116.13746643066406 0
      vertex -8.637462615966797 -116.27674865722656 18
      vertex -8.776750564575195 -116.13746643066406 18
    endloop
  endfacet
  facet normal -0.7070922565196169 -0.7071213055551334 0
    outer loop
      vertex -8.637462615966797 -116.27674865722656 18
      vertex -8.776750564575195 -116.13746643066406 0
      vertex -8.637462615966797 -116.27674865722656 0
    endloop
  endfacet
  facet normal 0.7905732914590505 -0.6123674312303056 0
    outer loop
      vertex 8.776750564575195 -116.13746643066406 18
      vertex 14.305335998535156 -109 0
      vertex 14.305335998535156 -109 18
    endloop
  endfacet
  facet normal 0.7905732914590505 -0.6123674312303056 0
    outer loop
      vertex 14.305335998535156 -109 0
      vertex 8.776750564575195 -116.13746643066406 18
      vertex 8.776750564575195 -116.13746643066406 0
    endloop
  endfacet
  facet normal 0 1 0
    outer loop
      vertex 15.6598482131958 -107 18
      vertex 1.7604074478149414 -107 13.25
      vertex -15.6598482131958 -107 18
    endloop
  endfacet
  facet normal 0 1 0
    outer loop
      vertex 15.6598482131958 -107 18
      vertex 4.25 -107 10.760407447814941
      vertex 1.7604074478149414 -107 13.25
    endloop
  endfacet
  facet normal 0 1 0
    outer loop
      vertex 15.6598482131958 -107 2
      vertex 4.25 -107 10.760407447814941
      vertex 15.6598482131958 -107 18
    endloop
  endfacet
  facet normal 0 1 0
    outer loop
      vertex 4.25 -107 10.760407447814941
      vertex 15.6598482131958 -107 2
      vertex 4.25 -107 7.239592552185059
    endloop
  endfacet
  facet normal 0 1 0
    outer loop
      vertex 1.7604074478149414 -107 4.75
      vertex 15.6598482131958 -107 2
      vertex -1.7604074478149414 -107 4.75
    endloop
  endfacet
  facet normal 0 1 0
    outer loop
      vertex 4.25 -107 7.239592552185059
      vertex 15.6598482131958 -107 2
      vertex 1.7604074478149414 -107 4.75
    endloop
  endfacet
  facet normal 0 1 0
    outer loop
      vertex -1.7604074478149414 -107 13.25
      vertex -15.6598482131958 -107 18
      vertex 1.7604074478149414 -107 13.25
    endloop
  endfacet
  facet normal 0 1 0
    outer loop
      vertex -4.25 -107 10.760407447814941
      vertex -15.6598482131958 -107 18
      vertex -1.7604074478149414 -107 13.25
    endloop
  endfacet
  facet normal 0 1 0
    outer loop
      vertex -15.6598482131958 -107 2
      vertex -4.25 -107 10.760407447814941
      vertex -4.25 -107 7.239592552185059
    endloop
  endfacet
  facet normal 0 1 0
    outer loop
      vertex -15.6598482131958 -107 2
      vertex -4.25 -107 7.239592552185059
      vertex -1.7604074478149414 -107 4.75
    endloop
  endfacet
  facet normal 0 1 0
    outer loop
      vertex -4.25 -107 10.760407447814941
      vertex -15.6598482131958 -107 2
      vertex -15.6598482131958 -107 18
    endloop
  endfacet
  facet normal 0 1 0
    outer loop
      vertex -15.6598482131958 -107 2
      vertex -1.7604074478149414 -107 4.75
      vertex 15.6598482131958 -107 2
    endloop
  endfacet
  facet normal 0.1284679620939432 0.7525766462225485 0.6458516658458429
    outer loop
      vertex -47.64825439453125 112 12.269339561462402
      vertex -47.87360382080078 109 15.809905052185059
      vertex -46.64817810058594 109 15.566152572631836
    endloop
  endfacet
  facet normal 0.3658498073926627 0.7525768690307372 -0.5475234923093658
    outer loop
      vertex -44.36659240722656 109 3.6427457332611084
      vertex -46.472625732421875 112 6.359046936035156
      vertex -44.28704071044922 109 3.695901393890381
    endloop
  endfacet
  facet normal 0.3658456460637742 0.7525766891670601 -0.5475265200686867
    outer loop
      vertex -46.472625732421875 112 6.359046936035156
      vertex -44.36659240722656 109 3.6427457332611084
      vertex -47.02949523925781 112 5.9869585037231445
    endloop
  endfacet
  facet normal 0.365845898785832 0.7525767337052024 -0.547526289987244
    outer loop
      vertex -45.40545654296875 109 2.9485979080200195
      vertex -47.02949523925781 112 5.9869585037231445
      vertex -44.36659240722656 109 3.6427457332611084
    endloop
  endfacet
  facet normal -0.46563424970267586 0.752576561120557 -0.46563211353576395
    outer loop
      vertex -53.06061553955078 109 3.7635552883148193
      vertex -53.944095611572266 109 4.647039413452148
      vertex -51.28095245361328 112 6.832625389099121
    endloop
  endfacet
  facet normal -0.5475263562862067 0.7525766850361566 0.36584589967900333
    outer loop
      vertex -51.65304183959961 112 10.610503196716309
      vertex -54.691402435302734 109 12.234540939331055
      vertex -53.99725341796875 109 13.273406982421875
    endloop
  endfacet
  facet normal 0.2519983259222513 0.7525767118215559 0.608379105949767
    outer loop
      vertex -45.40545654296875 109 15.051401138305664
      vertex -47.02949523925781 112 12.013040542602539
      vertex -46.559783935546875 109 15.52953815460205
    endloop
  endfacet
  facet normal 0.46563424970267586 0.752576561120557 -0.46563211353576395
    outer loop
      vertex -44.219383239746094 109 3.7635552883148193
      vertex -45.999046325683594 112 6.832625389099121
      vertex -43.33590316772461 109 4.647039413452148
    endloop
  endfacet
  facet normal -0.5475184272209208 0.7525771520716167 0.36585680536694115
    outer loop
      vertex -51.28095245361328 112 11.167373657226562
      vertex -53.99725341796875 109 13.273406982421875
      vertex -53.944095611572266 109 13.352959632873535
    endloop
  endfacet
  facet normal -0.5475263856716844 0.7525766793478426 0.3658458674019381
    outer loop
      vertex -53.99725341796875 109 13.273406982421875
      vertex -51.28095245361328 112 11.167373657226562
      vertex -51.65304183959961 112 10.610503196716309
    endloop
  endfacet
  facet normal -0.3658459888955713 0.7525767286055285 0.5475262367872632
    outer loop
      vertex -50.25050354003906 112 12.013040542602539
      vertex -52.91340637207031 109 14.357253074645996
      vertex -51.874542236328125 109 15.051401138305664
    endloop
  endfacet
  facet normal -0.12846728435022658 0.752576694258223 0.6458517446837495
    outer loop
      vertex -49.631744384765625 112 12.269339561462402
      vertex -50.53798294067383 109 15.584818840026855
      vertex -48.97486877441406 112 12.399999618530273
    endloop
  endfacet
  facet normal -0.1284729995256247 0.75257689971782 0.6458503684321958
    outer loop
      vertex -50.53798294067383 109 15.584818840026855
      vertex -49.631744384765625 112 12.269339561462402
      vertex -50.63182067871094 109 15.566152572631836
    endloop
  endfacet
  facet normal -0.12846755823209233 0.7525767321961291 0.6458516459984288
    outer loop
      vertex -48.97486877441406 112 12.399999618530273
      vertex -50.53798294067383 109 15.584818840026855
      vertex -49.31255340576172 109 15.828571319580078
    endloop
  endfacet
  facet normal -0.3658456580442112 0.7525766702983737 0.5475265379986719
    outer loop
      vertex -50.807373046875 112 11.640952110290527
      vertex -52.91340637207031 109 14.357253074645996
      vertex -50.25050354003906 112 12.013040542602539
    endloop
  endfacet
  facet normal -0.36584650693648696 0.7525767069913596 0.547525920351185
    outer loop
      vertex -52.91340637207031 109 14.357253074645996
      vertex -50.807373046875 112 11.640952110290527
      vertex -52.992958068847656 109 14.304098129272461
    endloop
  endfacet
  facet normal 0.6083774783740564 0.7525770643928938 -0.25200120229276424
    outer loop
      vertex -42.55198287963867 109 5.85385274887085
      vertex -45.62696075439453 112 7.389495849609375
      vertex -45.37065887451172 112 8.008255958557129
    endloop
  endfacet
  facet normal 0.6083705845539071 0.7525776389306582 -0.25201612891061803
    outer loop
      vertex -45.62696075439453 112 7.389495849609375
      vertex -42.55198287963867 109 5.85385274887085
      vertex -42.588600158691406 109 5.765458106994629
    endloop
  endfacet
  facet normal -0.6458516693483786 0.7525767288981476 0.1284674601635631
    outer loop
      vertex -51.909339904785156 112 9.991743087768555
      vertex -55.44990539550781 109 9.76639461517334
      vertex -55.206153869628906 109 10.991820335388184
    endloop
  endfacet
  facet normal 0.5475306116169764 0.7525770929220821 -0.3658386919822554
    outer loop
      vertex -42.641754150390625 109 5.685905456542969
      vertex -45.62696075439453 112 7.389495849609375
      vertex -42.588600158691406 109 5.765458106994629
    endloop
  endfacet
  facet normal 0.5475278979391469 0.752576911206546 -0.3658431271694931
    outer loop
      vertex -45.62696075439453 112 7.389495849609375
      vertex -42.641754150390625 109 5.685905456542969
      vertex -45.999046325683594 112 6.832625389099121
    endloop
  endfacet
  facet normal 0.25199853547512946 0.7525767231544971 -0.6083790051312006
    outer loop
      vertex -46.559783935546875 109 2.4704604148864746
      vertex -47.02949523925781 112 5.9869585037231445
      vertex -45.40545654296875 109 2.9485979080200195
    endloop
  endfacet
  facet normal -0.6083805717690162 0.7525765164312129 0.2519953706127661
    outer loop
      vertex -51.65304183959961 112 10.610503196716309
      vertex -54.7280158996582 109 12.146146774291992
      vertex -54.691402435302734 109 12.234540939331055
    endloop
  endfacet
  facet normal -0.6083792682822075 0.7525766250990973 0.25199819300712945
    outer loop
      vertex -54.7280158996582 109 12.146146774291992
      vertex -51.65304183959961 112 10.610503196716309
      vertex -51.909339904785156 112 9.991743087768555
    endloop
  endfacet
  facet normal -0.5475263856716844 0.7525766793478426 -0.3658458674019381
    outer loop
      vertex -51.28095245361328 112 6.832625389099121
      vertex -53.99725341796875 109 4.726592063903809
      vertex -51.65304183959961 112 7.389495849609375
    endloop
  endfacet
  facet normal -0.5475184272209208 0.7525771520716167 -0.36585680536694115
    outer loop
      vertex -53.99725341796875 109 4.726592063903809
      vertex -51.28095245361328 112 6.832625389099121
      vertex -53.944095611572266 109 4.647039413452148
    endloop
  endfacet
  facet normal 0.6458523246481577 0.752576720706461 -0.1284642136833446
    outer loop
      vertex -41.83009338378906 109 8.233604431152344
      vertex -45.23999786376953 112 8.665128707885742
      vertex -41.81142807006836 109 8.327444076538086
    endloop
  endfacet
  facet normal 0.6458516086510557 0.7525765600377624 -0.12846875450696787
    outer loop
      vertex -45.23999786376953 112 8.665128707885742
      vertex -41.83009338378906 109 8.233604431152344
      vertex -45.37065887451172 112 8.008255958557129
    endloop
  endfacet
  facet normal 0.36584650693648696 0.7525767069913596 0.547525920351185
    outer loop
      vertex -46.472625732421875 112 11.640952110290527
      vertex -44.36659240722656 109 14.357253074645996
      vertex -44.28704071044922 109 14.304098129272461
    endloop
  endfacet
  facet normal 0.3658456580442112 0.7525766702983737 0.5475265379986719
    outer loop
      vertex -44.36659240722656 109 14.357253074645996
      vertex -46.472625732421875 112 11.640952110290527
      vertex -47.02949523925781 112 12.013040542602539
    endloop
  endfacet
  facet normal -0.12846729427510062 0.7525766497439422 -0.6458517945796995
    outer loop
      vertex -50.53798294067383 109 2.4151806831359863
      vertex -49.631744384765625 112 5.730659484863281
      vertex -48.97486877441406 112 5.59999942779541
    endloop
  endfacet
  facet normal -0.12846831163415887 0.752576686319743 -0.6458515495946913
    outer loop
      vertex -49.631744384765625 112 5.730659484863281
      vertex -50.53798294067383 109 2.4151806831359863
      vertex -50.63182067871094 109 2.4338462352752686
    endloop
  endfacet
  facet normal 0.12846801821779255 0.7525767095556478 0.6458515808834
    outer loop
      vertex -47.87360382080078 109 15.809905052185059
      vertex -48.30513000488281 112 12.399999618530273
      vertex -47.967445373535156 109 15.828571319580078
    endloop
  endfacet
  facet normal 0.12846727507676767 0.7525767358508215 0.6458516980627
    outer loop
      vertex -48.30513000488281 112 12.399999618530273
      vertex -47.87360382080078 109 15.809905052185059
      vertex -47.64825439453125 112 12.269339561462402
    endloop
  endfacet
  facet normal 0.6083787972438529 0.7525767313210348 -0.25199901297082494
    outer loop
      vertex -42.55198287963867 109 5.85385274887085
      vertex -45.37065887451172 112 8.008255958557129
      vertex -42.07384490966797 109 7.0081787109375
    endloop
  endfacet
  facet normal 0 0.7525767206419353 0.6585045782284513
    outer loop
      vertex -48.30513000488281 112 12.399999618530273
      vertex -49.31255340576172 109 15.828571319580078
      vertex -47.967445373535156 109 15.828571319580078
    endloop
  endfacet
  facet normal 0 0.7525767206419353 0.6585045782284514
    outer loop
      vertex -49.31255340576172 109 15.828571319580078
      vertex -48.30513000488281 112 12.399999618530273
      vertex -48.97486877441406 112 12.399999618530273
    endloop
  endfacet
  facet normal 0.5475265373127309 0.7525764945321117 -0.36584602063722
    outer loop
      vertex -43.33590316772461 109 4.647039413452148
      vertex -45.999046325683594 112 6.832625389099121
      vertex -42.641754150390625 109 5.685905456542969
    endloop
  endfacet
  facet normal -0.25200097412393546 0.7525765141263911 0.6083782535774577
    outer loop
      vertex -49.631744384765625 112 12.269339561462402
      vertex -50.72021484375 109 15.52953815460205
      vertex -50.63182067871094 109 15.566152572631836
    endloop
  endfacet
  facet normal -0.251999346907732 0.7525765747354344 0.6083788526219152
    outer loop
      vertex -50.72021484375 109 15.52953815460205
      vertex -49.631744384765625 112 12.269339561462402
      vertex -50.25050354003906 112 12.013040542602539
    endloop
  endfacet
  facet normal -0.46563419037916715 0.7525765567837762 0.465632179868846
    outer loop
      vertex -51.28095245361328 112 11.167373657226562
      vertex -53.944095611572266 109 13.352959632873535
      vertex -53.06061553955078 109 14.236443519592285
    endloop
  endfacet
  facet normal -0.6083788290914284 0.7525767360152742 0.2519989220650338
    outer loop
      vertex -51.909339904785156 112 9.991743087768555
      vertex -55.206153869628906 109 10.991820335388184
      vertex -54.7280158996582 109 12.146146774291992
    endloop
  endfacet
  facet normal 0.6458516693483786 0.7525767288981476 0.1284674601635631
    outer loop
      vertex -41.83009338378906 109 9.76639461517334
      vertex -45.37065887451172 112 9.991743087768555
      vertex -42.07384490966797 109 10.991820335388184
    endloop
  endfacet
  facet normal 0.6083788290914284 0.7525767360152742 0.2519989220650338
    outer loop
      vertex -42.07384490966797 109 10.991820335388184
      vertex -45.37065887451172 112 9.991743087768555
      vertex -42.55198287963867 109 12.146146774291992
    endloop
  endfacet
  facet normal 0.4656324813025553 0.7525768475638496 -0.4656334189755753
    outer loop
      vertex -44.219383239746094 109 3.7635552883148193
      vertex -46.472625732421875 112 6.359046936035156
      vertex -45.999046325683594 112 6.832625389099121
    endloop
  endfacet
  facet normal 0.4656201701576585 0.7525774330625349 -0.4656447834856083
    outer loop
      vertex -46.472625732421875 112 6.359046936035156
      vertex -44.219383239746094 109 3.7635552883148193
      vertex -44.28704071044922 109 3.695901393890381
    endloop
  endfacet
  facet normal 0.25200097412393546 0.7525765141263911 0.6083782535774577
    outer loop
      vertex -46.559783935546875 109 15.52953815460205
      vertex -47.64825439453125 112 12.269339561462402
      vertex -46.64817810058594 109 15.566152572631836
    endloop
  endfacet
  facet normal 0.251999346907732 0.7525765747354344 0.6083788526219152
    outer loop
      vertex -47.64825439453125 112 12.269339561462402
      vertex -46.559783935546875 109 15.52953815460205
      vertex -47.02949523925781 112 12.013040542602539
    endloop
  endfacet
  facet normal 0.3658459888955713 0.7525767286055285 0.5475262367872632
    outer loop
      vertex -44.36659240722656 109 14.357253074645996
      vertex -47.02949523925781 112 12.013040542602539
      vertex -45.40545654296875 109 15.051401138305664
    endloop
  endfacet
  facet normal -0.6458516086510557 0.7525765600377624 0.12846875450696787
    outer loop
      vertex -52.040000915527344 112 9.334870338439941
      vertex -55.44990539550781 109 9.76639461517334
      vertex -51.909339904785156 112 9.991743087768555
    endloop
  endfacet
  facet normal -0.6458523246481577 0.752576720706461 0.1284642136833446
    outer loop
      vertex -55.44990539550781 109 9.76639461517334
      vertex -52.040000915527344 112 9.334870338439941
      vertex -55.468570709228516 109 9.672554969787598
    endloop
  endfacet
  facet normal 0.6083700391656559 0.7525777002162543 0.25201726246983996
    outer loop
      vertex -42.55198287963867 109 12.146146774291992
      vertex -45.62696075439453 112 10.610503196716309
      vertex -42.588600158691406 109 12.234540939331055
    endloop
  endfacet
  facet normal 0.6083774600350607 0.7525770817616416 0.2520011946964131
    outer loop
      vertex -45.62696075439453 112 10.610503196716309
      vertex -42.55198287963867 109 12.146146774291992
      vertex -45.37065887451172 112 9.991743087768555
    endloop
  endfacet
  facet normal 0.6458516693483786 0.7525767288981476 -0.1284674601635631
    outer loop
      vertex -42.07384490966797 109 7.0081787109375
      vertex -45.37065887451172 112 8.008255958557129
      vertex -41.83009338378906 109 8.233604431152344
    endloop
  endfacet
  facet normal -0.6585047857089532 0.75257653909646 0
    outer loop
      vertex -52.040000915527344 112 8.665128707885742
      vertex -55.468570709228516 109 9.672554969787598
      vertex -52.040000915527344 112 9.334870338439941
    endloop
  endfacet
  facet normal -0.6585047857089532 0.75257653909646 0
    outer loop
      vertex -55.468570709228516 109 9.672554969787598
      vertex -52.040000915527344 112 8.665128707885742
      vertex -55.468570709228516 109 8.327444076538086
    endloop
  endfacet
  facet normal 0.5475306116169764 0.7525770929220821 0.3658386919822554
    outer loop
      vertex -45.62696075439453 112 10.610503196716309
      vertex -42.641754150390625 109 12.314093589782715
      vertex -42.588600158691406 109 12.234540939331055
    endloop
  endfacet
  facet normal 0.5475278979391469 0.752576911206546 0.3658431271694931
    outer loop
      vertex -42.641754150390625 109 12.314093589782715
      vertex -45.62696075439453 112 10.610503196716309
      vertex -45.999046325683594 112 11.167373657226562
    endloop
  endfacet
  facet normal 0.6585047857089532 0.75257653909646 0
    outer loop
      vertex -41.81142807006836 109 9.672554969787598
      vertex -45.23999786376953 112 8.665128707885742
      vertex -45.23999786376953 112 9.334870338439941
    endloop
  endfacet
  facet normal 0.6585047857089532 0.75257653909646 0
    outer loop
      vertex -45.23999786376953 112 8.665128707885742
      vertex -41.81142807006836 109 9.672554969787598
      vertex -41.81142807006836 109 8.327444076538086
    endloop
  endfacet
  facet normal -0.6083787972438529 0.7525767313210348 -0.25199901297082494
    outer loop
      vertex -54.7280158996582 109 5.85385274887085
      vertex -55.206153869628906 109 7.0081787109375
      vertex -51.909339904785156 112 8.008255958557129
    endloop
  endfacet
  facet normal 0.25199932856884233 0.7525766166669648 -0.6083788083480199
    outer loop
      vertex -46.559783935546875 109 2.4704604148864746
      vertex -47.64825439453125 112 5.730659484863281
      vertex -47.02949523925781 112 5.9869585037231445
    endloop
  endfacet
  facet normal 0.2519995319710721 0.7525766090909478 -0.6083787334675097
    outer loop
      vertex -47.64825439453125 112 5.730659484863281
      vertex -46.559783935546875 109 2.4704604148864746
      vertex -46.64817810058594 109 2.4338462352752686
    endloop
  endfacet
  facet normal 0.6458523246481577 0.752576720706461 0.1284642136833446
    outer loop
      vertex -45.23999786376953 112 9.334870338439941
      vertex -41.83009338378906 109 9.76639461517334
      vertex -41.81142807006836 109 9.672554969787598
    endloop
  endfacet
  facet normal 0.6458516086510557 0.7525765600377624 0.12846875450696787
    outer loop
      vertex -41.83009338378906 109 9.76639461517334
      vertex -45.23999786376953 112 9.334870338439941
      vertex -45.37065887451172 112 9.991743087768555
    endloop
  endfacet
  facet normal -0.5475263562862067 0.7525766850361566 -0.36584589967900333
    outer loop
      vertex -53.99725341796875 109 4.726592063903809
      vertex -54.691402435302734 109 5.765458106994629
      vertex -51.65304183959961 112 7.389495849609375
    endloop
  endfacet
  facet normal -0.46562274293333 0.7525772952932283 0.4656424334963162
    outer loop
      vertex -50.807373046875 112 11.640952110290527
      vertex -53.06061553955078 109 14.236443519592285
      vertex -52.992958068847656 109 14.304098129272461
    endloop
  endfacet
  facet normal -0.4656324942700809 0.7525768315173464 0.46563343194312706
    outer loop
      vertex -53.06061553955078 109 14.236443519592285
      vertex -50.807373046875 112 11.640952110290527
      vertex -51.28095245361328 112 11.167373657226562
    endloop
  endfacet
  facet normal -0.3658456460637742 0.7525766891670601 -0.5475265200686867
    outer loop
      vertex -52.91340637207031 109 3.6427457332611084
      vertex -50.807373046875 112 6.359046936035156
      vertex -50.25050354003906 112 5.9869585037231445
    endloop
  endfacet
  facet normal -0.3658498073926627 0.7525768690307372 -0.5475234923093658
    outer loop
      vertex -50.807373046875 112 6.359046936035156
      vertex -52.91340637207031 109 3.6427457332611084
      vertex -52.992958068847656 109 3.695901393890381
    endloop
  endfacet
  facet normal 0.46562274293333 0.7525772952932283 0.4656424334963162
    outer loop
      vertex -44.219383239746094 109 14.236443519592285
      vertex -46.472625732421875 112 11.640952110290527
      vertex -44.28704071044922 109 14.304098129272461
    endloop
  endfacet
  facet normal 0.4656324942700809 0.7525768315173464 0.46563343194312706
    outer loop
      vertex -46.472625732421875 112 11.640952110290527
      vertex -44.219383239746094 109 14.236443519592285
      vertex -45.999046325683594 112 11.167373657226562
    endloop
  endfacet
  facet normal -0.6458523246481577 0.752576720706461 -0.1284642136833446
    outer loop
      vertex -52.040000915527344 112 8.665128707885742
      vertex -55.44990539550781 109 8.233604431152344
      vertex -55.468570709228516 109 8.327444076538086
    endloop
  endfacet
  facet normal -0.6458516086510557 0.7525765600377624 -0.12846875450696787
    outer loop
      vertex -55.44990539550781 109 8.233604431152344
      vertex -52.040000915527344 112 8.665128707885742
      vertex -51.909339904785156 112 8.008255958557129
    endloop
  endfacet
  facet normal 0.5475265373127309 0.7525764945321117 0.36584602063722
    outer loop
      vertex -42.641754150390625 109 12.314093589782715
      vertex -45.999046325683594 112 11.167373657226562
      vertex -43.33590316772461 109 13.352959632873535
    endloop
  endfacet
  facet normal 0.46563419037916715 0.7525765567837762 0.465632179868846
    outer loop
      vertex -43.33590316772461 109 13.352959632873535
      vertex -45.999046325683594 112 11.167373657226562
      vertex -44.219383239746094 109 14.236443519592285
    endloop
  endfacet
  facet normal -0.6458516693483786 0.7525767288981476 -0.1284674601635631
    outer loop
      vertex -55.206153869628906 109 7.0081787109375
      vertex -55.44990539550781 109 8.233604431152344
      vertex -51.909339904785156 112 8.008255958557129
    endloop
  endfacet
  facet normal -0.6083792866210281 0.7525766077305289 -0.25199820060329503
    outer loop
      vertex -51.65304183959961 112 7.389495849609375
      vertex -54.7280158996582 109 5.85385274887085
      vertex -51.909339904785156 112 8.008255958557129
    endloop
  endfacet
  facet normal -0.6083811171006979 0.7525764551268278 -0.2519942371246702
    outer loop
      vertex -54.7280158996582 109 5.85385274887085
      vertex -51.65304183959961 112 7.389495849609375
      vertex -54.691402435302734 109 5.765458106994629
    endloop
  endfacet
  facet normal -0.2519983259222513 0.7525767118215559 0.608379105949767
    outer loop
      vertex -50.25050354003906 112 12.013040542602539
      vertex -51.874542236328125 109 15.051401138305664
      vertex -50.72021484375 109 15.52953815460205
    endloop
  endfacet
  facet normal 0.1284679571314813 0.7525766684796861 -0.6458516408978774
    outer loop
      vertex -46.64817810058594 109 2.4338462352752686
      vertex -47.87360382080078 109 2.190093755722046
      vertex -47.64825439453125 112 5.730659484863281
    endloop
  endfacet
  facet normal -0.4656324813025553 0.7525768475638496 -0.4656334189755753
    outer loop
      vertex -50.807373046875 112 6.359046936035156
      vertex -53.06061553955078 109 3.7635552883148193
      vertex -51.28095245361328 112 6.832625389099121
    endloop
  endfacet
  facet normal -0.4656201701576585 0.7525774330625349 -0.4656447834856083
    outer loop
      vertex -53.06061553955078 109 3.7635552883148193
      vertex -50.807373046875 112 6.359046936035156
      vertex -52.992958068847656 109 3.695901393890381
    endloop
  endfacet
  facet normal -0.365845898785832 0.7525767337052024 -0.547526289987244
    outer loop
      vertex -51.874542236328125 109 2.9485979080200195
      vertex -52.91340637207031 109 3.6427457332611084
      vertex -50.25050354003906 112 5.9869585037231445
    endloop
  endfacet
  facet normal -0.25199932856884233 0.7525766166669648 -0.6083788083480199
    outer loop
      vertex -49.631744384765625 112 5.730659484863281
      vertex -50.72021484375 109 2.4704604148864746
      vertex -50.25050354003906 112 5.9869585037231445
    endloop
  endfacet
  facet normal -0.2519995319710721 0.7525766090909478 -0.6083787334675097
    outer loop
      vertex -50.72021484375 109 2.4704604148864746
      vertex -49.631744384765625 112 5.730659484863281
      vertex -50.63182067871094 109 2.4338462352752686
    endloop
  endfacet
  facet normal -0.25199853547512946 0.7525767231544971 -0.6083790051312006
    outer loop
      vertex -50.72021484375 109 2.4704604148864746
      vertex -51.874542236328125 109 2.9485979080200195
      vertex -50.25050354003906 112 5.9869585037231445
    endloop
  endfacet
  facet normal 0 1 0
    outer loop
      vertex -48.502113342285156 112 10.399999618530273
      vertex -48.30513000488281 112 12.399999618530273
      vertex -47.64825439453125 112 12.269339561462402
    endloop
  endfacet
  facet normal 0 1 0
    outer loop
      vertex -48.30513000488281 112 12.399999618530273
      vertex -48.502113342285156 112 10.399999618530273
      vertex -48.97486877441406 112 12.399999618530273
    endloop
  endfacet
  facet normal 0 1 0
    outer loop
      vertex -48.23163604736328 112 10.346198081970215
      vertex -47.64825439453125 112 12.269339561462402
      vertex -47.02949523925781 112 12.013040542602539
    endloop
  endfacet
  facet normal 0 1 0
    outer loop
      vertex -48.77788543701172 112 10.399999618530273
      vertex -48.97486877441406 112 12.399999618530273
      vertex -48.502113342285156 112 10.399999618530273
    endloop
  endfacet
  facet normal 0 1 0
    outer loop
      vertex -47.97685241699219 112 10.240663528442383
      vertex -47.02949523925781 112 12.013040542602539
      vertex -46.472625732421875 112 11.640952110290527
    endloop
  endfacet
  facet normal 0 1 0
    outer loop
      vertex -48.97486877441406 112 12.399999618530273
      vertex -48.77788543701172 112 10.399999618530273
      vertex -49.631744384765625 112 12.269339561462402
    endloop
  endfacet
  facet normal 0 1 0
    outer loop
      vertex -47.74755096435547 112 10.087450981140137
      vertex -46.472625732421875 112 11.640952110290527
      vertex -45.999046325683594 112 11.167373657226562
    endloop
  endfacet
  facet normal 0 1 0
    outer loop
      vertex -49.048362731933594 112 10.346198081970215
      vertex -49.631744384765625 112 12.269339561462402
      vertex -48.77788543701172 112 10.399999618530273
    endloop
  endfacet
  facet normal 0 1 0
    outer loop
      vertex -47.552547454833984 112 9.892447471618652
      vertex -45.999046325683594 112 11.167373657226562
      vertex -45.62696075439453 112 10.610503196716309
    endloop
  endfacet
  facet normal 0 1 0
    outer loop
      vertex -49.631744384765625 112 12.269339561462402
      vertex -49.048362731933594 112 10.346198081970215
      vertex -50.25050354003906 112 12.013040542602539
    endloop
  endfacet
  facet normal 0 1 0
    outer loop
      vertex -49.30314636230469 112 10.240663528442383
      vertex -50.25050354003906 112 12.013040542602539
      vertex -49.048362731933594 112 10.346198081970215
    endloop
  endfacet
  facet normal 0 1 0
    outer loop
      vertex -47.64825439453125 112 12.269339561462402
      vertex -48.23163604736328 112 10.346198081970215
      vertex -48.502113342285156 112 10.399999618530273
    endloop
  endfacet
  facet normal 0 1 0
    outer loop
      vertex -47.02949523925781 112 12.013040542602539
      vertex -47.97685241699219 112 10.240663528442383
      vertex -48.23163604736328 112 10.346198081970215
    endloop
  endfacet
  facet normal 0 1 0
    outer loop
      vertex -46.472625732421875 112 11.640952110290527
      vertex -47.74755096435547 112 10.087450981140137
      vertex -47.97685241699219 112 10.240663528442383
    endloop
  endfacet
  facet normal 0 1 0
    outer loop
      vertex -47.39933776855469 112 9.663147926330566
      vertex -45.62696075439453 112 10.610503196716309
      vertex -45.37065887451172 112 9.991743087768555
    endloop
  endfacet
  facet normal 0 1 0
    outer loop
      vertex -45.999046325683594 112 11.167373657226562
      vertex -47.552547454833984 112 9.892447471618652
      vertex -47.74755096435547 112 10.087450981140137
    endloop
  endfacet
  facet normal 0 1 0
    outer loop
      vertex -45.62696075439453 112 10.610503196716309
      vertex -47.39933776855469 112 9.663147926330566
      vertex -47.552547454833984 112 9.892447471618652
    endloop
  endfacet
  facet normal 0 1 0
    outer loop
      vertex -45.37065887451172 112 9.991743087768555
      vertex -47.293800354003906 112 9.408364295959473
      vertex -47.39933776855469 112 9.663147926330566
    endloop
  endfacet
  facet normal 0 1 0
    outer loop
      vertex -45.23999786376953 112 9.334870338439941
      vertex -47.293800354003906 112 9.408364295959473
      vertex -45.37065887451172 112 9.991743087768555
    endloop
  endfacet
  facet normal 0 1 0
    outer loop
      vertex -45.23999786376953 112 9.334870338439941
      vertex -47.23999786376953 112 9.137887954711914
      vertex -47.293800354003906 112 9.408364295959473
    endloop
  endfacet
  facet normal 0 1 0
    outer loop
      vertex -45.23999786376953 112 9.334870338439941
      vertex -47.23999786376953 112 8.86211109161377
      vertex -47.23999786376953 112 9.137887954711914
    endloop
  endfacet
  facet normal 0 1 0
    outer loop
      vertex -45.23999786376953 112 8.665128707885742
      vertex -47.23999786376953 112 8.86211109161377
      vertex -45.23999786376953 112 9.334870338439941
    endloop
  endfacet
  facet normal 0 1 0
    outer loop
      vertex -45.23999786376953 112 8.665128707885742
      vertex -47.293800354003906 112 8.591634750366211
      vertex -47.23999786376953 112 8.86211109161377
    endloop
  endfacet
  facet normal 0 1 0
    outer loop
      vertex -45.37065887451172 112 8.008255958557129
      vertex -47.293800354003906 112 8.591634750366211
      vertex -45.23999786376953 112 8.665128707885742
    endloop
  endfacet
  facet normal 0 1 0
    outer loop
      vertex -47.293800354003906 112 8.591634750366211
      vertex -45.37065887451172 112 8.008255958557129
      vertex -47.39933776855469 112 8.336851119995117
    endloop
  endfacet
  facet normal 0 1 0
    outer loop
      vertex -45.62696075439453 112 7.389495849609375
      vertex -47.39933776855469 112 8.336851119995117
      vertex -45.37065887451172 112 8.008255958557129
    endloop
  endfacet
  facet normal 0 1 0
    outer loop
      vertex -47.39933776855469 112 8.336851119995117
      vertex -45.62696075439453 112 7.389495849609375
      vertex -47.552547454833984 112 8.107551574707031
    endloop
  endfacet
  facet normal 0 1 0
    outer loop
      vertex -45.999046325683594 112 6.832625389099121
      vertex -47.552547454833984 112 8.107551574707031
      vertex -45.62696075439453 112 7.389495849609375
    endloop
  endfacet
  facet normal 0 1 0
    outer loop
      vertex -47.552547454833984 112 8.107551574707031
      vertex -45.999046325683594 112 6.832625389099121
      vertex -47.74755096435547 112 7.912548065185547
    endloop
  endfacet
  facet normal 0 1 0
    outer loop
      vertex -46.472625732421875 112 6.359046936035156
      vertex -47.74755096435547 112 7.912548065185547
      vertex -45.999046325683594 112 6.832625389099121
    endloop
  endfacet
  facet normal 0 1 0
    outer loop
      vertex -47.02949523925781 112 5.9869585037231445
      vertex -47.97685241699219 112 7.759335517883301
      vertex -46.472625732421875 112 6.359046936035156
    endloop
  endfacet
  facet normal 0 1 0
    outer loop
      vertex -47.74755096435547 112 7.912548065185547
      vertex -46.472625732421875 112 6.359046936035156
      vertex -47.97685241699219 112 7.759335517883301
    endloop
  endfacet
  facet normal 0 1 0
    outer loop
      vertex -50.25050354003906 112 12.013040542602539
      vertex -49.30314636230469 112 10.240663528442383
      vertex -50.807373046875 112 11.640952110290527
    endloop
  endfacet
  facet normal 0 1 0
    outer loop
      vertex -49.532447814941406 112 10.087450981140137
      vertex -50.807373046875 112 11.640952110290527
      vertex -49.30314636230469 112 10.240663528442383
    endloop
  endfacet
  facet normal 0 1 0
    outer loop
      vertex -50.807373046875 112 11.640952110290527
      vertex -49.532447814941406 112 10.087450981140137
      vertex -51.28095245361328 112 11.167373657226562
    endloop
  endfacet
  facet normal 0 1 0
    outer loop
      vertex -49.72745132446289 112 9.892447471618652
      vertex -51.28095245361328 112 11.167373657226562
      vertex -49.532447814941406 112 10.087450981140137
    endloop
  endfacet
  facet normal 0 1 0
    outer loop
      vertex -51.28095245361328 112 11.167373657226562
      vertex -49.72745132446289 112 9.892447471618652
      vertex -51.65304183959961 112 10.610503196716309
    endloop
  endfacet
  facet normal 0 1 0
    outer loop
      vertex -49.88066482543945 112 9.663147926330566
      vertex -51.65304183959961 112 10.610503196716309
      vertex -49.72745132446289 112 9.892447471618652
    endloop
  endfacet
  facet normal 0 1 0
    outer loop
      vertex -51.65304183959961 112 10.610503196716309
      vertex -49.88066482543945 112 9.663147926330566
      vertex -51.909339904785156 112 9.991743087768555
    endloop
  endfacet
  facet normal 0 1 0
    outer loop
      vertex -49.98619842529297 112 9.408364295959473
      vertex -51.909339904785156 112 9.991743087768555
      vertex -49.88066482543945 112 9.663147926330566
    endloop
  endfacet
  facet normal 0 1 0
    outer loop
      vertex -49.98619842529297 112 9.408364295959473
      vertex -52.040000915527344 112 9.334870338439941
      vertex -51.909339904785156 112 9.991743087768555
    endloop
  endfacet
  facet normal 0 1 0
    outer loop
      vertex -50.040000915527344 112 9.137887954711914
      vertex -52.040000915527344 112 9.334870338439941
      vertex -49.98619842529297 112 9.408364295959473
    endloop
  endfacet
  facet normal 0 1 0
    outer loop
      vertex -50.040000915527344 112 8.86211109161377
      vertex -52.040000915527344 112 9.334870338439941
      vertex -50.040000915527344 112 9.137887954711914
    endloop
  endfacet
  facet normal 0 1 0
    outer loop
      vertex -50.040000915527344 112 8.86211109161377
      vertex -52.040000915527344 112 8.665128707885742
      vertex -52.040000915527344 112 9.334870338439941
    endloop
  endfacet
  facet normal 0 1 0
    outer loop
      vertex -49.98619842529297 112 8.591634750366211
      vertex -52.040000915527344 112 8.665128707885742
      vertex -50.040000915527344 112 8.86211109161377
    endloop
  endfacet
  facet normal 0 1 0
    outer loop
      vertex -51.909339904785156 112 8.008255958557129
      vertex -49.98619842529297 112 8.591634750366211
      vertex -49.88066482543945 112 8.336851119995117
    endloop
  endfacet
  facet normal 0 1 0
    outer loop
      vertex -51.65304183959961 112 7.389495849609375
      vertex -49.88066482543945 112 8.336851119995117
      vertex -49.72745132446289 112 8.107551574707031
    endloop
  endfacet
  facet normal 0 1 0
    outer loop
      vertex -49.98619842529297 112 8.591634750366211
      vertex -51.909339904785156 112 8.008255958557129
      vertex -52.040000915527344 112 8.665128707885742
    endloop
  endfacet
  facet normal 0 1 0
    outer loop
      vertex -51.28095245361328 112 6.832625389099121
      vertex -49.72745132446289 112 8.107551574707031
      vertex -49.532447814941406 112 7.912548065185547
    endloop
  endfacet
  facet normal 0 1 0
    outer loop
      vertex -50.807373046875 112 6.359046936035156
      vertex -49.532447814941406 112 7.912548065185547
      vertex -49.30314636230469 112 7.759335517883301
    endloop
  endfacet
  facet normal 0 1 0
    outer loop
      vertex -50.25050354003906 112 5.9869585037231445
      vertex -49.30314636230469 112 7.759335517883301
      vertex -49.048362731933594 112 7.653800964355469
    endloop
  endfacet
  facet normal 0 1 0
    outer loop
      vertex -49.631744384765625 112 5.730659484863281
      vertex -49.048362731933594 112 7.653800964355469
      vertex -48.77788543701172 112 7.59999942779541
    endloop
  endfacet
  facet normal 0 1 0
    outer loop
      vertex -49.88066482543945 112 8.336851119995117
      vertex -51.65304183959961 112 7.389495849609375
      vertex -51.909339904785156 112 8.008255958557129
    endloop
  endfacet
  facet normal 0 1 0
    outer loop
      vertex -47.97685241699219 112 7.759335517883301
      vertex -47.02949523925781 112 5.9869585037231445
      vertex -48.23163604736328 112 7.653800964355469
    endloop
  endfacet
  facet normal 0 1 0
    outer loop
      vertex -47.64825439453125 112 5.730659484863281
      vertex -48.23163604736328 112 7.653800964355469
      vertex -47.02949523925781 112 5.9869585037231445
    endloop
  endfacet
  facet normal 0 1 0
    outer loop
      vertex -49.72745132446289 112 8.107551574707031
      vertex -51.28095245361328 112 6.832625389099121
      vertex -51.65304183959961 112 7.389495849609375
    endloop
  endfacet
  facet normal 0 1 0
    outer loop
      vertex -48.23163604736328 112 7.653800964355469
      vertex -47.64825439453125 112 5.730659484863281
      vertex -48.502113342285156 112 7.59999942779541
    endloop
  endfacet
  facet normal 0 1 0
    outer loop
      vertex -49.532447814941406 112 7.912548065185547
      vertex -50.807373046875 112 6.359046936035156
      vertex -51.28095245361328 112 6.832625389099121
    endloop
  endfacet
  facet normal 0 1 0
    outer loop
      vertex -48.30513000488281 112 5.59999942779541
      vertex -48.502113342285156 112 7.59999942779541
      vertex -47.64825439453125 112 5.730659484863281
    endloop
  endfacet
  facet normal 0 1 0
    outer loop
      vertex -49.30314636230469 112 7.759335517883301
      vertex -50.25050354003906 112 5.9869585037231445
      vertex -50.807373046875 112 6.359046936035156
    endloop
  endfacet
  facet normal 0 1 0
    outer loop
      vertex -48.502113342285156 112 7.59999942779541
      vertex -48.30513000488281 112 5.59999942779541
      vertex -48.77788543701172 112 7.59999942779541
    endloop
  endfacet
  facet normal 0 1 0
    outer loop
      vertex -49.048362731933594 112 7.653800964355469
      vertex -49.631744384765625 112 5.730659484863281
      vertex -50.25050354003906 112 5.9869585037231445
    endloop
  endfacet
  facet normal 0 1 0
    outer loop
      vertex -48.97486877441406 112 5.59999942779541
      vertex -48.77788543701172 112 7.59999942779541
      vertex -48.30513000488281 112 5.59999942779541
    endloop
  endfacet
  facet normal 0 1 0
    outer loop
      vertex -48.77788543701172 112 7.59999942779541
      vertex -48.97486877441406 112 5.59999942779541
      vertex -49.631744384765625 112 5.730659484863281
    endloop
  endfacet
  facet normal 0.12846727011433146 0.7525767581079532 -0.645851673114729
    outer loop
      vertex -47.87360382080078 109 2.190093755722046
      vertex -48.30513000488281 112 5.59999942779541
      vertex -47.64825439453125 112 5.730659484863281
    endloop
  endfacet
  facet normal 0.12846483128785482 0.7525768443999633 -0.6458520576689188
    outer loop
      vertex -48.30513000488281 112 5.59999942779541
      vertex -47.87360382080078 109 2.190093755722046
      vertex -47.967445373535156 109 2.1714279651641846
    endloop
  endfacet
  facet normal 0 0.7525766979487603 -0.6585046041635096
    outer loop
      vertex -47.967445373535156 109 2.1714279651641846
      vertex -48.97486877441406 112 5.59999942779541
      vertex -48.30513000488281 112 5.59999942779541
    endloop
  endfacet
  facet normal 0 0.7525766979487601 -0.6585046041635096
    outer loop
      vertex -48.97486877441406 112 5.59999942779541
      vertex -47.967445373535156 109 2.1714279651641846
      vertex -49.31255340576172 109 2.1714279651641846
    endloop
  endfacet
  facet normal -0.1284676854096183 0.7525767039235904 -0.6458516536457888
    outer loop
      vertex -49.31255340576172 109 2.1714279651641846
      vertex -50.53798294067383 109 2.4151806831359863
      vertex -48.97486877441406 112 5.59999942779541
    endloop
  endfacet
  facet normal 0.3658498073926627 0.7525768690307372 -0.5475234923093658
    outer loop
      vertex 52.91340637207031 109 3.6427457332611084
      vertex 50.807373046875 112 6.359046936035156
      vertex 52.992958068847656 109 3.695901393890381
    endloop
  endfacet
  facet normal 0.3658456460637742 0.7525766891670601 -0.5475265200686867
    outer loop
      vertex 50.807373046875 112 6.359046936035156
      vertex 52.91340637207031 109 3.6427457332611084
      vertex 50.25050354003906 112 5.9869585037231445
    endloop
  endfacet
  facet normal 0.365845898785832 0.7525767337052024 -0.547526289987244
    outer loop
      vertex 51.874542236328125 109 2.9485979080200195
      vertex 50.25050354003906 112 5.9869585037231445
      vertex 52.91340637207031 109 3.6427457332611084
    endloop
  endfacet
  facet normal -0.5475278979391469 0.752576911206546 -0.3658431271694931
    outer loop
      vertex 42.641754150390625 109 5.685905456542969
      vertex 45.62696075439453 112 7.389495849609375
      vertex 45.999046325683594 112 6.832625389099121
    endloop
  endfacet
  facet normal -0.5475306116169764 0.7525770929220821 -0.3658386919822554
    outer loop
      vertex 45.62696075439453 112 7.389495849609375
      vertex 42.641754150390625 109 5.685905456542969
      vertex 42.588600158691406 109 5.765458106994629
    endloop
  endfacet
  facet normal 0.6458523246481577 0.752576720706461 -0.1284642136833446
    outer loop
      vertex 55.44990539550781 109 8.233604431152344
      vertex 52.040000915527344 112 8.665128707885742
      vertex 55.468570709228516 109 8.327444076538086
    endloop
  endfacet
  facet normal 0.6458516086510557 0.7525765600377624 -0.12846875450696787
    outer loop
      vertex 52.040000915527344 112 8.665128707885742
      vertex 55.44990539550781 109 8.233604431152344
      vertex 51.909339904785156 112 8.008255958557129
    endloop
  endfacet
  facet normal 0.6458523246481577 0.752576720706461 0.1284642136833446
    outer loop
      vertex 52.040000915527344 112 9.334870338439941
      vertex 55.44990539550781 109 9.76639461517334
      vertex 55.468570709228516 109 9.672554969787598
    endloop
  endfacet
  facet normal 0.6458516086510557 0.7525765600377624 0.12846875450696787
    outer loop
      vertex 55.44990539550781 109 9.76639461517334
      vertex 52.040000915527344 112 9.334870338439941
      vertex 51.909339904785156 112 9.991743087768555
    endloop
  endfacet
  facet normal 0 1 0
    outer loop
      vertex 48.77788543701172 112 10.399999618530273
      vertex 48.97486877441406 112 12.399999618530273
      vertex 49.631744384765625 112 12.269339561462402
    endloop
  endfacet
  facet normal 0 1 0
    outer loop
      vertex 48.97486877441406 112 12.399999618530273
      vertex 48.77788543701172 112 10.399999618530273
      vertex 48.30513000488281 112 12.399999618530273
    endloop
  endfacet
  facet normal 0 1 0
    outer loop
      vertex 49.048362731933594 112 10.346198081970215
      vertex 49.631744384765625 112 12.269339561462402
      vertex 50.25050354003906 112 12.013040542602539
    endloop
  endfacet
  facet normal 0 1 0
    outer loop
      vertex 48.502113342285156 112 10.399999618530273
      vertex 48.30513000488281 112 12.399999618530273
      vertex 48.77788543701172 112 10.399999618530273
    endloop
  endfacet
  facet normal 0 1 0
    outer loop
      vertex 49.30314636230469 112 10.240663528442383
      vertex 50.25050354003906 112 12.013040542602539
      vertex 50.807373046875 112 11.640952110290527
    endloop
  endfacet
  facet normal 0 1 0
    outer loop
      vertex 48.30513000488281 112 12.399999618530273
      vertex 48.502113342285156 112 10.399999618530273
      vertex 47.64825439453125 112 12.269339561462402
    endloop
  endfacet
  facet normal 0 1 0
    outer loop
      vertex 49.532447814941406 112 10.087450981140137
      vertex 50.807373046875 112 11.640952110290527
      vertex 51.28095245361328 112 11.167373657226562
    endloop
  endfacet
  facet normal 0 1 0
    outer loop
      vertex 48.23163604736328 112 10.346198081970215
      vertex 47.64825439453125 112 12.269339561462402
      vertex 48.502113342285156 112 10.399999618530273
    endloop
  endfacet
  facet normal 0 1 0
    outer loop
      vertex 49.72745132446289 112 9.892447471618652
      vertex 51.28095245361328 112 11.167373657226562
      vertex 51.65304183959961 112 10.610503196716309
    endloop
  endfacet
  facet normal 0 1 0
    outer loop
      vertex 47.64825439453125 112 12.269339561462402
      vertex 48.23163604736328 112 10.346198081970215
      vertex 47.02949523925781 112 12.013040542602539
    endloop
  endfacet
  facet normal 0 1 0
    outer loop
      vertex 47.97685241699219 112 10.240663528442383
      vertex 47.02949523925781 112 12.013040542602539
      vertex 48.23163604736328 112 10.346198081970215
    endloop
  endfacet
  facet normal 0 1 0
    outer loop
      vertex 49.631744384765625 112 12.269339561462402
      vertex 49.048362731933594 112 10.346198081970215
      vertex 48.77788543701172 112 10.399999618530273
    endloop
  endfacet
  facet normal 0 1 0
    outer loop
      vertex 50.25050354003906 112 12.013040542602539
      vertex 49.30314636230469 112 10.240663528442383
      vertex 49.048362731933594 112 10.346198081970215
    endloop
  endfacet
  facet normal 0 1 0
    outer loop
      vertex 50.807373046875 112 11.640952110290527
      vertex 49.532447814941406 112 10.087450981140137
      vertex 49.30314636230469 112 10.240663528442383
    endloop
  endfacet
  facet normal 0 1 0
    outer loop
      vertex 49.88066482543945 112 9.663147926330566
      vertex 51.65304183959961 112 10.610503196716309
      vertex 51.909339904785156 112 9.991743087768555
    endloop
  endfacet
  facet normal 0 1 0
    outer loop
      vertex 51.28095245361328 112 11.167373657226562
      vertex 49.72745132446289 112 9.892447471618652
      vertex 49.532447814941406 112 10.087450981140137
    endloop
  endfacet
  facet normal 0 1 0
    outer loop
      vertex 51.65304183959961 112 10.610503196716309
      vertex 49.88066482543945 112 9.663147926330566
      vertex 49.72745132446289 112 9.892447471618652
    endloop
  endfacet
  facet normal 0 1 0
    outer loop
      vertex 51.909339904785156 112 9.991743087768555
      vertex 49.98619842529297 112 9.408364295959473
      vertex 49.88066482543945 112 9.663147926330566
    endloop
  endfacet
  facet normal 0 1 0
    outer loop
      vertex 52.040000915527344 112 9.334870338439941
      vertex 49.98619842529297 112 9.408364295959473
      vertex 51.909339904785156 112 9.991743087768555
    endloop
  endfacet
  facet normal 0 1 0
    outer loop
      vertex 52.040000915527344 112 9.334870338439941
      vertex 50.040000915527344 112 9.137887954711914
      vertex 49.98619842529297 112 9.408364295959473
    endloop
  endfacet
  facet normal 0 1 0
    outer loop
      vertex 52.040000915527344 112 9.334870338439941
      vertex 50.040000915527344 112 8.86211109161377
      vertex 50.040000915527344 112 9.137887954711914
    endloop
  endfacet
  facet normal 0 1 0
    outer loop
      vertex 52.040000915527344 112 8.665128707885742
      vertex 50.040000915527344 112 8.86211109161377
      vertex 52.040000915527344 112 9.334870338439941
    endloop
  endfacet
  facet normal 0 1 0
    outer loop
      vertex 52.040000915527344 112 8.665128707885742
      vertex 49.98619842529297 112 8.591634750366211
      vertex 50.040000915527344 112 8.86211109161377
    endloop
  endfacet
  facet normal 0 1 0
    outer loop
      vertex 51.909339904785156 112 8.008255958557129
      vertex 49.98619842529297 112 8.591634750366211
      vertex 52.040000915527344 112 8.665128707885742
    endloop
  endfacet
  facet normal 0 1 0
    outer loop
      vertex 49.98619842529297 112 8.591634750366211
      vertex 51.909339904785156 112 8.008255958557129
      vertex 49.88066482543945 112 8.336851119995117
    endloop
  endfacet
  facet normal 0 1 0
    outer loop
      vertex 51.65304183959961 112 7.389495849609375
      vertex 49.88066482543945 112 8.336851119995117
      vertex 51.909339904785156 112 8.008255958557129
    endloop
  endfacet
  facet normal 0 1 0
    outer loop
      vertex 49.88066482543945 112 8.336851119995117
      vertex 51.65304183959961 112 7.389495849609375
      vertex 49.72745132446289 112 8.107551574707031
    endloop
  endfacet
  facet normal 0 1 0
    outer loop
      vertex 51.28095245361328 112 6.832625389099121
      vertex 49.72745132446289 112 8.107551574707031
      vertex 51.65304183959961 112 7.389495849609375
    endloop
  endfacet
  facet normal 0 1 0
    outer loop
      vertex 49.72745132446289 112 8.107551574707031
      vertex 51.28095245361328 112 6.832625389099121
      vertex 49.532447814941406 112 7.912548065185547
    endloop
  endfacet
  facet normal 0 1 0
    outer loop
      vertex 50.807373046875 112 6.359046936035156
      vertex 49.532447814941406 112 7.912548065185547
      vertex 51.28095245361328 112 6.832625389099121
    endloop
  endfacet
  facet normal 0 1 0
    outer loop
      vertex 50.25050354003906 112 5.9869585037231445
      vertex 49.30314636230469 112 7.759335517883301
      vertex 50.807373046875 112 6.359046936035156
    endloop
  endfacet
  facet normal 0 1 0
    outer loop
      vertex 49.532447814941406 112 7.912548065185547
      vertex 50.807373046875 112 6.359046936035156
      vertex 49.30314636230469 112 7.759335517883301
    endloop
  endfacet
  facet normal 0 1 0
    outer loop
      vertex 47.02949523925781 112 12.013040542602539
      vertex 47.97685241699219 112 10.240663528442383
      vertex 46.472625732421875 112 11.640952110290527
    endloop
  endfacet
  facet normal 0 1 0
    outer loop
      vertex 47.74755096435547 112 10.087450981140137
      vertex 46.472625732421875 112 11.640952110290527
      vertex 47.97685241699219 112 10.240663528442383
    endloop
  endfacet
  facet normal 0 1 0
    outer loop
      vertex 46.472625732421875 112 11.640952110290527
      vertex 47.74755096435547 112 10.087450981140137
      vertex 45.999046325683594 112 11.167373657226562
    endloop
  endfacet
  facet normal 0 1 0
    outer loop
      vertex 47.552547454833984 112 9.892447471618652
      vertex 45.999046325683594 112 11.167373657226562
      vertex 47.74755096435547 112 10.087450981140137
    endloop
  endfacet
  facet normal 0 1 0
    outer loop
      vertex 45.999046325683594 112 11.167373657226562
      vertex 47.552547454833984 112 9.892447471618652
      vertex 45.62696075439453 112 10.610503196716309
    endloop
  endfacet
  facet normal 0 1 0
    outer loop
      vertex 47.39933776855469 112 9.663147926330566
      vertex 45.62696075439453 112 10.610503196716309
      vertex 47.552547454833984 112 9.892447471618652
    endloop
  endfacet
  facet normal 0 1 0
    outer loop
      vertex 45.62696075439453 112 10.610503196716309
      vertex 47.39933776855469 112 9.663147926330566
      vertex 45.37065887451172 112 9.991743087768555
    endloop
  endfacet
  facet normal 0 1 0
    outer loop
      vertex 47.293800354003906 112 9.408364295959473
      vertex 45.37065887451172 112 9.991743087768555
      vertex 47.39933776855469 112 9.663147926330566
    endloop
  endfacet
  facet normal 0 1 0
    outer loop
      vertex 47.293800354003906 112 9.408364295959473
      vertex 45.23999786376953 112 9.334870338439941
      vertex 45.37065887451172 112 9.991743087768555
    endloop
  endfacet
  facet normal 0 1 0
    outer loop
      vertex 47.23999786376953 112 9.137887954711914
      vertex 45.23999786376953 112 9.334870338439941
      vertex 47.293800354003906 112 9.408364295959473
    endloop
  endfacet
  facet normal 0 1 0
    outer loop
      vertex 47.23999786376953 112 8.86211109161377
      vertex 45.23999786376953 112 9.334870338439941
      vertex 47.23999786376953 112 9.137887954711914
    endloop
  endfacet
  facet normal 0 1 0
    outer loop
      vertex 47.23999786376953 112 8.86211109161377
      vertex 45.23999786376953 112 8.665128707885742
      vertex 45.23999786376953 112 9.334870338439941
    endloop
  endfacet
  facet normal 0 1 0
    outer loop
      vertex 47.293800354003906 112 8.591634750366211
      vertex 45.23999786376953 112 8.665128707885742
      vertex 47.23999786376953 112 8.86211109161377
    endloop
  endfacet
  facet normal 0 1 0
    outer loop
      vertex 45.37065887451172 112 8.008255958557129
      vertex 47.293800354003906 112 8.591634750366211
      vertex 47.39933776855469 112 8.336851119995117
    endloop
  endfacet
  facet normal 0 1 0
    outer loop
      vertex 45.62696075439453 112 7.389495849609375
      vertex 47.39933776855469 112 8.336851119995117
      vertex 47.552547454833984 112 8.107551574707031
    endloop
  endfacet
  facet normal 0 1 0
    outer loop
      vertex 47.293800354003906 112 8.591634750366211
      vertex 45.37065887451172 112 8.008255958557129
      vertex 45.23999786376953 112 8.665128707885742
    endloop
  endfacet
  facet normal 0 1 0
    outer loop
      vertex 45.999046325683594 112 6.832625389099121
      vertex 47.552547454833984 112 8.107551574707031
      vertex 47.74755096435547 112 7.912548065185547
    endloop
  endfacet
  facet normal 0 1 0
    outer loop
      vertex 46.472625732421875 112 6.359046936035156
      vertex 47.74755096435547 112 7.912548065185547
      vertex 47.97685241699219 112 7.759335517883301
    endloop
  endfacet
  facet normal 0 1 0
    outer loop
      vertex 47.02949523925781 112 5.9869585037231445
      vertex 47.97685241699219 112 7.759335517883301
      vertex 48.23163604736328 112 7.653800964355469
    endloop
  endfacet
  facet normal 0 1 0
    outer loop
      vertex 47.64825439453125 112 5.730659484863281
      vertex 48.23163604736328 112 7.653800964355469
      vertex 48.502113342285156 112 7.59999942779541
    endloop
  endfacet
  facet normal 0 1 0
    outer loop
      vertex 47.39933776855469 112 8.336851119995117
      vertex 45.62696075439453 112 7.389495849609375
      vertex 45.37065887451172 112 8.008255958557129
    endloop
  endfacet
  facet normal 0 1 0
    outer loop
      vertex 49.30314636230469 112 7.759335517883301
      vertex 50.25050354003906 112 5.9869585037231445
      vertex 49.048362731933594 112 7.653800964355469
    endloop
  endfacet
  facet normal 0 1 0
    outer loop
      vertex 49.631744384765625 112 5.730659484863281
      vertex 49.048362731933594 112 7.653800964355469
      vertex 50.25050354003906 112 5.9869585037231445
    endloop
  endfacet
  facet normal 0 1 0
    outer loop
      vertex 47.552547454833984 112 8.107551574707031
      vertex 45.999046325683594 112 6.832625389099121
      vertex 45.62696075439453 112 7.389495849609375
    endloop
  endfacet
  facet normal 0 1 0
    outer loop
      vertex 49.048362731933594 112 7.653800964355469
      vertex 49.631744384765625 112 5.730659484863281
      vertex 48.77788543701172 112 7.59999942779541
    endloop
  endfacet
  facet normal 0 1 0
    outer loop
      vertex 47.74755096435547 112 7.912548065185547
      vertex 46.472625732421875 112 6.359046936035156
      vertex 45.999046325683594 112 6.832625389099121
    endloop
  endfacet
  facet normal 0 1 0
    outer loop
      vertex 48.97486877441406 112 5.59999942779541
      vertex 48.77788543701172 112 7.59999942779541
      vertex 49.631744384765625 112 5.730659484863281
    endloop
  endfacet
  facet normal 0 1 0
    outer loop
      vertex 47.97685241699219 112 7.759335517883301
      vertex 47.02949523925781 112 5.9869585037231445
      vertex 46.472625732421875 112 6.359046936035156
    endloop
  endfacet
  facet normal 0 1 0
    outer loop
      vertex 48.77788543701172 112 7.59999942779541
      vertex 48.97486877441406 112 5.59999942779541
      vertex 48.502113342285156 112 7.59999942779541
    endloop
  endfacet
  facet normal 0 1 0
    outer loop
      vertex 48.23163604736328 112 7.653800964355469
      vertex 47.64825439453125 112 5.730659484863281
      vertex 47.02949523925781 112 5.9869585037231445
    endloop
  endfacet
  facet normal 0 1 0
    outer loop
      vertex 48.30513000488281 112 5.59999942779541
      vertex 48.502113342285156 112 7.59999942779541
      vertex 48.97486877441406 112 5.59999942779541
    endloop
  endfacet
  facet normal 0 1 0
    outer loop
      vertex 48.502113342285156 112 7.59999942779541
      vertex 48.30513000488281 112 5.59999942779541
      vertex 47.64825439453125 112 5.730659484863281
    endloop
  endfacet
  facet normal 0.12846755823209233 0.7525767321961291 0.6458516459984288
    outer loop
      vertex 50.53798294067383 109 15.584818840026855
      vertex 48.97486877441406 112 12.399999618530273
      vertex 49.31255340576172 109 15.828571319580078
    endloop
  endfacet
  facet normal 0.46562274293333 0.7525772952932283 0.4656424334963162
    outer loop
      vertex 53.06061553955078 109 14.236443519592285
      vertex 50.807373046875 112 11.640952110290527
      vertex 52.992958068847656 109 14.304098129272461
    endloop
  endfacet
  facet normal 0.4656324942700809 0.7525768315173464 0.46563343194312706
    outer loop
      vertex 50.807373046875 112 11.640952110290527
      vertex 53.06061553955078 109 14.236443519592285
      vertex 51.28095245361328 112 11.167373657226562
    endloop
  endfacet
  facet normal -0.3658459888955713 0.7525767286055285 0.5475262367872632
    outer loop
      vertex 47.02949523925781 112 12.013040542602539
      vertex 44.36659240722656 109 14.357253074645996
      vertex 45.40545654296875 109 15.051401138305664
    endloop
  endfacet
  facet normal -0.5475265373127309 0.7525764945321117 0.36584602063722
    outer loop
      vertex 45.999046325683594 112 11.167373657226562
      vertex 42.641754150390625 109 12.314093589782715
      vertex 43.33590316772461 109 13.352959632873535
    endloop
  endfacet
  facet normal -0.46562274293333 0.7525772952932283 0.4656424334963162
    outer loop
      vertex 46.472625732421875 112 11.640952110290527
      vertex 44.219383239746094 109 14.236443519592285
      vertex 44.28704071044922 109 14.304098129272461
    endloop
  endfacet
  facet normal -0.4656324942700809 0.7525768315173464 0.46563343194312706
    outer loop
      vertex 44.219383239746094 109 14.236443519592285
      vertex 46.472625732421875 112 11.640952110290527
      vertex 45.999046325683594 112 11.167373657226562
    endloop
  endfacet
  facet normal 0.6083792866210281 0.7525766077305289 -0.25199820060329503
    outer loop
      vertex 54.7280158996582 109 5.85385274887085
      vertex 51.65304183959961 112 7.389495849609375
      vertex 51.909339904785156 112 8.008255958557129
    endloop
  endfacet
  facet normal 0.6083811171006979 0.7525764551268278 -0.2519942371246702
    outer loop
      vertex 51.65304183959961 112 7.389495849609375
      vertex 54.7280158996582 109 5.85385274887085
      vertex 54.691402435302734 109 5.765458106994629
    endloop
  endfacet
  facet normal -0.6458516693483786 0.7525767288981476 0.1284674601635631
    outer loop
      vertex 45.37065887451172 112 9.991743087768555
      vertex 41.83009338378906 109 9.76639461517334
      vertex 42.07384490966797 109 10.991820335388184
    endloop
  endfacet
  facet normal 0.25199853547512946 0.7525767231544971 -0.6083790051312006
    outer loop
      vertex 50.72021484375 109 2.4704604148864746
      vertex 50.25050354003906 112 5.9869585037231445
      vertex 51.874542236328125 109 2.9485979080200195
    endloop
  endfacet
  facet normal -0.6083700391656559 0.7525777002162543 0.25201726246983996
    outer loop
      vertex 45.62696075439453 112 10.610503196716309
      vertex 42.55198287963867 109 12.146146774291992
      vertex 42.588600158691406 109 12.234540939331055
    endloop
  endfacet
  facet normal -0.6083774600350607 0.7525770817616416 0.2520011946964131
    outer loop
      vertex 42.55198287963867 109 12.146146774291992
      vertex 45.62696075439453 112 10.610503196716309
      vertex 45.37065887451172 112 9.991743087768555
    endloop
  endfacet
  facet normal -0.6458516086510557 0.7525765600377624 0.12846875450696787
    outer loop
      vertex 45.23999786376953 112 9.334870338439941
      vertex 41.83009338378906 109 9.76639461517334
      vertex 45.37065887451172 112 9.991743087768555
    endloop
  endfacet
  facet normal -0.6458523246481577 0.752576720706461 0.1284642136833446
    outer loop
      vertex 41.83009338378906 109 9.76639461517334
      vertex 45.23999786376953 112 9.334870338439941
      vertex 41.81142807006836 109 9.672554969787598
    endloop
  endfacet
  facet normal -0.6585047857089532 0.75257653909646 0
    outer loop
      vertex 45.23999786376953 112 8.665128707885742
      vertex 41.81142807006836 109 9.672554969787598
      vertex 45.23999786376953 112 9.334870338439941
    endloop
  endfacet
  facet normal -0.6585047857089532 0.75257653909646 0
    outer loop
      vertex 41.81142807006836 109 9.672554969787598
      vertex 45.23999786376953 112 8.665128707885742
      vertex 41.81142807006836 109 8.327444076538086
    endloop
  endfacet
  facet normal -0.6458523246481577 0.752576720706461 -0.1284642136833446
    outer loop
      vertex 45.23999786376953 112 8.665128707885742
      vertex 41.83009338378906 109 8.233604431152344
      vertex 41.81142807006836 109 8.327444076538086
    endloop
  endfacet
  facet normal -0.6458516086510557 0.7525765600377624 -0.12846875450696787
    outer loop
      vertex 41.83009338378906 109 8.233604431152344
      vertex 45.23999786376953 112 8.665128707885742
      vertex 45.37065887451172 112 8.008255958557129
    endloop
  endfacet
  facet normal -0.5475278979391469 0.752576911206546 0.3658431271694931
    outer loop
      vertex 45.62696075439453 112 10.610503196716309
      vertex 42.641754150390625 109 12.314093589782715
      vertex 45.999046325683594 112 11.167373657226562
    endloop
  endfacet
  facet normal -0.5475306116169764 0.7525770929220821 0.3658386919822554
    outer loop
      vertex 42.641754150390625 109 12.314093589782715
      vertex 45.62696075439453 112 10.610503196716309
      vertex 42.588600158691406 109 12.234540939331055
    endloop
  endfacet
  facet normal -0.1284679571314813 0.7525766684796861 -0.6458516408978774
    outer loop
      vertex 47.87360382080078 109 2.190093755722046
      vertex 46.64817810058594 109 2.4338462352752686
      vertex 47.64825439453125 112 5.730659484863281
    endloop
  endfacet
  facet normal 0.2519983259222513 0.7525767118215559 0.608379105949767
    outer loop
      vertex 51.874542236328125 109 15.051401138305664
      vertex 50.25050354003906 112 12.013040542602539
      vertex 50.72021484375 109 15.52953815460205
    endloop
  endfacet
  facet normal 0.5475263856716844 0.7525766793478426 -0.3658458674019381
    outer loop
      vertex 53.99725341796875 109 4.726592063903809
      vertex 51.28095245361328 112 6.832625389099121
      vertex 51.65304183959961 112 7.389495849609375
    endloop
  endfacet
  facet normal 0.5475184272209208 0.7525771520716167 -0.36585680536694115
    outer loop
      vertex 51.28095245361328 112 6.832625389099121
      vertex 53.99725341796875 109 4.726592063903809
      vertex 53.944095611572266 109 4.647039413452148
    endloop
  endfacet
  facet normal 0.6083787972438529 0.7525767313210348 -0.25199901297082494
    outer loop
      vertex 54.7280158996582 109 5.85385274887085
      vertex 51.909339904785156 112 8.008255958557129
      vertex 55.206153869628906 109 7.0081787109375
    endloop
  endfacet
  facet normal -0.1284679620939432 0.7525766462225485 0.6458516658458429
    outer loop
      vertex 47.64825439453125 112 12.269339561462402
      vertex 46.64817810058594 109 15.566152572631836
      vertex 47.87360382080078 109 15.809905052185059
    endloop
  endfacet
  facet normal 0.6083805717690162 0.7525765164312129 0.2519953706127661
    outer loop
      vertex 54.7280158996582 109 12.146146774291992
      vertex 51.65304183959961 112 10.610503196716309
      vertex 54.691402435302734 109 12.234540939331055
    endloop
  endfacet
  facet normal 0.6083792682822075 0.7525766250990973 0.25199819300712945
    outer loop
      vertex 51.65304183959961 112 10.610503196716309
      vertex 54.7280158996582 109 12.146146774291992
      vertex 51.909339904785156 112 9.991743087768555
    endloop
  endfacet
  facet normal 0.6585047857089532 0.75257653909646 0
    outer loop
      vertex 55.468570709228516 109 9.672554969787598
      vertex 52.040000915527344 112 8.665128707885742
      vertex 52.040000915527344 112 9.334870338439941
    endloop
  endfacet
  facet normal 0.6585047857089532 0.75257653909646 0
    outer loop
      vertex 52.040000915527344 112 8.665128707885742
      vertex 55.468570709228516 109 9.672554969787598
      vertex 55.468570709228516 109 8.327444076538086
    endloop
  endfacet
  facet normal -0.25200097412393546 0.7525765141263911 0.6083782535774577
    outer loop
      vertex 47.64825439453125 112 12.269339561462402
      vertex 46.559783935546875 109 15.52953815460205
      vertex 46.64817810058594 109 15.566152572631836
    endloop
  endfacet
  facet normal -0.251999346907732 0.7525765747354344 0.6083788526219152
    outer loop
      vertex 46.559783935546875 109 15.52953815460205
      vertex 47.64825439453125 112 12.269339561462402
      vertex 47.02949523925781 112 12.013040542602539
    endloop
  endfacet
  facet normal -0.6083787972438529 0.7525767313210348 -0.25199901297082494
    outer loop
      vertex 42.55198287963867 109 5.85385274887085
      vertex 42.07384490966797 109 7.0081787109375
      vertex 45.37065887451172 112 8.008255958557129
    endloop
  endfacet
  facet normal -0.6083788290914284 0.7525767360152742 0.2519989220650338
    outer loop
      vertex 45.37065887451172 112 9.991743087768555
      vertex 42.07384490966797 109 10.991820335388184
      vertex 42.55198287963867 109 12.146146774291992
    endloop
  endfacet
  facet normal 0.6083788290914284 0.7525767360152742 0.2519989220650338
    outer loop
      vertex 55.206153869628906 109 10.991820335388184
      vertex 51.909339904785156 112 9.991743087768555
      vertex 54.7280158996582 109 12.146146774291992
    endloop
  endfacet
  facet normal 0.5475263562862067 0.7525766850361566 -0.36584589967900333
    outer loop
      vertex 53.99725341796875 109 4.726592063903809
      vertex 51.65304183959961 112 7.389495849609375
      vertex 54.691402435302734 109 5.765458106994629
    endloop
  endfacet
  facet normal 0.4656324813025553 0.7525768475638496 -0.4656334189755753
    outer loop
      vertex 53.06061553955078 109 3.7635552883148193
      vertex 50.807373046875 112 6.359046936035156
      vertex 51.28095245361328 112 6.832625389099121
    endloop
  endfacet
  facet normal 0.4656201701576585 0.7525774330625349 -0.4656447834856083
    outer loop
      vertex 50.807373046875 112 6.359046936035156
      vertex 53.06061553955078 109 3.7635552883148193
      vertex 52.992958068847656 109 3.695901393890381
    endloop
  endfacet
  facet normal 0.25200097412393546 0.7525765141263911 0.6083782535774577
    outer loop
      vertex 50.72021484375 109 15.52953815460205
      vertex 49.631744384765625 112 12.269339561462402
      vertex 50.63182067871094 109 15.566152572631836
    endloop
  endfacet
  facet normal 0.251999346907732 0.7525765747354344 0.6083788526219152
    outer loop
      vertex 49.631744384765625 112 12.269339561462402
      vertex 50.72021484375 109 15.52953815460205
      vertex 50.25050354003906 112 12.013040542602539
    endloop
  endfacet
  facet normal 0.5475263562862067 0.7525766850361566 0.36584589967900333
    outer loop
      vertex 54.691402435302734 109 12.234540939331055
      vertex 51.65304183959961 112 10.610503196716309
      vertex 53.99725341796875 109 13.273406982421875
    endloop
  endfacet
  facet normal -0.46563419037916715 0.7525765567837762 0.465632179868846
    outer loop
      vertex 45.999046325683594 112 11.167373657226562
      vertex 43.33590316772461 109 13.352959632873535
      vertex 44.219383239746094 109 14.236443519592285
    endloop
  endfacet
  facet normal 0.6458516693483786 0.7525767288981476 -0.1284674601635631
    outer loop
      vertex 55.206153869628906 109 7.0081787109375
      vertex 51.909339904785156 112 8.008255958557129
      vertex 55.44990539550781 109 8.233604431152344
    endloop
  endfacet
  facet normal 0.46563424970267586 0.752576561120557 -0.46563211353576395
    outer loop
      vertex 53.06061553955078 109 3.7635552883148193
      vertex 51.28095245361328 112 6.832625389099121
      vertex 53.944095611572266 109 4.647039413452148
    endloop
  endfacet
  facet normal 0.3658459888955713 0.7525767286055285 0.5475262367872632
    outer loop
      vertex 52.91340637207031 109 14.357253074645996
      vertex 50.25050354003906 112 12.013040542602539
      vertex 51.874542236328125 109 15.051401138305664
    endloop
  endfacet
  facet normal 0.6458516693483786 0.7525767288981476 0.1284674601635631
    outer loop
      vertex 55.44990539550781 109 9.76639461517334
      vertex 51.909339904785156 112 9.991743087768555
      vertex 55.206153869628906 109 10.991820335388184
    endloop
  endfacet
  facet normal -0.6458516693483786 0.7525767288981476 -0.1284674601635631
    outer loop
      vertex 42.07384490966797 109 7.0081787109375
      vertex 41.83009338378906 109 8.233604431152344
      vertex 45.37065887451172 112 8.008255958557129
    endloop
  endfacet
  facet normal 0 0.7525767206419353 0.6585045782284513
    outer loop
      vertex 48.97486877441406 112 12.399999618530273
      vertex 47.967445373535156 109 15.828571319580078
      vertex 49.31255340576172 109 15.828571319580078
    endloop
  endfacet
  facet normal 0 0.7525767206419353 0.6585045782284514
    outer loop
      vertex 47.967445373535156 109 15.828571319580078
      vertex 48.97486877441406 112 12.399999618530273
      vertex 48.30513000488281 112 12.399999618530273
    endloop
  endfacet
  facet normal -0.12846801821779255 0.7525767095556478 0.6458515808834
    outer loop
      vertex 48.30513000488281 112 12.399999618530273
      vertex 47.87360382080078 109 15.809905052185059
      vertex 47.967445373535156 109 15.828571319580078
    endloop
  endfacet
  facet normal -0.12846727507676767 0.7525767358508215 0.6458516980627
    outer loop
      vertex 47.87360382080078 109 15.809905052185059
      vertex 48.30513000488281 112 12.399999618530273
      vertex 47.64825439453125 112 12.269339561462402
    endloop
  endfacet
  facet normal -0.46563424970267586 0.752576561120557 -0.46563211353576395
    outer loop
      vertex 44.219383239746094 109 3.7635552883148193
      vertex 43.33590316772461 109 4.647039413452148
      vertex 45.999046325683594 112 6.832625389099121
    endloop
  endfacet
  facet normal -0.5475265373127309 0.7525764945321117 -0.36584602063722
    outer loop
      vertex 43.33590316772461 109 4.647039413452148
      vertex 42.641754150390625 109 5.685905456542969
      vertex 45.999046325683594 112 6.832625389099121
    endloop
  endfacet
  facet normal -0.365845898785832 0.7525767337052024 -0.547526289987244
    outer loop
      vertex 45.40545654296875 109 2.9485979080200195
      vertex 44.36659240722656 109 3.6427457332611084
      vertex 47.02949523925781 112 5.9869585037231445
    endloop
  endfacet
  facet normal 0.12846831163415887 0.752576686319743 -0.6458515495946913
    outer loop
      vertex 50.53798294067383 109 2.4151806831359863
      vertex 49.631744384765625 112 5.730659484863281
      vertex 50.63182067871094 109 2.4338462352752686
    endloop
  endfacet
  facet normal 0.12846729427510062 0.7525766497439422 -0.6458517945796995
    outer loop
      vertex 49.631744384765625 112 5.730659484863281
      vertex 50.53798294067383 109 2.4151806831359863
      vertex 48.97486877441406 112 5.59999942779541
    endloop
  endfacet
  facet normal 0.25199932856884233 0.7525766166669648 -0.6083788083480199
    outer loop
      vertex 50.72021484375 109 2.4704604148864746
      vertex 49.631744384765625 112 5.730659484863281
      vertex 50.25050354003906 112 5.9869585037231445
    endloop
  endfacet
  facet normal 0.2519995319710721 0.7525766090909478 -0.6083787334675097
    outer loop
      vertex 49.631744384765625 112 5.730659484863281
      vertex 50.72021484375 109 2.4704604148864746
      vertex 50.63182067871094 109 2.4338462352752686
    endloop
  endfacet
  facet normal 0.36584650693648696 0.7525767069913596 0.547525920351185
    outer loop
      vertex 50.807373046875 112 11.640952110290527
      vertex 52.91340637207031 109 14.357253074645996
      vertex 52.992958068847656 109 14.304098129272461
    endloop
  endfacet
  facet normal 0.3658456580442112 0.7525766702983737 0.5475265379986719
    outer loop
      vertex 52.91340637207031 109 14.357253074645996
      vertex 50.807373046875 112 11.640952110290527
      vertex 50.25050354003906 112 12.013040542602539
    endloop
  endfacet
  facet normal 0.5475184272209208 0.7525771520716167 0.36585680536694115
    outer loop
      vertex 53.99725341796875 109 13.273406982421875
      vertex 51.28095245361328 112 11.167373657226562
      vertex 53.944095611572266 109 13.352959632873535
    endloop
  endfacet
  facet normal 0.5475263856716844 0.7525766793478426 0.3658458674019381
    outer loop
      vertex 51.28095245361328 112 11.167373657226562
      vertex 53.99725341796875 109 13.273406982421875
      vertex 51.65304183959961 112 10.610503196716309
    endloop
  endfacet
  facet normal 0.46563419037916715 0.7525765567837762 0.465632179868846
    outer loop
      vertex 53.944095611572266 109 13.352959632873535
      vertex 51.28095245361328 112 11.167373657226562
      vertex 53.06061553955078 109 14.236443519592285
    endloop
  endfacet
  facet normal 0.1284729995256247 0.75257689971782 0.6458503684321958
    outer loop
      vertex 49.631744384765625 112 12.269339561462402
      vertex 50.53798294067383 109 15.584818840026855
      vertex 50.63182067871094 109 15.566152572631836
    endloop
  endfacet
  facet normal 0.12846728435022658 0.752576694258223 0.6458517446837495
    outer loop
      vertex 50.53798294067383 109 15.584818840026855
      vertex 49.631744384765625 112 12.269339561462402
      vertex 48.97486877441406 112 12.399999618530273
    endloop
  endfacet
  facet normal -0.3658456580442112 0.7525766702983737 0.5475265379986719
    outer loop
      vertex 46.472625732421875 112 11.640952110290527
      vertex 44.36659240722656 109 14.357253074645996
      vertex 47.02949523925781 112 12.013040542602539
    endloop
  endfacet
  facet normal -0.36584650693648696 0.7525767069913596 0.547525920351185
    outer loop
      vertex 44.36659240722656 109 14.357253074645996
      vertex 46.472625732421875 112 11.640952110290527
      vertex 44.28704071044922 109 14.304098129272461
    endloop
  endfacet
  facet normal -0.2519983259222513 0.7525767118215559 0.608379105949767
    outer loop
      vertex 47.02949523925781 112 12.013040542602539
      vertex 45.40545654296875 109 15.051401138305664
      vertex 46.559783935546875 109 15.52953815460205
    endloop
  endfacet
  facet normal -0.6083774783740564 0.7525770643928938 -0.25200120229276424
    outer loop
      vertex 45.62696075439453 112 7.389495849609375
      vertex 42.55198287963867 109 5.85385274887085
      vertex 45.37065887451172 112 8.008255958557129
    endloop
  endfacet
  facet normal -0.6083705845539071 0.7525776389306582 -0.25201612891061803
    outer loop
      vertex 42.55198287963867 109 5.85385274887085
      vertex 45.62696075439453 112 7.389495849609375
      vertex 42.588600158691406 109 5.765458106994629
    endloop
  endfacet
  facet normal -0.4656324813025553 0.7525768475638496 -0.4656334189755753
    outer loop
      vertex 46.472625732421875 112 6.359046936035156
      vertex 44.219383239746094 109 3.7635552883148193
      vertex 45.999046325683594 112 6.832625389099121
    endloop
  endfacet
  facet normal -0.4656201701576585 0.7525774330625349 -0.4656447834856083
    outer loop
      vertex 44.219383239746094 109 3.7635552883148193
      vertex 46.472625732421875 112 6.359046936035156
      vertex 44.28704071044922 109 3.695901393890381
    endloop
  endfacet
  facet normal 0.1284676854096183 0.7525767039235904 -0.6458516536457888
    outer loop
      vertex 49.31255340576172 109 2.1714279651641846
      vertex 48.97486877441406 112 5.59999942779541
      vertex 50.53798294067383 109 2.4151806831359863
    endloop
  endfacet
  facet normal -0.25199932856884233 0.7525766166669648 -0.6083788083480199
    outer loop
      vertex 47.64825439453125 112 5.730659484863281
      vertex 46.559783935546875 109 2.4704604148864746
      vertex 47.02949523925781 112 5.9869585037231445
    endloop
  endfacet
  facet normal -0.2519995319710721 0.7525766090909478 -0.6083787334675097
    outer loop
      vertex 46.559783935546875 109 2.4704604148864746
      vertex 47.64825439453125 112 5.730659484863281
      vertex 46.64817810058594 109 2.4338462352752686
    endloop
  endfacet
  facet normal -0.25199853547512946 0.7525767231544971 -0.6083790051312006
    outer loop
      vertex 46.559783935546875 109 2.4704604148864746
      vertex 45.40545654296875 109 2.9485979080200195
      vertex 47.02949523925781 112 5.9869585037231445
    endloop
  endfacet
  facet normal -0.3658456460637742 0.7525766891670601 -0.5475265200686867
    outer loop
      vertex 44.36659240722656 109 3.6427457332611084
      vertex 46.472625732421875 112 6.359046936035156
      vertex 47.02949523925781 112 5.9869585037231445
    endloop
  endfacet
  facet normal -0.3658498073926627 0.7525768690307372 -0.5475234923093658
    outer loop
      vertex 46.472625732421875 112 6.359046936035156
      vertex 44.36659240722656 109 3.6427457332611084
      vertex 44.28704071044922 109 3.695901393890381
    endloop
  endfacet
  facet normal 0 0.7525766979487603 -0.6585046041635096
    outer loop
      vertex 49.31255340576172 109 2.1714279651641846
      vertex 48.30513000488281 112 5.59999942779541
      vertex 48.97486877441406 112 5.59999942779541
    endloop
  endfacet
  facet normal 0 0.7525766979487601 -0.6585046041635096
    outer loop
      vertex 48.30513000488281 112 5.59999942779541
      vertex 49.31255340576172 109 2.1714279651641846
      vertex 47.967445373535156 109 2.1714279651641846
    endloop
  endfacet
  facet normal -0.12846727011433146 0.7525767581079532 -0.645851673114729
    outer loop
      vertex 48.30513000488281 112 5.59999942779541
      vertex 47.87360382080078 109 2.190093755722046
      vertex 47.64825439453125 112 5.730659484863281
    endloop
  endfacet
  facet normal -0.12846483128785482 0.7525768443999633 -0.6458520576689188
    outer loop
      vertex 47.87360382080078 109 2.190093755722046
      vertex 48.30513000488281 112 5.59999942779541
      vertex 47.967445373535156 109 2.1714279651641846
    endloop
  endfacet
  facet normal 0.3658456221800977 0.7525766662280082 -0.5475265675570403
    outer loop
      vertex 3.314093828201294 109 3.001753330230713
      vertex 2.1673736572265625 112 6.359046936035156
      vertex 4.352959632873535 109 3.695901393890381
    endloop
  endfacet
  facet normal -0.12846792891834968 0.7525766602221466 0.6458516561318934
    outer loop
      vertex -0.9917430877685547 112 12.269339561462402
      vertex -1.991820216178894 109 15.566152572631836
      vertex -0.7663941979408264 109 15.809905052185059
    endloop
  endfacet
  facet normal 0.6083792551933347 0.7525766644309329 0.2519981071445074
    outer loop
      vertex 6.088015079498291 109 12.146146774291992
      vertex 3.013040542602539 112 10.610503196716309
      vertex 6.051401138305664 109 12.234540939331055
    endloop
  endfacet
  facet normal 0.6083788604940288 0.7525766973343556 0.2519989617702831
    outer loop
      vertex 3.013040542602539 112 10.610503196716309
      vertex 6.088015079498291 109 12.146146774291992
      vertex 3.2693395614624023 112 9.991743087768555
    endloop
  endfacet
  facet normal 0.46563320881939324 0.7525766718955536 0.465632975382079
    outer loop
      vertex 5.304097652435303 109 13.352959632873535
      vertex 2.1673736572265625 112 11.640952110290527
      vertex 4.352959632873535 109 14.304098129272461
    endloop
  endfacet
  facet normal 0.4656331115248947 0.752576647859399 0.4656331115248947
    outer loop
      vertex 2.1673736572265625 112 11.640952110290527
      vertex 5.304097652435303 109 13.352959632873535
      vertex 2.6409521102905273 112 11.167373657226562
    endloop
  endfacet
  facet normal 0.12847150906658977 0.7525765432042784 0.6458510803403924
    outer loop
      vertex 0.7663941979408264 109 15.809905052185059
      vertex 0.3348703384399414 112 12.399999618530273
      vertex 0.6725552678108215 109 15.828571319580078
    endloop
  endfacet
  facet normal 0.1284678272266696 0.7525766734888579 0.6458516609006307
    outer loop
      vertex 0.3348703384399414 112 12.399999618530273
      vertex 0.7663941979408264 109 15.809905052185059
      vertex 0.9917430877685547 112 12.269339561462402
    endloop
  endfacet
  facet normal 0.251998544436475 0.7525766693022032 0.6083790680356286
    outer loop
      vertex 3.146146535873413 109 15.08801555633545
      vertex 0.9917430877685547 112 12.269339561462402
      vertex 1.991820216178894 109 15.566152572631836
    endloop
  endfacet
  facet normal -0.5475266095799867 0.7525766628205426 -0.3658455662977758
    outer loop
      vertex -5.304097652435303 109 4.647039413452148
      vertex -5.998245716094971 109 5.685905456542969
      vertex -2.6409521102905273 112 6.832625389099121
    endloop
  endfacet
  facet normal -0.6083789626784769 0.75257665879087 -0.25199883018266345
    outer loop
      vertex -6.088015079498291 109 5.85385274887085
      vertex -6.566152572631836 109 7.0081787109375
      vertex -3.2693395614624023 112 8.008255958557129
    endloop
  endfacet
  facet normal 0.5475266095799867 0.7525766628205426 -0.3658455662977758
    outer loop
      vertex 5.304097652435303 109 4.647039413452148
      vertex 2.6409521102905273 112 6.832625389099121
      vertex 5.998245716094971 109 5.685905456542969
    endloop
  endfacet
  facet normal -0.25199875473297545 0.7525766789351469 -0.6083789690118935
    outer loop
      vertex -1.991820216178894 109 2.4338462352752686
      vertex -3.146146535873413 109 2.9119837284088135
      vertex -0.9917430877685547 112 5.730659484863281
    endloop
  endfacet
  facet normal -0.3658452636838457 0.7525766835668068 0.5475267832642378
    outer loop
      vertex -2.1673736572265625 112 11.640952110290527
      vertex -4.352959632873535 109 14.304098129272461
      vertex -3.314093828201294 109 14.998245239257812
    endloop
  endfacet
  facet normal 0.25199875473297545 0.7525766789351469 -0.6083789690118935
    outer loop
      vertex 1.991820216178894 109 2.4338462352752686
      vertex 0.9917430877685547 112 5.730659484863281
      vertex 3.146146535873413 109 2.9119837284088135
    endloop
  endfacet
  facet normal 0.6083789626784769 0.75257665879087 -0.25199883018266345
    outer loop
      vertex 6.088015079498291 109 5.85385274887085
      vertex 3.2693395614624023 112 8.008255958557129
      vertex 6.566152572631836 109 7.0081787109375
    endloop
  endfacet
  facet normal -0.12847150906658977 0.7525765432042784 0.6458510803403924
    outer loop
      vertex -0.3348703384399414 112 12.399999618530273
      vertex -0.7663941979408264 109 15.809905052185059
      vertex -0.6725552678108215 109 15.828571319580078
    endloop
  endfacet
  facet normal -0.1284678272266696 0.7525766734888579 0.6458516609006307
    outer loop
      vertex -0.7663941979408264 109 15.809905052185059
      vertex -0.3348703384399414 112 12.399999618530273
      vertex -0.9917430877685547 112 12.269339561462402
    endloop
  endfacet
  facet normal 0.6458515844238187 0.7525766759622879 0.1284681972115918
    outer loop
      vertex 6.809905529022217 109 9.76639461517334
      vertex 3.2693395614624023 112 9.991743087768555
      vertex 6.566152572631836 109 10.991820335388184
    endloop
  endfacet
  facet normal -0.251998544436475 0.7525766693022032 0.6083790680356286
    outer loop
      vertex -0.9917430877685547 112 12.269339561462402
      vertex -3.146146535873413 109 15.08801555633545
      vertex -1.991820216178894 109 15.566152572631836
    endloop
  endfacet
  facet normal 0.6083788788328949 0.7525766799657386 -0.25199896936649574
    outer loop
      vertex 6.088015079498291 109 5.85385274887085
      vertex 3.013040542602539 112 7.389495849609375
      vertex 3.2693395614624023 112 8.008255958557129
    endloop
  endfacet
  facet normal 0.6083798005320877 0.7525766031288963 -0.2519969736475202
    outer loop
      vertex 3.013040542602539 112 7.389495849609375
      vertex 6.088015079498291 109 5.85385274887085
      vertex 6.051401138305664 109 5.765458106994629
    endloop
  endfacet
  facet normal -0.5475267838203196 0.7525767161796906 -0.36584519576396013
    outer loop
      vertex -5.998245716094971 109 5.685905456542969
      vertex -3.013040542602539 112 7.389495849609375
      vertex -2.6409521102905273 112 6.832625389099121
    endloop
  endfacet
  facet normal -0.5475264432279682 0.7525766933702713 -0.36584575241759926
    outer loop
      vertex -3.013040542602539 112 7.389495849609375
      vertex -5.998245716094971 109 5.685905456542969
      vertex -6.051401138305664 109 5.765458106994629
    endloop
  endfacet
  facet normal -0.46563320881939324 0.7525766718955536 0.465632975382079
    outer loop
      vertex -2.1673736572265625 112 11.640952110290527
      vertex -5.304097652435303 109 13.352959632873535
      vertex -4.352959632873535 109 14.304098129272461
    endloop
  endfacet
  facet normal -0.4656331115248947 0.752576647859399 0.4656331115248947
    outer loop
      vertex -5.304097652435303 109 13.352959632873535
      vertex -2.1673736572265625 112 11.640952110290527
      vertex -2.6409521102905273 112 11.167373657226562
    endloop
  endfacet
  facet normal 0.6458521749600621 0.7525768542493492 0.12846418390941214
    outer loop
      vertex 3.3999996185302734 112 9.334870338439941
      vertex 6.809905529022217 109 9.76639461517334
      vertex 6.82857084274292 109 9.672554969787598
    endloop
  endfacet
  facet normal 0.6458516023204011 0.7525767257507552 0.12846781557434248
    outer loop
      vertex 6.809905529022217 109 9.76639461517334
      vertex 3.3999996185302734 112 9.334870338439941
      vertex 3.2693395614624023 112 9.991743087768555
    endloop
  endfacet
  facet normal 0.5475264432279682 0.7525766933702713 0.36584575241759926
    outer loop
      vertex 3.013040542602539 112 10.610503196716309
      vertex 5.998245716094971 109 12.314093589782715
      vertex 6.051401138305664 109 12.234540939331055
    endloop
  endfacet
  facet normal 0.5475267838203196 0.7525767161796906 0.36584519576396013
    outer loop
      vertex 5.998245716094971 109 12.314093589782715
      vertex 3.013040542602539 112 10.610503196716309
      vertex 2.6409521102905273 112 11.167373657226562
    endloop
  endfacet
  facet normal -0.6083788788328949 0.7525766799657386 -0.25199896936649574
    outer loop
      vertex -3.013040542602539 112 7.389495849609375
      vertex -6.088015079498291 109 5.85385274887085
      vertex -3.2693395614624023 112 8.008255958557129
    endloop
  endfacet
  facet normal -0.6083798005320877 0.7525766031288963 -0.2519969736475202
    outer loop
      vertex -6.088015079498291 109 5.85385274887085
      vertex -3.013040542602539 112 7.389495849609375
      vertex -6.051401138305664 109 5.765458106994629
    endloop
  endfacet
  facet normal 0.6458515844238187 0.7525766759622879 -0.1284681972115918
    outer loop
      vertex 6.566152572631836 109 7.0081787109375
      vertex 3.2693395614624023 112 8.008255958557129
      vertex 6.809905529022217 109 8.233604431152344
    endloop
  endfacet
  facet normal 0.12846782226421277 0.7525766957459933 -0.6458516359526647
    outer loop
      vertex 0.7663941979408264 109 2.190093755722046
      vertex 0.3348703384399414 112 5.59999942779541
      vertex 0.9917430877685547 112 5.730659484863281
    endloop
  endfacet
  facet normal 0.12846832205398656 0.7525766780611849 -0.6458515571453126
    outer loop
      vertex 0.3348703384399414 112 5.59999942779541
      vertex 0.7663941979408264 109 2.190093755722046
      vertex 0.6725552678108215 109 2.1714279651641846
    endloop
  endfacet
  facet normal 0 0.7525766979487601 -0.6585046041635096
    outer loop
      vertex 0.6725552678108215 109 2.1714279651641846
      vertex -0.3348703384399414 112 5.59999942779541
      vertex 0.3348703384399414 112 5.59999942779541
    endloop
  endfacet
  facet normal 0 0.7525766979487601 -0.6585046041635096
    outer loop
      vertex -0.3348703384399414 112 5.59999942779541
      vertex 0.6725552678108215 109 2.1714279651641846
      vertex -0.6725552678108215 109 2.1714279651641846
    endloop
  endfacet
  facet normal -0.4656331115248947 0.752576647859399 -0.4656331115248947
    outer loop
      vertex -2.1673736572265625 112 6.359046936035156
      vertex -5.304097652435303 109 4.647039413452148
      vertex -2.6409521102905273 112 6.832625389099121
    endloop
  endfacet
  facet normal -0.4656331115248947 0.752576647859399 -0.4656331115248947
    outer loop
      vertex -5.304097652435303 109 4.647039413452148
      vertex -2.1673736572265625 112 6.359046936035156
      vertex -4.352959632873535 109 3.695901393890381
    endloop
  endfacet
  facet normal 0 1 0
    outer loop
      vertex 0.13788795471191406 112 10.399999618530273
      vertex 0.3348703384399414 112 12.399999618530273
      vertex 0.9917430877685547 112 12.269339561462402
    endloop
  endfacet
  facet normal 0 1 0
    outer loop
      vertex 0.3348703384399414 112 12.399999618530273
      vertex 0.13788795471191406 112 10.399999618530273
      vertex -0.3348703384399414 112 12.399999618530273
    endloop
  endfacet
  facet normal 0 1 0
    outer loop
      vertex 0.40836429595947266 112 10.346198081970215
      vertex 0.9917430877685547 112 12.269339561462402
      vertex 1.6105031967163086 112 12.013040542602539
    endloop
  endfacet
  facet normal 0 1 0
    outer loop
      vertex -0.13788795471191406 112 10.399999618530273
      vertex -0.3348703384399414 112 12.399999618530273
      vertex 0.13788795471191406 112 10.399999618530273
    endloop
  endfacet
  facet normal 0 1 0
    outer loop
      vertex 0.6631479263305664 112 10.240663528442383
      vertex 1.6105031967163086 112 12.013040542602539
      vertex 2.1673736572265625 112 11.640952110290527
    endloop
  endfacet
  facet normal 0 1 0
    outer loop
      vertex -0.3348703384399414 112 12.399999618530273
      vertex -0.13788795471191406 112 10.399999618530273
      vertex -0.9917430877685547 112 12.269339561462402
    endloop
  endfacet
  facet normal 0 1 0
    outer loop
      vertex 0.8924474716186523 112 10.087450981140137
      vertex 2.1673736572265625 112 11.640952110290527
      vertex 2.6409521102905273 112 11.167373657226562
    endloop
  endfacet
  facet normal 0 1 0
    outer loop
      vertex -0.40836429595947266 112 10.346198081970215
      vertex -0.9917430877685547 112 12.269339561462402
      vertex -0.13788795471191406 112 10.399999618530273
    endloop
  endfacet
  facet normal 0 1 0
    outer loop
      vertex 1.0874509811401367 112 9.892447471618652
      vertex 2.6409521102905273 112 11.167373657226562
      vertex 3.013040542602539 112 10.610503196716309
    endloop
  endfacet
  facet normal 0 1 0
    outer loop
      vertex -0.9917430877685547 112 12.269339561462402
      vertex -0.40836429595947266 112 10.346198081970215
      vertex -1.6105031967163086 112 12.013040542602539
    endloop
  endfacet
  facet normal 0 1 0
    outer loop
      vertex -0.6631479263305664 112 10.240663528442383
      vertex -1.6105031967163086 112 12.013040542602539
      vertex -0.40836429595947266 112 10.346198081970215
    endloop
  endfacet
  facet normal 0 1 0
    outer loop
      vertex 0.9917430877685547 112 12.269339561462402
      vertex 0.40836429595947266 112 10.346198081970215
      vertex 0.13788795471191406 112 10.399999618530273
    endloop
  endfacet
  facet normal 0 1 0
    outer loop
      vertex 1.6105031967163086 112 12.013040542602539
      vertex 0.6631479263305664 112 10.240663528442383
      vertex 0.40836429595947266 112 10.346198081970215
    endloop
  endfacet
  facet normal 0 1 0
    outer loop
      vertex 2.1673736572265625 112 11.640952110290527
      vertex 0.8924474716186523 112 10.087450981140137
      vertex 0.6631479263305664 112 10.240663528442383
    endloop
  endfacet
  facet normal 0 1 0
    outer loop
      vertex 1.2406635284423828 112 9.663147926330566
      vertex 3.013040542602539 112 10.610503196716309
      vertex 3.2693395614624023 112 9.991743087768555
    endloop
  endfacet
  facet normal 0 1 0
    outer loop
      vertex 2.6409521102905273 112 11.167373657226562
      vertex 1.0874509811401367 112 9.892447471618652
      vertex 0.8924474716186523 112 10.087450981140137
    endloop
  endfacet
  facet normal 0 1 0
    outer loop
      vertex 3.013040542602539 112 10.610503196716309
      vertex 1.2406635284423828 112 9.663147926330566
      vertex 1.0874509811401367 112 9.892447471618652
    endloop
  endfacet
  facet normal 0 1 0
    outer loop
      vertex 3.2693395614624023 112 9.991743087768555
      vertex 1.3461980819702148 112 9.408364295959473
      vertex 1.2406635284423828 112 9.663147926330566
    endloop
  endfacet
  facet normal 0 1 0
    outer loop
      vertex 3.3999996185302734 112 9.334870338439941
      vertex 1.3461980819702148 112 9.408364295959473
      vertex 3.2693395614624023 112 9.991743087768555
    endloop
  endfacet
  facet normal 0 1 0
    outer loop
      vertex 3.3999996185302734 112 9.334870338439941
      vertex 1.3999996185302734 112 9.137887954711914
      vertex 1.3461980819702148 112 9.408364295959473
    endloop
  endfacet
  facet normal 0 1 0
    outer loop
      vertex 3.3999996185302734 112 9.334870338439941
      vertex 1.3999996185302734 112 8.86211109161377
      vertex 1.3999996185302734 112 9.137887954711914
    endloop
  endfacet
  facet normal 0 1 0
    outer loop
      vertex 3.3999996185302734 112 8.665128707885742
      vertex 1.3999996185302734 112 8.86211109161377
      vertex 3.3999996185302734 112 9.334870338439941
    endloop
  endfacet
  facet normal 0 1 0
    outer loop
      vertex 3.3999996185302734 112 8.665128707885742
      vertex 1.3461980819702148 112 8.591634750366211
      vertex 1.3999996185302734 112 8.86211109161377
    endloop
  endfacet
  facet normal 0 1 0
    outer loop
      vertex 3.2693395614624023 112 8.008255958557129
      vertex 1.3461980819702148 112 8.591634750366211
      vertex 3.3999996185302734 112 8.665128707885742
    endloop
  endfacet
  facet normal 0 1 0
    outer loop
      vertex 1.3461980819702148 112 8.591634750366211
      vertex 3.2693395614624023 112 8.008255958557129
      vertex 1.2406635284423828 112 8.336851119995117
    endloop
  endfacet
  facet normal 0 1 0
    outer loop
      vertex 3.013040542602539 112 7.389495849609375
      vertex 1.2406635284423828 112 8.336851119995117
      vertex 3.2693395614624023 112 8.008255958557129
    endloop
  endfacet
  facet normal 0 1 0
    outer loop
      vertex 1.2406635284423828 112 8.336851119995117
      vertex 3.013040542602539 112 7.389495849609375
      vertex 1.0874509811401367 112 8.107551574707031
    endloop
  endfacet
  facet normal 0 1 0
    outer loop
      vertex 2.6409521102905273 112 6.832625389099121
      vertex 1.0874509811401367 112 8.107551574707031
      vertex 3.013040542602539 112 7.389495849609375
    endloop
  endfacet
  facet normal 0 1 0
    outer loop
      vertex 1.0874509811401367 112 8.107551574707031
      vertex 2.6409521102905273 112 6.832625389099121
      vertex 0.8924474716186523 112 7.912548065185547
    endloop
  endfacet
  facet normal 0 1 0
    outer loop
      vertex 2.1673736572265625 112 6.359046936035156
      vertex 0.8924474716186523 112 7.912548065185547
      vertex 2.6409521102905273 112 6.832625389099121
    endloop
  endfacet
  facet normal 0 1 0
    outer loop
      vertex 1.6105031967163086 112 5.9869585037231445
      vertex 0.6631479263305664 112 7.759335517883301
      vertex 2.1673736572265625 112 6.359046936035156
    endloop
  endfacet
  facet normal 0 1 0
    outer loop
      vertex 0.8924474716186523 112 7.912548065185547
      vertex 2.1673736572265625 112 6.359046936035156
      vertex 0.6631479263305664 112 7.759335517883301
    endloop
  endfacet
  facet normal 0 1 0
    outer loop
      vertex -1.6105031967163086 112 12.013040542602539
      vertex -0.6631479263305664 112 10.240663528442383
      vertex -2.1673736572265625 112 11.640952110290527
    endloop
  endfacet
  facet normal 0 1 0
    outer loop
      vertex -0.8924474716186523 112 10.087450981140137
      vertex -2.1673736572265625 112 11.640952110290527
      vertex -0.6631479263305664 112 10.240663528442383
    endloop
  endfacet
  facet normal 0 1 0
    outer loop
      vertex -2.1673736572265625 112 11.640952110290527
      vertex -0.8924474716186523 112 10.087450981140137
      vertex -2.6409521102905273 112 11.167373657226562
    endloop
  endfacet
  facet normal 0 1 0
    outer loop
      vertex -1.0874509811401367 112 9.892447471618652
      vertex -2.6409521102905273 112 11.167373657226562
      vertex -0.8924474716186523 112 10.087450981140137
    endloop
  endfacet
  facet normal 0 1 0
    outer loop
      vertex -2.6409521102905273 112 11.167373657226562
      vertex -1.0874509811401367 112 9.892447471618652
      vertex -3.013040542602539 112 10.610503196716309
    endloop
  endfacet
  facet normal 0 1 0
    outer loop
      vertex -1.2406635284423828 112 9.663147926330566
      vertex -3.013040542602539 112 10.610503196716309
      vertex -1.0874509811401367 112 9.892447471618652
    endloop
  endfacet
  facet normal 0 1 0
    outer loop
      vertex -3.013040542602539 112 10.610503196716309
      vertex -1.2406635284423828 112 9.663147926330566
      vertex -3.2693395614624023 112 9.991743087768555
    endloop
  endfacet
  facet normal 0 1 0
    outer loop
      vertex -1.3461980819702148 112 9.408364295959473
      vertex -3.2693395614624023 112 9.991743087768555
      vertex -1.2406635284423828 112 9.663147926330566
    endloop
  endfacet
  facet normal 0 1 0
    outer loop
      vertex -1.3461980819702148 112 9.408364295959473
      vertex -3.3999996185302734 112 9.334870338439941
      vertex -3.2693395614624023 112 9.991743087768555
    endloop
  endfacet
  facet normal 0 1 0
    outer loop
      vertex -1.3999996185302734 112 9.137887954711914
      vertex -3.3999996185302734 112 9.334870338439941
      vertex -1.3461980819702148 112 9.408364295959473
    endloop
  endfacet
  facet normal 0 1 0
    outer loop
      vertex -1.3999996185302734 112 8.86211109161377
      vertex -3.3999996185302734 112 9.334870338439941
      vertex -1.3999996185302734 112 9.137887954711914
    endloop
  endfacet
  facet normal 0 1 0
    outer loop
      vertex -1.3999996185302734 112 8.86211109161377
      vertex -3.3999996185302734 112 8.665128707885742
      vertex -3.3999996185302734 112 9.334870338439941
    endloop
  endfacet
  facet normal 0 1 0
    outer loop
      vertex -1.3461980819702148 112 8.591634750366211
      vertex -3.3999996185302734 112 8.665128707885742
      vertex -1.3999996185302734 112 8.86211109161377
    endloop
  endfacet
  facet normal 0 1 0
    outer loop
      vertex -3.2693395614624023 112 8.008255958557129
      vertex -1.3461980819702148 112 8.591634750366211
      vertex -1.2406635284423828 112 8.336851119995117
    endloop
  endfacet
  facet normal 0 1 0
    outer loop
      vertex -3.013040542602539 112 7.389495849609375
      vertex -1.2406635284423828 112 8.336851119995117
      vertex -1.0874509811401367 112 8.107551574707031
    endloop
  endfacet
  facet normal 0 1 0
    outer loop
      vertex -1.3461980819702148 112 8.591634750366211
      vertex -3.2693395614624023 112 8.008255958557129
      vertex -3.3999996185302734 112 8.665128707885742
    endloop
  endfacet
  facet normal 0 1 0
    outer loop
      vertex -2.6409521102905273 112 6.832625389099121
      vertex -1.0874509811401367 112 8.107551574707031
      vertex -0.8924474716186523 112 7.912548065185547
    endloop
  endfacet
  facet normal 0 1 0
    outer loop
      vertex -2.1673736572265625 112 6.359046936035156
      vertex -0.8924474716186523 112 7.912548065185547
      vertex -0.6631479263305664 112 7.759335517883301
    endloop
  endfacet
  facet normal 0 1 0
    outer loop
      vertex -1.6105031967163086 112 5.9869585037231445
      vertex -0.6631479263305664 112 7.759335517883301
      vertex -0.40836429595947266 112 7.653800964355469
    endloop
  endfacet
  facet normal 0 1 0
    outer loop
      vertex -0.9917430877685547 112 5.730659484863281
      vertex -0.40836429595947266 112 7.653800964355469
      vertex -0.13788795471191406 112 7.59999942779541
    endloop
  endfacet
  facet normal 0 1 0
    outer loop
      vertex -1.2406635284423828 112 8.336851119995117
      vertex -3.013040542602539 112 7.389495849609375
      vertex -3.2693395614624023 112 8.008255958557129
    endloop
  endfacet
  facet normal 0 1 0
    outer loop
      vertex 0.6631479263305664 112 7.759335517883301
      vertex 1.6105031967163086 112 5.9869585037231445
      vertex 0.40836429595947266 112 7.653800964355469
    endloop
  endfacet
  facet normal 0 1 0
    outer loop
      vertex 0.9917430877685547 112 5.730659484863281
      vertex 0.40836429595947266 112 7.653800964355469
      vertex 1.6105031967163086 112 5.9869585037231445
    endloop
  endfacet
  facet normal 0 1 0
    outer loop
      vertex -1.0874509811401367 112 8.107551574707031
      vertex -2.6409521102905273 112 6.832625389099121
      vertex -3.013040542602539 112 7.389495849609375
    endloop
  endfacet
  facet normal 0 1 0
    outer loop
      vertex 0.40836429595947266 112 7.653800964355469
      vertex 0.9917430877685547 112 5.730659484863281
      vertex 0.13788795471191406 112 7.59999942779541
    endloop
  endfacet
  facet normal 0 1 0
    outer loop
      vertex -0.8924474716186523 112 7.912548065185547
      vertex -2.1673736572265625 112 6.359046936035156
      vertex -2.6409521102905273 112 6.832625389099121
    endloop
  endfacet
  facet normal 0 1 0
    outer loop
      vertex 0.3348703384399414 112 5.59999942779541
      vertex 0.13788795471191406 112 7.59999942779541
      vertex 0.9917430877685547 112 5.730659484863281
    endloop
  endfacet
  facet normal 0 1 0
    outer loop
      vertex -0.6631479263305664 112 7.759335517883301
      vertex -1.6105031967163086 112 5.9869585037231445
      vertex -2.1673736572265625 112 6.359046936035156
    endloop
  endfacet
  facet normal 0 1 0
    outer loop
      vertex 0.13788795471191406 112 7.59999942779541
      vertex 0.3348703384399414 112 5.59999942779541
      vertex -0.13788795471191406 112 7.59999942779541
    endloop
  endfacet
  facet normal 0 1 0
    outer loop
      vertex -0.40836429595947266 112 7.653800964355469
      vertex -0.9917430877685547 112 5.730659484863281
      vertex -1.6105031967163086 112 5.9869585037231445
    endloop
  endfacet
  facet normal 0 1 0
    outer loop
      vertex -0.3348703384399414 112 5.59999942779541
      vertex -0.13788795471191406 112 7.59999942779541
      vertex 0.3348703384399414 112 5.59999942779541
    endloop
  endfacet
  facet normal 0 1 0
    outer loop
      vertex -0.13788795471191406 112 7.59999942779541
      vertex -0.3348703384399414 112 5.59999942779541
      vertex -0.9917430877685547 112 5.730659484863281
    endloop
  endfacet
  facet normal 0.2520008474602387 0.7525768037386857 0.6083779477872167
    outer loop
      vertex 1.6105031967163086 112 12.013040542602539
      vertex 3.146146535873413 109 15.08801555633545
      vertex 3.2345407009124756 109 15.051401138305664
    endloop
  endfacet
  facet normal 0.25199894722952415 0.7525767305815625 0.6083788253895575
    outer loop
      vertex 3.146146535873413 109 15.08801555633545
      vertex 1.6105031967163086 112 12.013040542602539
      vertex 0.9917430877685547 112 12.269339561462402
    endloop
  endfacet
  facet normal 0.6585046300985692 0.7525766752555825 0
    outer loop
      vertex 6.82857084274292 109 9.672554969787598
      vertex 3.3999996185302734 112 8.665128707885742
      vertex 3.3999996185302734 112 9.334870338439941
    endloop
  endfacet
  facet normal 0.6585046300985692 0.7525766752555825 0
    outer loop
      vertex 3.3999996185302734 112 8.665128707885742
      vertex 6.82857084274292 109 9.672554969787598
      vertex 6.82857084274292 109 8.327444076538086
    endloop
  endfacet
  facet normal 0.5475264432279682 0.7525766933702713 -0.36584575241759926
    outer loop
      vertex 5.998245716094971 109 5.685905456542969
      vertex 3.013040542602539 112 7.389495849609375
      vertex 6.051401138305664 109 5.765458106994629
    endloop
  endfacet
  facet normal 0.5475267838203196 0.7525767161796906 -0.36584519576396013
    outer loop
      vertex 3.013040542602539 112 7.389495849609375
      vertex 5.998245716094971 109 5.685905456542969
      vertex 2.6409521102905273 112 6.832625389099121
    endloop
  endfacet
  facet normal 0.6458521749600621 0.7525768542493492 -0.12846418390941214
    outer loop
      vertex 6.809905529022217 109 8.233604431152344
      vertex 3.3999996185302734 112 8.665128707885742
      vertex 6.82857084274292 109 8.327444076538086
    endloop
  endfacet
  facet normal 0.6458516023204011 0.7525767257507552 -0.12846781557434248
    outer loop
      vertex 3.3999996185302734 112 8.665128707885742
      vertex 6.809905529022217 109 8.233604431152344
      vertex 3.2693395614624023 112 8.008255958557129
    endloop
  endfacet
  facet normal -0.5475267838203196 0.7525767161796906 0.36584519576396013
    outer loop
      vertex -3.013040542602539 112 10.610503196716309
      vertex -5.998245716094971 109 12.314093589782715
      vertex -2.6409521102905273 112 11.167373657226562
    endloop
  endfacet
  facet normal -0.5475264432279682 0.7525766933702713 0.36584575241759926
    outer loop
      vertex -5.998245716094971 109 12.314093589782715
      vertex -3.013040542602539 112 10.610503196716309
      vertex -6.051401138305664 109 12.234540939331055
    endloop
  endfacet
  facet normal -0.5475266095799867 0.7525766628205426 0.3658455662977758
    outer loop
      vertex -2.6409521102905273 112 11.167373657226562
      vertex -5.998245716094971 109 12.314093589782715
      vertex -5.304097652435303 109 13.352959632873535
    endloop
  endfacet
  facet normal -0.6083792551933347 0.7525766644309329 0.2519981071445074
    outer loop
      vertex -3.013040542602539 112 10.610503196716309
      vertex -6.088015079498291 109 12.146146774291992
      vertex -6.051401138305664 109 12.234540939331055
    endloop
  endfacet
  facet normal -0.6083788604940288 0.7525766973343556 0.2519989617702831
    outer loop
      vertex -6.088015079498291 109 12.146146774291992
      vertex -3.013040542602539 112 10.610503196716309
      vertex -3.2693395614624023 112 9.991743087768555
    endloop
  endfacet
  facet normal -0.6458521749600621 0.7525768542493492 -0.12846418390941214
    outer loop
      vertex -3.3999996185302734 112 8.665128707885742
      vertex -6.809905529022217 109 8.233604431152344
      vertex -6.82857084274292 109 8.327444076538086
    endloop
  endfacet
  facet normal -0.6458516023204011 0.7525767257507552 -0.12846781557434248
    outer loop
      vertex -6.809905529022217 109 8.233604431152344
      vertex -3.3999996185302734 112 8.665128707885742
      vertex -3.2693395614624023 112 8.008255958557129
    endloop
  endfacet
  facet normal 0.4656331115248947 0.752576647859399 -0.4656331115248947
    outer loop
      vertex 5.304097652435303 109 4.647039413452148
      vertex 2.1673736572265625 112 6.359046936035156
      vertex 2.6409521102905273 112 6.832625389099121
    endloop
  endfacet
  facet normal 0.4656331115248947 0.752576647859399 -0.4656331115248947
    outer loop
      vertex 2.1673736572265625 112 6.359046936035156
      vertex 5.304097652435303 109 4.647039413452148
      vertex 4.352959632873535 109 3.695901393890381
    endloop
  endfacet
  facet normal 0.36584518775890507 0.7525767287873302 -0.5475267718398915
    outer loop
      vertex 3.314093828201294 109 3.001753330230713
      vertex 1.6105031967163086 112 5.9869585037231445
      vertex 2.1673736572265625 112 6.359046936035156
    endloop
  endfacet
  facet normal 0.36584418789825135 0.7525767697567278 -0.5475273836107177
    outer loop
      vertex 1.6105031967163086 112 5.9869585037231445
      vertex 3.314093828201294 109 3.001753330230713
      vertex 3.2345407009124756 109 2.9485979080200195
    endloop
  endfacet
  facet normal 0.2519994792031849 0.7525767297436189 -0.60837860607497
    outer loop
      vertex 3.146146535873413 109 2.9119837284088135
      vertex 1.6105031967163086 112 5.9869585037231445
      vertex 3.2345407009124756 109 2.9485979080200195
    endloop
  endfacet
  facet normal 0.2519989563989566 0.7525767096158061 -0.6083788475265092
    outer loop
      vertex 1.6105031967163086 112 5.9869585037231445
      vertex 3.146146535873413 109 2.9119837284088135
      vertex 0.9917430877685547 112 5.730659484863281
    endloop
  endfacet
  facet normal -0.12846792395588905 0.7525766824792828 -0.6458516311839282
    outer loop
      vertex -0.7663941979408264 109 2.190093755722046
      vertex -1.991820216178894 109 2.4338462352752686
      vertex -0.9917430877685547 112 5.730659484863281
    endloop
  endfacet
  facet normal 0.12846792891834968 0.7525766602221466 0.6458516561318934
    outer loop
      vertex 0.9917430877685547 112 12.269339561462402
      vertex 0.7663941979408264 109 15.809905052185059
      vertex 1.991820216178894 109 15.566152572631836
    endloop
  endfacet
  facet normal -0.6458515844238187 0.7525766759622879 0.1284681972115918
    outer loop
      vertex -3.2693395614624023 112 9.991743087768555
      vertex -6.809905529022217 109 9.76639461517334
      vertex -6.566152572631836 109 10.991820335388184
    endloop
  endfacet
  facet normal -0.6458515844238187 0.7525766759622879 -0.1284681972115918
    outer loop
      vertex -6.566152572631836 109 7.0081787109375
      vertex -6.809905529022217 109 8.233604431152344
      vertex -3.2693395614624023 112 8.008255958557129
    endloop
  endfacet
  facet normal 0.3658452636838457 0.7525766835668068 0.5475267832642378
    outer loop
      vertex 4.352959632873535 109 14.304098129272461
      vertex 2.1673736572265625 112 11.640952110290527
      vertex 3.314093828201294 109 14.998245239257812
    endloop
  endfacet
  facet normal 0 0.7525767206419351 0.6585045782284513
    outer loop
      vertex 0.3348703384399414 112 12.399999618530273
      vertex -0.6725552678108215 109 15.828571319580078
      vertex 0.6725552678108215 109 15.828571319580078
    endloop
  endfacet
  facet normal 0 0.7525767206419351 0.6585045782284513
    outer loop
      vertex -0.6725552678108215 109 15.828571319580078
      vertex 0.3348703384399414 112 12.399999618530273
      vertex -0.3348703384399414 112 12.399999618530273
    endloop
  endfacet
  facet normal 0.5475266095799867 0.7525766628205426 0.3658455662977758
    outer loop
      vertex 5.998245716094971 109 12.314093589782715
      vertex 2.6409521102905273 112 11.167373657226562
      vertex 5.304097652435303 109 13.352959632873535
    endloop
  endfacet
  facet normal 0.6083789945260248 0.752576663485086 0.25199873927692323
    outer loop
      vertex 6.566152572631836 109 10.991820335388184
      vertex 3.2693395614624023 112 9.991743087768555
      vertex 6.088015079498291 109 12.146146774291992
    endloop
  endfacet
  facet normal -0.6083789945260248 0.752576663485086 0.25199873927692323
    outer loop
      vertex -3.2693395614624023 112 9.991743087768555
      vertex -6.566152572631836 109 10.991820335388184
      vertex -6.088015079498291 109 12.146146774291992
    endloop
  endfacet
  facet normal -0.3658456221800977 0.7525766662280082 -0.5475265675570403
    outer loop
      vertex -3.314093828201294 109 3.001753330230713
      vertex -4.352959632873535 109 3.695901393890381
      vertex -2.1673736572265625 112 6.359046936035156
    endloop
  endfacet
  facet normal 0.12846792395588905 0.7525766824792828 -0.6458516311839282
    outer loop
      vertex 1.991820216178894 109 2.4338462352752686
      vertex 0.7663941979408264 109 2.190093755722046
      vertex 0.9917430877685547 112 5.730659484863281
    endloop
  endfacet
  facet normal -0.36584654134313793 0.7525766365668981 0.5475259941600202
    outer loop
      vertex -1.6105031967163086 112 12.013040542602539
      vertex -3.314093828201294 109 14.998245239257812
      vertex -3.2345407009124756 109 15.051401138305664
    endloop
  endfacet
  facet normal -0.3658452117197619 0.7525766910499433 0.5475268076998975
    outer loop
      vertex -3.314093828201294 109 14.998245239257812
      vertex -1.6105031967163086 112 12.013040542602539
      vertex -2.1673736572265625 112 11.640952110290527
    endloop
  endfacet
  facet normal -0.25199894722952415 0.7525767305815625 0.6083788253895575
    outer loop
      vertex -1.6105031967163086 112 12.013040542602539
      vertex -3.146146535873413 109 15.08801555633545
      vertex -0.9917430877685547 112 12.269339561462402
    endloop
  endfacet
  facet normal -0.2520008474602387 0.7525768037386857 0.6083779477872167
    outer loop
      vertex -3.146146535873413 109 15.08801555633545
      vertex -1.6105031967163086 112 12.013040542602539
      vertex -3.2345407009124756 109 15.051401138305664
    endloop
  endfacet
  facet normal -0.6458516023204011 0.7525767257507552 0.12846781557434248
    outer loop
      vertex -3.3999996185302734 112 9.334870338439941
      vertex -6.809905529022217 109 9.76639461517334
      vertex -3.2693395614624023 112 9.991743087768555
    endloop
  endfacet
  facet normal -0.6458521749600621 0.7525768542493492 0.12846418390941214
    outer loop
      vertex -6.809905529022217 109 9.76639461517334
      vertex -3.3999996185302734 112 9.334870338439941
      vertex -6.82857084274292 109 9.672554969787598
    endloop
  endfacet
  facet normal -0.12846782226421277 0.7525766957459933 -0.6458516359526647
    outer loop
      vertex -0.3348703384399414 112 5.59999942779541
      vertex -0.7663941979408264 109 2.190093755722046
      vertex -0.9917430877685547 112 5.730659484863281
    endloop
  endfacet
  facet normal -0.12846832205398656 0.7525766780611849 -0.6458515571453126
    outer loop
      vertex -0.7663941979408264 109 2.190093755722046
      vertex -0.3348703384399414 112 5.59999942779541
      vertex -0.6725552678108215 109 2.1714279651641846
    endloop
  endfacet
  facet normal -0.36584518775890507 0.7525767287873302 -0.5475267718398915
    outer loop
      vertex -1.6105031967163086 112 5.9869585037231445
      vertex -3.314093828201294 109 3.001753330230713
      vertex -2.1673736572265625 112 6.359046936035156
    endloop
  endfacet
  facet normal -0.36584418789825135 0.7525767697567278 -0.5475273836107177
    outer loop
      vertex -3.314093828201294 109 3.001753330230713
      vertex -1.6105031967163086 112 5.9869585037231445
      vertex -3.2345407009124756 109 2.9485979080200195
    endloop
  endfacet
  facet normal 0.36584654134313793 0.7525766365668981 0.5475259941600202
    outer loop
      vertex 3.314093828201294 109 14.998245239257812
      vertex 1.6105031967163086 112 12.013040542602539
      vertex 3.2345407009124756 109 15.051401138305664
    endloop
  endfacet
  facet normal 0.3658452117197619 0.7525766910499433 0.5475268076998975
    outer loop
      vertex 1.6105031967163086 112 12.013040542602539
      vertex 3.314093828201294 109 14.998245239257812
      vertex 2.1673736572265625 112 11.640952110290527
    endloop
  endfacet
  facet normal -0.6585046300985692 0.7525766752555825 0
    outer loop
      vertex -3.3999996185302734 112 8.665128707885742
      vertex -6.82857084274292 109 9.672554969787598
      vertex -3.3999996185302734 112 9.334870338439941
    endloop
  endfacet
  facet normal -0.6585046300985692 0.7525766752555825 0
    outer loop
      vertex -6.82857084274292 109 9.672554969787598
      vertex -3.3999996185302734 112 8.665128707885742
      vertex -6.82857084274292 109 8.327444076538086
    endloop
  endfacet
  facet normal -0.2519989563989566 0.7525767096158061 -0.6083788475265092
    outer loop
      vertex -3.146146535873413 109 2.9119837284088135
      vertex -1.6105031967163086 112 5.9869585037231445
      vertex -0.9917430877685547 112 5.730659484863281
    endloop
  endfacet
  facet normal -0.2519994792031849 0.7525767297436189 -0.60837860607497
    outer loop
      vertex -1.6105031967163086 112 5.9869585037231445
      vertex -3.146146535873413 109 2.9119837284088135
      vertex -3.2345407009124756 109 2.9485979080200195
    endloop
  endfacet
  facet normal 0.19509442585078293 0.9807844640908385 0
    outer loop
      vertex 65.02745819091797 108.58241271972656 0
      vertex 63.630157470703125 108.86035919189453 18
      vertex 65.02745819091797 108.58241271972656 18
    endloop
  endfacet
  facet normal 0.19509442585078293 0.9807844640908385 0
    outer loop
      vertex 63.630157470703125 108.86035919189453 18
      vertex 65.02745819091797 108.58241271972656 0
      vertex 63.630157470703125 108.86035919189453 0
    endloop
  endfacet
  facet normal 0.29028205058540274 0.9569411325196203 0
    outer loop
      vertex 66.39079284667969 108.16885375976562 0
      vertex 65.02745819091797 108.58241271972656 18
      vertex 66.39079284667969 108.16885375976562 18
    endloop
  endfacet
  facet normal 0.29028205058540274 0.9569411325196203 0
    outer loop
      vertex 65.02745819091797 108.58241271972656 18
      vertex 66.39079284667969 108.16885375976562 0
      vertex 65.02745819091797 108.58241271972656 0
    endloop
  endfacet
  facet normal 0.38268554415597583 0.9238786577760332 0
    outer loop
      vertex 67.70702362060547 107.62364959716797 0
      vertex 66.39079284667969 108.16885375976562 18
      vertex 67.70702362060547 107.62364959716797 18
    endloop
  endfacet
  facet normal 0.38268554415597583 0.9238786577760332 0
    outer loop
      vertex 66.39079284667969 108.16885375976562 18
      vertex 67.70702362060547 107.62364959716797 0
      vertex 66.39079284667969 108.16885375976562 0
    endloop
  endfacet
  facet normal 0.4713946503416638 0.8819223795942931 0
    outer loop
      vertex 68.9634780883789 106.95206451416016 0
      vertex 67.70702362060547 107.62364959716797 18
      vertex 68.9634780883789 106.95206451416016 18
    endloop
  endfacet
  facet normal 0.4713946503416638 0.8819223795942931 0
    outer loop
      vertex 67.70702362060547 107.62364959716797 18
      vertex 68.9634780883789 106.95206451416016 0
      vertex 67.70702362060547 107.62364959716797 0
    endloop
  endfacet
  facet normal 0.5555711355655938 0.8314690092398854 0
    outer loop
      vertex 70.14805603027344 106.16055297851562 0
      vertex 68.9634780883789 106.95206451416016 18
      vertex 70.14805603027344 106.16055297851562 18
    endloop
  endfacet
  facet normal 0.5555711355655938 0.8314690092398854 0
    outer loop
      vertex 68.9634780883789 106.95206451416016 18
      vertex 70.14805603027344 106.16055297851562 0
      vertex 68.9634780883789 106.95206451416016 0
    endloop
  endfacet
  facet normal 0.6343953894187396 0.7730087256197344 0
    outer loop
      vertex 71.24934387207031 105.25674438476562 0
      vertex 70.14805603027344 106.16055297851562 18
      vertex 71.24934387207031 105.25674438476562 18
    endloop
  endfacet
  facet normal 0.6343953894187396 0.7730087256197344 0
    outer loop
      vertex 70.14805603027344 106.16055297851562 18
      vertex 71.24934387207031 105.25674438476562 0
      vertex 70.14805603027344 106.16055297851562 0
    endloop
  endfacet
  facet normal 0.7071067811865476 0.7071067811865476 0
    outer loop
      vertex 72.25674438476562 104.24934387207031 18
      vertex 71.24934387207031 105.25674438476562 0
      vertex 71.24934387207031 105.25674438476562 18
    endloop
  endfacet
  facet normal 0.7071067811865476 0.7071067811865476 0
    outer loop
      vertex 71.24934387207031 105.25674438476562 0
      vertex 72.25674438476562 104.24934387207031 18
      vertex 72.25674438476562 104.24934387207031 0
    endloop
  endfacet
  facet normal 0.7730087256197344 0.6343953894187396 0
    outer loop
      vertex 73.16055297851562 103.14805603027344 18
      vertex 72.25674438476562 104.24934387207031 0
      vertex 72.25674438476562 104.24934387207031 18
    endloop
  endfacet
  facet normal 0.7730087256197344 0.6343953894187396 0
    outer loop
      vertex 72.25674438476562 104.24934387207031 0
      vertex 73.16055297851562 103.14805603027344 18
      vertex 73.16055297851562 103.14805603027344 0
    endloop
  endfacet
  facet normal 0.8314690092398854 0.5555711355655938 0
    outer loop
      vertex 73.95206451416016 101.9634780883789 18
      vertex 73.16055297851562 103.14805603027344 0
      vertex 73.16055297851562 103.14805603027344 18
    endloop
  endfacet
  facet normal 0.8314690092398854 0.5555711355655938 0
    outer loop
      vertex 73.16055297851562 103.14805603027344 0
      vertex 73.95206451416016 101.9634780883789 18
      vertex 73.95206451416016 101.9634780883789 0
    endloop
  endfacet
  facet normal 0.8819223795942931 0.4713946503416638 0
    outer loop
      vertex 74.62364959716797 100.70702362060547 18
      vertex 73.95206451416016 101.9634780883789 0
      vertex 73.95206451416016 101.9634780883789 18
    endloop
  endfacet
  facet normal 0.8819223795942931 0.4713946503416638 0
    outer loop
      vertex 73.95206451416016 101.9634780883789 0
      vertex 74.62364959716797 100.70702362060547 18
      vertex 74.62364959716797 100.70702362060547 0
    endloop
  endfacet
  facet normal 0.9238786577760332 0.38268554415597583 0
    outer loop
      vertex 75.16885375976562 99.39079284667969 18
      vertex 74.62364959716797 100.70702362060547 0
      vertex 74.62364959716797 100.70702362060547 18
    endloop
  endfacet
  facet normal 0.9238786577760332 0.38268554415597583 0
    outer loop
      vertex 74.62364959716797 100.70702362060547 0
      vertex 75.16885375976562 99.39079284667969 18
      vertex 75.16885375976562 99.39079284667969 0
    endloop
  endfacet
  facet normal 0.9569411325196203 0.29028205058540274 0
    outer loop
      vertex 75.58241271972656 98.02745819091797 18
      vertex 75.16885375976562 99.39079284667969 0
      vertex 75.16885375976562 99.39079284667969 18
    endloop
  endfacet
  facet normal 0.9569411325196203 0.29028205058540274 0
    outer loop
      vertex 75.16885375976562 99.39079284667969 0
      vertex 75.58241271972656 98.02745819091797 18
      vertex 75.58241271972656 98.02745819091797 0
    endloop
  endfacet
  facet normal 0.9807844640908385 0.19509442585078293 0
    outer loop
      vertex 75.86035919189453 96.63015747070312 18
      vertex 75.58241271972656 98.02745819091797 0
      vertex 75.58241271972656 98.02745819091797 18
    endloop
  endfacet
  facet normal 0.9807844640908385 0.19509442585078293 0
    outer loop
      vertex 75.58241271972656 98.02745819091797 0
      vertex 75.86035919189453 96.63015747070312 18
      vertex 75.86035919189453 96.63015747070312 0
    endloop
  endfacet
  facet normal 0.9951848564463626 0.09801582270140217 0
    outer loop
      vertex 76 95.21234130859375 18
      vertex 75.86035919189453 96.63015747070312 0
      vertex 75.86035919189453 96.63015747070312 18
    endloop
  endfacet
  facet normal 0.9951848564463626 0.09801582270140217 0
    outer loop
      vertex 75.86035919189453 96.63015747070312 0
      vertex 76 95.21234130859375 18
      vertex 76 95.21234130859375 0
    endloop
  endfacet
  facet normal 1 0 0
    outer loop
      vertex 76 -95.21234130859375 18
      vertex 76 95.21234130859375 0
      vertex 76 95.21234130859375 18
    endloop
  endfacet
  facet normal 1 0 0
    outer loop
      vertex 76 95.21234130859375 0
      vertex 76 -95.21234130859375 18
      vertex 76 -95.21234130859375 0
    endloop
  endfacet
  facet normal 0.9951848564463626 -0.09801582270140217 0
    outer loop
      vertex 75.86035919189453 -96.63015747070312 18
      vertex 76 -95.21234130859375 0
      vertex 76 -95.21234130859375 18
    endloop
  endfacet
  facet normal 0.9951848564463626 -0.09801582270140217 0
    outer loop
      vertex 76 -95.21234130859375 0
      vertex 75.86035919189453 -96.63015747070312 18
      vertex 75.86035919189453 -96.63015747070312 0
    endloop
  endfacet
  facet normal 0.9807844640908385 -0.19509442585078293 0
    outer loop
      vertex 75.58241271972656 -98.02745819091797 18
      vertex 75.86035919189453 -96.63015747070312 0
      vertex 75.86035919189453 -96.63015747070312 18
    endloop
  endfacet
  facet normal 0.9807844640908385 -0.19509442585078293 0
    outer loop
      vertex 75.86035919189453 -96.63015747070312 0
      vertex 75.58241271972656 -98.02745819091797 18
      vertex 75.58241271972656 -98.02745819091797 0
    endloop
  endfacet
  facet normal 0.9569411325196203 -0.29028205058540274 0
    outer loop
      vertex 75.16885375976562 -99.39079284667969 18
      vertex 75.58241271972656 -98.02745819091797 0
      vertex 75.58241271972656 -98.02745819091797 18
    endloop
  endfacet
  facet normal 0.9569411325196203 -0.29028205058540274 0
    outer loop
      vertex 75.58241271972656 -98.02745819091797 0
      vertex 75.16885375976562 -99.39079284667969 18
      vertex 75.16885375976562 -99.39079284667969 0
    endloop
  endfacet
  facet normal 0.9238786577760332 -0.38268554415597583 0
    outer loop
      vertex 74.62364959716797 -100.70702362060547 18
      vertex 75.16885375976562 -99.39079284667969 0
      vertex 75.16885375976562 -99.39079284667969 18
    endloop
  endfacet
  facet normal 0.9238786577760332 -0.38268554415597583 0
    outer loop
      vertex 75.16885375976562 -99.39079284667969 0
      vertex 74.62364959716797 -100.70702362060547 18
      vertex 74.62364959716797 -100.70702362060547 0
    endloop
  endfacet
  facet normal 0.8819223795942931 -0.4713946503416638 0
    outer loop
      vertex 73.95206451416016 -101.9634780883789 18
      vertex 74.62364959716797 -100.70702362060547 0
      vertex 74.62364959716797 -100.70702362060547 18
    endloop
  endfacet
  facet normal 0.8819223795942931 -0.4713946503416638 0
    outer loop
      vertex 74.62364959716797 -100.70702362060547 0
      vertex 73.95206451416016 -101.9634780883789 18
      vertex 73.95206451416016 -101.9634780883789 0
    endloop
  endfacet
  facet normal 0.8314690092398854 -0.5555711355655938 0
    outer loop
      vertex 73.16055297851562 -103.14805603027344 18
      vertex 73.95206451416016 -101.9634780883789 0
      vertex 73.95206451416016 -101.9634780883789 18
    endloop
  endfacet
  facet normal 0.8314690092398854 -0.5555711355655938 0
    outer loop
      vertex 73.95206451416016 -101.9634780883789 0
      vertex 73.16055297851562 -103.14805603027344 18
      vertex 73.16055297851562 -103.14805603027344 0
    endloop
  endfacet
  facet normal 0.7730087256197344 -0.6343953894187396 0
    outer loop
      vertex 72.25674438476562 -104.24934387207031 18
      vertex 73.16055297851562 -103.14805603027344 0
      vertex 73.16055297851562 -103.14805603027344 18
    endloop
  endfacet
  facet normal 0.7730087256197344 -0.6343953894187396 0
    outer loop
      vertex 73.16055297851562 -103.14805603027344 0
      vertex 72.25674438476562 -104.24934387207031 18
      vertex 72.25674438476562 -104.24934387207031 0
    endloop
  endfacet
  facet normal 0.7071067811865476 -0.7071067811865476 0
    outer loop
      vertex 71.24934387207031 -105.25674438476562 18
      vertex 72.25674438476562 -104.24934387207031 0
      vertex 72.25674438476562 -104.24934387207031 18
    endloop
  endfacet
  facet normal 0.7071067811865476 -0.7071067811865476 0
    outer loop
      vertex 72.25674438476562 -104.24934387207031 0
      vertex 71.24934387207031 -105.25674438476562 18
      vertex 71.24934387207031 -105.25674438476562 0
    endloop
  endfacet
  facet normal 0.6343953894187396 -0.7730087256197344 0
    outer loop
      vertex 70.14805603027344 -106.16055297851562 0
      vertex 71.24934387207031 -105.25674438476562 18
      vertex 70.14805603027344 -106.16055297851562 18
    endloop
  endfacet
  facet normal 0.6343953894187396 -0.7730087256197344 0
    outer loop
      vertex 71.24934387207031 -105.25674438476562 18
      vertex 70.14805603027344 -106.16055297851562 0
      vertex 71.24934387207031 -105.25674438476562 0
    endloop
  endfacet
  facet normal 0.5555711355655938 -0.8314690092398854 0
    outer loop
      vertex 68.9634780883789 -106.95206451416016 0
      vertex 70.14805603027344 -106.16055297851562 18
      vertex 68.9634780883789 -106.95206451416016 18
    endloop
  endfacet
  facet normal 0.5555711355655938 -0.8314690092398854 0
    outer loop
      vertex 70.14805603027344 -106.16055297851562 18
      vertex 68.9634780883789 -106.95206451416016 0
      vertex 70.14805603027344 -106.16055297851562 0
    endloop
  endfacet
  facet normal 0.4713946503416638 -0.8819223795942931 0
    outer loop
      vertex 67.70702362060547 -107.62364959716797 0
      vertex 68.9634780883789 -106.95206451416016 18
      vertex 67.70702362060547 -107.62364959716797 18
    endloop
  endfacet
  facet normal 0.4713946503416638 -0.8819223795942931 0
    outer loop
      vertex 68.9634780883789 -106.95206451416016 18
      vertex 67.70702362060547 -107.62364959716797 0
      vertex 68.9634780883789 -106.95206451416016 0
    endloop
  endfacet
  facet normal 0.38268554415597583 -0.9238786577760332 0
    outer loop
      vertex 66.39079284667969 -108.16885375976562 0
      vertex 67.70702362060547 -107.62364959716797 18
      vertex 66.39079284667969 -108.16885375976562 18
    endloop
  endfacet
  facet normal 0.38268554415597583 -0.9238786577760332 0
    outer loop
      vertex 67.70702362060547 -107.62364959716797 18
      vertex 66.39079284667969 -108.16885375976562 0
      vertex 67.70702362060547 -107.62364959716797 0
    endloop
  endfacet
  facet normal 0.29028205058540274 -0.9569411325196203 0
    outer loop
      vertex 65.02745819091797 -108.58241271972656 0
      vertex 66.39079284667969 -108.16885375976562 18
      vertex 65.02745819091797 -108.58241271972656 18
    endloop
  endfacet
  facet normal 0.29028205058540274 -0.9569411325196203 0
    outer loop
      vertex 66.39079284667969 -108.16885375976562 18
      vertex 65.02745819091797 -108.58241271972656 0
      vertex 66.39079284667969 -108.16885375976562 0
    endloop
  endfacet
  facet normal 0.19509442585078293 -0.9807844640908385 0
    outer loop
      vertex 63.630157470703125 -108.86035919189453 0
      vertex 65.02745819091797 -108.58241271972656 18
      vertex 63.630157470703125 -108.86035919189453 18
    endloop
  endfacet
  facet normal 0.19509442585078293 -0.9807844640908385 0
    outer loop
      vertex 65.02745819091797 -108.58241271972656 18
      vertex 63.630157470703125 -108.86035919189453 0
      vertex 65.02745819091797 -108.58241271972656 0
    endloop
  endfacet
  facet normal 0.09801524232835766 -0.9951849136071714 0
    outer loop
      vertex 63.00587463378906 -108.92184448242188 0
      vertex 63.630157470703125 -108.86035919189453 18
      vertex 63.00587463378906 -108.92184448242188 18
    endloop
  endfacet
  facet normal 0.09801524232835766 -0.9951849136071714 0
    outer loop
      vertex 63.630157470703125 -108.86035919189453 18
      vertex 63.00587463378906 -108.92184448242188 0
      vertex 63.630157470703125 -108.86035919189453 0
    endloop
  endfacet
  facet normal 0 -1 0
    outer loop
      vertex -34.33466339111328 -109 0
      vertex -14.305335998535156 -109 18
      vertex -34.33466339111328 -109 18
    endloop
  endfacet
  facet normal 0 -1 0
    outer loop
      vertex -14.305335998535156 -109 18
      vertex -34.33466339111328 -109 0
      vertex -14.305335998535156 -109 0
    endloop
  endfacet
  facet normal 0 -1 0
    outer loop
      vertex 14.305335998535156 -109 0
      vertex 34.33466339111328 -109 18
      vertex 14.305335998535156 -109 18
    endloop
  endfacet
  facet normal 0 -1 0
    outer loop
      vertex 34.33466339111328 -109 18
      vertex 14.305335998535156 -109 0
      vertex 34.33466339111328 -109 0
    endloop
  endfacet
  facet normal -0.09801524232835766 -0.9951849136071714 0
    outer loop
      vertex -63.630157470703125 -108.86035919189453 0
      vertex -63.00587463378906 -108.92184448242188 18
      vertex -63.630157470703125 -108.86035919189453 18
    endloop
  endfacet
  facet normal -0.09801524232835766 -0.9951849136071714 0
    outer loop
      vertex -63.00587463378906 -108.92184448242188 18
      vertex -63.630157470703125 -108.86035919189453 0
      vertex -63.00587463378906 -108.92184448242188 0
    endloop
  endfacet
  facet normal -0.19509442585078293 -0.9807844640908385 0
    outer loop
      vertex -65.02745819091797 -108.58241271972656 0
      vertex -63.630157470703125 -108.86035919189453 18
      vertex -65.02745819091797 -108.58241271972656 18
    endloop
  endfacet
  facet normal -0.19509442585078293 -0.9807844640908385 0
    outer loop
      vertex -63.630157470703125 -108.86035919189453 18
      vertex -65.02745819091797 -108.58241271972656 0
      vertex -63.630157470703125 -108.86035919189453 0
    endloop
  endfacet
  facet normal -0.29028205058540274 -0.9569411325196203 0
    outer loop
      vertex -66.39079284667969 -108.16885375976562 0
      vertex -65.02745819091797 -108.58241271972656 18
      vertex -66.39079284667969 -108.16885375976562 18
    endloop
  endfacet
  facet normal -0.29028205058540274 -0.9569411325196203 0
    outer loop
      vertex -65.02745819091797 -108.58241271972656 18
      vertex -66.39079284667969 -108.16885375976562 0
      vertex -65.02745819091797 -108.58241271972656 0
    endloop
  endfacet
  facet normal -0.38268554415597583 -0.9238786577760332 0
    outer loop
      vertex -67.70702362060547 -107.62364959716797 0
      vertex -66.39079284667969 -108.16885375976562 18
      vertex -67.70702362060547 -107.62364959716797 18
    endloop
  endfacet
  facet normal -0.38268554415597583 -0.9238786577760332 0
    outer loop
      vertex -66.39079284667969 -108.16885375976562 18
      vertex -67.70702362060547 -107.62364959716797 0
      vertex -66.39079284667969 -108.16885375976562 0
    endloop
  endfacet
  facet normal -0.4713946503416638 -0.8819223795942931 0
    outer loop
      vertex -68.9634780883789 -106.95206451416016 0
      vertex -67.70702362060547 -107.62364959716797 18
      vertex -68.9634780883789 -106.95206451416016 18
    endloop
  endfacet
  facet normal -0.4713946503416638 -0.8819223795942931 0
    outer loop
      vertex -67.70702362060547 -107.62364959716797 18
      vertex -68.9634780883789 -106.95206451416016 0
      vertex -67.70702362060547 -107.62364959716797 0
    endloop
  endfacet
  facet normal -0.5555711355655938 -0.8314690092398854 0
    outer loop
      vertex -70.14805603027344 -106.16055297851562 0
      vertex -68.9634780883789 -106.95206451416016 18
      vertex -70.14805603027344 -106.16055297851562 18
    endloop
  endfacet
  facet normal -0.5555711355655938 -0.8314690092398854 0
    outer loop
      vertex -68.9634780883789 -106.95206451416016 18
      vertex -70.14805603027344 -106.16055297851562 0
      vertex -68.9634780883789 -106.95206451416016 0
    endloop
  endfacet
  facet normal -0.6343953894187396 -0.7730087256197344 0
    outer loop
      vertex -71.24934387207031 -105.25674438476562 0
      vertex -70.14805603027344 -106.16055297851562 18
      vertex -71.24934387207031 -105.25674438476562 18
    endloop
  endfacet
  facet normal -0.6343953894187396 -0.7730087256197344 0
    outer loop
      vertex -70.14805603027344 -106.16055297851562 18
      vertex -71.24934387207031 -105.25674438476562 0
      vertex -70.14805603027344 -106.16055297851562 0
    endloop
  endfacet
  facet normal -0.7071067811865476 -0.7071067811865476 0
    outer loop
      vertex -71.24934387207031 -105.25674438476562 0
      vertex -72.25674438476562 -104.24934387207031 18
      vertex -72.25674438476562 -104.24934387207031 0
    endloop
  endfacet
  facet normal -0.7071067811865476 -0.7071067811865476 0
    outer loop
      vertex -72.25674438476562 -104.24934387207031 18
      vertex -71.24934387207031 -105.25674438476562 0
      vertex -71.24934387207031 -105.25674438476562 18
    endloop
  endfacet
  facet normal -0.7730087256197344 -0.6343953894187396 0
    outer loop
      vertex -72.25674438476562 -104.24934387207031 0
      vertex -73.16055297851562 -103.14805603027344 18
      vertex -73.16055297851562 -103.14805603027344 0
    endloop
  endfacet
  facet normal -0.7730087256197344 -0.6343953894187396 0
    outer loop
      vertex -73.16055297851562 -103.14805603027344 18
      vertex -72.25674438476562 -104.24934387207031 0
      vertex -72.25674438476562 -104.24934387207031 18
    endloop
  endfacet
  facet normal -0.8314690092398854 -0.5555711355655938 0
    outer loop
      vertex -73.16055297851562 -103.14805603027344 0
      vertex -73.95206451416016 -101.9634780883789 18
      vertex -73.95206451416016 -101.9634780883789 0
    endloop
  endfacet
  facet normal -0.8314690092398854 -0.5555711355655938 0
    outer loop
      vertex -73.95206451416016 -101.9634780883789 18
      vertex -73.16055297851562 -103.14805603027344 0
      vertex -73.16055297851562 -103.14805603027344 18
    endloop
  endfacet
  facet normal -0.8819223795942931 -0.4713946503416638 0
    outer loop
      vertex -73.95206451416016 -101.9634780883789 0
      vertex -74.62364959716797 -100.70702362060547 18
      vertex -74.62364959716797 -100.70702362060547 0
    endloop
  endfacet
  facet normal -0.8819223795942931 -0.4713946503416638 0
    outer loop
      vertex -74.62364959716797 -100.70702362060547 18
      vertex -73.95206451416016 -101.9634780883789 0
      vertex -73.95206451416016 -101.9634780883789 18
    endloop
  endfacet
  facet normal -0.9238786577760332 -0.38268554415597583 0
    outer loop
      vertex -74.62364959716797 -100.70702362060547 0
      vertex -75.16885375976562 -99.39079284667969 18
      vertex -75.16885375976562 -99.39079284667969 0
    endloop
  endfacet
  facet normal -0.9238786577760332 -0.38268554415597583 0
    outer loop
      vertex -75.16885375976562 -99.39079284667969 18
      vertex -74.62364959716797 -100.70702362060547 0
      vertex -74.62364959716797 -100.70702362060547 18
    endloop
  endfacet
  facet normal -0.9569411325196203 -0.29028205058540274 0
    outer loop
      vertex -75.16885375976562 -99.39079284667969 0
      vertex -75.58241271972656 -98.02745819091797 18
      vertex -75.58241271972656 -98.02745819091797 0
    endloop
  endfacet
  facet normal -0.9569411325196203 -0.29028205058540274 0
    outer loop
      vertex -75.58241271972656 -98.02745819091797 18
      vertex -75.16885375976562 -99.39079284667969 0
      vertex -75.16885375976562 -99.39079284667969 18
    endloop
  endfacet
  facet normal -0.9807844640908385 -0.19509442585078293 0
    outer loop
      vertex -75.58241271972656 -98.02745819091797 0
      vertex -75.86035919189453 -96.63015747070312 18
      vertex -75.86035919189453 -96.63015747070312 0
    endloop
  endfacet
  facet normal -0.9807844640908385 -0.19509442585078293 0
    outer loop
      vertex -75.86035919189453 -96.63015747070312 18
      vertex -75.58241271972656 -98.02745819091797 0
      vertex -75.58241271972656 -98.02745819091797 18
    endloop
  endfacet
  facet normal -0.9951848564463626 -0.09801582270140217 0
    outer loop
      vertex -75.86035919189453 -96.63015747070312 0
      vertex -76 -95.21234130859375 18
      vertex -76 -95.21234130859375 0
    endloop
  endfacet
  facet normal -0.9951848564463626 -0.09801582270140217 0
    outer loop
      vertex -76 -95.21234130859375 18
      vertex -75.86035919189453 -96.63015747070312 0
      vertex -75.86035919189453 -96.63015747070312 18
    endloop
  endfacet
  facet normal -1 0 0
    outer loop
      vertex -76 -95.21234130859375 0
      vertex -76 95.21234130859375 18
      vertex -76 95.21234130859375 0
    endloop
  endfacet
  facet normal -1 0 0
    outer loop
      vertex -76 95.21234130859375 18
      vertex -76 -95.21234130859375 0
      vertex -76 -95.21234130859375 18
    endloop
  endfacet
  facet normal -0.9951848564463626 0.09801582270140217 0
    outer loop
      vertex -76 95.21234130859375 0
      vertex -75.86035919189453 96.63015747070312 18
      vertex -75.86035919189453 96.63015747070312 0
    endloop
  endfacet
  facet normal -0.9951848564463626 0.09801582270140217 0
    outer loop
      vertex -75.86035919189453 96.63015747070312 18
      vertex -76 95.21234130859375 0
      vertex -76 95.21234130859375 18
    endloop
  endfacet
  facet normal -0.9807844640908385 0.19509442585078293 0
    outer loop
      vertex -75.86035919189453 96.63015747070312 0
      vertex -75.58241271972656 98.02745819091797 18
      vertex -75.58241271972656 98.02745819091797 0
    endloop
  endfacet
  facet normal -0.9807844640908385 0.19509442585078293 0
    outer loop
      vertex -75.58241271972656 98.02745819091797 18
      vertex -75.86035919189453 96.63015747070312 0
      vertex -75.86035919189453 96.63015747070312 18
    endloop
  endfacet
  facet normal -0.9569411325196203 0.29028205058540274 0
    outer loop
      vertex -75.58241271972656 98.02745819091797 0
      vertex -75.16885375976562 99.39079284667969 18
      vertex -75.16885375976562 99.39079284667969 0
    endloop
  endfacet
  facet normal -0.9569411325196203 0.29028205058540274 0
    outer loop
      vertex -75.16885375976562 99.39079284667969 18
      vertex -75.58241271972656 98.02745819091797 0
      vertex -75.58241271972656 98.02745819091797 18
    endloop
  endfacet
  facet normal -0.9238786577760332 0.38268554415597583 0
    outer loop
      vertex -75.16885375976562 99.39079284667969 0
      vertex -74.62364959716797 100.70702362060547 18
      vertex -74.62364959716797 100.70702362060547 0
    endloop
  endfacet
  facet normal -0.9238786577760332 0.38268554415597583 0
    outer loop
      vertex -74.62364959716797 100.70702362060547 18
      vertex -75.16885375976562 99.39079284667969 0
      vertex -75.16885375976562 99.39079284667969 18
    endloop
  endfacet
  facet normal -0.8819223795942931 0.4713946503416638 0
    outer loop
      vertex -74.62364959716797 100.70702362060547 0
      vertex -73.95206451416016 101.9634780883789 18
      vertex -73.95206451416016 101.9634780883789 0
    endloop
  endfacet
  facet normal -0.8819223795942931 0.4713946503416638 0
    outer loop
      vertex -73.95206451416016 101.9634780883789 18
      vertex -74.62364959716797 100.70702362060547 0
      vertex -74.62364959716797 100.70702362060547 18
    endloop
  endfacet
  facet normal -0.8314690092398854 0.5555711355655938 0
    outer loop
      vertex -73.95206451416016 101.9634780883789 0
      vertex -73.16055297851562 103.14805603027344 18
      vertex -73.16055297851562 103.14805603027344 0
    endloop
  endfacet
  facet normal -0.8314690092398854 0.5555711355655938 0
    outer loop
      vertex -73.16055297851562 103.14805603027344 18
      vertex -73.95206451416016 101.9634780883789 0
      vertex -73.95206451416016 101.9634780883789 18
    endloop
  endfacet
  facet normal -0.7730087256197344 0.6343953894187396 0
    outer loop
      vertex -73.16055297851562 103.14805603027344 0
      vertex -72.25674438476562 104.24934387207031 18
      vertex -72.25674438476562 104.24934387207031 0
    endloop
  endfacet
  facet normal -0.7730087256197344 0.6343953894187396 0
    outer loop
      vertex -72.25674438476562 104.24934387207031 18
      vertex -73.16055297851562 103.14805603027344 0
      vertex -73.16055297851562 103.14805603027344 18
    endloop
  endfacet
  facet normal -0.7071067811865476 0.7071067811865476 0
    outer loop
      vertex -72.25674438476562 104.24934387207031 0
      vertex -71.24934387207031 105.25674438476562 18
      vertex -71.24934387207031 105.25674438476562 0
    endloop
  endfacet
  facet normal -0.7071067811865476 0.7071067811865476 0
    outer loop
      vertex -71.24934387207031 105.25674438476562 18
      vertex -72.25674438476562 104.24934387207031 0
      vertex -72.25674438476562 104.24934387207031 18
    endloop
  endfacet
  facet normal -0.6343953894187396 0.7730087256197344 0
    outer loop
      vertex -70.14805603027344 106.16055297851562 0
      vertex -71.24934387207031 105.25674438476562 18
      vertex -70.14805603027344 106.16055297851562 18
    endloop
  endfacet
  facet normal -0.6343953894187396 0.7730087256197344 0
    outer loop
      vertex -71.24934387207031 105.25674438476562 18
      vertex -70.14805603027344 106.16055297851562 0
      vertex -71.24934387207031 105.25674438476562 0
    endloop
  endfacet
  facet normal -0.5555711355655938 0.8314690092398854 0
    outer loop
      vertex -68.9634780883789 106.95206451416016 0
      vertex -70.14805603027344 106.16055297851562 18
      vertex -68.9634780883789 106.95206451416016 18
    endloop
  endfacet
  facet normal -0.5555711355655938 0.8314690092398854 0
    outer loop
      vertex -70.14805603027344 106.16055297851562 18
      vertex -68.9634780883789 106.95206451416016 0
      vertex -70.14805603027344 106.16055297851562 0
    endloop
  endfacet
  facet normal -0.4713946503416638 0.8819223795942931 0
    outer loop
      vertex -67.70702362060547 107.62364959716797 0
      vertex -68.9634780883789 106.95206451416016 18
      vertex -67.70702362060547 107.62364959716797 18
    endloop
  endfacet
  facet normal -0.4713946503416638 0.8819223795942931 0
    outer loop
      vertex -68.9634780883789 106.95206451416016 18
      vertex -67.70702362060547 107.62364959716797 0
      vertex -68.9634780883789 106.95206451416016 0
    endloop
  endfacet
  facet normal -0.38268554415597583 0.9238786577760332 0
    outer loop
      vertex -66.39079284667969 108.16885375976562 0
      vertex -67.70702362060547 107.62364959716797 18
      vertex -66.39079284667969 108.16885375976562 18
    endloop
  endfacet
  facet normal -0.38268554415597583 0.9238786577760332 0
    outer loop
      vertex -67.70702362060547 107.62364959716797 18
      vertex -66.39079284667969 108.16885375976562 0
      vertex -67.70702362060547 107.62364959716797 0
    endloop
  endfacet
  facet normal -0.29028205058540274 0.9569411325196203 0
    outer loop
      vertex -65.02745819091797 108.58241271972656 0
      vertex -66.39079284667969 108.16885375976562 18
      vertex -65.02745819091797 108.58241271972656 18
    endloop
  endfacet
  facet normal -0.29028205058540274 0.9569411325196203 0
    outer loop
      vertex -66.39079284667969 108.16885375976562 18
      vertex -65.02745819091797 108.58241271972656 0
      vertex -66.39079284667969 108.16885375976562 0
    endloop
  endfacet
  facet normal -0.19509442585078293 0.9807844640908385 0
    outer loop
      vertex -63.630157470703125 108.86035919189453 0
      vertex -65.02745819091797 108.58241271972656 18
      vertex -63.630157470703125 108.86035919189453 18
    endloop
  endfacet
  facet normal -0.19509442585078293 0.9807844640908385 0
    outer loop
      vertex -65.02745819091797 108.58241271972656 18
      vertex -63.630157470703125 108.86035919189453 0
      vertex -65.02745819091797 108.58241271972656 0
    endloop
  endfacet
  facet normal -0.0980155615197223 0.995184882170129 0
    outer loop
      vertex -62.212337493896484 109 0
      vertex -63.630157470703125 108.86035919189453 18
      vertex -62.212337493896484 109 18
    endloop
  endfacet
  facet normal -0.0980155615197223 0.995184882170129 0
    outer loop
      vertex -63.630157470703125 108.86035919189453 18
      vertex -62.212337493896484 109 0
      vertex -63.630157470703125 108.86035919189453 0
    endloop
  endfacet
  facet normal 0 1 0
    outer loop
      vertex -0.7663941979408264 109 15.809905052185059
      vertex -47.967445373535156 109 15.828571319580078
      vertex -0.6725552678108215 109 15.828571319580078
    endloop
  endfacet
  facet normal 0 1 0
    outer loop
      vertex -0.7663941979408264 109 15.809905052185059
      vertex -47.87360382080078 109 15.809905052185059
      vertex -47.967445373535156 109 15.828571319580078
    endloop
  endfacet
  facet normal 0 1 0
    outer loop
      vertex -1.991820216178894 109 15.566152572631836
      vertex -47.87360382080078 109 15.809905052185059
      vertex -0.7663941979408264 109 15.809905052185059
    endloop
  endfacet
  facet normal 0 1 0
    outer loop
      vertex -1.991820216178894 109 15.566152572631836
      vertex -46.64817810058594 109 15.566152572631836
      vertex -47.87360382080078 109 15.809905052185059
    endloop
  endfacet
  facet normal 0 1 0
    outer loop
      vertex -1.991820216178894 109 15.566152572631836
      vertex -46.559783935546875 109 15.52953815460205
      vertex -46.64817810058594 109 15.566152572631836
    endloop
  endfacet
  facet normal 0 1 0
    outer loop
      vertex -3.146146535873413 109 15.08801555633545
      vertex -46.559783935546875 109 15.52953815460205
      vertex -1.991820216178894 109 15.566152572631836
    endloop
  endfacet
  facet normal 0 1 0
    outer loop
      vertex -45.40545654296875 109 15.051401138305664
      vertex -3.146146535873413 109 15.08801555633545
      vertex -3.2345407009124756 109 15.051401138305664
    endloop
  endfacet
  facet normal 0 1 0
    outer loop
      vertex -3.146146535873413 109 15.08801555633545
      vertex -45.40545654296875 109 15.051401138305664
      vertex -46.559783935546875 109 15.52953815460205
    endloop
  endfacet
  facet normal 0 1 0
    outer loop
      vertex -3.314093828201294 109 14.998245239257812
      vertex -45.40545654296875 109 15.051401138305664
      vertex -3.2345407009124756 109 15.051401138305664
    endloop
  endfacet
  facet normal 0 1 0
    outer loop
      vertex -3.314093828201294 109 14.998245239257812
      vertex -44.36659240722656 109 14.357253074645996
      vertex -45.40545654296875 109 15.051401138305664
    endloop
  endfacet
  facet normal 0 1 0
    outer loop
      vertex -4.352959632873535 109 14.304098129272461
      vertex -44.36659240722656 109 14.357253074645996
      vertex -3.314093828201294 109 14.998245239257812
    endloop
  endfacet
  facet normal 0 1 0
    outer loop
      vertex -4.352959632873535 109 14.304098129272461
      vertex -44.28704071044922 109 14.304098129272461
      vertex -44.36659240722656 109 14.357253074645996
    endloop
  endfacet
  facet normal 0 1 0
    outer loop
      vertex -4.352959632873535 109 14.304098129272461
      vertex -44.219383239746094 109 14.236443519592285
      vertex -44.28704071044922 109 14.304098129272461
    endloop
  endfacet
  facet normal 0 1 0
    outer loop
      vertex -5.304097652435303 109 13.352959632873535
      vertex -44.219383239746094 109 14.236443519592285
      vertex -4.352959632873535 109 14.304098129272461
    endloop
  endfacet
  facet normal 0 1 0
    outer loop
      vertex -5.304097652435303 109 13.352959632873535
      vertex -43.33590316772461 109 13.352959632873535
      vertex -44.219383239746094 109 14.236443519592285
    endloop
  endfacet
  facet normal 0 1 0
    outer loop
      vertex -5.998245716094971 109 12.314093589782715
      vertex -43.33590316772461 109 13.352959632873535
      vertex -5.304097652435303 109 13.352959632873535
    endloop
  endfacet
  facet normal 0 1 0
    outer loop
      vertex -5.998245716094971 109 12.314093589782715
      vertex -42.641754150390625 109 12.314093589782715
      vertex -43.33590316772461 109 13.352959632873535
    endloop
  endfacet
  facet normal 0 1 0
    outer loop
      vertex -6.051401138305664 109 12.234540939331055
      vertex -42.641754150390625 109 12.314093589782715
      vertex -5.998245716094971 109 12.314093589782715
    endloop
  endfacet
  facet normal 0 1 0
    outer loop
      vertex -6.051401138305664 109 12.234540939331055
      vertex -42.588600158691406 109 12.234540939331055
      vertex -42.641754150390625 109 12.314093589782715
    endloop
  endfacet
  facet normal 0 1 0
    outer loop
      vertex -6.088015079498291 109 12.146146774291992
      vertex -42.588600158691406 109 12.234540939331055
      vertex -6.051401138305664 109 12.234540939331055
    endloop
  endfacet
  facet normal 0 1 0
    outer loop
      vertex -6.088015079498291 109 12.146146774291992
      vertex -42.55198287963867 109 12.146146774291992
      vertex -42.588600158691406 109 12.234540939331055
    endloop
  endfacet
  facet normal 0 1 0
    outer loop
      vertex -6.566152572631836 109 10.991820335388184
      vertex -42.55198287963867 109 12.146146774291992
      vertex -6.088015079498291 109 12.146146774291992
    endloop
  endfacet
  facet normal 0 1 0
    outer loop
      vertex -6.566152572631836 109 10.991820335388184
      vertex -42.07384490966797 109 10.991820335388184
      vertex -42.55198287963867 109 12.146146774291992
    endloop
  endfacet
  facet normal 0 1 0
    outer loop
      vertex -6.809905529022217 109 9.76639461517334
      vertex -42.07384490966797 109 10.991820335388184
      vertex -6.566152572631836 109 10.991820335388184
    endloop
  endfacet
  facet normal 0 1 0
    outer loop
      vertex -6.809905529022217 109 9.76639461517334
      vertex -41.83009338378906 109 9.76639461517334
      vertex -42.07384490966797 109 10.991820335388184
    endloop
  endfacet
  facet normal 0 1 0
    outer loop
      vertex -6.82857084274292 109 9.672554969787598
      vertex -41.83009338378906 109 9.76639461517334
      vertex -6.809905529022217 109 9.76639461517334
    endloop
  endfacet
  facet normal 0 1 0
    outer loop
      vertex -6.82857084274292 109 9.672554969787598
      vertex -41.81142807006836 109 9.672554969787598
      vertex -41.83009338378906 109 9.76639461517334
    endloop
  endfacet
  facet normal 0 1 0
    outer loop
      vertex -6.82857084274292 109 8.327444076538086
      vertex -41.81142807006836 109 9.672554969787598
      vertex -6.82857084274292 109 9.672554969787598
    endloop
  endfacet
  facet normal 0 1 0
    outer loop
      vertex -6.82857084274292 109 8.327444076538086
      vertex -41.81142807006836 109 8.327444076538086
      vertex -41.81142807006836 109 9.672554969787598
    endloop
  endfacet
  facet normal 0 1 0
    outer loop
      vertex -6.809905529022217 109 8.233604431152344
      vertex -41.81142807006836 109 8.327444076538086
      vertex -6.82857084274292 109 8.327444076538086
    endloop
  endfacet
  facet normal 0 1 0
    outer loop
      vertex -6.809905529022217 109 8.233604431152344
      vertex -41.83009338378906 109 8.233604431152344
      vertex -41.81142807006836 109 8.327444076538086
    endloop
  endfacet
  facet normal 0 1 0
    outer loop
      vertex -6.566152572631836 109 7.0081787109375
      vertex -41.83009338378906 109 8.233604431152344
      vertex -6.809905529022217 109 8.233604431152344
    endloop
  endfacet
  facet normal 0 1 0
    outer loop
      vertex -6.566152572631836 109 7.0081787109375
      vertex -42.07384490966797 109 7.0081787109375
      vertex -41.83009338378906 109 8.233604431152344
    endloop
  endfacet
  facet normal 0 1 0
    outer loop
      vertex -6.088015079498291 109 5.85385274887085
      vertex -42.07384490966797 109 7.0081787109375
      vertex -6.566152572631836 109 7.0081787109375
    endloop
  endfacet
  facet normal 0 1 0
    outer loop
      vertex -6.088015079498291 109 5.85385274887085
      vertex -42.55198287963867 109 5.85385274887085
      vertex -42.07384490966797 109 7.0081787109375
    endloop
  endfacet
  facet normal 0 1 0
    outer loop
      vertex -6.051401138305664 109 5.765458106994629
      vertex -42.55198287963867 109 5.85385274887085
      vertex -6.088015079498291 109 5.85385274887085
    endloop
  endfacet
  facet normal 0 1 0
    outer loop
      vertex -6.051401138305664 109 5.765458106994629
      vertex -42.588600158691406 109 5.765458106994629
      vertex -42.55198287963867 109 5.85385274887085
    endloop
  endfacet
  facet normal 0 1 0
    outer loop
      vertex -5.998245716094971 109 5.685905456542969
      vertex -42.588600158691406 109 5.765458106994629
      vertex -6.051401138305664 109 5.765458106994629
    endloop
  endfacet
  facet normal 0 1 0
    outer loop
      vertex -5.998245716094971 109 5.685905456542969
      vertex -42.641754150390625 109 5.685905456542969
      vertex -42.588600158691406 109 5.765458106994629
    endloop
  endfacet
  facet normal 0 1 0
    outer loop
      vertex -5.304097652435303 109 4.647039413452148
      vertex -42.641754150390625 109 5.685905456542969
      vertex -5.998245716094971 109 5.685905456542969
    endloop
  endfacet
  facet normal 0 1 0
    outer loop
      vertex -5.304097652435303 109 4.647039413452148
      vertex -43.33590316772461 109 4.647039413452148
      vertex -42.641754150390625 109 5.685905456542969
    endloop
  endfacet
  facet normal 0 1 0
    outer loop
      vertex -5.304097652435303 109 4.647039413452148
      vertex -44.219383239746094 109 3.7635552883148193
      vertex -43.33590316772461 109 4.647039413452148
    endloop
  endfacet
  facet normal 0 1 0
    outer loop
      vertex -4.352959632873535 109 3.695901393890381
      vertex -44.219383239746094 109 3.7635552883148193
      vertex -5.304097652435303 109 4.647039413452148
    endloop
  endfacet
  facet normal 0 1 0
    outer loop
      vertex -4.352959632873535 109 3.695901393890381
      vertex -44.28704071044922 109 3.695901393890381
      vertex -44.219383239746094 109 3.7635552883148193
    endloop
  endfacet
  facet normal 0 1 0
    outer loop
      vertex -4.352959632873535 109 3.695901393890381
      vertex -44.36659240722656 109 3.6427457332611084
      vertex -44.28704071044922 109 3.695901393890381
    endloop
  endfacet
  facet normal 0 1 0
    outer loop
      vertex -3.314093828201294 109 3.001753330230713
      vertex -44.36659240722656 109 3.6427457332611084
      vertex -4.352959632873535 109 3.695901393890381
    endloop
  endfacet
  facet normal 0 1 0
    outer loop
      vertex -45.40545654296875 109 2.9485979080200195
      vertex -3.314093828201294 109 3.001753330230713
      vertex -3.2345407009124756 109 2.9485979080200195
    endloop
  endfacet
  facet normal 0 1 0
    outer loop
      vertex -3.314093828201294 109 3.001753330230713
      vertex -45.40545654296875 109 2.9485979080200195
      vertex -44.36659240722656 109 3.6427457332611084
    endloop
  endfacet
  facet normal 0 1 0
    outer loop
      vertex -3.146146535873413 109 2.9119837284088135
      vertex -45.40545654296875 109 2.9485979080200195
      vertex -3.2345407009124756 109 2.9485979080200195
    endloop
  endfacet
  facet normal 0 1 0
    outer loop
      vertex -3.146146535873413 109 2.9119837284088135
      vertex -46.559783935546875 109 2.4704604148864746
      vertex -45.40545654296875 109 2.9485979080200195
    endloop
  endfacet
  facet normal 0 1 0
    outer loop
      vertex -1.991820216178894 109 2.4338462352752686
      vertex -46.559783935546875 109 2.4704604148864746
      vertex -3.146146535873413 109 2.9119837284088135
    endloop
  endfacet
  facet normal 0 1 0
    outer loop
      vertex -1.991820216178894 109 2.4338462352752686
      vertex -46.64817810058594 109 2.4338462352752686
      vertex -46.559783935546875 109 2.4704604148864746
    endloop
  endfacet
  facet normal 0 1 0
    outer loop
      vertex -0.7663941979408264 109 2.190093755722046
      vertex -46.64817810058594 109 2.4338462352752686
      vertex -1.991820216178894 109 2.4338462352752686
    endloop
  endfacet
  facet normal 0 1 0
    outer loop
      vertex -0.7663941979408264 109 2.190093755722046
      vertex -47.87360382080078 109 2.190093755722046
      vertex -46.64817810058594 109 2.4338462352752686
    endloop
  endfacet
  facet normal 0 1 0
    outer loop
      vertex -0.6725552678108215 109 2.1714279651641846
      vertex -47.87360382080078 109 2.190093755722046
      vertex -0.7663941979408264 109 2.190093755722046
    endloop
  endfacet
  facet normal 0 1 0
    outer loop
      vertex -47.87360382080078 109 2.190093755722046
      vertex -0.6725552678108215 109 2.1714279651641846
      vertex -47.967445373535156 109 2.1714279651641846
    endloop
  endfacet
  facet normal 0 1 0
    outer loop
      vertex 47.87360382080078 109 15.809905052185059
      vertex 0.6725552678108215 109 15.828571319580078
      vertex 47.967445373535156 109 15.828571319580078
    endloop
  endfacet
  facet normal 0 1 0
    outer loop
      vertex 47.87360382080078 109 15.809905052185059
      vertex 0.7663941979408264 109 15.809905052185059
      vertex 0.6725552678108215 109 15.828571319580078
    endloop
  endfacet
  facet normal 0 1 0
    outer loop
      vertex 46.64817810058594 109 15.566152572631836
      vertex 0.7663941979408264 109 15.809905052185059
      vertex 47.87360382080078 109 15.809905052185059
    endloop
  endfacet
  facet normal 0 1 0
    outer loop
      vertex 46.64817810058594 109 15.566152572631836
      vertex 1.991820216178894 109 15.566152572631836
      vertex 0.7663941979408264 109 15.809905052185059
    endloop
  endfacet
  facet normal 0 1 0
    outer loop
      vertex 46.559783935546875 109 15.52953815460205
      vertex 1.991820216178894 109 15.566152572631836
      vertex 46.64817810058594 109 15.566152572631836
    endloop
  endfacet
  facet normal 0 1 0
    outer loop
      vertex 46.559783935546875 109 15.52953815460205
      vertex 3.146146535873413 109 15.08801555633545
      vertex 1.991820216178894 109 15.566152572631836
    endloop
  endfacet
  facet normal 0 1 0
    outer loop
      vertex 45.40545654296875 109 15.051401138305664
      vertex 3.146146535873413 109 15.08801555633545
      vertex 46.559783935546875 109 15.52953815460205
    endloop
  endfacet
  facet normal 0 1 0
    outer loop
      vertex 45.40545654296875 109 15.051401138305664
      vertex 3.2345407009124756 109 15.051401138305664
      vertex 3.146146535873413 109 15.08801555633545
    endloop
  endfacet
  facet normal 0 1 0
    outer loop
      vertex 45.40545654296875 109 15.051401138305664
      vertex 3.314093828201294 109 14.998245239257812
      vertex 3.2345407009124756 109 15.051401138305664
    endloop
  endfacet
  facet normal 0 1 0
    outer loop
      vertex 44.36659240722656 109 14.357253074645996
      vertex 3.314093828201294 109 14.998245239257812
      vertex 45.40545654296875 109 15.051401138305664
    endloop
  endfacet
  facet normal 0 1 0
    outer loop
      vertex 4.352959632873535 109 14.304098129272461
      vertex 44.36659240722656 109 14.357253074645996
      vertex 44.28704071044922 109 14.304098129272461
    endloop
  endfacet
  facet normal 0 1 0
    outer loop
      vertex 44.36659240722656 109 14.357253074645996
      vertex 4.352959632873535 109 14.304098129272461
      vertex 3.314093828201294 109 14.998245239257812
    endloop
  endfacet
  facet normal 0 1 0
    outer loop
      vertex 44.219383239746094 109 14.236443519592285
      vertex 4.352959632873535 109 14.304098129272461
      vertex 44.28704071044922 109 14.304098129272461
    endloop
  endfacet
  facet normal 0 1 0
    outer loop
      vertex 43.33590316772461 109 13.352959632873535
      vertex 4.352959632873535 109 14.304098129272461
      vertex 44.219383239746094 109 14.236443519592285
    endloop
  endfacet
  facet normal 0 1 0
    outer loop
      vertex 43.33590316772461 109 13.352959632873535
      vertex 5.304097652435303 109 13.352959632873535
      vertex 4.352959632873535 109 14.304098129272461
    endloop
  endfacet
  facet normal 0 1 0
    outer loop
      vertex 42.641754150390625 109 12.314093589782715
      vertex 5.304097652435303 109 13.352959632873535
      vertex 43.33590316772461 109 13.352959632873535
    endloop
  endfacet
  facet normal 0 1 0
    outer loop
      vertex 42.641754150390625 109 12.314093589782715
      vertex 5.998245716094971 109 12.314093589782715
      vertex 5.304097652435303 109 13.352959632873535
    endloop
  endfacet
  facet normal 0 1 0
    outer loop
      vertex 42.588600158691406 109 12.234540939331055
      vertex 5.998245716094971 109 12.314093589782715
      vertex 42.641754150390625 109 12.314093589782715
    endloop
  endfacet
  facet normal 0 1 0
    outer loop
      vertex 42.588600158691406 109 12.234540939331055
      vertex 6.051401138305664 109 12.234540939331055
      vertex 5.998245716094971 109 12.314093589782715
    endloop
  endfacet
  facet normal 0 1 0
    outer loop
      vertex 42.55198287963867 109 12.146146774291992
      vertex 6.051401138305664 109 12.234540939331055
      vertex 42.588600158691406 109 12.234540939331055
    endloop
  endfacet
  facet normal 0 1 0
    outer loop
      vertex 42.55198287963867 109 12.146146774291992
      vertex 6.088015079498291 109 12.146146774291992
      vertex 6.051401138305664 109 12.234540939331055
    endloop
  endfacet
  facet normal 0 1 0
    outer loop
      vertex 42.07384490966797 109 10.991820335388184
      vertex 6.088015079498291 109 12.146146774291992
      vertex 42.55198287963867 109 12.146146774291992
    endloop
  endfacet
  facet normal 0 1 0
    outer loop
      vertex 42.07384490966797 109 10.991820335388184
      vertex 6.566152572631836 109 10.991820335388184
      vertex 6.088015079498291 109 12.146146774291992
    endloop
  endfacet
  facet normal 0 1 0
    outer loop
      vertex 41.83009338378906 109 9.76639461517334
      vertex 6.566152572631836 109 10.991820335388184
      vertex 42.07384490966797 109 10.991820335388184
    endloop
  endfacet
  facet normal 0 1 0
    outer loop
      vertex 41.83009338378906 109 9.76639461517334
      vertex 6.809905529022217 109 9.76639461517334
      vertex 6.566152572631836 109 10.991820335388184
    endloop
  endfacet
  facet normal 0 1 0
    outer loop
      vertex 41.81142807006836 109 9.672554969787598
      vertex 6.809905529022217 109 9.76639461517334
      vertex 41.83009338378906 109 9.76639461517334
    endloop
  endfacet
  facet normal 0 1 0
    outer loop
      vertex 41.81142807006836 109 9.672554969787598
      vertex 6.82857084274292 109 9.672554969787598
      vertex 6.809905529022217 109 9.76639461517334
    endloop
  endfacet
  facet normal 0 1 0
    outer loop
      vertex 41.81142807006836 109 8.327444076538086
      vertex 6.82857084274292 109 9.672554969787598
      vertex 41.81142807006836 109 9.672554969787598
    endloop
  endfacet
  facet normal 0 1 0
    outer loop
      vertex 41.81142807006836 109 8.327444076538086
      vertex 6.82857084274292 109 8.327444076538086
      vertex 6.82857084274292 109 9.672554969787598
    endloop
  endfacet
  facet normal 0 1 0
    outer loop
      vertex 41.83009338378906 109 8.233604431152344
      vertex 6.82857084274292 109 8.327444076538086
      vertex 41.81142807006836 109 8.327444076538086
    endloop
  endfacet
  facet normal 0 1 0
    outer loop
      vertex 41.83009338378906 109 8.233604431152344
      vertex 6.809905529022217 109 8.233604431152344
      vertex 6.82857084274292 109 8.327444076538086
    endloop
  endfacet
  facet normal 0 1 0
    outer loop
      vertex 42.07384490966797 109 7.0081787109375
      vertex 6.809905529022217 109 8.233604431152344
      vertex 41.83009338378906 109 8.233604431152344
    endloop
  endfacet
  facet normal 0 1 0
    outer loop
      vertex 42.07384490966797 109 7.0081787109375
      vertex 6.566152572631836 109 7.0081787109375
      vertex 6.809905529022217 109 8.233604431152344
    endloop
  endfacet
  facet normal 0 1 0
    outer loop
      vertex 42.55198287963867 109 5.85385274887085
      vertex 6.566152572631836 109 7.0081787109375
      vertex 42.07384490966797 109 7.0081787109375
    endloop
  endfacet
  facet normal 0 1 0
    outer loop
      vertex 42.55198287963867 109 5.85385274887085
      vertex 6.088015079498291 109 5.85385274887085
      vertex 6.566152572631836 109 7.0081787109375
    endloop
  endfacet
  facet normal 0 1 0
    outer loop
      vertex 42.588600158691406 109 5.765458106994629
      vertex 6.088015079498291 109 5.85385274887085
      vertex 42.55198287963867 109 5.85385274887085
    endloop
  endfacet
  facet normal 0 1 0
    outer loop
      vertex 42.588600158691406 109 5.765458106994629
      vertex 6.051401138305664 109 5.765458106994629
      vertex 6.088015079498291 109 5.85385274887085
    endloop
  endfacet
  facet normal 0 1 0
    outer loop
      vertex 42.641754150390625 109 5.685905456542969
      vertex 6.051401138305664 109 5.765458106994629
      vertex 42.588600158691406 109 5.765458106994629
    endloop
  endfacet
  facet normal 0 1 0
    outer loop
      vertex 42.641754150390625 109 5.685905456542969
      vertex 5.998245716094971 109 5.685905456542969
      vertex 6.051401138305664 109 5.765458106994629
    endloop
  endfacet
  facet normal 0 1 0
    outer loop
      vertex 43.33590316772461 109 4.647039413452148
      vertex 5.998245716094971 109 5.685905456542969
      vertex 42.641754150390625 109 5.685905456542969
    endloop
  endfacet
  facet normal 0 1 0
    outer loop
      vertex 43.33590316772461 109 4.647039413452148
      vertex 5.304097652435303 109 4.647039413452148
      vertex 5.998245716094971 109 5.685905456542969
    endloop
  endfacet
  facet normal 0 1 0
    outer loop
      vertex 44.219383239746094 109 3.7635552883148193
      vertex 5.304097652435303 109 4.647039413452148
      vertex 43.33590316772461 109 4.647039413452148
    endloop
  endfacet
  facet normal 0 1 0
    outer loop
      vertex 4.352959632873535 109 3.695901393890381
      vertex 44.219383239746094 109 3.7635552883148193
      vertex 44.28704071044922 109 3.695901393890381
    endloop
  endfacet
  facet normal 0 1 0
    outer loop
      vertex 44.219383239746094 109 3.7635552883148193
      vertex 4.352959632873535 109 3.695901393890381
      vertex 5.304097652435303 109 4.647039413452148
    endloop
  endfacet
  facet normal 0 1 0
    outer loop
      vertex 44.36659240722656 109 3.6427457332611084
      vertex 4.352959632873535 109 3.695901393890381
      vertex 44.28704071044922 109 3.695901393890381
    endloop
  endfacet
  facet normal 0 1 0
    outer loop
      vertex 44.36659240722656 109 3.6427457332611084
      vertex 3.314093828201294 109 3.001753330230713
      vertex 4.352959632873535 109 3.695901393890381
    endloop
  endfacet
  facet normal 0 1 0
    outer loop
      vertex 45.40545654296875 109 2.9485979080200195
      vertex 3.314093828201294 109 3.001753330230713
      vertex 44.36659240722656 109 3.6427457332611084
    endloop
  endfacet
  facet normal 0 1 0
    outer loop
      vertex 45.40545654296875 109 2.9485979080200195
      vertex 3.2345407009124756 109 2.9485979080200195
      vertex 3.314093828201294 109 3.001753330230713
    endloop
  endfacet
  facet normal 0 1 0
    outer loop
      vertex 45.40545654296875 109 2.9485979080200195
      vertex 3.146146535873413 109 2.9119837284088135
      vertex 3.2345407009124756 109 2.9485979080200195
    endloop
  endfacet
  facet normal 0 1 0
    outer loop
      vertex 46.559783935546875 109 2.4704604148864746
      vertex 3.146146535873413 109 2.9119837284088135
      vertex 45.40545654296875 109 2.9485979080200195
    endloop
  endfacet
  facet normal 0 1 0
    outer loop
      vertex 1.991820216178894 109 2.4338462352752686
      vertex 46.559783935546875 109 2.4704604148864746
      vertex 46.64817810058594 109 2.4338462352752686
    endloop
  endfacet
  facet normal 0 1 0
    outer loop
      vertex 46.559783935546875 109 2.4704604148864746
      vertex 1.991820216178894 109 2.4338462352752686
      vertex 3.146146535873413 109 2.9119837284088135
    endloop
  endfacet
  facet normal 0 1 0
    outer loop
      vertex 47.87360382080078 109 2.190093755722046
      vertex 1.991820216178894 109 2.4338462352752686
      vertex 46.64817810058594 109 2.4338462352752686
    endloop
  endfacet
  facet normal 0 1 0
    outer loop
      vertex 47.87360382080078 109 2.190093755722046
      vertex 0.7663941979408264 109 2.190093755722046
      vertex 1.991820216178894 109 2.4338462352752686
    endloop
  endfacet
  facet normal 0 1 0
    outer loop
      vertex 47.967445373535156 109 2.1714279651641846
      vertex 0.7663941979408264 109 2.190093755722046
      vertex 47.87360382080078 109 2.190093755722046
    endloop
  endfacet
  facet normal 0 1 0
    outer loop
      vertex 0.7663941979408264 109 2.190093755722046
      vertex 47.967445373535156 109 2.1714279651641846
      vertex 0.6725552678108215 109 2.1714279651641846
    endloop
  endfacet
  facet normal 0 1 0
    outer loop
      vertex 47.967445373535156 109 15.828571319580078
      vertex 62.212337493896484 109 18
      vertex 49.31255340576172 109 15.828571319580078
    endloop
  endfacet
  facet normal 0 1 0
    outer loop
      vertex 62.212337493896484 109 18
      vertex 50.53798294067383 109 15.584818840026855
      vertex 49.31255340576172 109 15.828571319580078
    endloop
  endfacet
  facet normal 0 1 0
    outer loop
      vertex 62.212337493896484 109 18
      vertex 50.63182067871094 109 15.566152572631836
      vertex 50.53798294067383 109 15.584818840026855
    endloop
  endfacet
  facet normal 0 1 0
    outer loop
      vertex 62.212337493896484 109 18
      vertex 50.72021484375 109 15.52953815460205
      vertex 50.63182067871094 109 15.566152572631836
    endloop
  endfacet
  facet normal 0 1 0
    outer loop
      vertex 62.212337493896484 109 18
      vertex 51.874542236328125 109 15.051401138305664
      vertex 50.72021484375 109 15.52953815460205
    endloop
  endfacet
  facet normal 0 1 0
    outer loop
      vertex 62.212337493896484 109 18
      vertex 52.91340637207031 109 14.357253074645996
      vertex 51.874542236328125 109 15.051401138305664
    endloop
  endfacet
  facet normal 0 1 0
    outer loop
      vertex 62.212337493896484 109 18
      vertex 52.992958068847656 109 14.304098129272461
      vertex 52.91340637207031 109 14.357253074645996
    endloop
  endfacet
  facet normal 0 1 0
    outer loop
      vertex 62.212337493896484 109 18
      vertex 53.06061553955078 109 14.236443519592285
      vertex 52.992958068847656 109 14.304098129272461
    endloop
  endfacet
  facet normal 0 1 0
    outer loop
      vertex 62.212337493896484 109 18
      vertex 53.944095611572266 109 13.352959632873535
      vertex 53.06061553955078 109 14.236443519592285
    endloop
  endfacet
  facet normal 0 1 0
    outer loop
      vertex 62.212337493896484 109 18
      vertex 53.99725341796875 109 13.273406982421875
      vertex 53.944095611572266 109 13.352959632873535
    endloop
  endfacet
  facet normal 0 1 0
    outer loop
      vertex 62.212337493896484 109 18
      vertex 54.691402435302734 109 12.234540939331055
      vertex 53.99725341796875 109 13.273406982421875
    endloop
  endfacet
  facet normal 0 1 0
    outer loop
      vertex 62.212337493896484 109 18
      vertex 54.7280158996582 109 12.146146774291992
      vertex 54.691402435302734 109 12.234540939331055
    endloop
  endfacet
  facet normal 0 1 0
    outer loop
      vertex 62.212337493896484 109 18
      vertex 55.206153869628906 109 10.991820335388184
      vertex 54.7280158996582 109 12.146146774291992
    endloop
  endfacet
  facet normal 0 1 0
    outer loop
      vertex 62.212337493896484 109 18
      vertex 55.44990539550781 109 9.76639461517334
      vertex 55.206153869628906 109 10.991820335388184
    endloop
  endfacet
  facet normal 0 1 0
    outer loop
      vertex 62.212337493896484 109 18
      vertex 55.468570709228516 109 9.672554969787598
      vertex 55.44990539550781 109 9.76639461517334
    endloop
  endfacet
  facet normal 0 1 0
    outer loop
      vertex 62.212337493896484 109 18
      vertex 55.468570709228516 109 8.327444076538086
      vertex 55.468570709228516 109 9.672554969787598
    endloop
  endfacet
  facet normal 0 1 0
    outer loop
      vertex 62.212337493896484 109 0
      vertex 55.468570709228516 109 8.327444076538086
      vertex 62.212337493896484 109 18
    endloop
  endfacet
  facet normal 0 1 0
    outer loop
      vertex 55.468570709228516 109 8.327444076538086
      vertex 62.212337493896484 109 0
      vertex 55.44990539550781 109 8.233604431152344
    endloop
  endfacet
  facet normal 0 1 0
    outer loop
      vertex 55.44990539550781 109 8.233604431152344
      vertex 62.212337493896484 109 0
      vertex 55.206153869628906 109 7.0081787109375
    endloop
  endfacet
  facet normal 0 1 0
    outer loop
      vertex 55.206153869628906 109 7.0081787109375
      vertex 62.212337493896484 109 0
      vertex 54.7280158996582 109 5.85385274887085
    endloop
  endfacet
  facet normal 0 1 0
    outer loop
      vertex 62.212337493896484 109 0
      vertex 50.72021484375 109 2.4704604148864746
      vertex 51.874542236328125 109 2.9485979080200195
    endloop
  endfacet
  facet normal 0 1 0
    outer loop
      vertex 62.212337493896484 109 0
      vertex 47.967445373535156 109 2.1714279651641846
      vertex 49.31255340576172 109 2.1714279651641846
    endloop
  endfacet
  facet normal 0 1 0
    outer loop
      vertex 47.967445373535156 109 2.1714279651641846
      vertex 62.212337493896484 109 0
      vertex 0.6725552678108215 109 2.1714279651641846
    endloop
  endfacet
  facet normal 0 1 0
    outer loop
      vertex 0.6725552678108215 109 2.1714279651641846
      vertex 62.212337493896484 109 0
      vertex -0.6725552678108215 109 2.1714279651641846
    endloop
  endfacet
  facet normal 0 1 0
    outer loop
      vertex -62.212337493896484 109 0
      vertex -0.6725552678108215 109 2.1714279651641846
      vertex 62.212337493896484 109 0
    endloop
  endfacet
  facet normal 0 1 0
    outer loop
      vertex -0.6725552678108215 109 2.1714279651641846
      vertex -62.212337493896484 109 0
      vertex -47.967445373535156 109 2.1714279651641846
    endloop
  endfacet
  facet normal 0 1 0
    outer loop
      vertex 50.53798294067383 109 2.4151806831359863
      vertex 62.212337493896484 109 0
      vertex 49.31255340576172 109 2.1714279651641846
    endloop
  endfacet
  facet normal 0 1 0
    outer loop
      vertex 50.63182067871094 109 2.4338462352752686
      vertex 62.212337493896484 109 0
      vertex 50.53798294067383 109 2.4151806831359863
    endloop
  endfacet
  facet normal 0 1 0
    outer loop
      vertex 50.72021484375 109 2.4704604148864746
      vertex 62.212337493896484 109 0
      vertex 50.63182067871094 109 2.4338462352752686
    endloop
  endfacet
  facet normal 0 1 0
    outer loop
      vertex 52.91340637207031 109 3.6427457332611084
      vertex 62.212337493896484 109 0
      vertex 51.874542236328125 109 2.9485979080200195
    endloop
  endfacet
  facet normal 0 1 0
    outer loop
      vertex 52.992958068847656 109 3.695901393890381
      vertex 62.212337493896484 109 0
      vertex 52.91340637207031 109 3.6427457332611084
    endloop
  endfacet
  facet normal 0 1 0
    outer loop
      vertex 53.06061553955078 109 3.7635552883148193
      vertex 62.212337493896484 109 0
      vertex 52.992958068847656 109 3.695901393890381
    endloop
  endfacet
  facet normal 0 1 0
    outer loop
      vertex 53.944095611572266 109 4.647039413452148
      vertex 62.212337493896484 109 0
      vertex 53.06061553955078 109 3.7635552883148193
    endloop
  endfacet
  facet normal 0 1 0
    outer loop
      vertex 53.99725341796875 109 4.726592063903809
      vertex 62.212337493896484 109 0
      vertex 53.944095611572266 109 4.647039413452148
    endloop
  endfacet
  facet normal 0 1 0
    outer loop
      vertex 54.691402435302734 109 5.765458106994629
      vertex 62.212337493896484 109 0
      vertex 53.99725341796875 109 4.726592063903809
    endloop
  endfacet
  facet normal 0 1 0
    outer loop
      vertex 54.7280158996582 109 5.85385274887085
      vertex 62.212337493896484 109 0
      vertex 54.691402435302734 109 5.765458106994629
    endloop
  endfacet
  facet normal 0 1 0
    outer loop
      vertex 0.6725552678108215 109 15.828571319580078
      vertex 62.212337493896484 109 18
      vertex 47.967445373535156 109 15.828571319580078
    endloop
  endfacet
  facet normal 0 1 0
    outer loop
      vertex 62.212337493896484 109 18
      vertex 0.6725552678108215 109 15.828571319580078
      vertex -62.212337493896484 109 18
    endloop
  endfacet
  facet normal 0 1 0
    outer loop
      vertex -0.6725552678108215 109 15.828571319580078
      vertex -62.212337493896484 109 18
      vertex 0.6725552678108215 109 15.828571319580078
    endloop
  endfacet
  facet normal 0 1 0
    outer loop
      vertex -47.967445373535156 109 15.828571319580078
      vertex -62.212337493896484 109 18
      vertex -0.6725552678108215 109 15.828571319580078
    endloop
  endfacet
  facet normal 0 1 0
    outer loop
      vertex -49.31255340576172 109 15.828571319580078
      vertex -62.212337493896484 109 18
      vertex -47.967445373535156 109 15.828571319580078
    endloop
  endfacet
  facet normal 0 1 0
    outer loop
      vertex -50.53798294067383 109 15.584818840026855
      vertex -62.212337493896484 109 18
      vertex -49.31255340576172 109 15.828571319580078
    endloop
  endfacet
  facet normal 0 1 0
    outer loop
      vertex -50.63182067871094 109 15.566152572631836
      vertex -62.212337493896484 109 18
      vertex -50.53798294067383 109 15.584818840026855
    endloop
  endfacet
  facet normal 0 1 0
    outer loop
      vertex -50.72021484375 109 15.52953815460205
      vertex -62.212337493896484 109 18
      vertex -50.63182067871094 109 15.566152572631836
    endloop
  endfacet
  facet normal 0 1 0
    outer loop
      vertex -51.874542236328125 109 15.051401138305664
      vertex -62.212337493896484 109 18
      vertex -50.72021484375 109 15.52953815460205
    endloop
  endfacet
  facet normal 0 1 0
    outer loop
      vertex -52.91340637207031 109 14.357253074645996
      vertex -62.212337493896484 109 18
      vertex -51.874542236328125 109 15.051401138305664
    endloop
  endfacet
  facet normal 0 1 0
    outer loop
      vertex -52.992958068847656 109 14.304098129272461
      vertex -62.212337493896484 109 18
      vertex -52.91340637207031 109 14.357253074645996
    endloop
  endfacet
  facet normal 0 1 0
    outer loop
      vertex -53.06061553955078 109 14.236443519592285
      vertex -62.212337493896484 109 18
      vertex -52.992958068847656 109 14.304098129272461
    endloop
  endfacet
  facet normal 0 1 0
    outer loop
      vertex -53.944095611572266 109 13.352959632873535
      vertex -62.212337493896484 109 18
      vertex -53.06061553955078 109 14.236443519592285
    endloop
  endfacet
  facet normal 0 1 0
    outer loop
      vertex -53.99725341796875 109 13.273406982421875
      vertex -62.212337493896484 109 18
      vertex -53.944095611572266 109 13.352959632873535
    endloop
  endfacet
  facet normal 0 1 0
    outer loop
      vertex -54.691402435302734 109 12.234540939331055
      vertex -62.212337493896484 109 18
      vertex -53.99725341796875 109 13.273406982421875
    endloop
  endfacet
  facet normal 0 1 0
    outer loop
      vertex -54.7280158996582 109 12.146146774291992
      vertex -62.212337493896484 109 18
      vertex -54.691402435302734 109 12.234540939331055
    endloop
  endfacet
  facet normal 0 1 0
    outer loop
      vertex -55.206153869628906 109 10.991820335388184
      vertex -62.212337493896484 109 18
      vertex -54.7280158996582 109 12.146146774291992
    endloop
  endfacet
  facet normal 0 1 0
    outer loop
      vertex -55.44990539550781 109 9.76639461517334
      vertex -62.212337493896484 109 18
      vertex -55.206153869628906 109 10.991820335388184
    endloop
  endfacet
  facet normal 0 1 0
    outer loop
      vertex -55.468570709228516 109 9.672554969787598
      vertex -62.212337493896484 109 18
      vertex -55.44990539550781 109 9.76639461517334
    endloop
  endfacet
  facet normal 0 1 0
    outer loop
      vertex -55.468570709228516 109 8.327444076538086
      vertex -62.212337493896484 109 18
      vertex -55.468570709228516 109 9.672554969787598
    endloop
  endfacet
  facet normal 0 1 0
    outer loop
      vertex -62.212337493896484 109 0
      vertex -55.468570709228516 109 8.327444076538086
      vertex -55.44990539550781 109 8.233604431152344
    endloop
  endfacet
  facet normal 0 1 0
    outer loop
      vertex -62.212337493896484 109 0
      vertex -55.44990539550781 109 8.233604431152344
      vertex -55.206153869628906 109 7.0081787109375
    endloop
  endfacet
  facet normal 0 1 0
    outer loop
      vertex -62.212337493896484 109 0
      vertex -55.206153869628906 109 7.0081787109375
      vertex -54.7280158996582 109 5.85385274887085
    endloop
  endfacet
  facet normal 0 1 0
    outer loop
      vertex -62.212337493896484 109 0
      vertex -54.7280158996582 109 5.85385274887085
      vertex -54.691402435302734 109 5.765458106994629
    endloop
  endfacet
  facet normal 0 1 0
    outer loop
      vertex -62.212337493896484 109 0
      vertex -50.72021484375 109 2.4704604148864746
      vertex -50.63182067871094 109 2.4338462352752686
    endloop
  endfacet
  facet normal 0 1 0
    outer loop
      vertex -55.468570709228516 109 8.327444076538086
      vertex -62.212337493896484 109 0
      vertex -62.212337493896484 109 18
    endloop
  endfacet
  facet normal 0 1 0
    outer loop
      vertex -53.99725341796875 109 4.726592063903809
      vertex -62.212337493896484 109 0
      vertex -54.691402435302734 109 5.765458106994629
    endloop
  endfacet
  facet normal 0 1 0
    outer loop
      vertex -53.944095611572266 109 4.647039413452148
      vertex -62.212337493896484 109 0
      vertex -53.99725341796875 109 4.726592063903809
    endloop
  endfacet
  facet normal 0 1 0
    outer loop
      vertex -53.06061553955078 109 3.7635552883148193
      vertex -62.212337493896484 109 0
      vertex -53.944095611572266 109 4.647039413452148
    endloop
  endfacet
  facet normal 0 1 0
    outer loop
      vertex -52.992958068847656 109 3.695901393890381
      vertex -62.212337493896484 109 0
      vertex -53.06061553955078 109 3.7635552883148193
    endloop
  endfacet
  facet normal 0 1 0
    outer loop
      vertex -52.91340637207031 109 3.6427457332611084
      vertex -62.212337493896484 109 0
      vertex -52.992958068847656 109 3.695901393890381
    endloop
  endfacet
  facet normal 0 1 0
    outer loop
      vertex -51.874542236328125 109 2.9485979080200195
      vertex -62.212337493896484 109 0
      vertex -52.91340637207031 109 3.6427457332611084
    endloop
  endfacet
  facet normal 0 1 0
    outer loop
      vertex -50.72021484375 109 2.4704604148864746
      vertex -62.212337493896484 109 0
      vertex -51.874542236328125 109 2.9485979080200195
    endloop
  endfacet
  facet normal 0 1 0
    outer loop
      vertex -50.53798294067383 109 2.4151806831359863
      vertex -62.212337493896484 109 0
      vertex -50.63182067871094 109 2.4338462352752686
    endloop
  endfacet
  facet normal 0 1 0
    outer loop
      vertex -49.31255340576172 109 2.1714279651641846
      vertex -62.212337493896484 109 0
      vertex -50.53798294067383 109 2.4151806831359863
    endloop
  endfacet
  facet normal 0 1 0
    outer loop
      vertex -47.967445373535156 109 2.1714279651641846
      vertex -62.212337493896484 109 0
      vertex -49.31255340576172 109 2.1714279651641846
    endloop
  endfacet
  facet normal 0.0980155615197223 0.995184882170129 0
    outer loop
      vertex 63.630157470703125 108.86035919189453 0
      vertex 62.212337493896484 109 18
      vertex 63.630157470703125 108.86035919189453 18
    endloop
  endfacet
  facet normal 0.0980155615197223 0.995184882170129 0
    outer loop
      vertex 62.212337493896484 109 18
      vertex 63.630157470703125 108.86035919189453 0
      vertex 62.212337493896484 109 0
    endloop
  endfacet
  facet normal 0.09802594406177187 -0.9951838595409385 0
    outer loop
      vertex -59.86726760864258 94.97592163085938 0
      vertex -59.62281799316406 95 2
      vertex -59.86726760864258 94.97592163085938 2
    endloop
  endfacet
  facet normal 0.09802594406177187 -0.9951838595409385 0
    outer loop
      vertex -59.62281799316406 95 2
      vertex -59.86726760864258 94.97592163085938 0
      vertex -59.62281799316406 95 0
    endloop
  endfacet
  facet normal 0.19508568260549186 -0.9807862032279764 0
    outer loop
      vertex -60.108184814453125 94.9280014038086 0
      vertex -59.86726760864258 94.97592163085938 2
      vertex -60.108184814453125 94.9280014038086 2
    endloop
  endfacet
  facet normal 0.19508568260549186 -0.9807862032279764 0
    outer loop
      vertex -59.86726760864258 94.97592163085938 2
      vertex -60.108184814453125 94.9280014038086 0
      vertex -59.86726760864258 94.97592163085938 0
    endloop
  endfacet
  facet normal 0.2902901390198537 -0.95693867890677 0
    outer loop
      vertex -60.343238830566406 94.85669708251953 0
      vertex -60.108184814453125 94.9280014038086 2
      vertex -60.343238830566406 94.85669708251953 2
    endloop
  endfacet
  facet normal 0.2902901390198537 -0.95693867890677 0
    outer loop
      vertex -60.108184814453125 94.9280014038086 2
      vertex -60.343238830566406 94.85669708251953 0
      vertex -60.108184814453125 94.9280014038086 0
    endloop
  endfacet
  facet normal 0.38268920087639036 -0.9238771430945728 0
    outer loop
      vertex -60.57017517089844 94.7626953125 0
      vertex -60.343238830566406 94.85669708251953 2
      vertex -60.57017517089844 94.7626953125 2
    endloop
  endfacet
  facet normal 0.38268920087639036 -0.9238771430945728 0
    outer loop
      vertex -60.343238830566406 94.85669708251953 2
      vertex -60.57017517089844 94.7626953125 0
      vertex -60.343238830566406 94.85669708251953 0
    endloop
  endfacet
  facet normal 0.4713989305179931 -0.8819200917920469 0
    outer loop
      vertex -60.78680419921875 94.64690399169922 0
      vertex -60.57017517089844 94.7626953125 2
      vertex -60.78680419921875 94.64690399169922 2
    endloop
  endfacet
  facet normal 0.4713989305179931 -0.8819200917920469 0
    outer loop
      vertex -60.57017517089844 94.7626953125 2
      vertex -60.78680419921875 94.64690399169922 0
      vertex -60.57017517089844 94.7626953125 0
    endloop
  endfacet
  facet normal 0.5555671809121384 -0.8314716516474504 0
    outer loop
      vertex -60.99104309082031 94.51043701171875 0
      vertex -60.78680419921875 94.64690399169922 2
      vertex -60.99104309082031 94.51043701171875 2
    endloop
  endfacet
  facet normal 0.5555671809121384 -0.8314716516474504 0
    outer loop
      vertex -60.78680419921875 94.64690399169922 2
      vertex -60.99104309082031 94.51043701171875 0
      vertex -60.78680419921875 94.64690399169922 0
    endloop
  endfacet
  facet normal 0.6343737265606173 -0.7730265034587076 0
    outer loop
      vertex -61.18092346191406 94.3546142578125 0
      vertex -60.99104309082031 94.51043701171875 2
      vertex -61.18092346191406 94.3546142578125 2
    endloop
  endfacet
  facet normal 0.6343737265606173 -0.7730265034587076 0
    outer loop
      vertex -60.99104309082031 94.51043701171875 2
      vertex -61.18092346191406 94.3546142578125 0
      vertex -60.99104309082031 94.51043701171875 0
    endloop
  endfacet
  facet normal 0.7071145461723115 -0.7070990161155125 0
    outer loop
      vertex -61.354610443115234 94.18092346191406 2
      vertex -61.18092346191406 94.3546142578125 0
      vertex -61.18092346191406 94.3546142578125 2
    endloop
  endfacet
  facet normal 0.7071145461723115 -0.7070990161155125 0
    outer loop
      vertex -61.18092346191406 94.3546142578125 0
      vertex -61.354610443115234 94.18092346191406 2
      vertex -61.354610443115234 94.18092346191406 0
    endloop
  endfacet
  facet normal 0.77301127199101 -0.6343922866608961 0
    outer loop
      vertex -61.510440826416016 93.99104309082031 2
      vertex -61.354610443115234 94.18092346191406 0
      vertex -61.354610443115234 94.18092346191406 2
    endloop
  endfacet
  facet normal 0.77301127199101 -0.6343922866608961 0
    outer loop
      vertex -61.354610443115234 94.18092346191406 0
      vertex -61.510440826416016 93.99104309082031 2
      vertex -61.510440826416016 93.99104309082031 0
    endloop
  endfacet
  facet normal 0.8314716516474504 -0.5555671809121384 0
    outer loop
      vertex -61.646907806396484 93.78680419921875 2
      vertex -61.510440826416016 93.99104309082031 0
      vertex -61.510440826416016 93.99104309082031 2
    endloop
  endfacet
  facet normal 0.8314716516474504 -0.5555671809121384 0
    outer loop
      vertex -61.510440826416016 93.99104309082031 0
      vertex -61.646907806396484 93.78680419921875 2
      vertex -61.646907806396484 93.78680419921875 0
    endloop
  endfacet
  facet normal 0.8819200917920469 -0.4713989305179931 0
    outer loop
      vertex -61.762699127197266 93.57017517089844 2
      vertex -61.646907806396484 93.78680419921875 0
      vertex -61.646907806396484 93.78680419921875 2
    endloop
  endfacet
  facet normal 0.8819200917920469 -0.4713989305179931 0
    outer loop
      vertex -61.646907806396484 93.78680419921875 0
      vertex -61.762699127197266 93.57017517089844 2
      vertex -61.762699127197266 93.57017517089844 0
    endloop
  endfacet
  facet normal 0.9238826337696344 -0.38267594517931686 0
    outer loop
      vertex -61.85669708251953 93.3432388305664 2
      vertex -61.762699127197266 93.57017517089844 0
      vertex -61.762699127197266 93.57017517089844 2
    endloop
  endfacet
  facet normal 0.9238826337696344 -0.38267594517931686 0
    outer loop
      vertex -61.762699127197266 93.57017517089844 0
      vertex -61.85669708251953 93.3432388305664 2
      vertex -61.85669708251953 93.3432388305664 0
    endloop
  endfacet
  facet normal 0.95693867890677 -0.2902901390198537 0
    outer loop
      vertex -61.928001403808594 93.10818481445312 2
      vertex -61.85669708251953 93.3432388305664 0
      vertex -61.85669708251953 93.3432388305664 2
    endloop
  endfacet
  facet normal 0.95693867890677 -0.2902901390198537 0
    outer loop
      vertex -61.85669708251953 93.3432388305664 0
      vertex -61.928001403808594 93.10818481445312 2
      vertex -61.928001403808594 93.10818481445312 0
    endloop
  endfacet
  facet normal 0.9807856121737514 -0.19508865408567413 0
    outer loop
      vertex -61.975921630859375 92.86727142333984 2
      vertex -61.928001403808594 93.10818481445312 0
      vertex -61.928001403808594 93.10818481445312 2
    endloop
  endfacet
  facet normal 0.9807856121737514 -0.19508865408567413 0
    outer loop
      vertex -61.928001403808594 93.10818481445312 0
      vertex -61.975921630859375 92.86727142333984 2
      vertex -61.975921630859375 92.86727142333984 0
    endloop
  endfacet
  facet normal 0.9951840087674692 -0.09802442906495218 0
    outer loop
      vertex -62 92.62281799316406 2
      vertex -61.975921630859375 92.86727142333984 0
      vertex -61.975921630859375 92.86727142333984 2
    endloop
  endfacet
  facet normal 0.9951840087674692 -0.09802442906495218 0
    outer loop
      vertex -61.975921630859375 92.86727142333984 0
      vertex -62 92.62281799316406 2
      vertex -62 92.62281799316406 0
    endloop
  endfacet
  facet normal 1 0 0
    outer loop
      vertex -62 -92.62281799316406 2
      vertex -62 92.62281799316406 0
      vertex -62 92.62281799316406 2
    endloop
  endfacet
  facet normal 1 0 0
    outer loop
      vertex -62 92.62281799316406 0
      vertex -62 -92.62281799316406 2
      vertex -62 -92.62281799316406 0
    endloop
  endfacet
  facet normal 0.9951840087674692 0.09802442906495218 0
    outer loop
      vertex -61.975921630859375 -92.86727142333984 2
      vertex -62 -92.62281799316406 0
      vertex -62 -92.62281799316406 2
    endloop
  endfacet
  facet normal 0.9951840087674692 0.09802442906495218 0
    outer loop
      vertex -62 -92.62281799316406 0
      vertex -61.975921630859375 -92.86727142333984 2
      vertex -61.975921630859375 -92.86727142333984 0
    endloop
  endfacet
  facet normal 0.9807856121737514 0.19508865408567413 0
    outer loop
      vertex -61.928001403808594 -93.10818481445312 2
      vertex -61.975921630859375 -92.86727142333984 0
      vertex -61.975921630859375 -92.86727142333984 2
    endloop
  endfacet
  facet normal 0.9807856121737514 0.19508865408567413 0
    outer loop
      vertex -61.975921630859375 -92.86727142333984 0
      vertex -61.928001403808594 -93.10818481445312 2
      vertex -61.928001403808594 -93.10818481445312 0
    endloop
  endfacet
  facet normal 0.95693867890677 0.2902901390198537 0
    outer loop
      vertex -61.85669708251953 -93.3432388305664 2
      vertex -61.928001403808594 -93.10818481445312 0
      vertex -61.928001403808594 -93.10818481445312 2
    endloop
  endfacet
  facet normal 0.95693867890677 0.2902901390198537 0
    outer loop
      vertex -61.928001403808594 -93.10818481445312 0
      vertex -61.85669708251953 -93.3432388305664 2
      vertex -61.85669708251953 -93.3432388305664 0
    endloop
  endfacet
  facet normal 0.9238826337696344 0.38267594517931686 0
    outer loop
      vertex -61.762699127197266 -93.57017517089844 2
      vertex -61.85669708251953 -93.3432388305664 0
      vertex -61.85669708251953 -93.3432388305664 2
    endloop
  endfacet
  facet normal 0.9238826337696344 0.38267594517931686 0
    outer loop
      vertex -61.85669708251953 -93.3432388305664 0
      vertex -61.762699127197266 -93.57017517089844 2
      vertex -61.762699127197266 -93.57017517089844 0
    endloop
  endfacet
  facet normal 0.8819200917920469 0.4713989305179931 0
    outer loop
      vertex -61.646907806396484 -93.78680419921875 2
      vertex -61.762699127197266 -93.57017517089844 0
      vertex -61.762699127197266 -93.57017517089844 2
    endloop
  endfacet
  facet normal 0.8819200917920469 0.4713989305179931 0
    outer loop
      vertex -61.762699127197266 -93.57017517089844 0
      vertex -61.646907806396484 -93.78680419921875 2
      vertex -61.646907806396484 -93.78680419921875 0
    endloop
  endfacet
  facet normal 0.8314716516474504 0.5555671809121384 0
    outer loop
      vertex -61.510440826416016 -93.99104309082031 2
      vertex -61.646907806396484 -93.78680419921875 0
      vertex -61.646907806396484 -93.78680419921875 2
    endloop
  endfacet
  facet normal 0.8314716516474504 0.5555671809121384 0
    outer loop
      vertex -61.646907806396484 -93.78680419921875 0
      vertex -61.510440826416016 -93.99104309082031 2
      vertex -61.510440826416016 -93.99104309082031 0
    endloop
  endfacet
  facet normal 0.77301127199101 0.6343922866608961 0
    outer loop
      vertex -61.354610443115234 -94.18092346191406 2
      vertex -61.510440826416016 -93.99104309082031 0
      vertex -61.510440826416016 -93.99104309082031 2
    endloop
  endfacet
  facet normal 0.77301127199101 0.6343922866608961 0
    outer loop
      vertex -61.510440826416016 -93.99104309082031 0
      vertex -61.354610443115234 -94.18092346191406 2
      vertex -61.354610443115234 -94.18092346191406 0
    endloop
  endfacet
  facet normal 0.7071145461723115 0.7070990161155125 0
    outer loop
      vertex -61.18092346191406 -94.3546142578125 2
      vertex -61.354610443115234 -94.18092346191406 0
      vertex -61.354610443115234 -94.18092346191406 2
    endloop
  endfacet
  facet normal 0.7071145461723115 0.7070990161155125 0
    outer loop
      vertex -61.354610443115234 -94.18092346191406 0
      vertex -61.18092346191406 -94.3546142578125 2
      vertex -61.18092346191406 -94.3546142578125 0
    endloop
  endfacet
  facet normal 0.6343737265606173 0.7730265034587076 0
    outer loop
      vertex -60.99104309082031 -94.51043701171875 0
      vertex -61.18092346191406 -94.3546142578125 2
      vertex -60.99104309082031 -94.51043701171875 2
    endloop
  endfacet
  facet normal 0.6343737265606173 0.7730265034587076 0
    outer loop
      vertex -61.18092346191406 -94.3546142578125 2
      vertex -60.99104309082031 -94.51043701171875 0
      vertex -61.18092346191406 -94.3546142578125 0
    endloop
  endfacet
  facet normal 0.5555671809121384 0.8314716516474504 0
    outer loop
      vertex -60.78680419921875 -94.64690399169922 0
      vertex -60.99104309082031 -94.51043701171875 2
      vertex -60.78680419921875 -94.64690399169922 2
    endloop
  endfacet
  facet normal 0.5555671809121384 0.8314716516474504 0
    outer loop
      vertex -60.99104309082031 -94.51043701171875 2
      vertex -60.78680419921875 -94.64690399169922 0
      vertex -60.99104309082031 -94.51043701171875 0
    endloop
  endfacet
  facet normal 0.4713989305179931 0.8819200917920469 0
    outer loop
      vertex -60.57017517089844 -94.7626953125 0
      vertex -60.78680419921875 -94.64690399169922 2
      vertex -60.57017517089844 -94.7626953125 2
    endloop
  endfacet
  facet normal 0.4713989305179931 0.8819200917920469 0
    outer loop
      vertex -60.78680419921875 -94.64690399169922 2
      vertex -60.57017517089844 -94.7626953125 0
      vertex -60.78680419921875 -94.64690399169922 0
    endloop
  endfacet
  facet normal 0.38268920087639036 0.9238771430945728 0
    outer loop
      vertex -60.343238830566406 -94.85669708251953 0
      vertex -60.57017517089844 -94.7626953125 2
      vertex -60.343238830566406 -94.85669708251953 2
    endloop
  endfacet
  facet normal 0.38268920087639036 0.9238771430945728 0
    outer loop
      vertex -60.57017517089844 -94.7626953125 2
      vertex -60.343238830566406 -94.85669708251953 0
      vertex -60.57017517089844 -94.7626953125 0
    endloop
  endfacet
  facet normal 0.2902901390198537 0.95693867890677 0
    outer loop
      vertex -60.108184814453125 -94.9280014038086 0
      vertex -60.343238830566406 -94.85669708251953 2
      vertex -60.108184814453125 -94.9280014038086 2
    endloop
  endfacet
  facet normal 0.2902901390198537 0.95693867890677 0
    outer loop
      vertex -60.343238830566406 -94.85669708251953 2
      vertex -60.108184814453125 -94.9280014038086 0
      vertex -60.343238830566406 -94.85669708251953 0
    endloop
  endfacet
  facet normal 0.19508568260549186 0.9807862032279764 0
    outer loop
      vertex -59.86726760864258 -94.97592163085938 0
      vertex -60.108184814453125 -94.9280014038086 2
      vertex -59.86726760864258 -94.97592163085938 2
    endloop
  endfacet
  facet normal 0.19508568260549186 0.9807862032279764 0
    outer loop
      vertex -60.108184814453125 -94.9280014038086 2
      vertex -59.86726760864258 -94.97592163085938 0
      vertex -60.108184814453125 -94.9280014038086 0
    endloop
  endfacet
  facet normal 0.09802594406177187 0.9951838595409385 0
    outer loop
      vertex -59.62281799316406 -95 0
      vertex -59.86726760864258 -94.97592163085938 2
      vertex -59.62281799316406 -95 2
    endloop
  endfacet
  facet normal 0.09802594406177187 0.9951838595409385 0
    outer loop
      vertex -59.86726760864258 -94.97592163085938 2
      vertex -59.62281799316406 -95 0
      vertex -59.86726760864258 -94.97592163085938 0
    endloop
  endfacet
  facet normal 0 1 0
    outer loop
      vertex 59.62281799316406 -95 0
      vertex -59.62281799316406 -95 2
      vertex 59.62281799316406 -95 2
    endloop
  endfacet
  facet normal 0 1 0
    outer loop
      vertex -59.62281799316406 -95 2
      vertex 59.62281799316406 -95 0
      vertex -59.62281799316406 -95 0
    endloop
  endfacet
  facet normal -0.09802594406177187 0.9951838595409385 0
    outer loop
      vertex 59.86726760864258 -94.97592163085938 0
      vertex 59.62281799316406 -95 2
      vertex 59.86726760864258 -94.97592163085938 2
    endloop
  endfacet
  facet normal -0.09802594406177187 0.9951838595409385 0
    outer loop
      vertex 59.62281799316406 -95 2
      vertex 59.86726760864258 -94.97592163085938 0
      vertex 59.62281799316406 -95 0
    endloop
  endfacet
  facet normal -0.19508568260549186 0.9807862032279764 0
    outer loop
      vertex 60.108184814453125 -94.9280014038086 0
      vertex 59.86726760864258 -94.97592163085938 2
      vertex 60.108184814453125 -94.9280014038086 2
    endloop
  endfacet
  facet normal -0.19508568260549186 0.9807862032279764 0
    outer loop
      vertex 59.86726760864258 -94.97592163085938 2
      vertex 60.108184814453125 -94.9280014038086 0
      vertex 59.86726760864258 -94.97592163085938 0
    endloop
  endfacet
  facet normal -0.2902901390198537 0.95693867890677 0
    outer loop
      vertex 60.343238830566406 -94.85669708251953 0
      vertex 60.108184814453125 -94.9280014038086 2
      vertex 60.343238830566406 -94.85669708251953 2
    endloop
  endfacet
  facet normal -0.2902901390198537 0.95693867890677 0
    outer loop
      vertex 60.108184814453125 -94.9280014038086 2
      vertex 60.343238830566406 -94.85669708251953 0
      vertex 60.108184814453125 -94.9280014038086 0
    endloop
  endfacet
  facet normal -0.38268920087639036 0.9238771430945728 0
    outer loop
      vertex 60.57017517089844 -94.7626953125 0
      vertex 60.343238830566406 -94.85669708251953 2
      vertex 60.57017517089844 -94.7626953125 2
    endloop
  endfacet
  facet normal -0.38268920087639036 0.9238771430945728 0
    outer loop
      vertex 60.343238830566406 -94.85669708251953 2
      vertex 60.57017517089844 -94.7626953125 0
      vertex 60.343238830566406 -94.85669708251953 0
    endloop
  endfacet
  facet normal -0.4713989305179931 0.8819200917920469 0
    outer loop
      vertex 60.78680419921875 -94.64690399169922 0
      vertex 60.57017517089844 -94.7626953125 2
      vertex 60.78680419921875 -94.64690399169922 2
    endloop
  endfacet
  facet normal -0.4713989305179931 0.8819200917920469 0
    outer loop
      vertex 60.57017517089844 -94.7626953125 2
      vertex 60.78680419921875 -94.64690399169922 0
      vertex 60.57017517089844 -94.7626953125 0
    endloop
  endfacet
  facet normal -0.5555671809121384 0.8314716516474504 0
    outer loop
      vertex 60.99104309082031 -94.51043701171875 0
      vertex 60.78680419921875 -94.64690399169922 2
      vertex 60.99104309082031 -94.51043701171875 2
    endloop
  endfacet
  facet normal -0.5555671809121384 0.8314716516474504 0
    outer loop
      vertex 60.78680419921875 -94.64690399169922 2
      vertex 60.99104309082031 -94.51043701171875 0
      vertex 60.78680419921875 -94.64690399169922 0
    endloop
  endfacet
  facet normal -0.6343737265606173 0.7730265034587076 0
    outer loop
      vertex 61.18092346191406 -94.3546142578125 0
      vertex 60.99104309082031 -94.51043701171875 2
      vertex 61.18092346191406 -94.3546142578125 2
    endloop
  endfacet
  facet normal -0.6343737265606173 0.7730265034587076 0
    outer loop
      vertex 60.99104309082031 -94.51043701171875 2
      vertex 61.18092346191406 -94.3546142578125 0
      vertex 60.99104309082031 -94.51043701171875 0
    endloop
  endfacet
  facet normal -0.7071145461723115 0.7070990161155125 0
    outer loop
      vertex 61.18092346191406 -94.3546142578125 0
      vertex 61.354610443115234 -94.18092346191406 2
      vertex 61.354610443115234 -94.18092346191406 0
    endloop
  endfacet
  facet normal -0.7071145461723115 0.7070990161155125 0
    outer loop
      vertex 61.354610443115234 -94.18092346191406 2
      vertex 61.18092346191406 -94.3546142578125 0
      vertex 61.18092346191406 -94.3546142578125 2
    endloop
  endfacet
  facet normal -0.77301127199101 0.6343922866608961 0
    outer loop
      vertex 61.354610443115234 -94.18092346191406 0
      vertex 61.510440826416016 -93.99104309082031 2
      vertex 61.510440826416016 -93.99104309082031 0
    endloop
  endfacet
  facet normal -0.77301127199101 0.6343922866608961 0
    outer loop
      vertex 61.510440826416016 -93.99104309082031 2
      vertex 61.354610443115234 -94.18092346191406 0
      vertex 61.354610443115234 -94.18092346191406 2
    endloop
  endfacet
  facet normal -0.8314716516474504 0.5555671809121384 0
    outer loop
      vertex 61.510440826416016 -93.99104309082031 0
      vertex 61.646907806396484 -93.78680419921875 2
      vertex 61.646907806396484 -93.78680419921875 0
    endloop
  endfacet
  facet normal -0.8314716516474504 0.5555671809121384 0
    outer loop
      vertex 61.646907806396484 -93.78680419921875 2
      vertex 61.510440826416016 -93.99104309082031 0
      vertex 61.510440826416016 -93.99104309082031 2
    endloop
  endfacet
  facet normal -0.8819200917920469 0.4713989305179931 0
    outer loop
      vertex 61.646907806396484 -93.78680419921875 0
      vertex 61.762699127197266 -93.57017517089844 2
      vertex 61.762699127197266 -93.57017517089844 0
    endloop
  endfacet
  facet normal -0.8819200917920469 0.4713989305179931 0
    outer loop
      vertex 61.762699127197266 -93.57017517089844 2
      vertex 61.646907806396484 -93.78680419921875 0
      vertex 61.646907806396484 -93.78680419921875 2
    endloop
  endfacet
  facet normal -0.9238826337696344 0.38267594517931686 0
    outer loop
      vertex 61.762699127197266 -93.57017517089844 0
      vertex 61.85669708251953 -93.3432388305664 2
      vertex 61.85669708251953 -93.3432388305664 0
    endloop
  endfacet
  facet normal -0.9238826337696344 0.38267594517931686 0
    outer loop
      vertex 61.85669708251953 -93.3432388305664 2
      vertex 61.762699127197266 -93.57017517089844 0
      vertex 61.762699127197266 -93.57017517089844 2
    endloop
  endfacet
  facet normal -0.95693867890677 0.2902901390198537 0
    outer loop
      vertex 61.85669708251953 -93.3432388305664 0
      vertex 61.928001403808594 -93.10818481445312 2
      vertex 61.928001403808594 -93.10818481445312 0
    endloop
  endfacet
  facet normal -0.95693867890677 0.2902901390198537 0
    outer loop
      vertex 61.928001403808594 -93.10818481445312 2
      vertex 61.85669708251953 -93.3432388305664 0
      vertex 61.85669708251953 -93.3432388305664 2
    endloop
  endfacet
  facet normal -0.9807856121737514 0.19508865408567413 0
    outer loop
      vertex 61.928001403808594 -93.10818481445312 0
      vertex 61.975921630859375 -92.86727142333984 2
      vertex 61.975921630859375 -92.86727142333984 0
    endloop
  endfacet
  facet normal -0.9807856121737514 0.19508865408567413 0
    outer loop
      vertex 61.975921630859375 -92.86727142333984 2
      vertex 61.928001403808594 -93.10818481445312 0
      vertex 61.928001403808594 -93.10818481445312 2
    endloop
  endfacet
  facet normal -0.9951840087674692 0.09802442906495218 0
    outer loop
      vertex 61.975921630859375 -92.86727142333984 0
      vertex 62 -92.62281799316406 2
      vertex 62 -92.62281799316406 0
    endloop
  endfacet
  facet normal -0.9951840087674692 0.09802442906495218 0
    outer loop
      vertex 62 -92.62281799316406 2
      vertex 61.975921630859375 -92.86727142333984 0
      vertex 61.975921630859375 -92.86727142333984 2
    endloop
  endfacet
  facet normal -1 0 0
    outer loop
      vertex 62 -92.62281799316406 0
      vertex 62 92.62281799316406 2
      vertex 62 92.62281799316406 0
    endloop
  endfacet
  facet normal -1 0 0
    outer loop
      vertex 62 92.62281799316406 2
      vertex 62 -92.62281799316406 0
      vertex 62 -92.62281799316406 2
    endloop
  endfacet
  facet normal -0.9951840087674692 -0.09802442906495218 0
    outer loop
      vertex 62 92.62281799316406 0
      vertex 61.975921630859375 92.86727142333984 2
      vertex 61.975921630859375 92.86727142333984 0
    endloop
  endfacet
  facet normal -0.9951840087674692 -0.09802442906495218 0
    outer loop
      vertex 61.975921630859375 92.86727142333984 2
      vertex 62 92.62281799316406 0
      vertex 62 92.62281799316406 2
    endloop
  endfacet
  facet normal -0.9807856121737514 -0.19508865408567413 0
    outer loop
      vertex 61.975921630859375 92.86727142333984 0
      vertex 61.928001403808594 93.10818481445312 2
      vertex 61.928001403808594 93.10818481445312 0
    endloop
  endfacet
  facet normal -0.9807856121737514 -0.19508865408567413 0
    outer loop
      vertex 61.928001403808594 93.10818481445312 2
      vertex 61.975921630859375 92.86727142333984 0
      vertex 61.975921630859375 92.86727142333984 2
    endloop
  endfacet
  facet normal -0.95693867890677 -0.2902901390198537 0
    outer loop
      vertex 61.928001403808594 93.10818481445312 0
      vertex 61.85669708251953 93.3432388305664 2
      vertex 61.85669708251953 93.3432388305664 0
    endloop
  endfacet
  facet normal -0.95693867890677 -0.2902901390198537 0
    outer loop
      vertex 61.85669708251953 93.3432388305664 2
      vertex 61.928001403808594 93.10818481445312 0
      vertex 61.928001403808594 93.10818481445312 2
    endloop
  endfacet
  facet normal -0.9238826337696344 -0.38267594517931686 0
    outer loop
      vertex 61.85669708251953 93.3432388305664 0
      vertex 61.762699127197266 93.57017517089844 2
      vertex 61.762699127197266 93.57017517089844 0
    endloop
  endfacet
  facet normal -0.9238826337696344 -0.38267594517931686 0
    outer loop
      vertex 61.762699127197266 93.57017517089844 2
      vertex 61.85669708251953 93.3432388305664 0
      vertex 61.85669708251953 93.3432388305664 2
    endloop
  endfacet
  facet normal -0.8819200917920469 -0.4713989305179931 0
    outer loop
      vertex 61.762699127197266 93.57017517089844 0
      vertex 61.646907806396484 93.78680419921875 2
      vertex 61.646907806396484 93.78680419921875 0
    endloop
  endfacet
  facet normal -0.8819200917920469 -0.4713989305179931 0
    outer loop
      vertex 61.646907806396484 93.78680419921875 2
      vertex 61.762699127197266 93.57017517089844 0
      vertex 61.762699127197266 93.57017517089844 2
    endloop
  endfacet
  facet normal -0.8314716516474504 -0.5555671809121384 0
    outer loop
      vertex 61.646907806396484 93.78680419921875 0
      vertex 61.510440826416016 93.99104309082031 2
      vertex 61.510440826416016 93.99104309082031 0
    endloop
  endfacet
  facet normal -0.8314716516474504 -0.5555671809121384 0
    outer loop
      vertex 61.510440826416016 93.99104309082031 2
      vertex 61.646907806396484 93.78680419921875 0
      vertex 61.646907806396484 93.78680419921875 2
    endloop
  endfacet
  facet normal -0.77301127199101 -0.6343922866608961 0
    outer loop
      vertex 61.510440826416016 93.99104309082031 0
      vertex 61.354610443115234 94.18092346191406 2
      vertex 61.354610443115234 94.18092346191406 0
    endloop
  endfacet
  facet normal -0.77301127199101 -0.6343922866608961 0
    outer loop
      vertex 61.354610443115234 94.18092346191406 2
      vertex 61.510440826416016 93.99104309082031 0
      vertex 61.510440826416016 93.99104309082031 2
    endloop
  endfacet
  facet normal -0.7071145461723115 -0.7070990161155125 0
    outer loop
      vertex 61.354610443115234 94.18092346191406 0
      vertex 61.18092346191406 94.3546142578125 2
      vertex 61.18092346191406 94.3546142578125 0
    endloop
  endfacet
  facet normal -0.7071145461723115 -0.7070990161155125 0
    outer loop
      vertex 61.18092346191406 94.3546142578125 2
      vertex 61.354610443115234 94.18092346191406 0
      vertex 61.354610443115234 94.18092346191406 2
    endloop
  endfacet
  facet normal -0.6343737265606173 -0.7730265034587076 0
    outer loop
      vertex 60.99104309082031 94.51043701171875 0
      vertex 61.18092346191406 94.3546142578125 2
      vertex 60.99104309082031 94.51043701171875 2
    endloop
  endfacet
  facet normal -0.6343737265606173 -0.7730265034587076 0
    outer loop
      vertex 61.18092346191406 94.3546142578125 2
      vertex 60.99104309082031 94.51043701171875 0
      vertex 61.18092346191406 94.3546142578125 0
    endloop
  endfacet
  facet normal -0.5555671809121384 -0.8314716516474504 0
    outer loop
      vertex 60.78680419921875 94.64690399169922 0
      vertex 60.99104309082031 94.51043701171875 2
      vertex 60.78680419921875 94.64690399169922 2
    endloop
  endfacet
  facet normal -0.5555671809121384 -0.8314716516474504 0
    outer loop
      vertex 60.99104309082031 94.51043701171875 2
      vertex 60.78680419921875 94.64690399169922 0
      vertex 60.99104309082031 94.51043701171875 0
    endloop
  endfacet
  facet normal -0.4713989305179931 -0.8819200917920469 0
    outer loop
      vertex 60.57017517089844 94.7626953125 0
      vertex 60.78680419921875 94.64690399169922 2
      vertex 60.57017517089844 94.7626953125 2
    endloop
  endfacet
  facet normal -0.4713989305179931 -0.8819200917920469 0
    outer loop
      vertex 60.78680419921875 94.64690399169922 2
      vertex 60.57017517089844 94.7626953125 0
      vertex 60.78680419921875 94.64690399169922 0
    endloop
  endfacet
  facet normal -0.38268920087639036 -0.9238771430945728 0
    outer loop
      vertex 60.343238830566406 94.85669708251953 0
      vertex 60.57017517089844 94.7626953125 2
      vertex 60.343238830566406 94.85669708251953 2
    endloop
  endfacet
  facet normal -0.38268920087639036 -0.9238771430945728 0
    outer loop
      vertex 60.57017517089844 94.7626953125 2
      vertex 60.343238830566406 94.85669708251953 0
      vertex 60.57017517089844 94.7626953125 0
    endloop
  endfacet
  facet normal -0.2902901390198537 -0.95693867890677 0
    outer loop
      vertex 60.108184814453125 94.9280014038086 0
      vertex 60.343238830566406 94.85669708251953 2
      vertex 60.108184814453125 94.9280014038086 2
    endloop
  endfacet
  facet normal -0.2902901390198537 -0.95693867890677 0
    outer loop
      vertex 60.343238830566406 94.85669708251953 2
      vertex 60.108184814453125 94.9280014038086 0
      vertex 60.343238830566406 94.85669708251953 0
    endloop
  endfacet
  facet normal -0.19508568260549186 -0.9807862032279764 0
    outer loop
      vertex 59.86726760864258 94.97592163085938 0
      vertex 60.108184814453125 94.9280014038086 2
      vertex 59.86726760864258 94.97592163085938 2
    endloop
  endfacet
  facet normal -0.19508568260549186 -0.9807862032279764 0
    outer loop
      vertex 60.108184814453125 94.9280014038086 2
      vertex 59.86726760864258 94.97592163085938 0
      vertex 60.108184814453125 94.9280014038086 0
    endloop
  endfacet
  facet normal -0.09802594406177187 -0.9951838595409385 0
    outer loop
      vertex 59.62281799316406 95 0
      vertex 59.86726760864258 94.97592163085938 2
      vertex 59.62281799316406 95 2
    endloop
  endfacet
  facet normal -0.09802594406177187 -0.9951838595409385 0
    outer loop
      vertex 59.86726760864258 94.97592163085938 2
      vertex 59.62281799316406 95 0
      vertex 59.86726760864258 94.97592163085938 0
    endloop
  endfacet
  facet normal 0 -1 0
    outer loop
      vertex -59.62281799316406 95 0
      vertex 59.62281799316406 95 2
      vertex -59.62281799316406 95 2
    endloop
  endfacet
  facet normal 0 -1 0
    outer loop
      vertex 59.62281799316406 95 2
      vertex -59.62281799316406 95 0
      vertex 59.62281799316406 95 0
    endloop
  endfacet
  facet normal 0 0 1
    outer loop
      vertex 74 95.11408233642578 2
      vertex 61.975921630859375 92.86727142333984 2
      vertex 62 92.62281799316406 2
    endloop
  endfacet
  facet normal 0 0 1
    outer loop
      vertex 63.336341857910156 106.8796157836914 2
      vertex 61.928001403808594 93.10818481445312 2
      vertex 61.975921630859375 92.86727142333984 2
    endloop
  endfacet
  facet normal 0 0 1
    outer loop
      vertex 63.336341857910156 106.8796157836914 2
      vertex 61.85669708251953 93.3432388305664 2
      vertex 61.928001403808594 93.10818481445312 2
    endloop
  endfacet
  facet normal 0 0 1
    outer loop
      vertex 63.336341857910156 106.8796157836914 2
      vertex 61.762699127197266 93.57017517089844 2
      vertex 61.85669708251953 93.3432388305664 2
    endloop
  endfacet
  facet normal 0 0 1
    outer loop
      vertex 63.336341857910156 106.8796157836914 2
      vertex 61.646907806396484 93.78680419921875 2
      vertex 61.762699127197266 93.57017517089844 2
    endloop
  endfacet
  facet normal 0 0 1
    outer loop
      vertex 63.336341857910156 106.8796157836914 2
      vertex 61.510440826416016 93.99104309082031 2
      vertex 61.646907806396484 93.78680419921875 2
    endloop
  endfacet
  facet normal 0 0 1
    outer loop
      vertex 63.336341857910156 106.8796157836914 2
      vertex 61.354610443115234 94.18092346191406 2
      vertex 61.510440826416016 93.99104309082031 2
    endloop
  endfacet
  facet normal 0 0 1
    outer loop
      vertex 63.336341857910156 106.8796157836914 2
      vertex 61.18092346191406 94.3546142578125 2
      vertex 61.354610443115234 94.18092346191406 2
    endloop
  endfacet
  facet normal 0 0 1
    outer loop
      vertex 63.336341857910156 106.8796157836914 2
      vertex 60.99104309082031 94.51043701171875 2
      vertex 61.18092346191406 94.3546142578125 2
    endloop
  endfacet
  facet normal 0 0 1
    outer loop
      vertex 63.336341857910156 106.8796157836914 2
      vertex 60.78680419921875 94.64690399169922 2
      vertex 60.99104309082031 94.51043701171875 2
    endloop
  endfacet
  facet normal 0 0 1
    outer loop
      vertex 63.336341857910156 106.8796157836914 2
      vertex 60.57017517089844 94.7626953125 2
      vertex 60.78680419921875 94.64690399169922 2
    endloop
  endfacet
  facet normal 0 0 1
    outer loop
      vertex 63.336341857910156 106.8796157836914 2
      vertex 60.343238830566406 94.85669708251953 2
      vertex 60.57017517089844 94.7626953125 2
    endloop
  endfacet
  facet normal 0 0 1
    outer loop
      vertex 62.11408615112305 107 2
      vertex 60.108184814453125 94.9280014038086 2
      vertex 60.343238830566406 94.85669708251953 2
    endloop
  endfacet
  facet normal 0 0 1
    outer loop
      vertex 62.11408615112305 107 2
      vertex 59.86726760864258 94.97592163085938 2
      vertex 60.108184814453125 94.9280014038086 2
    endloop
  endfacet
  facet normal 0 0 1
    outer loop
      vertex 62.11408615112305 107 2
      vertex 59.62281799316406 95 2
      vertex 59.86726760864258 94.97592163085938 2
    endloop
  endfacet
  facet normal 0 0 1
    outer loop
      vertex 62.11408615112305 107 2
      vertex -59.62281799316406 95 2
      vertex 59.62281799316406 95 2
    endloop
  endfacet
  facet normal 0 0 1
    outer loop
      vertex -62.11408615112305 107 2
      vertex -59.62281799316406 95 2
      vertex 62.11408615112305 107 2
    endloop
  endfacet
  facet normal 0 0 1
    outer loop
      vertex -70.77305603027344 102.90460968017578 2
      vertex -61.354610443115234 94.18092346191406 2
      vertex -69.90460968017578 103.77305603027344 2
    endloop
  endfacet
  facet normal 0 0 1
    outer loop
      vertex -61.18092346191406 94.3546142578125 2
      vertex -69.90460968017578 103.77305603027344 2
      vertex -61.354610443115234 94.18092346191406 2
    endloop
  endfacet
  facet normal 0 0 1
    outer loop
      vertex -69.90460968017578 103.77305603027344 2
      vertex -61.18092346191406 94.3546142578125 2
      vertex -68.9552230834961 104.55220031738281 2
    endloop
  endfacet
  facet normal 0 0 1
    outer loop
      vertex -60.99104309082031 94.51043701171875 2
      vertex -68.9552230834961 104.55220031738281 2
      vertex -61.18092346191406 94.3546142578125 2
    endloop
  endfacet
  facet normal 0 0 1
    outer loop
      vertex -68.9552230834961 104.55220031738281 2
      vertex -60.99104309082031 94.51043701171875 2
      vertex -67.93403625488281 105.23453521728516 2
    endloop
  endfacet
  facet normal 0 0 1
    outer loop
      vertex -67.93403625488281 105.23453521728516 2
      vertex -60.99104309082031 94.51043701171875 2
      vertex -66.85088348388672 105.81349182128906 2
    endloop
  endfacet
  facet normal 0 0 1
    outer loop
      vertex -60.78680419921875 94.64690399169922 2
      vertex -66.85088348388672 105.81349182128906 2
      vertex -60.99104309082031 94.51043701171875 2
    endloop
  endfacet
  facet normal 0 0 1
    outer loop
      vertex -66.85088348388672 105.81349182128906 2
      vertex -60.78680419921875 94.64690399169922 2
      vertex -65.71620178222656 106.28349304199219 2
    endloop
  endfacet
  facet normal 0 0 1
    outer loop
      vertex -60.57017517089844 94.7626953125 2
      vertex -65.71620178222656 106.28349304199219 2
      vertex -60.78680419921875 94.64690399169922 2
    endloop
  endfacet
  facet normal 0 0 1
    outer loop
      vertex -65.71620178222656 106.28349304199219 2
      vertex -60.57017517089844 94.7626953125 2
      vertex -64.5409164428711 106.6400146484375 2
    endloop
  endfacet
  facet normal 0 0 1
    outer loop
      vertex -60.343238830566406 94.85669708251953 2
      vertex -64.5409164428711 106.6400146484375 2
      vertex -60.57017517089844 94.7626953125 2
    endloop
  endfacet
  facet normal 0 0 1
    outer loop
      vertex -64.5409164428711 106.6400146484375 2
      vertex -60.343238830566406 94.85669708251953 2
      vertex -63.336341857910156 106.8796157836914 2
    endloop
  endfacet
  facet normal 0 0 1
    outer loop
      vertex -63.336341857910156 106.8796157836914 2
      vertex -60.343238830566406 94.85669708251953 2
      vertex -62.11408615112305 107 2
    endloop
  endfacet
  facet normal 0 0 1
    outer loop
      vertex -60.108184814453125 94.9280014038086 2
      vertex -62.11408615112305 107 2
      vertex -60.343238830566406 94.85669708251953 2
    endloop
  endfacet
  facet normal 0 0 1
    outer loop
      vertex -59.86726760864258 94.97592163085938 2
      vertex -62.11408615112305 107 2
      vertex -60.108184814453125 94.9280014038086 2
    endloop
  endfacet
  facet normal 0 0 1
    outer loop
      vertex -59.62281799316406 95 2
      vertex -62.11408615112305 107 2
      vertex -59.86726760864258 94.97592163085938 2
    endloop
  endfacet
  facet normal 0 0 1
    outer loop
      vertex 61.975921630859375 92.86727142333984 2
      vertex 74 95.11408233642578 2
      vertex 73.8796157836914 96.33634185791016 2
    endloop
  endfacet
  facet normal 0 0 1
    outer loop
      vertex 74 95.11408233642578 2
      vertex 62 92.62281799316406 2
      vertex 74 -95.11408233642578 2
    endloop
  endfacet
  facet normal 0 0 1
    outer loop
      vertex 61.975921630859375 92.86727142333984 2
      vertex 73.8796157836914 96.33634185791016 2
      vertex 73.6400146484375 97.5409164428711 2
    endloop
  endfacet
  facet normal 0 0 1
    outer loop
      vertex 62 -92.62281799316406 2
      vertex 74 -95.11408233642578 2
      vertex 62 92.62281799316406 2
    endloop
  endfacet
  facet normal 0 0 1
    outer loop
      vertex 61.975921630859375 92.86727142333984 2
      vertex 73.6400146484375 97.5409164428711 2
      vertex 73.28349304199219 98.71620178222656 2
    endloop
  endfacet
  facet normal 0 0 1
    outer loop
      vertex 61.975921630859375 -92.86727142333984 2
      vertex 74 -95.11408233642578 2
      vertex 62 -92.62281799316406 2
    endloop
  endfacet
  facet normal 0 0 1
    outer loop
      vertex 61.975921630859375 92.86727142333984 2
      vertex 73.28349304199219 98.71620178222656 2
      vertex 72.81349182128906 99.85088348388672 2
    endloop
  endfacet
  facet normal 0 0 1
    outer loop
      vertex 61.928001403808594 -93.10818481445312 2
      vertex 74 -95.11408233642578 2
      vertex 61.975921630859375 -92.86727142333984 2
    endloop
  endfacet
  facet normal 0 0 1
    outer loop
      vertex 61.975921630859375 92.86727142333984 2
      vertex 72.81349182128906 99.85088348388672 2
      vertex 72.23453521728516 100.93403625488281 2
    endloop
  endfacet
  facet normal 0 0 1
    outer loop
      vertex 61.85669708251953 -93.3432388305664 2
      vertex 74 -95.11408233642578 2
      vertex 61.928001403808594 -93.10818481445312 2
    endloop
  endfacet
  facet normal 0 0 1
    outer loop
      vertex 61.975921630859375 92.86727142333984 2
      vertex 72.23453521728516 100.93403625488281 2
      vertex 71.55220031738281 101.9552230834961 2
    endloop
  endfacet
  facet normal 0 0 1
    outer loop
      vertex 74 -95.11408233642578 2
      vertex 61.85669708251953 -93.3432388305664 2
      vertex 73.8796157836914 -96.33634185791016 2
    endloop
  endfacet
  facet normal 0 0 1
    outer loop
      vertex 61.975921630859375 92.86727142333984 2
      vertex 71.55220031738281 101.9552230834961 2
      vertex 70.77305603027344 102.90460968017578 2
    endloop
  endfacet
  facet normal 0 0 1
    outer loop
      vertex 73.8796157836914 -96.33634185791016 2
      vertex 61.85669708251953 -93.3432388305664 2
      vertex 73.6400146484375 -97.5409164428711 2
    endloop
  endfacet
  facet normal 0 0 1
    outer loop
      vertex 61.975921630859375 92.86727142333984 2
      vertex 70.77305603027344 102.90460968017578 2
      vertex 69.90460968017578 103.77305603027344 2
    endloop
  endfacet
  facet normal 0 0 1
    outer loop
      vertex 61.762699127197266 -93.57017517089844 2
      vertex 73.6400146484375 -97.5409164428711 2
      vertex 61.85669708251953 -93.3432388305664 2
    endloop
  endfacet
  facet normal 0 0 1
    outer loop
      vertex 61.975921630859375 92.86727142333984 2
      vertex 69.90460968017578 103.77305603027344 2
      vertex 68.9552230834961 104.55220031738281 2
    endloop
  endfacet
  facet normal 0 0 1
    outer loop
      vertex 73.6400146484375 -97.5409164428711 2
      vertex 61.762699127197266 -93.57017517089844 2
      vertex 73.28349304199219 -98.71620178222656 2
    endloop
  endfacet
  facet normal 0 0 1
    outer loop
      vertex 61.975921630859375 92.86727142333984 2
      vertex 68.9552230834961 104.55220031738281 2
      vertex 67.93403625488281 105.23453521728516 2
    endloop
  endfacet
  facet normal 0 0 1
    outer loop
      vertex 61.646907806396484 -93.78680419921875 2
      vertex 73.28349304199219 -98.71620178222656 2
      vertex 61.762699127197266 -93.57017517089844 2
    endloop
  endfacet
  facet normal 0 0 1
    outer loop
      vertex 61.975921630859375 92.86727142333984 2
      vertex 67.93403625488281 105.23453521728516 2
      vertex 66.85088348388672 105.81349182128906 2
    endloop
  endfacet
  facet normal 0 0 1
    outer loop
      vertex 73.28349304199219 -98.71620178222656 2
      vertex 61.646907806396484 -93.78680419921875 2
      vertex 72.81349182128906 -99.85088348388672 2
    endloop
  endfacet
  facet normal 0 0 1
    outer loop
      vertex 61.975921630859375 92.86727142333984 2
      vertex 66.85088348388672 105.81349182128906 2
      vertex 65.71620178222656 106.28349304199219 2
    endloop
  endfacet
  facet normal 0 0 1
    outer loop
      vertex 72.81349182128906 -99.85088348388672 2
      vertex 61.646907806396484 -93.78680419921875 2
      vertex 72.23453521728516 -100.93403625488281 2
    endloop
  endfacet
  facet normal 0 0 1
    outer loop
      vertex 61.975921630859375 92.86727142333984 2
      vertex 65.71620178222656 106.28349304199219 2
      vertex 64.5409164428711 106.6400146484375 2
    endloop
  endfacet
  facet normal 0 0 1
    outer loop
      vertex 61.510440826416016 -93.99104309082031 2
      vertex 72.23453521728516 -100.93403625488281 2
      vertex 61.646907806396484 -93.78680419921875 2
    endloop
  endfacet
  facet normal 0 0 1
    outer loop
      vertex 61.975921630859375 92.86727142333984 2
      vertex 64.5409164428711 106.6400146484375 2
      vertex 63.336341857910156 106.8796157836914 2
    endloop
  endfacet
  facet normal 0 0 1
    outer loop
      vertex 72.23453521728516 -100.93403625488281 2
      vertex 61.510440826416016 -93.99104309082031 2
      vertex 71.55220031738281 -101.9552230834961 2
    endloop
  endfacet
  facet normal 0 0 1
    outer loop
      vertex 71.55220031738281 -101.9552230834961 2
      vertex 61.354610443115234 -94.18092346191406 2
      vertex 70.77305603027344 -102.90460968017578 2
    endloop
  endfacet
  facet normal 0 0 1
    outer loop
      vertex 60.343238830566406 94.85669708251953 2
      vertex 63.336341857910156 106.8796157836914 2
      vertex 62.11408615112305 107 2
    endloop
  endfacet
  facet normal 0 0 1
    outer loop
      vertex 61.354610443115234 -94.18092346191406 2
      vertex 71.55220031738281 -101.9552230834961 2
      vertex 61.510440826416016 -93.99104309082031 2
    endloop
  endfacet
  facet normal 0 0 1
    outer loop
      vertex 70.77305603027344 -102.90460968017578 2
      vertex 61.354610443115234 -94.18092346191406 2
      vertex 69.90460968017578 -103.77305603027344 2
    endloop
  endfacet
  facet normal 0 0 1
    outer loop
      vertex 61.18092346191406 -94.3546142578125 2
      vertex 69.90460968017578 -103.77305603027344 2
      vertex 61.354610443115234 -94.18092346191406 2
    endloop
  endfacet
  facet normal 0 0 1
    outer loop
      vertex 69.90460968017578 -103.77305603027344 2
      vertex 61.18092346191406 -94.3546142578125 2
      vertex 68.9552230834961 -104.55220031738281 2
    endloop
  endfacet
  facet normal 0 0 1
    outer loop
      vertex 60.99104309082031 -94.51043701171875 2
      vertex 68.9552230834961 -104.55220031738281 2
      vertex 61.18092346191406 -94.3546142578125 2
    endloop
  endfacet
  facet normal 0 0 1
    outer loop
      vertex 68.9552230834961 -104.55220031738281 2
      vertex 60.99104309082031 -94.51043701171875 2
      vertex 67.93403625488281 -105.23453521728516 2
    endloop
  endfacet
  facet normal 0 0 1
    outer loop
      vertex 67.93403625488281 -105.23453521728516 2
      vertex 60.99104309082031 -94.51043701171875 2
      vertex 66.85088348388672 -105.81349182128906 2
    endloop
  endfacet
  facet normal 0 0 1
    outer loop
      vertex 60.78680419921875 -94.64690399169922 2
      vertex 66.85088348388672 -105.81349182128906 2
      vertex 60.99104309082031 -94.51043701171875 2
    endloop
  endfacet
  facet normal 0 0 1
    outer loop
      vertex 66.85088348388672 -105.81349182128906 2
      vertex 60.78680419921875 -94.64690399169922 2
      vertex 65.71620178222656 -106.28349304199219 2
    endloop
  endfacet
  facet normal 0 0 1
    outer loop
      vertex 60.57017517089844 -94.7626953125 2
      vertex 65.71620178222656 -106.28349304199219 2
      vertex 60.78680419921875 -94.64690399169922 2
    endloop
  endfacet
  facet normal 0 0 1
    outer loop
      vertex 65.71620178222656 -106.28349304199219 2
      vertex 60.57017517089844 -94.7626953125 2
      vertex 64.5409164428711 -106.6400146484375 2
    endloop
  endfacet
  facet normal 0 0 1
    outer loop
      vertex 60.343238830566406 -94.85669708251953 2
      vertex 64.5409164428711 -106.6400146484375 2
      vertex 60.57017517089844 -94.7626953125 2
    endloop
  endfacet
  facet normal 0 0 1
    outer loop
      vertex 64.5409164428711 -106.6400146484375 2
      vertex 60.343238830566406 -94.85669708251953 2
      vertex 63.336341857910156 -106.8796157836914 2
    endloop
  endfacet
  facet normal 0 0 1
    outer loop
      vertex 63.336341857910156 -106.8796157836914 2
      vertex 60.343238830566406 -94.85669708251953 2
      vertex 62.11409378051758 -107 2
    endloop
  endfacet
  facet normal 0 0 1
    outer loop
      vertex 60.108184814453125 -94.9280014038086 2
      vertex 62.11409378051758 -107 2
      vertex 60.343238830566406 -94.85669708251953 2
    endloop
  endfacet
  facet normal 0 0 1
    outer loop
      vertex 59.86726760864258 -94.97592163085938 2
      vertex 62.11409378051758 -107 2
      vertex 60.108184814453125 -94.9280014038086 2
    endloop
  endfacet
  facet normal 0 0 1
    outer loop
      vertex 59.62281799316406 -95 2
      vertex 62.11409378051758 -107 2
      vertex 59.86726760864258 -94.97592163085938 2
    endloop
  endfacet
  facet normal 0 0 1
    outer loop
      vertex 59.62281799316406 -95 2
      vertex 32.98014831542969 -107 2
      vertex 62.11409378051758 -107 2
    endloop
  endfacet
  facet normal 0 0 1
    outer loop
      vertex 59.62281799316406 -95 2
      vertex 32.98014450073242 -107 2
      vertex 32.98014831542969 -107 2
    endloop
  endfacet
  facet normal 0 0 1
    outer loop
      vertex 59.62281799316406 -95 2
      vertex 15.659852981567383 -107 2
      vertex 32.98014450073242 -107 2
    endloop
  endfacet
  facet normal 0 0 1
    outer loop
      vertex 59.62281799316406 -95 2
      vertex 15.6598482131958 -107 2
      vertex 15.659852981567383 -107 2
    endloop
  endfacet
  facet normal 0 0 1
    outer loop
      vertex 59.62281799316406 -95 2
      vertex -15.6598482131958 -107 2
      vertex 15.6598482131958 -107 2
    endloop
  endfacet
  facet normal 0 0 1
    outer loop
      vertex -59.62281799316406 -95 2
      vertex -15.6598482131958 -107 2
      vertex 59.62281799316406 -95 2
    endloop
  endfacet
  facet normal 0 0 1
    outer loop
      vertex -15.6598482131958 -107 2
      vertex -59.62281799316406 -95 2
      vertex -15.659852981567383 -107 2
    endloop
  endfacet
  facet normal 0 0 1
    outer loop
      vertex -15.659852981567383 -107 2
      vertex -59.62281799316406 -95 2
      vertex -32.98014450073242 -107 2
    endloop
  endfacet
  facet normal 0 0 1
    outer loop
      vertex -32.98014450073242 -107 2
      vertex -59.62281799316406 -95 2
      vertex -32.98014831542969 -107 2
    endloop
  endfacet
  facet normal 0 0 1
    outer loop
      vertex -62.11409378051758 -107 2
      vertex -59.62281799316406 -95 2
      vertex -59.86726760864258 -94.97592163085938 2
    endloop
  endfacet
  facet normal 0 0 1
    outer loop
      vertex -62.11409378051758 -107 2
      vertex -59.86726760864258 -94.97592163085938 2
      vertex -60.108184814453125 -94.9280014038086 2
    endloop
  endfacet
  facet normal 0 0 1
    outer loop
      vertex -62.11409378051758 -107 2
      vertex -60.108184814453125 -94.9280014038086 2
      vertex -60.343238830566406 -94.85669708251953 2
    endloop
  endfacet
  facet normal 0 0 1
    outer loop
      vertex -64.5409164428711 -106.6400146484375 2
      vertex -60.343238830566406 -94.85669708251953 2
      vertex -60.57017517089844 -94.7626953125 2
    endloop
  endfacet
  facet normal 0 0 1
    outer loop
      vertex -59.62281799316406 -95 2
      vertex -62.11409378051758 -107 2
      vertex -32.98014831542969 -107 2
    endloop
  endfacet
  facet normal 0 0 1
    outer loop
      vertex -65.71620178222656 -106.28349304199219 2
      vertex -60.57017517089844 -94.7626953125 2
      vertex -60.78680419921875 -94.64690399169922 2
    endloop
  endfacet
  facet normal 0 0 1
    outer loop
      vertex -66.85088348388672 -105.81349182128906 2
      vertex -60.78680419921875 -94.64690399169922 2
      vertex -60.99104309082031 -94.51043701171875 2
    endloop
  endfacet
  facet normal 0 0 1
    outer loop
      vertex -68.9552230834961 -104.55220031738281 2
      vertex -60.99104309082031 -94.51043701171875 2
      vertex -61.18092346191406 -94.3546142578125 2
    endloop
  endfacet
  facet normal 0 0 1
    outer loop
      vertex -69.90460968017578 -103.77305603027344 2
      vertex -61.18092346191406 -94.3546142578125 2
      vertex -61.354610443115234 -94.18092346191406 2
    endloop
  endfacet
  facet normal 0 0 1
    outer loop
      vertex -71.55220031738281 -101.9552230834961 2
      vertex -61.354610443115234 -94.18092346191406 2
      vertex -61.510440826416016 -93.99104309082031 2
    endloop
  endfacet
  facet normal 0 0 1
    outer loop
      vertex -72.23453521728516 -100.93403625488281 2
      vertex -61.510440826416016 -93.99104309082031 2
      vertex -61.646907806396484 -93.78680419921875 2
    endloop
  endfacet
  facet normal 0 0 1
    outer loop
      vertex -73.28349304199219 -98.71620178222656 2
      vertex -61.646907806396484 -93.78680419921875 2
      vertex -61.762699127197266 -93.57017517089844 2
    endloop
  endfacet
  facet normal 0 0 1
    outer loop
      vertex -73.6400146484375 -97.5409164428711 2
      vertex -61.762699127197266 -93.57017517089844 2
      vertex -61.85669708251953 -93.3432388305664 2
    endloop
  endfacet
  facet normal 0 0 1
    outer loop
      vertex -74 -95.11408233642578 2
      vertex -61.85669708251953 -93.3432388305664 2
      vertex -61.928001403808594 -93.10818481445312 2
    endloop
  endfacet
  facet normal 0 0 1
    outer loop
      vertex -74 -95.11408233642578 2
      vertex -61.928001403808594 -93.10818481445312 2
      vertex -61.975921630859375 -92.86727142333984 2
    endloop
  endfacet
  facet normal 0 0 1
    outer loop
      vertex -74 -95.11408233642578 2
      vertex -61.975921630859375 -92.86727142333984 2
      vertex -62 -92.62281799316406 2
    endloop
  endfacet
  facet normal 0 0 1
    outer loop
      vertex -62 92.62281799316406 2
      vertex -74 95.11408233642578 2
      vertex -62 -92.62281799316406 2
    endloop
  endfacet
  facet normal 0 0 1
    outer loop
      vertex -71.55220031738281 101.9552230834961 2
      vertex -61.354610443115234 94.18092346191406 2
      vertex -70.77305603027344 102.90460968017578 2
    endloop
  endfacet
  facet normal 0 0 1
    outer loop
      vertex -74 -95.11408233642578 2
      vertex -62 -92.62281799316406 2
      vertex -74 95.11408233642578 2
    endloop
  endfacet
  facet normal 0 0 1
    outer loop
      vertex -61.354610443115234 94.18092346191406 2
      vertex -71.55220031738281 101.9552230834961 2
      vertex -61.510440826416016 93.99104309082031 2
    endloop
  endfacet
  facet normal 0 0 1
    outer loop
      vertex -61.85669708251953 -93.3432388305664 2
      vertex -74 -95.11408233642578 2
      vertex -73.8796157836914 -96.33634185791016 2
    endloop
  endfacet
  facet normal 0 0 1
    outer loop
      vertex -72.23453521728516 100.93403625488281 2
      vertex -61.510440826416016 93.99104309082031 2
      vertex -71.55220031738281 101.9552230834961 2
    endloop
  endfacet
  facet normal 0 0 1
    outer loop
      vertex -60.343238830566406 -94.85669708251953 2
      vertex -63.336341857910156 -106.8796157836914 2
      vertex -62.11409378051758 -107 2
    endloop
  endfacet
  facet normal 0 0 1
    outer loop
      vertex -61.510440826416016 93.99104309082031 2
      vertex -72.23453521728516 100.93403625488281 2
      vertex -61.646907806396484 93.78680419921875 2
    endloop
  endfacet
  facet normal 0 0 1
    outer loop
      vertex -60.343238830566406 -94.85669708251953 2
      vertex -64.5409164428711 -106.6400146484375 2
      vertex -63.336341857910156 -106.8796157836914 2
    endloop
  endfacet
  facet normal 0 0 1
    outer loop
      vertex -72.81349182128906 99.85088348388672 2
      vertex -61.646907806396484 93.78680419921875 2
      vertex -72.23453521728516 100.93403625488281 2
    endloop
  endfacet
  facet normal 0 0 1
    outer loop
      vertex -60.57017517089844 -94.7626953125 2
      vertex -65.71620178222656 -106.28349304199219 2
      vertex -64.5409164428711 -106.6400146484375 2
    endloop
  endfacet
  facet normal 0 0 1
    outer loop
      vertex -73.28349304199219 98.71620178222656 2
      vertex -61.646907806396484 93.78680419921875 2
      vertex -72.81349182128906 99.85088348388672 2
    endloop
  endfacet
  facet normal 0 0 1
    outer loop
      vertex -60.78680419921875 -94.64690399169922 2
      vertex -66.85088348388672 -105.81349182128906 2
      vertex -65.71620178222656 -106.28349304199219 2
    endloop
  endfacet
  facet normal 0 0 1
    outer loop
      vertex -61.646907806396484 93.78680419921875 2
      vertex -73.28349304199219 98.71620178222656 2
      vertex -61.762699127197266 93.57017517089844 2
    endloop
  endfacet
  facet normal 0 0 1
    outer loop
      vertex -60.99104309082031 -94.51043701171875 2
      vertex -67.93403625488281 -105.23453521728516 2
      vertex -66.85088348388672 -105.81349182128906 2
    endloop
  endfacet
  facet normal 0 0 1
    outer loop
      vertex -73.6400146484375 97.5409164428711 2
      vertex -61.762699127197266 93.57017517089844 2
      vertex -73.28349304199219 98.71620178222656 2
    endloop
  endfacet
  facet normal 0 0 1
    outer loop
      vertex -60.99104309082031 -94.51043701171875 2
      vertex -68.9552230834961 -104.55220031738281 2
      vertex -67.93403625488281 -105.23453521728516 2
    endloop
  endfacet
  facet normal 0 0 1
    outer loop
      vertex -61.762699127197266 93.57017517089844 2
      vertex -73.6400146484375 97.5409164428711 2
      vertex -61.85669708251953 93.3432388305664 2
    endloop
  endfacet
  facet normal 0 0 1
    outer loop
      vertex -61.18092346191406 -94.3546142578125 2
      vertex -69.90460968017578 -103.77305603027344 2
      vertex -68.9552230834961 -104.55220031738281 2
    endloop
  endfacet
  facet normal 0 0 1
    outer loop
      vertex -73.8796157836914 96.33634185791016 2
      vertex -61.85669708251953 93.3432388305664 2
      vertex -73.6400146484375 97.5409164428711 2
    endloop
  endfacet
  facet normal 0 0 1
    outer loop
      vertex -61.354610443115234 -94.18092346191406 2
      vertex -70.77305603027344 -102.90460968017578 2
      vertex -69.90460968017578 -103.77305603027344 2
    endloop
  endfacet
  facet normal 0 0 1
    outer loop
      vertex -74 95.11408233642578 2
      vertex -61.85669708251953 93.3432388305664 2
      vertex -73.8796157836914 96.33634185791016 2
    endloop
  endfacet
  facet normal 0 0 1
    outer loop
      vertex -61.354610443115234 -94.18092346191406 2
      vertex -71.55220031738281 -101.9552230834961 2
      vertex -70.77305603027344 -102.90460968017578 2
    endloop
  endfacet
  facet normal 0 0 1
    outer loop
      vertex -61.85669708251953 93.3432388305664 2
      vertex -74 95.11408233642578 2
      vertex -61.928001403808594 93.10818481445312 2
    endloop
  endfacet
  facet normal 0 0 1
    outer loop
      vertex -61.510440826416016 -93.99104309082031 2
      vertex -72.23453521728516 -100.93403625488281 2
      vertex -71.55220031738281 -101.9552230834961 2
    endloop
  endfacet
  facet normal 0 0 1
    outer loop
      vertex -61.928001403808594 93.10818481445312 2
      vertex -74 95.11408233642578 2
      vertex -61.975921630859375 92.86727142333984 2
    endloop
  endfacet
  facet normal 0 0 1
    outer loop
      vertex -61.646907806396484 -93.78680419921875 2
      vertex -72.81349182128906 -99.85088348388672 2
      vertex -72.23453521728516 -100.93403625488281 2
    endloop
  endfacet
  facet normal 0 0 1
    outer loop
      vertex -61.975921630859375 92.86727142333984 2
      vertex -74 95.11408233642578 2
      vertex -62 92.62281799316406 2
    endloop
  endfacet
  facet normal 0 0 1
    outer loop
      vertex -61.646907806396484 -93.78680419921875 2
      vertex -73.28349304199219 -98.71620178222656 2
      vertex -72.81349182128906 -99.85088348388672 2
    endloop
  endfacet
  facet normal 0 0 1
    outer loop
      vertex -61.762699127197266 -93.57017517089844 2
      vertex -73.6400146484375 -97.5409164428711 2
      vertex -73.28349304199219 -98.71620178222656 2
    endloop
  endfacet
  facet normal 0 0 1
    outer loop
      vertex -61.85669708251953 -93.3432388305664 2
      vertex -73.8796157836914 -96.33634185791016 2
      vertex -73.6400146484375 -97.5409164428711 2
    endloop
  endfacet
  facet normal 0.09801918574411192 -0.9951845252143249 0
    outer loop
      vertex -63.336341857910156 106.8796157836914 2
      vertex -62.11408615112305 107 18
      vertex -63.336341857910156 106.8796157836914 18
    endloop
  endfacet
  facet normal 0.09801918574411192 -0.9951845252143249 0
    outer loop
      vertex -62.11408615112305 107 18
      vertex -63.336341857910156 106.8796157836914 2
      vertex -62.11408615112305 107 2
    endloop
  endfacet
  facet normal 0.19508746548295364 -0.9807858485986822 0
    outer loop
      vertex -64.5409164428711 106.6400146484375 2
      vertex -63.336341857910156 106.8796157836914 18
      vertex -64.5409164428711 106.6400146484375 18
    endloop
  endfacet
  facet normal 0.19508746548295364 -0.9807858485986822 0
    outer loop
      vertex -63.336341857910156 106.8796157836914 18
      vertex -64.5409164428711 106.6400146484375 2
      vertex -63.336341857910156 106.8796157836914 2
    endloop
  endfacet
  facet normal 0.29028668775757743 -0.9569397258504502 0
    outer loop
      vertex -65.71620178222656 106.28349304199219 2
      vertex -64.5409164428711 106.6400146484375 18
      vertex -65.71620178222656 106.28349304199219 18
    endloop
  endfacet
  facet normal 0.29028668775757743 -0.9569397258504502 0
    outer loop
      vertex -64.5409164428711 106.6400146484375 18
      vertex -65.71620178222656 106.28349304199219 2
      vertex -64.5409164428711 106.6400146484375 2
    endloop
  endfacet
  facet normal 0.38268389862592156 -0.9238793393795887 0
    outer loop
      vertex -66.85088348388672 105.81349182128906 2
      vertex -65.71620178222656 106.28349304199219 18
      vertex -66.85088348388672 105.81349182128906 18
    endloop
  endfacet
  facet normal 0.38268389862592156 -0.9238793393795887 0
    outer loop
      vertex -65.71620178222656 106.28349304199219 18
      vertex -66.85088348388672 105.81349182128906 2
      vertex -65.71620178222656 106.28349304199219 2
    endloop
  endfacet
  facet normal 0.47139634796974045 -0.8819214721962446 0
    outer loop
      vertex -67.93403625488281 105.23453521728516 2
      vertex -66.85088348388672 105.81349182128906 18
      vertex -67.93403625488281 105.23453521728516 18
    endloop
  endfacet
  facet normal 0.47139634796974045 -0.8819214721962446 0
    outer loop
      vertex -66.85088348388672 105.81349182128906 18
      vertex -67.93403625488281 105.23453521728516 2
      vertex -66.85088348388672 105.81349182128906 2
    endloop
  endfacet
  facet normal 0.5555700504690559 -0.8314697342788916 0
    outer loop
      vertex -68.9552230834961 104.55220031738281 2
      vertex -67.93403625488281 105.23453521728516 18
      vertex -68.9552230834961 104.55220031738281 18
    endloop
  endfacet
  facet normal 0.5555700504690559 -0.8314697342788916 0
    outer loop
      vertex -67.93403625488281 105.23453521728516 18
      vertex -68.9552230834961 104.55220031738281 2
      vertex -67.93403625488281 105.23453521728516 2
    endloop
  endfacet
  facet normal 0.6343946673359431 -0.7730093182204975 0
    outer loop
      vertex -69.90460968017578 103.77305603027344 2
      vertex -68.9552230834961 104.55220031738281 18
      vertex -69.90460968017578 103.77305603027344 18
    endloop
  endfacet
  facet normal 0.6343946673359431 -0.7730093182204975 0
    outer loop
      vertex -68.9552230834961 104.55220031738281 18
      vertex -69.90460968017578 103.77305603027344 2
      vertex -68.9552230834961 104.55220031738281 2
    endloop
  endfacet
  facet normal 0.7071067811865476 -0.7071067811865476 0
    outer loop
      vertex -70.77305603027344 102.90460968017578 18
      vertex -69.90460968017578 103.77305603027344 2
      vertex -69.90460968017578 103.77305603027344 18
    endloop
  endfacet
  facet normal 0.7071067811865476 -0.7071067811865476 0
    outer loop
      vertex -69.90460968017578 103.77305603027344 2
      vertex -70.77305603027344 102.90460968017578 18
      vertex -70.77305603027344 102.90460968017578 2
    endloop
  endfacet
  facet normal 0.7730093182204975 -0.6343946673359431 0
    outer loop
      vertex -71.55220031738281 101.9552230834961 18
      vertex -70.77305603027344 102.90460968017578 2
      vertex -70.77305603027344 102.90460968017578 18
    endloop
  endfacet
  facet normal 0.7730093182204975 -0.6343946673359431 0
    outer loop
      vertex -70.77305603027344 102.90460968017578 2
      vertex -71.55220031738281 101.9552230834961 18
      vertex -71.55220031738281 101.9552230834961 2
    endloop
  endfacet
  facet normal 0.8314697342788916 -0.5555700504690559 0
    outer loop
      vertex -72.23453521728516 100.93403625488281 18
      vertex -71.55220031738281 101.9552230834961 2
      vertex -71.55220031738281 101.9552230834961 18
    endloop
  endfacet
  facet normal 0.8314697342788916 -0.5555700504690559 0
    outer loop
      vertex -71.55220031738281 101.9552230834961 2
      vertex -72.23453521728516 100.93403625488281 18
      vertex -72.23453521728516 100.93403625488281 2
    endloop
  endfacet
  facet normal 0.8819214721962446 -0.47139634796974045 0
    outer loop
      vertex -72.81349182128906 99.85088348388672 18
      vertex -72.23453521728516 100.93403625488281 2
      vertex -72.23453521728516 100.93403625488281 18
    endloop
  endfacet
  facet normal 0.8819214721962446 -0.47139634796974045 0
    outer loop
      vertex -72.23453521728516 100.93403625488281 2
      vertex -72.81349182128906 99.85088348388672 18
      vertex -72.81349182128906 99.85088348388672 2
    endloop
  endfacet
  facet normal 0.9238793393795887 -0.38268389862592156 0
    outer loop
      vertex -73.28349304199219 98.71620178222656 18
      vertex -72.81349182128906 99.85088348388672 2
      vertex -72.81349182128906 99.85088348388672 18
    endloop
  endfacet
  facet normal 0.9238793393795887 -0.38268389862592156 0
    outer loop
      vertex -72.81349182128906 99.85088348388672 2
      vertex -73.28349304199219 98.71620178222656 18
      vertex -73.28349304199219 98.71620178222656 2
    endloop
  endfacet
  facet normal 0.9569397258504502 -0.29028668775757743 0
    outer loop
      vertex -73.6400146484375 97.5409164428711 18
      vertex -73.28349304199219 98.71620178222656 2
      vertex -73.28349304199219 98.71620178222656 18
    endloop
  endfacet
  facet normal 0.9569397258504502 -0.29028668775757743 0
    outer loop
      vertex -73.28349304199219 98.71620178222656 2
      vertex -73.6400146484375 97.5409164428711 18
      vertex -73.6400146484375 97.5409164428711 2
    endloop
  endfacet
  facet normal 0.9807858485986822 -0.19508746548295364 0
    outer loop
      vertex -73.8796157836914 96.33634185791016 18
      vertex -73.6400146484375 97.5409164428711 2
      vertex -73.6400146484375 97.5409164428711 18
    endloop
  endfacet
  facet normal 0.9807858485986822 -0.19508746548295364 0
    outer loop
      vertex -73.6400146484375 97.5409164428711 2
      vertex -73.8796157836914 96.33634185791016 18
      vertex -73.8796157836914 96.33634185791016 2
    endloop
  endfacet
  facet normal 0.9951845550559029 -0.098018882763396 0
    outer loop
      vertex -74 95.11408233642578 18
      vertex -73.8796157836914 96.33634185791016 2
      vertex -73.8796157836914 96.33634185791016 18
    endloop
  endfacet
  facet normal 0.9951845550559029 -0.098018882763396 0
    outer loop
      vertex -73.8796157836914 96.33634185791016 2
      vertex -74 95.11408233642578 18
      vertex -74 95.11408233642578 2
    endloop
  endfacet
  facet normal 1 0 0
    outer loop
      vertex -74 -95.11408233642578 18
      vertex -74 95.11408233642578 2
      vertex -74 95.11408233642578 18
    endloop
  endfacet
  facet normal 1 0 0
    outer loop
      vertex -74 95.11408233642578 2
      vertex -74 -95.11408233642578 18
      vertex -74 -95.11408233642578 2
    endloop
  endfacet
  facet normal 0.9951845550559029 0.098018882763396 0
    outer loop
      vertex -73.8796157836914 -96.33634185791016 18
      vertex -74 -95.11408233642578 2
      vertex -74 -95.11408233642578 18
    endloop
  endfacet
  facet normal 0.9951845550559029 0.098018882763396 0
    outer loop
      vertex -74 -95.11408233642578 2
      vertex -73.8796157836914 -96.33634185791016 18
      vertex -73.8796157836914 -96.33634185791016 2
    endloop
  endfacet
  facet normal 0.9807858485986822 0.19508746548295364 0
    outer loop
      vertex -73.6400146484375 -97.5409164428711 18
      vertex -73.8796157836914 -96.33634185791016 2
      vertex -73.8796157836914 -96.33634185791016 18
    endloop
  endfacet
  facet normal 0.9807858485986822 0.19508746548295364 0
    outer loop
      vertex -73.8796157836914 -96.33634185791016 2
      vertex -73.6400146484375 -97.5409164428711 18
      vertex -73.6400146484375 -97.5409164428711 2
    endloop
  endfacet
  facet normal 0.9569397258504502 0.29028668775757743 0
    outer loop
      vertex -73.28349304199219 -98.71620178222656 18
      vertex -73.6400146484375 -97.5409164428711 2
      vertex -73.6400146484375 -97.5409164428711 18
    endloop
  endfacet
  facet normal 0.9569397258504502 0.29028668775757743 0
    outer loop
      vertex -73.6400146484375 -97.5409164428711 2
      vertex -73.28349304199219 -98.71620178222656 18
      vertex -73.28349304199219 -98.71620178222656 2
    endloop
  endfacet
  facet normal 0.9238793393795887 0.38268389862592156 0
    outer loop
      vertex -72.81349182128906 -99.85088348388672 18
      vertex -73.28349304199219 -98.71620178222656 2
      vertex -73.28349304199219 -98.71620178222656 18
    endloop
  endfacet
  facet normal 0.9238793393795887 0.38268389862592156 0
    outer loop
      vertex -73.28349304199219 -98.71620178222656 2
      vertex -72.81349182128906 -99.85088348388672 18
      vertex -72.81349182128906 -99.85088348388672 2
    endloop
  endfacet
  facet normal 0.8819214721962446 0.47139634796974045 0
    outer loop
      vertex -72.23453521728516 -100.93403625488281 18
      vertex -72.81349182128906 -99.85088348388672 2
      vertex -72.81349182128906 -99.85088348388672 18
    endloop
  endfacet
  facet normal 0.8819214721962446 0.47139634796974045 0
    outer loop
      vertex -72.81349182128906 -99.85088348388672 2
      vertex -72.23453521728516 -100.93403625488281 18
      vertex -72.23453521728516 -100.93403625488281 2
    endloop
  endfacet
  facet normal 0.8314697342788916 0.5555700504690559 0
    outer loop
      vertex -71.55220031738281 -101.9552230834961 18
      vertex -72.23453521728516 -100.93403625488281 2
      vertex -72.23453521728516 -100.93403625488281 18
    endloop
  endfacet
  facet normal 0.8314697342788916 0.5555700504690559 0
    outer loop
      vertex -72.23453521728516 -100.93403625488281 2
      vertex -71.55220031738281 -101.9552230834961 18
      vertex -71.55220031738281 -101.9552230834961 2
    endloop
  endfacet
  facet normal 0.7730093182204975 0.6343946673359431 0
    outer loop
      vertex -70.77305603027344 -102.90460968017578 18
      vertex -71.55220031738281 -101.9552230834961 2
      vertex -71.55220031738281 -101.9552230834961 18
    endloop
  endfacet
  facet normal 0.7730093182204975 0.6343946673359431 0
    outer loop
      vertex -71.55220031738281 -101.9552230834961 2
      vertex -70.77305603027344 -102.90460968017578 18
      vertex -70.77305603027344 -102.90460968017578 2
    endloop
  endfacet
  facet normal 0.7071067811865476 0.7071067811865476 0
    outer loop
      vertex -69.90460968017578 -103.77305603027344 18
      vertex -70.77305603027344 -102.90460968017578 2
      vertex -70.77305603027344 -102.90460968017578 18
    endloop
  endfacet
  facet normal 0.7071067811865476 0.7071067811865476 0
    outer loop
      vertex -70.77305603027344 -102.90460968017578 2
      vertex -69.90460968017578 -103.77305603027344 18
      vertex -69.90460968017578 -103.77305603027344 2
    endloop
  endfacet
  facet normal 0.6343946673359431 0.7730093182204975 0
    outer loop
      vertex -68.9552230834961 -104.55220031738281 2
      vertex -69.90460968017578 -103.77305603027344 18
      vertex -68.9552230834961 -104.55220031738281 18
    endloop
  endfacet
  facet normal 0.6343946673359431 0.7730093182204975 0
    outer loop
      vertex -69.90460968017578 -103.77305603027344 18
      vertex -68.9552230834961 -104.55220031738281 2
      vertex -69.90460968017578 -103.77305603027344 2
    endloop
  endfacet
  facet normal 0.5555700504690559 0.8314697342788916 0
    outer loop
      vertex -67.93403625488281 -105.23453521728516 2
      vertex -68.9552230834961 -104.55220031738281 18
      vertex -67.93403625488281 -105.23453521728516 18
    endloop
  endfacet
  facet normal 0.5555700504690559 0.8314697342788916 0
    outer loop
      vertex -68.9552230834961 -104.55220031738281 18
      vertex -67.93403625488281 -105.23453521728516 2
      vertex -68.9552230834961 -104.55220031738281 2
    endloop
  endfacet
  facet normal 0.47139634796974045 0.8819214721962446 0
    outer loop
      vertex -66.85088348388672 -105.81349182128906 2
      vertex -67.93403625488281 -105.23453521728516 18
      vertex -66.85088348388672 -105.81349182128906 18
    endloop
  endfacet
  facet normal 0.47139634796974045 0.8819214721962446 0
    outer loop
      vertex -67.93403625488281 -105.23453521728516 18
      vertex -66.85088348388672 -105.81349182128906 2
      vertex -67.93403625488281 -105.23453521728516 2
    endloop
  endfacet
  facet normal 0.38268389862592156 0.9238793393795887 0
    outer loop
      vertex -65.71620178222656 -106.28349304199219 2
      vertex -66.85088348388672 -105.81349182128906 18
      vertex -65.71620178222656 -106.28349304199219 18
    endloop
  endfacet
  facet normal 0.38268389862592156 0.9238793393795887 0
    outer loop
      vertex -66.85088348388672 -105.81349182128906 18
      vertex -65.71620178222656 -106.28349304199219 2
      vertex -66.85088348388672 -105.81349182128906 2
    endloop
  endfacet
  facet normal 0.29028668775757743 0.9569397258504502 0
    outer loop
      vertex -64.5409164428711 -106.6400146484375 2
      vertex -65.71620178222656 -106.28349304199219 18
      vertex -64.5409164428711 -106.6400146484375 18
    endloop
  endfacet
  facet normal 0.29028668775757743 0.9569397258504502 0
    outer loop
      vertex -65.71620178222656 -106.28349304199219 18
      vertex -64.5409164428711 -106.6400146484375 2
      vertex -65.71620178222656 -106.28349304199219 2
    endloop
  endfacet
  facet normal 0.19508746548295364 0.9807858485986822 0
    outer loop
      vertex -63.336341857910156 -106.8796157836914 2
      vertex -64.5409164428711 -106.6400146484375 18
      vertex -63.336341857910156 -106.8796157836914 18
    endloop
  endfacet
  facet normal 0.19508746548295364 0.9807858485986822 0
    outer loop
      vertex -64.5409164428711 -106.6400146484375 18
      vertex -63.336341857910156 -106.8796157836914 2
      vertex -64.5409164428711 -106.6400146484375 2
    endloop
  endfacet
  facet normal 0.09801979171113567 0.9951844655303386 0
    outer loop
      vertex -62.11409378051758 -107 2
      vertex -63.336341857910156 -106.8796157836914 18
      vertex -62.11409378051758 -107 18
    endloop
  endfacet
  facet normal 0.09801979171113567 0.9951844655303386 0
    outer loop
      vertex -63.336341857910156 -106.8796157836914 18
      vertex -62.11409378051758 -107 2
      vertex -63.336341857910156 -106.8796157836914 2
    endloop
  endfacet
  facet normal 0 1 0
    outer loop
      vertex -15.659852981567383 -107 2
      vertex -32.98014450073242 -107 18
      vertex -15.659852981567383 -107 18
    endloop
  endfacet
  facet normal 0 1 0
    outer loop
      vertex -32.98014450073242 -107 18
      vertex -15.659852981567383 -107 2
      vertex -32.98014450073242 -107 2
    endloop
  endfacet
  facet normal 0 1 0
    outer loop
      vertex 32.98014450073242 -107 2
      vertex 15.659852981567383 -107 18
      vertex 32.98014450073242 -107 18
    endloop
  endfacet
  facet normal 0 1 0
    outer loop
      vertex 15.659852981567383 -107 18
      vertex 32.98014450073242 -107 2
      vertex 15.659852981567383 -107 2
    endloop
  endfacet
  facet normal -0.09801979171113567 0.9951844655303386 0
    outer loop
      vertex 63.336341857910156 -106.8796157836914 2
      vertex 62.11409378051758 -107 18
      vertex 63.336341857910156 -106.8796157836914 18
    endloop
  endfacet
  facet normal -0.09801979171113567 0.9951844655303386 0
    outer loop
      vertex 62.11409378051758 -107 18
      vertex 63.336341857910156 -106.8796157836914 2
      vertex 62.11409378051758 -107 2
    endloop
  endfacet
  facet normal -0.19508746548295364 0.9807858485986822 0
    outer loop
      vertex 64.5409164428711 -106.6400146484375 2
      vertex 63.336341857910156 -106.8796157836914 18
      vertex 64.5409164428711 -106.6400146484375 18
    endloop
  endfacet
  facet normal -0.19508746548295364 0.9807858485986822 0
    outer loop
      vertex 63.336341857910156 -106.8796157836914 18
      vertex 64.5409164428711 -106.6400146484375 2
      vertex 63.336341857910156 -106.8796157836914 2
    endloop
  endfacet
  facet normal -0.29028668775757743 0.9569397258504502 0
    outer loop
      vertex 65.71620178222656 -106.28349304199219 2
      vertex 64.5409164428711 -106.6400146484375 18
      vertex 65.71620178222656 -106.28349304199219 18
    endloop
  endfacet
  facet normal -0.29028668775757743 0.9569397258504502 0
    outer loop
      vertex 64.5409164428711 -106.6400146484375 18
      vertex 65.71620178222656 -106.28349304199219 2
      vertex 64.5409164428711 -106.6400146484375 2
    endloop
  endfacet
  facet normal -0.38268389862592156 0.9238793393795887 0
    outer loop
      vertex 66.85088348388672 -105.81349182128906 2
      vertex 65.71620178222656 -106.28349304199219 18
      vertex 66.85088348388672 -105.81349182128906 18
    endloop
  endfacet
  facet normal -0.38268389862592156 0.9238793393795887 0
    outer loop
      vertex 65.71620178222656 -106.28349304199219 18
      vertex 66.85088348388672 -105.81349182128906 2
      vertex 65.71620178222656 -106.28349304199219 2
    endloop
  endfacet
  facet normal -0.47139634796974045 0.8819214721962446 0
    outer loop
      vertex 67.93403625488281 -105.23453521728516 2
      vertex 66.85088348388672 -105.81349182128906 18
      vertex 67.93403625488281 -105.23453521728516 18
    endloop
  endfacet
  facet normal -0.47139634796974045 0.8819214721962446 0
    outer loop
      vertex 66.85088348388672 -105.81349182128906 18
      vertex 67.93403625488281 -105.23453521728516 2
      vertex 66.85088348388672 -105.81349182128906 2
    endloop
  endfacet
  facet normal -0.5555700504690559 0.8314697342788916 0
    outer loop
      vertex 68.9552230834961 -104.55220031738281 2
      vertex 67.93403625488281 -105.23453521728516 18
      vertex 68.9552230834961 -104.55220031738281 18
    endloop
  endfacet
  facet normal -0.5555700504690559 0.8314697342788916 0
    outer loop
      vertex 67.93403625488281 -105.23453521728516 18
      vertex 68.9552230834961 -104.55220031738281 2
      vertex 67.93403625488281 -105.23453521728516 2
    endloop
  endfacet
  facet normal -0.6343946673359431 0.7730093182204975 0
    outer loop
      vertex 69.90460968017578 -103.77305603027344 2
      vertex 68.9552230834961 -104.55220031738281 18
      vertex 69.90460968017578 -103.77305603027344 18
    endloop
  endfacet
  facet normal -0.6343946673359431 0.7730093182204975 0
    outer loop
      vertex 68.9552230834961 -104.55220031738281 18
      vertex 69.90460968017578 -103.77305603027344 2
      vertex 68.9552230834961 -104.55220031738281 2
    endloop
  endfacet
  facet normal -0.7071067811865476 0.7071067811865476 0
    outer loop
      vertex 69.90460968017578 -103.77305603027344 2
      vertex 70.77305603027344 -102.90460968017578 18
      vertex 70.77305603027344 -102.90460968017578 2
    endloop
  endfacet
  facet normal -0.7071067811865476 0.7071067811865476 0
    outer loop
      vertex 70.77305603027344 -102.90460968017578 18
      vertex 69.90460968017578 -103.77305603027344 2
      vertex 69.90460968017578 -103.77305603027344 18
    endloop
  endfacet
  facet normal -0.7730093182204975 0.6343946673359431 0
    outer loop
      vertex 70.77305603027344 -102.90460968017578 2
      vertex 71.55220031738281 -101.9552230834961 18
      vertex 71.55220031738281 -101.9552230834961 2
    endloop
  endfacet
  facet normal -0.7730093182204975 0.6343946673359431 0
    outer loop
      vertex 71.55220031738281 -101.9552230834961 18
      vertex 70.77305603027344 -102.90460968017578 2
      vertex 70.77305603027344 -102.90460968017578 18
    endloop
  endfacet
  facet normal -0.8314697342788916 0.5555700504690559 0
    outer loop
      vertex 71.55220031738281 -101.9552230834961 2
      vertex 72.23453521728516 -100.93403625488281 18
      vertex 72.23453521728516 -100.93403625488281 2
    endloop
  endfacet
  facet normal -0.8314697342788916 0.5555700504690559 0
    outer loop
      vertex 72.23453521728516 -100.93403625488281 18
      vertex 71.55220031738281 -101.9552230834961 2
      vertex 71.55220031738281 -101.9552230834961 18
    endloop
  endfacet
  facet normal -0.8819214721962446 0.47139634796974045 0
    outer loop
      vertex 72.23453521728516 -100.93403625488281 2
      vertex 72.81349182128906 -99.85088348388672 18
      vertex 72.81349182128906 -99.85088348388672 2
    endloop
  endfacet
  facet normal -0.8819214721962446 0.47139634796974045 0
    outer loop
      vertex 72.81349182128906 -99.85088348388672 18
      vertex 72.23453521728516 -100.93403625488281 2
      vertex 72.23453521728516 -100.93403625488281 18
    endloop
  endfacet
  facet normal -0.9238793393795887 0.38268389862592156 0
    outer loop
      vertex 72.81349182128906 -99.85088348388672 2
      vertex 73.28349304199219 -98.71620178222656 18
      vertex 73.28349304199219 -98.71620178222656 2
    endloop
  endfacet
  facet normal -0.9238793393795887 0.38268389862592156 0
    outer loop
      vertex 73.28349304199219 -98.71620178222656 18
      vertex 72.81349182128906 -99.85088348388672 2
      vertex 72.81349182128906 -99.85088348388672 18
    endloop
  endfacet
  facet normal -0.9569397258504502 0.29028668775757743 0
    outer loop
      vertex 73.28349304199219 -98.71620178222656 2
      vertex 73.6400146484375 -97.5409164428711 18
      vertex 73.6400146484375 -97.5409164428711 2
    endloop
  endfacet
  facet normal -0.9569397258504502 0.29028668775757743 0
    outer loop
      vertex 73.6400146484375 -97.5409164428711 18
      vertex 73.28349304199219 -98.71620178222656 2
      vertex 73.28349304199219 -98.71620178222656 18
    endloop
  endfacet
  facet normal -0.9807858485986822 0.19508746548295364 0
    outer loop
      vertex 73.6400146484375 -97.5409164428711 2
      vertex 73.8796157836914 -96.33634185791016 18
      vertex 73.8796157836914 -96.33634185791016 2
    endloop
  endfacet
  facet normal -0.9807858485986822 0.19508746548295364 0
    outer loop
      vertex 73.8796157836914 -96.33634185791016 18
      vertex 73.6400146484375 -97.5409164428711 2
      vertex 73.6400146484375 -97.5409164428711 18
    endloop
  endfacet
  facet normal -0.9951845550559029 0.098018882763396 0
    outer loop
      vertex 73.8796157836914 -96.33634185791016 2
      vertex 74 -95.11408233642578 18
      vertex 74 -95.11408233642578 2
    endloop
  endfacet
  facet normal -0.9951845550559029 0.098018882763396 0
    outer loop
      vertex 74 -95.11408233642578 18
      vertex 73.8796157836914 -96.33634185791016 2
      vertex 73.8796157836914 -96.33634185791016 18
    endloop
  endfacet
  facet normal -1 0 0
    outer loop
      vertex 74 -95.11408233642578 2
      vertex 74 95.11408233642578 18
      vertex 74 95.11408233642578 2
    endloop
  endfacet
  facet normal -1 0 0
    outer loop
      vertex 74 95.11408233642578 18
      vertex 74 -95.11408233642578 2
      vertex 74 -95.11408233642578 18
    endloop
  endfacet
  facet normal -0.9951845550559029 -0.098018882763396 0
    outer loop
      vertex 74 95.11408233642578 2
      vertex 73.8796157836914 96.33634185791016 18
      vertex 73.8796157836914 96.33634185791016 2
    endloop
  endfacet
  facet normal -0.9951845550559029 -0.098018882763396 0
    outer loop
      vertex 73.8796157836914 96.33634185791016 18
      vertex 74 95.11408233642578 2
      vertex 74 95.11408233642578 18
    endloop
  endfacet
  facet normal -0.9807858485986822 -0.19508746548295364 0
    outer loop
      vertex 73.8796157836914 96.33634185791016 2
      vertex 73.6400146484375 97.5409164428711 18
      vertex 73.6400146484375 97.5409164428711 2
    endloop
  endfacet
  facet normal -0.9807858485986822 -0.19508746548295364 0
    outer loop
      vertex 73.6400146484375 97.5409164428711 18
      vertex 73.8796157836914 96.33634185791016 2
      vertex 73.8796157836914 96.33634185791016 18
    endloop
  endfacet
  facet normal -0.9569397258504502 -0.29028668775757743 0
    outer loop
      vertex 73.6400146484375 97.5409164428711 2
      vertex 73.28349304199219 98.71620178222656 18
      vertex 73.28349304199219 98.71620178222656 2
    endloop
  endfacet
  facet normal -0.9569397258504502 -0.29028668775757743 0
    outer loop
      vertex 73.28349304199219 98.71620178222656 18
      vertex 73.6400146484375 97.5409164428711 2
      vertex 73.6400146484375 97.5409164428711 18
    endloop
  endfacet
  facet normal -0.9238793393795887 -0.38268389862592156 0
    outer loop
      vertex 73.28349304199219 98.71620178222656 2
      vertex 72.81349182128906 99.85088348388672 18
      vertex 72.81349182128906 99.85088348388672 2
    endloop
  endfacet
  facet normal -0.9238793393795887 -0.38268389862592156 0
    outer loop
      vertex 72.81349182128906 99.85088348388672 18
      vertex 73.28349304199219 98.71620178222656 2
      vertex 73.28349304199219 98.71620178222656 18
    endloop
  endfacet
  facet normal -0.8819214721962446 -0.47139634796974045 0
    outer loop
      vertex 72.81349182128906 99.85088348388672 2
      vertex 72.23453521728516 100.93403625488281 18
      vertex 72.23453521728516 100.93403625488281 2
    endloop
  endfacet
  facet normal -0.8819214721962446 -0.47139634796974045 0
    outer loop
      vertex 72.23453521728516 100.93403625488281 18
      vertex 72.81349182128906 99.85088348388672 2
      vertex 72.81349182128906 99.85088348388672 18
    endloop
  endfacet
  facet normal -0.8314697342788916 -0.5555700504690559 0
    outer loop
      vertex 72.23453521728516 100.93403625488281 2
      vertex 71.55220031738281 101.9552230834961 18
      vertex 71.55220031738281 101.9552230834961 2
    endloop
  endfacet
  facet normal -0.8314697342788916 -0.5555700504690559 0
    outer loop
      vertex 71.55220031738281 101.9552230834961 18
      vertex 72.23453521728516 100.93403625488281 2
      vertex 72.23453521728516 100.93403625488281 18
    endloop
  endfacet
  facet normal -0.7730093182204975 -0.6343946673359431 0
    outer loop
      vertex 71.55220031738281 101.9552230834961 2
      vertex 70.77305603027344 102.90460968017578 18
      vertex 70.77305603027344 102.90460968017578 2
    endloop
  endfacet
  facet normal -0.7730093182204975 -0.6343946673359431 0
    outer loop
      vertex 70.77305603027344 102.90460968017578 18
      vertex 71.55220031738281 101.9552230834961 2
      vertex 71.55220031738281 101.9552230834961 18
    endloop
  endfacet
  facet normal -0.7071067811865476 -0.7071067811865476 0
    outer loop
      vertex 70.77305603027344 102.90460968017578 2
      vertex 69.90460968017578 103.77305603027344 18
      vertex 69.90460968017578 103.77305603027344 2
    endloop
  endfacet
  facet normal -0.7071067811865476 -0.7071067811865476 0
    outer loop
      vertex 69.90460968017578 103.77305603027344 18
      vertex 70.77305603027344 102.90460968017578 2
      vertex 70.77305603027344 102.90460968017578 18
    endloop
  endfacet
  facet normal -0.6343946673359431 -0.7730093182204975 0
    outer loop
      vertex 68.9552230834961 104.55220031738281 2
      vertex 69.90460968017578 103.77305603027344 18
      vertex 68.9552230834961 104.55220031738281 18
    endloop
  endfacet
  facet normal -0.6343946673359431 -0.7730093182204975 0
    outer loop
      vertex 69.90460968017578 103.77305603027344 18
      vertex 68.9552230834961 104.55220031738281 2
      vertex 69.90460968017578 103.77305603027344 2
    endloop
  endfacet
  facet normal -0.5555700504690559 -0.8314697342788916 0
    outer loop
      vertex 67.93403625488281 105.23453521728516 2
      vertex 68.9552230834961 104.55220031738281 18
      vertex 67.93403625488281 105.23453521728516 18
    endloop
  endfacet
  facet normal -0.5555700504690559 -0.8314697342788916 0
    outer loop
      vertex 68.9552230834961 104.55220031738281 18
      vertex 67.93403625488281 105.23453521728516 2
      vertex 68.9552230834961 104.55220031738281 2
    endloop
  endfacet
  facet normal -0.47139634796974045 -0.8819214721962446 0
    outer loop
      vertex 66.85088348388672 105.81349182128906 2
      vertex 67.93403625488281 105.23453521728516 18
      vertex 66.85088348388672 105.81349182128906 18
    endloop
  endfacet
  facet normal -0.47139634796974045 -0.8819214721962446 0
    outer loop
      vertex 67.93403625488281 105.23453521728516 18
      vertex 66.85088348388672 105.81349182128906 2
      vertex 67.93403625488281 105.23453521728516 2
    endloop
  endfacet
  facet normal -0.38268389862592156 -0.9238793393795887 0
    outer loop
      vertex 65.71620178222656 106.28349304199219 2
      vertex 66.85088348388672 105.81349182128906 18
      vertex 65.71620178222656 106.28349304199219 18
    endloop
  endfacet
  facet normal -0.38268389862592156 -0.9238793393795887 0
    outer loop
      vertex 66.85088348388672 105.81349182128906 18
      vertex 65.71620178222656 106.28349304199219 2
      vertex 66.85088348388672 105.81349182128906 2
    endloop
  endfacet
  facet normal -0.29028668775757743 -0.9569397258504502 0
    outer loop
      vertex 64.5409164428711 106.6400146484375 2
      vertex 65.71620178222656 106.28349304199219 18
      vertex 64.5409164428711 106.6400146484375 18
    endloop
  endfacet
  facet normal -0.29028668775757743 -0.9569397258504502 0
    outer loop
      vertex 65.71620178222656 106.28349304199219 18
      vertex 64.5409164428711 106.6400146484375 2
      vertex 65.71620178222656 106.28349304199219 2
    endloop
  endfacet
  facet normal -0.19508746548295364 -0.9807858485986822 0
    outer loop
      vertex 63.336341857910156 106.8796157836914 2
      vertex 64.5409164428711 106.6400146484375 18
      vertex 63.336341857910156 106.8796157836914 18
    endloop
  endfacet
  facet normal -0.19508746548295364 -0.9807858485986822 0
    outer loop
      vertex 64.5409164428711 106.6400146484375 18
      vertex 63.336341857910156 106.8796157836914 2
      vertex 64.5409164428711 106.6400146484375 2
    endloop
  endfacet
  facet normal -0.09801918574411192 -0.9951845252143249 0
    outer loop
      vertex 62.11408615112305 107 2
      vertex 63.336341857910156 106.8796157836914 18
      vertex 62.11408615112305 107 18
    endloop
  endfacet
  facet normal -0.09801918574411192 -0.9951845252143249 0
    outer loop
      vertex 63.336341857910156 106.8796157836914 18
      vertex 62.11408615112305 107 2
      vertex 63.336341857910156 106.8796157836914 2
    endloop
  endfacet
  facet normal 0 -1 0
    outer loop
      vertex 48.23163604736328 107 10.346198081970215
      vertex 62.11408615112305 107 18
      vertex 0.40836429595947266 107 10.346198081970215
    endloop
  endfacet
  facet normal 0 -1 0
    outer loop
      vertex 62.11408615112305 107 18
      vertex 48.23163604736328 107 10.346198081970215
      vertex 48.502113342285156 107 10.399999618530273
    endloop
  endfacet
  facet normal 0 -1 0
    outer loop
      vertex 0.6631479263305664 107 10.240663528442383
      vertex 48.23163604736328 107 10.346198081970215
      vertex 0.40836429595947266 107 10.346198081970215
    endloop
  endfacet
  facet normal 0 -1 0
    outer loop
      vertex 0.6631479263305664 107 10.240663528442383
      vertex 47.97685241699219 107 10.240663528442383
      vertex 48.23163604736328 107 10.346198081970215
    endloop
  endfacet
  facet normal 0 -1 0
    outer loop
      vertex 0.8924474716186523 107 10.087450981140137
      vertex 47.97685241699219 107 10.240663528442383
      vertex 0.6631479263305664 107 10.240663528442383
    endloop
  endfacet
  facet normal 0 -1 0
    outer loop
      vertex 0.8924474716186523 107 10.087450981140137
      vertex 47.74755096435547 107 10.087450981140137
      vertex 47.97685241699219 107 10.240663528442383
    endloop
  endfacet
  facet normal 0 -1 0
    outer loop
      vertex 1.0874509811401367 107 9.892447471618652
      vertex 47.74755096435547 107 10.087450981140137
      vertex 0.8924474716186523 107 10.087450981140137
    endloop
  endfacet
  facet normal 0 -1 0
    outer loop
      vertex 1.0874509811401367 107 9.892447471618652
      vertex 47.552547454833984 107 9.892447471618652
      vertex 47.74755096435547 107 10.087450981140137
    endloop
  endfacet
  facet normal 0 -1 0
    outer loop
      vertex 1.2406635284423828 107 9.663147926330566
      vertex 47.552547454833984 107 9.892447471618652
      vertex 1.0874509811401367 107 9.892447471618652
    endloop
  endfacet
  facet normal 0 -1 0
    outer loop
      vertex 1.2406635284423828 107 9.663147926330566
      vertex 47.39933776855469 107 9.663147926330566
      vertex 47.552547454833984 107 9.892447471618652
    endloop
  endfacet
  facet normal 0 -1 0
    outer loop
      vertex 1.3461980819702148 107 9.408364295959473
      vertex 47.39933776855469 107 9.663147926330566
      vertex 1.2406635284423828 107 9.663147926330566
    endloop
  endfacet
  facet normal 0 -1 0
    outer loop
      vertex 1.3461980819702148 107 9.408364295959473
      vertex 47.293800354003906 107 9.408364295959473
      vertex 47.39933776855469 107 9.663147926330566
    endloop
  endfacet
  facet normal 0 -1 0
    outer loop
      vertex 1.3999996185302734 107 9.137887954711914
      vertex 47.293800354003906 107 9.408364295959473
      vertex 1.3461980819702148 107 9.408364295959473
    endloop
  endfacet
  facet normal 0 -1 0
    outer loop
      vertex 1.3999996185302734 107 9.137887954711914
      vertex 47.23999786376953 107 9.137887954711914
      vertex 47.293800354003906 107 9.408364295959473
    endloop
  endfacet
  facet normal 0 -1 0
    outer loop
      vertex 1.3999996185302734 107 8.86211109161377
      vertex 47.23999786376953 107 9.137887954711914
      vertex 1.3999996185302734 107 9.137887954711914
    endloop
  endfacet
  facet normal 0 -1 0
    outer loop
      vertex 1.3999996185302734 107 8.86211109161377
      vertex 47.23999786376953 107 8.86211109161377
      vertex 47.23999786376953 107 9.137887954711914
    endloop
  endfacet
  facet normal 0 -1 0
    outer loop
      vertex 1.3461980819702148 107 8.591634750366211
      vertex 47.23999786376953 107 8.86211109161377
      vertex 1.3999996185302734 107 8.86211109161377
    endloop
  endfacet
  facet normal 0 -1 0
    outer loop
      vertex 1.3461980819702148 107 8.591634750366211
      vertex 47.293800354003906 107 8.591634750366211
      vertex 47.23999786376953 107 8.86211109161377
    endloop
  endfacet
  facet normal 0 -1 0
    outer loop
      vertex 1.2406635284423828 107 8.336851119995117
      vertex 47.293800354003906 107 8.591634750366211
      vertex 1.3461980819702148 107 8.591634750366211
    endloop
  endfacet
  facet normal 0 -1 0
    outer loop
      vertex 1.2406635284423828 107 8.336851119995117
      vertex 47.39933776855469 107 8.336851119995117
      vertex 47.293800354003906 107 8.591634750366211
    endloop
  endfacet
  facet normal 0 -1 0
    outer loop
      vertex 1.0874509811401367 107 8.107551574707031
      vertex 47.39933776855469 107 8.336851119995117
      vertex 1.2406635284423828 107 8.336851119995117
    endloop
  endfacet
  facet normal 0 -1 0
    outer loop
      vertex 1.0874509811401367 107 8.107551574707031
      vertex 47.552547454833984 107 8.107551574707031
      vertex 47.39933776855469 107 8.336851119995117
    endloop
  endfacet
  facet normal 0 -1 0
    outer loop
      vertex 0.8924474716186523 107 7.912548065185547
      vertex 47.552547454833984 107 8.107551574707031
      vertex 1.0874509811401367 107 8.107551574707031
    endloop
  endfacet
  facet normal 0 -1 0
    outer loop
      vertex 0.8924474716186523 107 7.912548065185547
      vertex 47.74755096435547 107 7.912548065185547
      vertex 47.552547454833984 107 8.107551574707031
    endloop
  endfacet
  facet normal 0 -1 0
    outer loop
      vertex 0.6631479263305664 107 7.759335517883301
      vertex 47.74755096435547 107 7.912548065185547
      vertex 0.8924474716186523 107 7.912548065185547
    endloop
  endfacet
  facet normal 0 -1 0
    outer loop
      vertex 0.6631479263305664 107 7.759335517883301
      vertex 47.97685241699219 107 7.759335517883301
      vertex 47.74755096435547 107 7.912548065185547
    endloop
  endfacet
  facet normal 0 -1 0
    outer loop
      vertex 0.40836429595947266 107 7.653800964355469
      vertex 47.97685241699219 107 7.759335517883301
      vertex 0.6631479263305664 107 7.759335517883301
    endloop
  endfacet
  facet normal 0 -1 0
    outer loop
      vertex 0.40836429595947266 107 7.653800964355469
      vertex 48.23163604736328 107 7.653800964355469
      vertex 47.97685241699219 107 7.759335517883301
    endloop
  endfacet
  facet normal 0 -1 0
    outer loop
      vertex 62.11408615112305 107 2
      vertex 0.40836429595947266 107 7.653800964355469
      vertex 0.13788795471191406 107 7.59999942779541
    endloop
  endfacet
  facet normal 0 -1 0
    outer loop
      vertex 0.40836429595947266 107 7.653800964355469
      vertex 62.11408615112305 107 2
      vertex 48.23163604736328 107 7.653800964355469
    endloop
  endfacet
  facet normal 0 -1 0
    outer loop
      vertex -0.40836429595947266 107 10.346198081970215
      vertex -62.11408615112305 107 18
      vertex -48.23163604736328 107 10.346198081970215
    endloop
  endfacet
  facet normal 0 -1 0
    outer loop
      vertex -62.11408615112305 107 18
      vertex -0.40836429595947266 107 10.346198081970215
      vertex -0.13788795471191406 107 10.399999618530273
    endloop
  endfacet
  facet normal 0 -1 0
    outer loop
      vertex -47.97685241699219 107 10.240663528442383
      vertex -0.40836429595947266 107 10.346198081970215
      vertex -48.23163604736328 107 10.346198081970215
    endloop
  endfacet
  facet normal 0 -1 0
    outer loop
      vertex -47.97685241699219 107 10.240663528442383
      vertex -0.6631479263305664 107 10.240663528442383
      vertex -0.40836429595947266 107 10.346198081970215
    endloop
  endfacet
  facet normal 0 -1 0
    outer loop
      vertex -47.74755096435547 107 10.087450981140137
      vertex -0.6631479263305664 107 10.240663528442383
      vertex -47.97685241699219 107 10.240663528442383
    endloop
  endfacet
  facet normal 0 -1 0
    outer loop
      vertex -47.74755096435547 107 10.087450981140137
      vertex -0.8924474716186523 107 10.087450981140137
      vertex -0.6631479263305664 107 10.240663528442383
    endloop
  endfacet
  facet normal 0 -1 0
    outer loop
      vertex -47.552547454833984 107 9.892447471618652
      vertex -0.8924474716186523 107 10.087450981140137
      vertex -47.74755096435547 107 10.087450981140137
    endloop
  endfacet
  facet normal 0 -1 0
    outer loop
      vertex -47.552547454833984 107 9.892447471618652
      vertex -1.0874509811401367 107 9.892447471618652
      vertex -0.8924474716186523 107 10.087450981140137
    endloop
  endfacet
  facet normal 0 -1 0
    outer loop
      vertex -47.39933776855469 107 9.663147926330566
      vertex -1.0874509811401367 107 9.892447471618652
      vertex -47.552547454833984 107 9.892447471618652
    endloop
  endfacet
  facet normal 0 -1 0
    outer loop
      vertex -47.39933776855469 107 9.663147926330566
      vertex -1.2406635284423828 107 9.663147926330566
      vertex -1.0874509811401367 107 9.892447471618652
    endloop
  endfacet
  facet normal 0 -1 0
    outer loop
      vertex -47.293800354003906 107 9.408364295959473
      vertex -1.2406635284423828 107 9.663147926330566
      vertex -47.39933776855469 107 9.663147926330566
    endloop
  endfacet
  facet normal 0 -1 0
    outer loop
      vertex -47.293800354003906 107 9.408364295959473
      vertex -1.3461980819702148 107 9.408364295959473
      vertex -1.2406635284423828 107 9.663147926330566
    endloop
  endfacet
  facet normal 0 -1 0
    outer loop
      vertex -47.23999786376953 107 9.137887954711914
      vertex -1.3461980819702148 107 9.408364295959473
      vertex -47.293800354003906 107 9.408364295959473
    endloop
  endfacet
  facet normal 0 -1 0
    outer loop
      vertex -47.23999786376953 107 9.137887954711914
      vertex -1.3999996185302734 107 9.137887954711914
      vertex -1.3461980819702148 107 9.408364295959473
    endloop
  endfacet
  facet normal 0 -1 0
    outer loop
      vertex -47.23999786376953 107 8.86211109161377
      vertex -1.3999996185302734 107 9.137887954711914
      vertex -47.23999786376953 107 9.137887954711914
    endloop
  endfacet
  facet normal 0 -1 0
    outer loop
      vertex -47.23999786376953 107 8.86211109161377
      vertex -1.3999996185302734 107 8.86211109161377
      vertex -1.3999996185302734 107 9.137887954711914
    endloop
  endfacet
  facet normal 0 -1 0
    outer loop
      vertex -47.293800354003906 107 8.591634750366211
      vertex -1.3999996185302734 107 8.86211109161377
      vertex -47.23999786376953 107 8.86211109161377
    endloop
  endfacet
  facet normal 0 -1 0
    outer loop
      vertex -47.293800354003906 107 8.591634750366211
      vertex -1.3461980819702148 107 8.591634750366211
      vertex -1.3999996185302734 107 8.86211109161377
    endloop
  endfacet
  facet normal 0 -1 0
    outer loop
      vertex -47.39933776855469 107 8.336851119995117
      vertex -1.3461980819702148 107 8.591634750366211
      vertex -47.293800354003906 107 8.591634750366211
    endloop
  endfacet
  facet normal 0 -1 0
    outer loop
      vertex -47.39933776855469 107 8.336851119995117
      vertex -1.2406635284423828 107 8.336851119995117
      vertex -1.3461980819702148 107 8.591634750366211
    endloop
  endfacet
  facet normal 0 -1 0
    outer loop
      vertex -47.552547454833984 107 8.107551574707031
      vertex -1.2406635284423828 107 8.336851119995117
      vertex -47.39933776855469 107 8.336851119995117
    endloop
  endfacet
  facet normal 0 -1 0
    outer loop
      vertex -47.552547454833984 107 8.107551574707031
      vertex -1.0874509811401367 107 8.107551574707031
      vertex -1.2406635284423828 107 8.336851119995117
    endloop
  endfacet
  facet normal 0 -1 0
    outer loop
      vertex -47.74755096435547 107 7.912548065185547
      vertex -1.0874509811401367 107 8.107551574707031
      vertex -47.552547454833984 107 8.107551574707031
    endloop
  endfacet
  facet normal 0 -1 0
    outer loop
      vertex -47.74755096435547 107 7.912548065185547
      vertex -0.8924474716186523 107 7.912548065185547
      vertex -1.0874509811401367 107 8.107551574707031
    endloop
  endfacet
  facet normal 0 -1 0
    outer loop
      vertex -47.97685241699219 107 7.759335517883301
      vertex -0.8924474716186523 107 7.912548065185547
      vertex -47.74755096435547 107 7.912548065185547
    endloop
  endfacet
  facet normal 0 -1 0
    outer loop
      vertex -47.97685241699219 107 7.759335517883301
      vertex -0.6631479263305664 107 7.759335517883301
      vertex -0.8924474716186523 107 7.912548065185547
    endloop
  endfacet
  facet normal 0 -1 0
    outer loop
      vertex -48.23163604736328 107 7.653800964355469
      vertex -0.6631479263305664 107 7.759335517883301
      vertex -47.97685241699219 107 7.759335517883301
    endloop
  endfacet
  facet normal 0 -1 0
    outer loop
      vertex -48.23163604736328 107 7.653800964355469
      vertex -0.40836429595947266 107 7.653800964355469
      vertex -0.6631479263305664 107 7.759335517883301
    endloop
  endfacet
  facet normal 0 -1 0
    outer loop
      vertex -62.11408615112305 107 2
      vertex -48.23163604736328 107 7.653800964355469
      vertex -48.502113342285156 107 7.59999942779541
    endloop
  endfacet
  facet normal 0 -1 0
    outer loop
      vertex -48.23163604736328 107 7.653800964355469
      vertex -62.11408615112305 107 2
      vertex -0.40836429595947266 107 7.653800964355469
    endloop
  endfacet
  facet normal 0 -1 0
    outer loop
      vertex -48.502113342285156 107 10.399999618530273
      vertex -62.11408615112305 107 18
      vertex -48.77788543701172 107 10.399999618530273
    endloop
  endfacet
  facet normal 0 -1 0
    outer loop
      vertex -62.11408615112305 107 18
      vertex -49.048362731933594 107 10.346198081970215
      vertex -48.77788543701172 107 10.399999618530273
    endloop
  endfacet
  facet normal 0 -1 0
    outer loop
      vertex -62.11408615112305 107 18
      vertex -49.30314636230469 107 10.240663528442383
      vertex -49.048362731933594 107 10.346198081970215
    endloop
  endfacet
  facet normal 0 -1 0
    outer loop
      vertex -62.11408615112305 107 18
      vertex -49.532447814941406 107 10.087450981140137
      vertex -49.30314636230469 107 10.240663528442383
    endloop
  endfacet
  facet normal 0 -1 0
    outer loop
      vertex -62.11408615112305 107 18
      vertex -49.72745132446289 107 9.892447471618652
      vertex -49.532447814941406 107 10.087450981140137
    endloop
  endfacet
  facet normal 0 -1 0
    outer loop
      vertex -62.11408615112305 107 18
      vertex -49.88066482543945 107 9.663147926330566
      vertex -49.72745132446289 107 9.892447471618652
    endloop
  endfacet
  facet normal 0 -1 0
    outer loop
      vertex -62.11408615112305 107 18
      vertex -49.98619842529297 107 9.408364295959473
      vertex -49.88066482543945 107 9.663147926330566
    endloop
  endfacet
  facet normal 0 -1 0
    outer loop
      vertex -62.11408615112305 107 18
      vertex -50.040000915527344 107 9.137887954711914
      vertex -49.98619842529297 107 9.408364295959473
    endloop
  endfacet
  facet normal 0 -1 0
    outer loop
      vertex -62.11408615112305 107 2
      vertex -50.040000915527344 107 9.137887954711914
      vertex -62.11408615112305 107 18
    endloop
  endfacet
  facet normal 0 -1 0
    outer loop
      vertex -50.040000915527344 107 9.137887954711914
      vertex -62.11408615112305 107 2
      vertex -50.040000915527344 107 8.86211109161377
    endloop
  endfacet
  facet normal 0 -1 0
    outer loop
      vertex -50.040000915527344 107 8.86211109161377
      vertex -62.11408615112305 107 2
      vertex -49.98619842529297 107 8.591634750366211
    endloop
  endfacet
  facet normal 0 -1 0
    outer loop
      vertex -49.98619842529297 107 8.591634750366211
      vertex -62.11408615112305 107 2
      vertex -49.88066482543945 107 8.336851119995117
    endloop
  endfacet
  facet normal 0 -1 0
    outer loop
      vertex -49.88066482543945 107 8.336851119995117
      vertex -62.11408615112305 107 2
      vertex -49.72745132446289 107 8.107551574707031
    endloop
  endfacet
  facet normal 0 -1 0
    outer loop
      vertex -62.11408615112305 107 2
      vertex -48.502113342285156 107 7.59999942779541
      vertex -48.77788543701172 107 7.59999942779541
    endloop
  endfacet
  facet normal 0 -1 0
    outer loop
      vertex -0.40836429595947266 107 7.653800964355469
      vertex -62.11408615112305 107 2
      vertex -0.13788795471191406 107 7.59999942779541
    endloop
  endfacet
  facet normal 0 -1 0
    outer loop
      vertex -0.13788795471191406 107 7.59999942779541
      vertex -62.11408615112305 107 2
      vertex 0.13788795471191406 107 7.59999942779541
    endloop
  endfacet
  facet normal 0 -1 0
    outer loop
      vertex 62.11408615112305 107 2
      vertex 0.13788795471191406 107 7.59999942779541
      vertex -62.11408615112305 107 2
    endloop
  endfacet
  facet normal 0 -1 0
    outer loop
      vertex 48.23163604736328 107 7.653800964355469
      vertex 62.11408615112305 107 2
      vertex 48.502113342285156 107 7.59999942779541
    endloop
  endfacet
  facet normal 0 -1 0
    outer loop
      vertex -49.048362731933594 107 7.653800964355469
      vertex -62.11408615112305 107 2
      vertex -48.77788543701172 107 7.59999942779541
    endloop
  endfacet
  facet normal 0 -1 0
    outer loop
      vertex -49.30314636230469 107 7.759335517883301
      vertex -62.11408615112305 107 2
      vertex -49.048362731933594 107 7.653800964355469
    endloop
  endfacet
  facet normal 0 -1 0
    outer loop
      vertex -49.532447814941406 107 7.912548065185547
      vertex -62.11408615112305 107 2
      vertex -49.30314636230469 107 7.759335517883301
    endloop
  endfacet
  facet normal 0 -1 0
    outer loop
      vertex -49.72745132446289 107 8.107551574707031
      vertex -62.11408615112305 107 2
      vertex -49.532447814941406 107 7.912548065185547
    endloop
  endfacet
  facet normal 0 -1 0
    outer loop
      vertex -48.23163604736328 107 10.346198081970215
      vertex -62.11408615112305 107 18
      vertex -48.502113342285156 107 10.399999618530273
    endloop
  endfacet
  facet normal 0 -1 0
    outer loop
      vertex -62.11408615112305 107 18
      vertex -0.13788795471191406 107 10.399999618530273
      vertex 62.11408615112305 107 18
    endloop
  endfacet
  facet normal 0 -1 0
    outer loop
      vertex 0.13788795471191406 107 10.399999618530273
      vertex 62.11408615112305 107 18
      vertex -0.13788795471191406 107 10.399999618530273
    endloop
  endfacet
  facet normal 0 -1 0
    outer loop
      vertex 0.40836429595947266 107 10.346198081970215
      vertex 62.11408615112305 107 18
      vertex 0.13788795471191406 107 10.399999618530273
    endloop
  endfacet
  facet normal 0 -1 0
    outer loop
      vertex 48.77788543701172 107 10.399999618530273
      vertex 62.11408615112305 107 18
      vertex 48.502113342285156 107 10.399999618530273
    endloop
  endfacet
  facet normal 0 -1 0
    outer loop
      vertex 49.048362731933594 107 10.346198081970215
      vertex 62.11408615112305 107 18
      vertex 48.77788543701172 107 10.399999618530273
    endloop
  endfacet
  facet normal 0 -1 0
    outer loop
      vertex 49.30314636230469 107 10.240663528442383
      vertex 62.11408615112305 107 18
      vertex 49.048362731933594 107 10.346198081970215
    endloop
  endfacet
  facet normal 0 -1 0
    outer loop
      vertex 49.532447814941406 107 10.087450981140137
      vertex 62.11408615112305 107 18
      vertex 49.30314636230469 107 10.240663528442383
    endloop
  endfacet
  facet normal 0 -1 0
    outer loop
      vertex 49.72745132446289 107 9.892447471618652
      vertex 62.11408615112305 107 18
      vertex 49.532447814941406 107 10.087450981140137
    endloop
  endfacet
  facet normal 0 -1 0
    outer loop
      vertex 49.88066482543945 107 9.663147926330566
      vertex 62.11408615112305 107 18
      vertex 49.72745132446289 107 9.892447471618652
    endloop
  endfacet
  facet normal 0 -1 0
    outer loop
      vertex 49.98619842529297 107 9.408364295959473
      vertex 62.11408615112305 107 18
      vertex 49.88066482543945 107 9.663147926330566
    endloop
  endfacet
  facet normal 0 -1 0
    outer loop
      vertex 50.040000915527344 107 9.137887954711914
      vertex 62.11408615112305 107 18
      vertex 49.98619842529297 107 9.408364295959473
    endloop
  endfacet
  facet normal 0 -1 0
    outer loop
      vertex 62.11408615112305 107 2
      vertex 50.040000915527344 107 9.137887954711914
      vertex 50.040000915527344 107 8.86211109161377
    endloop
  endfacet
  facet normal 0 -1 0
    outer loop
      vertex 62.11408615112305 107 2
      vertex 50.040000915527344 107 8.86211109161377
      vertex 49.98619842529297 107 8.591634750366211
    endloop
  endfacet
  facet normal 0 -1 0
    outer loop
      vertex 62.11408615112305 107 2
      vertex 49.98619842529297 107 8.591634750366211
      vertex 49.88066482543945 107 8.336851119995117
    endloop
  endfacet
  facet normal 0 -1 0
    outer loop
      vertex 62.11408615112305 107 2
      vertex 49.88066482543945 107 8.336851119995117
      vertex 49.72745132446289 107 8.107551574707031
    endloop
  endfacet
  facet normal 0 -1 0
    outer loop
      vertex 62.11408615112305 107 2
      vertex 49.72745132446289 107 8.107551574707031
      vertex 49.532447814941406 107 7.912548065185547
    endloop
  endfacet
  facet normal 0 -1 0
    outer loop
      vertex 50.040000915527344 107 9.137887954711914
      vertex 62.11408615112305 107 2
      vertex 62.11408615112305 107 18
    endloop
  endfacet
  facet normal 0 -1 0
    outer loop
      vertex 49.30314636230469 107 7.759335517883301
      vertex 62.11408615112305 107 2
      vertex 49.532447814941406 107 7.912548065185547
    endloop
  endfacet
  facet normal 0 -1 0
    outer loop
      vertex 49.048362731933594 107 7.653800964355469
      vertex 62.11408615112305 107 2
      vertex 49.30314636230469 107 7.759335517883301
    endloop
  endfacet
  facet normal 0 -1 0
    outer loop
      vertex 48.77788543701172 107 7.59999942779541
      vertex 62.11408615112305 107 2
      vertex 49.048362731933594 107 7.653800964355469
    endloop
  endfacet
  facet normal 0 -1 0
    outer loop
      vertex 48.502113342285156 107 7.59999942779541
      vertex 62.11408615112305 107 2
      vertex 48.77788543701172 107 7.59999942779541
    endloop
  endfacet
  facet normal 0 0 -1
    outer loop
      vertex -49.57197952270508 -116.5 11.25
      vertex -47.7080192565918 -110.5 11.25
      vertex -47.7080192565918 -116.5 11.25
    endloop
  endfacet
  facet normal 0 0 -1
    outer loop
      vertex -47.7080192565918 -110.5 11.25
      vertex -49.57197952270508 -116.5 11.25
      vertex -49.57197952270508 -110.5 11.25
    endloop
  endfacet
  facet normal 0 0 1
    outer loop
      vertex -49.57197952270508 -110.5 6.75
      vertex -47.7080192565918 -116.5 6.75
      vertex -47.7080192565918 -110.5 6.75
    endloop
  endfacet
  facet normal 0 0 1
    outer loop
      vertex -47.7080192565918 -116.5 6.75
      vertex -49.57197952270508 -110.5 6.75
      vertex -49.57197952270508 -116.5 6.75
    endloop
  endfacet
  facet normal 1 0 0
    outer loop
      vertex -50.88999938964844 -116.5 9.93198013305664
      vertex -50.88999938964844 -110.5 8.06801986694336
      vertex -50.88999938964844 -110.5 9.93198013305664
    endloop
  endfacet
  facet normal 1 0 0
    outer loop
      vertex -50.88999938964844 -110.5 8.06801986694336
      vertex -50.88999938964844 -116.5 9.93198013305664
      vertex -50.88999938964844 -116.5 8.06801986694336
    endloop
  endfacet
  facet normal -0.7071067811865476 0 0.7071067811865476
    outer loop
      vertex -47.7080192565918 -116.5 6.75
      vertex -46.38999938964844 -110.5 8.06801986694336
      vertex -47.7080192565918 -110.5 6.75
    endloop
  endfacet
  facet normal -0.7071067811865476 0 0.7071067811865476
    outer loop
      vertex -46.38999938964844 -110.5 8.06801986694336
      vertex -47.7080192565918 -116.5 6.75
      vertex -46.38999938964844 -116.5 8.06801986694336
    endloop
  endfacet
  facet normal 0.7071067811865476 0 0.7071067811865476
    outer loop
      vertex -50.88999938964844 -116.5 8.06801986694336
      vertex -49.57197952270508 -110.5 6.75
      vertex -50.88999938964844 -110.5 8.06801986694336
    endloop
  endfacet
  facet normal 0.7071067811865476 0 0.7071067811865476
    outer loop
      vertex -49.57197952270508 -110.5 6.75
      vertex -50.88999938964844 -116.5 8.06801986694336
      vertex -49.57197952270508 -116.5 6.75
    endloop
  endfacet
  facet normal 0.7071067811865476 0 -0.7071067811865476
    outer loop
      vertex -49.57197952270508 -116.5 11.25
      vertex -50.88999938964844 -110.5 9.93198013305664
      vertex -49.57197952270508 -110.5 11.25
    endloop
  endfacet
  facet normal 0.7071067811865476 0 -0.7071067811865476
    outer loop
      vertex -50.88999938964844 -110.5 9.93198013305664
      vertex -49.57197952270508 -116.5 11.25
      vertex -50.88999938964844 -116.5 9.93198013305664
    endloop
  endfacet
  facet normal -0.7071067811865476 0 -0.7071067811865476
    outer loop
      vertex -46.38999938964844 -116.5 9.93198013305664
      vertex -47.7080192565918 -110.5 11.25
      vertex -46.38999938964844 -110.5 9.93198013305664
    endloop
  endfacet
  facet normal -0.7071067811865476 0 -0.7071067811865476
    outer loop
      vertex -47.7080192565918 -110.5 11.25
      vertex -46.38999938964844 -116.5 9.93198013305664
      vertex -47.7080192565918 -116.5 11.25
    endloop
  endfacet
  facet normal -1 0 0
    outer loop
      vertex -46.38999938964844 -116.5 8.06801986694336
      vertex -46.38999938964844 -110.5 9.93198013305664
      vertex -46.38999938964844 -110.5 8.06801986694336
    endloop
  endfacet
  facet normal -1 0 0
    outer loop
      vertex -46.38999938964844 -110.5 9.93198013305664
      vertex -46.38999938964844 -116.5 8.06801986694336
      vertex -46.38999938964844 -116.5 9.93198013305664
    endloop
  endfacet
  facet normal 0 0 -1
    outer loop
      vertex -50.40040588378906 -110.5 13.25
      vertex -46.87959289550781 -107 13.25
      vertex -46.87959289550781 -110.5 13.25
    endloop
  endfacet
  facet normal 0 0 -1
    outer loop
      vertex -46.87959289550781 -107 13.25
      vertex -50.40040588378906 -110.5 13.25
      vertex -50.40040588378906 -107 13.25
    endloop
  endfacet
  facet normal 0 0 1
    outer loop
      vertex -50.40040588378906 -107 4.75
      vertex -46.87959289550781 -110.5 4.75
      vertex -46.87959289550781 -107 4.75
    endloop
  endfacet
  facet normal 0 0 1
    outer loop
      vertex -46.87959289550781 -110.5 4.75
      vertex -50.40040588378906 -107 4.75
      vertex -50.40040588378906 -110.5 4.75
    endloop
  endfacet
  facet normal 1 0 0
    outer loop
      vertex -52.88999938964844 -110.5 10.760407447814941
      vertex -52.88999938964844 -107 7.239592552185059
      vertex -52.88999938964844 -107 10.760407447814941
    endloop
  endfacet
  facet normal 1 0 0
    outer loop
      vertex -52.88999938964844 -107 7.239592552185059
      vertex -52.88999938964844 -110.5 10.760407447814941
      vertex -52.88999938964844 -110.5 7.239592552185059
    endloop
  endfacet
  facet normal -0.7071066457528374 0 0.7071069166202316
    outer loop
      vertex -46.87959289550781 -107 4.75
      vertex -44.38999938964844 -110.5 7.239592552185059
      vertex -44.38999938964844 -107 7.239592552185059
    endloop
  endfacet
  facet normal -0.7071066457528374 0 0.7071069166202316
    outer loop
      vertex -44.38999938964844 -110.5 7.239592552185059
      vertex -46.87959289550781 -107 4.75
      vertex -46.87959289550781 -110.5 4.75
    endloop
  endfacet
  facet normal 0.7071066457528374 0 0.7071069166202316
    outer loop
      vertex -52.88999938964844 -107 7.239592552185059
      vertex -50.40040588378906 -110.5 4.75
      vertex -50.40040588378906 -107 4.75
    endloop
  endfacet
  facet normal 0.7071066457528374 0 0.7071069166202316
    outer loop
      vertex -50.40040588378906 -110.5 4.75
      vertex -52.88999938964844 -107 7.239592552185059
      vertex -52.88999938964844 -110.5 7.239592552185059
    endloop
  endfacet
  facet normal 0.7071066457528374 0 -0.7071069166202316
    outer loop
      vertex -52.88999938964844 -110.5 10.760407447814941
      vertex -50.40040588378906 -107 13.25
      vertex -50.40040588378906 -110.5 13.25
    endloop
  endfacet
  facet normal 0.7071066457528374 0 -0.7071069166202316
    outer loop
      vertex -50.40040588378906 -107 13.25
      vertex -52.88999938964844 -110.5 10.760407447814941
      vertex -52.88999938964844 -107 10.760407447814941
    endloop
  endfacet
  facet normal -0.7071066457528374 0 -0.7071069166202316
    outer loop
      vertex -46.87959289550781 -110.5 13.25
      vertex -44.38999938964844 -107 10.760407447814941
      vertex -44.38999938964844 -110.5 10.760407447814941
    endloop
  endfacet
  facet normal -0.7071066457528374 0 -0.7071069166202316
    outer loop
      vertex -44.38999938964844 -107 10.760407447814941
      vertex -46.87959289550781 -110.5 13.25
      vertex -46.87959289550781 -107 13.25
    endloop
  endfacet
  facet normal 0 1 0
    outer loop
      vertex -46.87959289550781 -110.5 13.25
      vertex -47.7080192565918 -110.5 11.25
      vertex -50.40040588378906 -110.5 13.25
    endloop
  endfacet
  facet normal 0 1 0
    outer loop
      vertex -44.38999938964844 -110.5 10.760407447814941
      vertex -47.7080192565918 -110.5 11.25
      vertex -46.87959289550781 -110.5 13.25
    endloop
  endfacet
  facet normal 0 1 0
    outer loop
      vertex -44.38999938964844 -110.5 10.760407447814941
      vertex -46.38999938964844 -110.5 9.93198013305664
      vertex -47.7080192565918 -110.5 11.25
    endloop
  endfacet
  facet normal 0 1 0
    outer loop
      vertex -44.38999938964844 -110.5 10.760407447814941
      vertex -46.38999938964844 -110.5 8.06801986694336
      vertex -46.38999938964844 -110.5 9.93198013305664
    endloop
  endfacet
  facet normal 0 1 0
    outer loop
      vertex -44.38999938964844 -110.5 7.239592552185059
      vertex -46.38999938964844 -110.5 8.06801986694336
      vertex -44.38999938964844 -110.5 10.760407447814941
    endloop
  endfacet
  facet normal 0 1 0
    outer loop
      vertex -44.38999938964844 -110.5 7.239592552185059
      vertex -47.7080192565918 -110.5 6.75
      vertex -46.38999938964844 -110.5 8.06801986694336
    endloop
  endfacet
  facet normal 0 1 0
    outer loop
      vertex -47.7080192565918 -110.5 6.75
      vertex -46.87959289550781 -110.5 4.75
      vertex -49.57197952270508 -110.5 6.75
    endloop
  endfacet
  facet normal 0 1 0
    outer loop
      vertex -46.87959289550781 -110.5 4.75
      vertex -47.7080192565918 -110.5 6.75
      vertex -44.38999938964844 -110.5 7.239592552185059
    endloop
  endfacet
  facet normal 0 1 0
    outer loop
      vertex -49.57197952270508 -110.5 11.25
      vertex -50.40040588378906 -110.5 13.25
      vertex -47.7080192565918 -110.5 11.25
    endloop
  endfacet
  facet normal 0 1 0
    outer loop
      vertex -49.57197952270508 -110.5 11.25
      vertex -52.88999938964844 -110.5 10.760407447814941
      vertex -50.40040588378906 -110.5 13.25
    endloop
  endfacet
  facet normal 0 1 0
    outer loop
      vertex -50.88999938964844 -110.5 9.93198013305664
      vertex -52.88999938964844 -110.5 10.760407447814941
      vertex -49.57197952270508 -110.5 11.25
    endloop
  endfacet
  facet normal 0 1 0
    outer loop
      vertex -50.88999938964844 -110.5 8.06801986694336
      vertex -52.88999938964844 -110.5 10.760407447814941
      vertex -50.88999938964844 -110.5 9.93198013305664
    endloop
  endfacet
  facet normal 0 1 0
    outer loop
      vertex -50.88999938964844 -110.5 8.06801986694336
      vertex -52.88999938964844 -110.5 7.239592552185059
      vertex -52.88999938964844 -110.5 10.760407447814941
    endloop
  endfacet
  facet normal 0 1 0
    outer loop
      vertex -49.57197952270508 -110.5 6.75
      vertex -52.88999938964844 -110.5 7.239592552185059
      vertex -50.88999938964844 -110.5 8.06801986694336
    endloop
  endfacet
  facet normal 0 1 0
    outer loop
      vertex -50.40040588378906 -110.5 4.75
      vertex -49.57197952270508 -110.5 6.75
      vertex -46.87959289550781 -110.5 4.75
    endloop
  endfacet
  facet normal 0 1 0
    outer loop
      vertex -49.57197952270508 -110.5 6.75
      vertex -50.40040588378906 -110.5 4.75
      vertex -52.88999938964844 -110.5 7.239592552185059
    endloop
  endfacet
  facet normal -1 0 0
    outer loop
      vertex -44.38999938964844 -110.5 7.239592552185059
      vertex -44.38999938964844 -107 10.760407447814941
      vertex -44.38999938964844 -107 7.239592552185059
    endloop
  endfacet
  facet normal -1 0 0
    outer loop
      vertex -44.38999938964844 -107 10.760407447814941
      vertex -44.38999938964844 -110.5 7.239592552185059
      vertex -44.38999938964844 -110.5 10.760407447814941
    endloop
  endfacet
  facet normal 0 0 -1
    outer loop
      vertex 47.7080192565918 -116.5 11.25
      vertex 49.57197952270508 -110.5 11.25
      vertex 49.57197952270508 -116.5 11.25
    endloop
  endfacet
  facet normal 0 0 -1
    outer loop
      vertex 49.57197952270508 -110.5 11.25
      vertex 47.7080192565918 -116.5 11.25
      vertex 47.7080192565918 -110.5 11.25
    endloop
  endfacet
  facet normal 0 0 1
    outer loop
      vertex 47.7080192565918 -110.5 6.75
      vertex 49.57197952270508 -116.5 6.75
      vertex 49.57197952270508 -110.5 6.75
    endloop
  endfacet
  facet normal 0 0 1
    outer loop
      vertex 49.57197952270508 -116.5 6.75
      vertex 47.7080192565918 -110.5 6.75
      vertex 47.7080192565918 -116.5 6.75
    endloop
  endfacet
  facet normal 1 0 0
    outer loop
      vertex 46.38999938964844 -116.5 9.93198013305664
      vertex 46.38999938964844 -110.5 8.06801986694336
      vertex 46.38999938964844 -110.5 9.93198013305664
    endloop
  endfacet
  facet normal 1 0 0
    outer loop
      vertex 46.38999938964844 -110.5 8.06801986694336
      vertex 46.38999938964844 -116.5 9.93198013305664
      vertex 46.38999938964844 -116.5 8.06801986694336
    endloop
  endfacet
  facet normal -0.7071067811865476 0 0.7071067811865476
    outer loop
      vertex 49.57197952270508 -116.5 6.75
      vertex 50.88999938964844 -110.5 8.06801986694336
      vertex 49.57197952270508 -110.5 6.75
    endloop
  endfacet
  facet normal -0.7071067811865476 0 0.7071067811865476
    outer loop
      vertex 50.88999938964844 -110.5 8.06801986694336
      vertex 49.57197952270508 -116.5 6.75
      vertex 50.88999938964844 -116.5 8.06801986694336
    endloop
  endfacet
  facet normal 0.7071067811865476 0 0.7071067811865476
    outer loop
      vertex 46.38999938964844 -116.5 8.06801986694336
      vertex 47.7080192565918 -110.5 6.75
      vertex 46.38999938964844 -110.5 8.06801986694336
    endloop
  endfacet
  facet normal 0.7071067811865476 0 0.7071067811865476
    outer loop
      vertex 47.7080192565918 -110.5 6.75
      vertex 46.38999938964844 -116.5 8.06801986694336
      vertex 47.7080192565918 -116.5 6.75
    endloop
  endfacet
  facet normal 0.7071067811865476 0 -0.7071067811865476
    outer loop
      vertex 47.7080192565918 -116.5 11.25
      vertex 46.38999938964844 -110.5 9.93198013305664
      vertex 47.7080192565918 -110.5 11.25
    endloop
  endfacet
  facet normal 0.7071067811865476 0 -0.7071067811865476
    outer loop
      vertex 46.38999938964844 -110.5 9.93198013305664
      vertex 47.7080192565918 -116.5 11.25
      vertex 46.38999938964844 -116.5 9.93198013305664
    endloop
  endfacet
  facet normal -0.7071067811865476 0 -0.7071067811865476
    outer loop
      vertex 50.88999938964844 -116.5 9.93198013305664
      vertex 49.57197952270508 -110.5 11.25
      vertex 50.88999938964844 -110.5 9.93198013305664
    endloop
  endfacet
  facet normal -0.7071067811865476 0 -0.7071067811865476
    outer loop
      vertex 49.57197952270508 -110.5 11.25
      vertex 50.88999938964844 -116.5 9.93198013305664
      vertex 49.57197952270508 -116.5 11.25
    endloop
  endfacet
  facet normal -1 0 0
    outer loop
      vertex 50.88999938964844 -116.5 8.06801986694336
      vertex 50.88999938964844 -110.5 9.93198013305664
      vertex 50.88999938964844 -110.5 8.06801986694336
    endloop
  endfacet
  facet normal -1 0 0
    outer loop
      vertex 50.88999938964844 -110.5 9.93198013305664
      vertex 50.88999938964844 -116.5 8.06801986694336
      vertex 50.88999938964844 -116.5 9.93198013305664
    endloop
  endfacet
  facet normal 0 0 -1
    outer loop
      vertex 46.87959289550781 -110.5 13.25
      vertex 50.40040588378906 -107 13.25
      vertex 50.40040588378906 -110.5 13.25
    endloop
  endfacet
  facet normal 0 0 -1
    outer loop
      vertex 50.40040588378906 -107 13.25
      vertex 46.87959289550781 -110.5 13.25
      vertex 46.87959289550781 -107 13.25
    endloop
  endfacet
  facet normal 0 0 1
    outer loop
      vertex 46.87959289550781 -107 4.75
      vertex 50.40040588378906 -110.5 4.75
      vertex 50.40040588378906 -107 4.75
    endloop
  endfacet
  facet normal 0 0 1
    outer loop
      vertex 50.40040588378906 -110.5 4.75
      vertex 46.87959289550781 -107 4.75
      vertex 46.87959289550781 -110.5 4.75
    endloop
  endfacet
  facet normal 1 0 0
    outer loop
      vertex 44.38999938964844 -110.5 10.760407447814941
      vertex 44.38999938964844 -107 7.239592552185059
      vertex 44.38999938964844 -107 10.760407447814941
    endloop
  endfacet
  facet normal 1 0 0
    outer loop
      vertex 44.38999938964844 -107 7.239592552185059
      vertex 44.38999938964844 -110.5 10.760407447814941
      vertex 44.38999938964844 -110.5 7.239592552185059
    endloop
  endfacet
  facet normal -0.7071066457528374 0 0.7071069166202316
    outer loop
      vertex 50.40040588378906 -107 4.75
      vertex 52.88999938964844 -110.5 7.239592552185059
      vertex 52.88999938964844 -107 7.239592552185059
    endloop
  endfacet
  facet normal -0.7071066457528374 0 0.7071069166202316
    outer loop
      vertex 52.88999938964844 -110.5 7.239592552185059
      vertex 50.40040588378906 -107 4.75
      vertex 50.40040588378906 -110.5 4.75
    endloop
  endfacet
  facet normal 0.7071066457528374 0 0.7071069166202316
    outer loop
      vertex 44.38999938964844 -107 7.239592552185059
      vertex 46.87959289550781 -110.5 4.75
      vertex 46.87959289550781 -107 4.75
    endloop
  endfacet
  facet normal 0.7071066457528374 0 0.7071069166202316
    outer loop
      vertex 46.87959289550781 -110.5 4.75
      vertex 44.38999938964844 -107 7.239592552185059
      vertex 44.38999938964844 -110.5 7.239592552185059
    endloop
  endfacet
  facet normal 0.7071066457528374 0 -0.7071069166202316
    outer loop
      vertex 44.38999938964844 -110.5 10.760407447814941
      vertex 46.87959289550781 -107 13.25
      vertex 46.87959289550781 -110.5 13.25
    endloop
  endfacet
  facet normal 0.7071066457528374 0 -0.7071069166202316
    outer loop
      vertex 46.87959289550781 -107 13.25
      vertex 44.38999938964844 -110.5 10.760407447814941
      vertex 44.38999938964844 -107 10.760407447814941
    endloop
  endfacet
  facet normal -0.7071066457528374 0 -0.7071069166202316
    outer loop
      vertex 50.40040588378906 -110.5 13.25
      vertex 52.88999938964844 -107 10.760407447814941
      vertex 52.88999938964844 -110.5 10.760407447814941
    endloop
  endfacet
  facet normal -0.7071066457528374 0 -0.7071069166202316
    outer loop
      vertex 52.88999938964844 -107 10.760407447814941
      vertex 50.40040588378906 -110.5 13.25
      vertex 50.40040588378906 -107 13.25
    endloop
  endfacet
  facet normal 0 1 0
    outer loop
      vertex 50.40040588378906 -110.5 13.25
      vertex 49.57197952270508 -110.5 11.25
      vertex 46.87959289550781 -110.5 13.25
    endloop
  endfacet
  facet normal 0 1 0
    outer loop
      vertex 52.88999938964844 -110.5 10.760407447814941
      vertex 49.57197952270508 -110.5 11.25
      vertex 50.40040588378906 -110.5 13.25
    endloop
  endfacet
  facet normal 0 1 0
    outer loop
      vertex 52.88999938964844 -110.5 10.760407447814941
      vertex 50.88999938964844 -110.5 9.93198013305664
      vertex 49.57197952270508 -110.5 11.25
    endloop
  endfacet
  facet normal 0 1 0
    outer loop
      vertex 52.88999938964844 -110.5 10.760407447814941
      vertex 50.88999938964844 -110.5 8.06801986694336
      vertex 50.88999938964844 -110.5 9.93198013305664
    endloop
  endfacet
  facet normal 0 1 0
    outer loop
      vertex 52.88999938964844 -110.5 7.239592552185059
      vertex 50.88999938964844 -110.5 8.06801986694336
      vertex 52.88999938964844 -110.5 10.760407447814941
    endloop
  endfacet
  facet normal 0 1 0
    outer loop
      vertex 52.88999938964844 -110.5 7.239592552185059
      vertex 49.57197952270508 -110.5 6.75
      vertex 50.88999938964844 -110.5 8.06801986694336
    endloop
  endfacet
  facet normal 0 1 0
    outer loop
      vertex 49.57197952270508 -110.5 6.75
      vertex 50.40040588378906 -110.5 4.75
      vertex 47.7080192565918 -110.5 6.75
    endloop
  endfacet
  facet normal 0 1 0
    outer loop
      vertex 50.40040588378906 -110.5 4.75
      vertex 49.57197952270508 -110.5 6.75
      vertex 52.88999938964844 -110.5 7.239592552185059
    endloop
  endfacet
  facet normal 0 1 0
    outer loop
      vertex 47.7080192565918 -110.5 11.25
      vertex 46.87959289550781 -110.5 13.25
      vertex 49.57197952270508 -110.5 11.25
    endloop
  endfacet
  facet normal 0 1 0
    outer loop
      vertex 47.7080192565918 -110.5 11.25
      vertex 44.38999938964844 -110.5 10.760407447814941
      vertex 46.87959289550781 -110.5 13.25
    endloop
  endfacet
  facet normal 0 1 0
    outer loop
      vertex 46.38999938964844 -110.5 9.93198013305664
      vertex 44.38999938964844 -110.5 10.760407447814941
      vertex 47.7080192565918 -110.5 11.25
    endloop
  endfacet
  facet normal 0 1 0
    outer loop
      vertex 46.38999938964844 -110.5 8.06801986694336
      vertex 44.38999938964844 -110.5 10.760407447814941
      vertex 46.38999938964844 -110.5 9.93198013305664
    endloop
  endfacet
  facet normal 0 1 0
    outer loop
      vertex 46.38999938964844 -110.5 8.06801986694336
      vertex 44.38999938964844 -110.5 7.239592552185059
      vertex 44.38999938964844 -110.5 10.760407447814941
    endloop
  endfacet
  facet normal 0 1 0
    outer loop
      vertex 47.7080192565918 -110.5 6.75
      vertex 44.38999938964844 -110.5 7.239592552185059
      vertex 46.38999938964844 -110.5 8.06801986694336
    endloop
  endfacet
  facet normal 0 1 0
    outer loop
      vertex 46.87959289550781 -110.5 4.75
      vertex 47.7080192565918 -110.5 6.75
      vertex 50.40040588378906 -110.5 4.75
    endloop
  endfacet
  facet normal 0 1 0
    outer loop
      vertex 47.7080192565918 -110.5 6.75
      vertex 46.87959289550781 -110.5 4.75
      vertex 44.38999938964844 -110.5 7.239592552185059
    endloop
  endfacet
  facet normal -1 0 0
    outer loop
      vertex 52.88999938964844 -110.5 7.239592552185059
      vertex 52.88999938964844 -107 10.760407447814941
      vertex 52.88999938964844 -107 7.239592552185059
    endloop
  endfacet
  facet normal -1 0 0
    outer loop
      vertex 52.88999938964844 -107 10.760407447814941
      vertex 52.88999938964844 -110.5 7.239592552185059
      vertex 52.88999938964844 -110.5 10.760407447814941
    endloop
  endfacet
  facet normal 0 0 -1
    outer loop
      vertex -0.9319801330566406 -116.5 11.25
      vertex 0.9319801330566406 -110.5 11.25
      vertex 0.9319801330566406 -116.5 11.25
    endloop
  endfacet
  facet normal 0 0 -1
    outer loop
      vertex 0.9319801330566406 -110.5 11.25
      vertex -0.9319801330566406 -116.5 11.25
      vertex -0.9319801330566406 -110.5 11.25
    endloop
  endfacet
  facet normal 0 0 1
    outer loop
      vertex -0.9319801330566406 -110.5 6.75
      vertex 0.9319801330566406 -116.5 6.75
      vertex 0.9319801330566406 -110.5 6.75
    endloop
  endfacet
  facet normal 0 0 1
    outer loop
      vertex 0.9319801330566406 -116.5 6.75
      vertex -0.9319801330566406 -110.5 6.75
      vertex -0.9319801330566406 -116.5 6.75
    endloop
  endfacet
  facet normal 1 0 0
    outer loop
      vertex -2.25 -116.5 9.93198013305664
      vertex -2.25 -110.5 8.06801986694336
      vertex -2.25 -110.5 9.93198013305664
    endloop
  endfacet
  facet normal 1 0 0
    outer loop
      vertex -2.25 -110.5 8.06801986694336
      vertex -2.25 -116.5 9.93198013305664
      vertex -2.25 -116.5 8.06801986694336
    endloop
  endfacet
  facet normal -0.7071067811865476 0 0.7071067811865476
    outer loop
      vertex 0.9319801330566406 -116.5 6.75
      vertex 2.25 -110.5 8.06801986694336
      vertex 0.9319801330566406 -110.5 6.75
    endloop
  endfacet
  facet normal -0.7071067811865476 0 0.7071067811865476
    outer loop
      vertex 2.25 -110.5 8.06801986694336
      vertex 0.9319801330566406 -116.5 6.75
      vertex 2.25 -116.5 8.06801986694336
    endloop
  endfacet
  facet normal 0.7071067811865476 0 0.7071067811865476
    outer loop
      vertex -2.25 -116.5 8.06801986694336
      vertex -0.9319801330566406 -110.5 6.75
      vertex -2.25 -110.5 8.06801986694336
    endloop
  endfacet
  facet normal 0.7071067811865476 0 0.7071067811865476
    outer loop
      vertex -0.9319801330566406 -110.5 6.75
      vertex -2.25 -116.5 8.06801986694336
      vertex -0.9319801330566406 -116.5 6.75
    endloop
  endfacet
  facet normal 0.7071067811865476 0 -0.7071067811865476
    outer loop
      vertex -0.9319801330566406 -116.5 11.25
      vertex -2.25 -110.5 9.93198013305664
      vertex -0.9319801330566406 -110.5 11.25
    endloop
  endfacet
  facet normal 0.7071067811865476 0 -0.7071067811865476
    outer loop
      vertex -2.25 -110.5 9.93198013305664
      vertex -0.9319801330566406 -116.5 11.25
      vertex -2.25 -116.5 9.93198013305664
    endloop
  endfacet
  facet normal -0.7071067811865476 0 -0.7071067811865476
    outer loop
      vertex 2.25 -116.5 9.93198013305664
      vertex 0.9319801330566406 -110.5 11.25
      vertex 2.25 -110.5 9.93198013305664
    endloop
  endfacet
  facet normal -0.7071067811865476 0 -0.7071067811865476
    outer loop
      vertex 0.9319801330566406 -110.5 11.25
      vertex 2.25 -116.5 9.93198013305664
      vertex 0.9319801330566406 -116.5 11.25
    endloop
  endfacet
  facet normal -1 0 0
    outer loop
      vertex 2.25 -116.5 8.06801986694336
      vertex 2.25 -110.5 9.93198013305664
      vertex 2.25 -110.5 8.06801986694336
    endloop
  endfacet
  facet normal -1 0 0
    outer loop
      vertex 2.25 -110.5 9.93198013305664
      vertex 2.25 -116.5 8.06801986694336
      vertex 2.25 -116.5 9.93198013305664
    endloop
  endfacet
  facet normal 0 0 -1
    outer loop
      vertex -1.7604074478149414 -110.5 13.25
      vertex 1.7604074478149414 -107 13.25
      vertex 1.7604074478149414 -110.5 13.25
    endloop
  endfacet
  facet normal 0 0 -1
    outer loop
      vertex 1.7604074478149414 -107 13.25
      vertex -1.7604074478149414 -110.5 13.25
      vertex -1.7604074478149414 -107 13.25
    endloop
  endfacet
  facet normal 0 0 1
    outer loop
      vertex -1.7604074478149414 -107 4.75
      vertex 1.7604074478149414 -110.5 4.75
      vertex 1.7604074478149414 -107 4.75
    endloop
  endfacet
  facet normal 0 0 1
    outer loop
      vertex 1.7604074478149414 -110.5 4.75
      vertex -1.7604074478149414 -107 4.75
      vertex -1.7604074478149414 -110.5 4.75
    endloop
  endfacet
  facet normal 1 0 0
    outer loop
      vertex -4.25 -110.5 10.760407447814941
      vertex -4.25 -107 7.239592552185059
      vertex -4.25 -107 10.760407447814941
    endloop
  endfacet
  facet normal 1 0 0
    outer loop
      vertex -4.25 -107 7.239592552185059
      vertex -4.25 -110.5 10.760407447814941
      vertex -4.25 -110.5 7.239592552185059
    endloop
  endfacet
  facet normal -0.7071067811865476 0 0.7071067811865476
    outer loop
      vertex 1.7604074478149414 -110.5 4.75
      vertex 4.25 -107 7.239592552185059
      vertex 1.7604074478149414 -107 4.75
    endloop
  endfacet
  facet normal -0.7071067811865476 0 0.7071067811865476
    outer loop
      vertex 4.25 -107 7.239592552185059
      vertex 1.7604074478149414 -110.5 4.75
      vertex 4.25 -110.5 7.239592552185059
    endloop
  endfacet
  facet normal 0.7071067811865476 0 0.7071067811865476
    outer loop
      vertex -4.25 -110.5 7.239592552185059
      vertex -1.7604074478149414 -107 4.75
      vertex -4.25 -107 7.239592552185059
    endloop
  endfacet
  facet normal 0.7071067811865476 0 0.7071067811865476
    outer loop
      vertex -1.7604074478149414 -107 4.75
      vertex -4.25 -110.5 7.239592552185059
      vertex -1.7604074478149414 -110.5 4.75
    endloop
  endfacet
  facet normal 0.7071067811865476 0 -0.7071067811865476
    outer loop
      vertex -1.7604074478149414 -110.5 13.25
      vertex -4.25 -107 10.760407447814941
      vertex -1.7604074478149414 -107 13.25
    endloop
  endfacet
  facet normal 0.7071067811865476 0 -0.7071067811865476
    outer loop
      vertex -4.25 -107 10.760407447814941
      vertex -1.7604074478149414 -110.5 13.25
      vertex -4.25 -110.5 10.760407447814941
    endloop
  endfacet
  facet normal -0.7071067811865476 0 -0.7071067811865476
    outer loop
      vertex 4.25 -110.5 10.760407447814941
      vertex 1.7604074478149414 -107 13.25
      vertex 4.25 -107 10.760407447814941
    endloop
  endfacet
  facet normal -0.7071067811865476 0 -0.7071067811865476
    outer loop
      vertex 1.7604074478149414 -107 13.25
      vertex 4.25 -110.5 10.760407447814941
      vertex 1.7604074478149414 -110.5 13.25
    endloop
  endfacet
  facet normal 0 1 0
    outer loop
      vertex 1.7604074478149414 -110.5 13.25
      vertex 0.9319801330566406 -110.5 11.25
      vertex -1.7604074478149414 -110.5 13.25
    endloop
  endfacet
  facet normal 0 1 0
    outer loop
      vertex 4.25 -110.5 10.760407447814941
      vertex 0.9319801330566406 -110.5 11.25
      vertex 1.7604074478149414 -110.5 13.25
    endloop
  endfacet
  facet normal 0 1 0
    outer loop
      vertex 4.25 -110.5 10.760407447814941
      vertex 2.25 -110.5 9.93198013305664
      vertex 0.9319801330566406 -110.5 11.25
    endloop
  endfacet
  facet normal 0 1 0
    outer loop
      vertex 4.25 -110.5 10.760407447814941
      vertex 2.25 -110.5 8.06801986694336
      vertex 2.25 -110.5 9.93198013305664
    endloop
  endfacet
  facet normal 0 1 0
    outer loop
      vertex 4.25 -110.5 7.239592552185059
      vertex 2.25 -110.5 8.06801986694336
      vertex 4.25 -110.5 10.760407447814941
    endloop
  endfacet
  facet normal 0 1 0
    outer loop
      vertex 4.25 -110.5 7.239592552185059
      vertex 0.9319801330566406 -110.5 6.75
      vertex 2.25 -110.5 8.06801986694336
    endloop
  endfacet
  facet normal 0 1 0
    outer loop
      vertex 0.9319801330566406 -110.5 6.75
      vertex 1.7604074478149414 -110.5 4.75
      vertex -0.9319801330566406 -110.5 6.75
    endloop
  endfacet
  facet normal 0 1 0
    outer loop
      vertex 1.7604074478149414 -110.5 4.75
      vertex 0.9319801330566406 -110.5 6.75
      vertex 4.25 -110.5 7.239592552185059
    endloop
  endfacet
  facet normal 0 1 0
    outer loop
      vertex -0.9319801330566406 -110.5 11.25
      vertex -1.7604074478149414 -110.5 13.25
      vertex 0.9319801330566406 -110.5 11.25
    endloop
  endfacet
  facet normal 0 1 0
    outer loop
      vertex -0.9319801330566406 -110.5 11.25
      vertex -4.25 -110.5 10.760407447814941
      vertex -1.7604074478149414 -110.5 13.25
    endloop
  endfacet
  facet normal 0 1 0
    outer loop
      vertex -2.25 -110.5 9.93198013305664
      vertex -4.25 -110.5 10.760407447814941
      vertex -0.9319801330566406 -110.5 11.25
    endloop
  endfacet
  facet normal 0 1 0
    outer loop
      vertex -2.25 -110.5 8.06801986694336
      vertex -4.25 -110.5 10.760407447814941
      vertex -2.25 -110.5 9.93198013305664
    endloop
  endfacet
  facet normal 0 1 0
    outer loop
      vertex -2.25 -110.5 8.06801986694336
      vertex -4.25 -110.5 7.239592552185059
      vertex -4.25 -110.5 10.760407447814941
    endloop
  endfacet
  facet normal 0 1 0
    outer loop
      vertex -0.9319801330566406 -110.5 6.75
      vertex -4.25 -110.5 7.239592552185059
      vertex -2.25 -110.5 8.06801986694336
    endloop
  endfacet
  facet normal 0 1 0
    outer loop
      vertex -1.7604074478149414 -110.5 4.75
      vertex -0.9319801330566406 -110.5 6.75
      vertex 1.7604074478149414 -110.5 4.75
    endloop
  endfacet
  facet normal 0 1 0
    outer loop
      vertex -0.9319801330566406 -110.5 6.75
      vertex -1.7604074478149414 -110.5 4.75
      vertex -4.25 -110.5 7.239592552185059
    endloop
  endfacet
  facet normal -1 0 0
    outer loop
      vertex 4.25 -110.5 7.239592552185059
      vertex 4.25 -107 10.760407447814941
      vertex 4.25 -107 7.239592552185059
    endloop
  endfacet
  facet normal -1 0 0
    outer loop
      vertex 4.25 -107 10.760407447814941
      vertex 4.25 -110.5 7.239592552185059
      vertex 4.25 -110.5 10.760407447814941
    endloop
  endfacet
  facet normal -0.9807843084189944 0 0.19509520844724712
    outer loop
      vertex -47.293800354003906 107 8.591634750366211
      vertex -47.23999786376953 112 8.86211109161377
      vertex -47.293800354003906 112 8.591634750366211
    endloop
  endfacet
  facet normal -0.9807843084189944 0 0.19509520844724712
    outer loop
      vertex -47.23999786376953 112 8.86211109161377
      vertex -47.293800354003906 107 8.591634750366211
      vertex -47.23999786376953 107 8.86211109161377
    endloop
  endfacet
  facet normal 0.9807843084189944 0 -0.19509520844724712
    outer loop
      vertex -49.98619842529297 107 9.408364295959473
      vertex -50.040000915527344 112 9.137887954711914
      vertex -49.98619842529297 112 9.408364295959473
    endloop
  endfacet
  facet normal 0.9807843084189944 0 -0.19509520844724712
    outer loop
      vertex -50.040000915527344 112 9.137887954711914
      vertex -49.98619842529297 107 9.408364295959473
      vertex -50.040000915527344 107 9.137887954711914
    endloop
  endfacet
  facet normal 0.5555657582434581 0 0.8314726022349573
    outer loop
      vertex -49.532447814941406 112 7.912548065185547
      vertex -49.30314636230469 107 7.759335517883301
      vertex -49.30314636230469 112 7.759335517883301
    endloop
  endfacet
  facet normal 0.5555657582434581 0 0.8314726022349573
    outer loop
      vertex -49.30314636230469 107 7.759335517883301
      vertex -49.532447814941406 112 7.912548065185547
      vertex -49.532447814941406 107 7.912548065185547
    endloop
  endfacet
  facet normal -0.7071067811865476 0 0.7071067811865476
    outer loop
      vertex -47.74755096435547 107 7.912548065185547
      vertex -47.552547454833984 112 8.107551574707031
      vertex -47.74755096435547 112 7.912548065185547
    endloop
  endfacet
  facet normal -0.7071067811865476 0 0.7071067811865476
    outer loop
      vertex -47.552547454833984 112 8.107551574707031
      vertex -47.74755096435547 107 7.912548065185547
      vertex -47.552547454833984 107 8.107551574707031
    endloop
  endfacet
  facet normal -0.1950912202223302 0 0.9807851017384809
    outer loop
      vertex -48.502113342285156 112 7.59999942779541
      vertex -48.23163604736328 107 7.653800964355469
      vertex -48.23163604736328 112 7.653800964355469
    endloop
  endfacet
  facet normal -0.1950912202223302 0 0.9807851017384809
    outer loop
      vertex -48.23163604736328 107 7.653800964355469
      vertex -48.502113342285156 112 7.59999942779541
      vertex -48.502113342285156 107 7.59999942779541
    endloop
  endfacet
  facet normal -0.9238762256406537 0 0.3826914157594599
    outer loop
      vertex -47.39933776855469 107 8.336851119995117
      vertex -47.293800354003906 112 8.591634750366211
      vertex -47.39933776855469 112 8.336851119995117
    endloop
  endfacet
  facet normal -0.9238762256406537 0 0.3826914157594599
    outer loop
      vertex -47.293800354003906 112 8.591634750366211
      vertex -47.39933776855469 107 8.336851119995117
      vertex -47.293800354003906 107 8.591634750366211
    endloop
  endfacet
  facet normal -0.5555657582434581 0 0.8314726022349573
    outer loop
      vertex -47.97685241699219 112 7.759335517883301
      vertex -47.74755096435547 107 7.912548065185547
      vertex -47.74755096435547 112 7.912548065185547
    endloop
  endfacet
  facet normal -0.5555657582434581 0 0.8314726022349573
    outer loop
      vertex -47.74755096435547 107 7.912548065185547
      vertex -47.97685241699219 112 7.759335517883301
      vertex -47.97685241699219 107 7.759335517883301
    endloop
  endfacet
  facet normal 1 0 0
    outer loop
      vertex -50.040000915527344 107 9.137887954711914
      vertex -50.040000915527344 112 8.86211109161377
      vertex -50.040000915527344 112 9.137887954711914
    endloop
  endfacet
  facet normal 1 0 0
    outer loop
      vertex -50.040000915527344 112 8.86211109161377
      vertex -50.040000915527344 107 9.137887954711914
      vertex -50.040000915527344 107 8.86211109161377
    endloop
  endfacet
  facet normal -0.8314752598508569 0 0.5555617807732549
    outer loop
      vertex -47.552547454833984 107 8.107551574707031
      vertex -47.39933776855469 112 8.336851119995117
      vertex -47.552547454833984 112 8.107551574707031
    endloop
  endfacet
  facet normal -0.8314752598508569 0 0.5555617807732549
    outer loop
      vertex -47.39933776855469 112 8.336851119995117
      vertex -47.552547454833984 107 8.107551574707031
      vertex -47.39933776855469 107 8.336851119995117
    endloop
  endfacet
  facet normal 0.9238811162216893 0 -0.3826796089275795
    outer loop
      vertex -49.88066482543945 107 9.663147926330566
      vertex -49.98619842529297 112 9.408364295959473
      vertex -49.88066482543945 112 9.663147926330566
    endloop
  endfacet
  facet normal 0.9238811162216893 0 -0.3826796089275795
    outer loop
      vertex -49.98619842529297 112 9.408364295959473
      vertex -49.88066482543945 107 9.663147926330566
      vertex -49.98619842529297 107 9.408364295959473
    endloop
  endfacet
  facet normal -0.9807843084189944 0 -0.19509520844724712
    outer loop
      vertex -47.23999786376953 107 9.137887954711914
      vertex -47.293800354003906 112 9.408364295959473
      vertex -47.23999786376953 112 9.137887954711914
    endloop
  endfacet
  facet normal -0.9807843084189944 0 -0.19509520844724712
    outer loop
      vertex -47.293800354003906 112 9.408364295959473
      vertex -47.23999786376953 107 9.137887954711914
      vertex -47.293800354003906 107 9.408364295959473
    endloop
  endfacet
  facet normal -1 0 0
    outer loop
      vertex -47.23999786376953 107 8.86211109161377
      vertex -47.23999786376953 112 9.137887954711914
      vertex -47.23999786376953 112 8.86211109161377
    endloop
  endfacet
  facet normal -1 0 0
    outer loop
      vertex -47.23999786376953 112 9.137887954711914
      vertex -47.23999786376953 107 8.86211109161377
      vertex -47.23999786376953 107 9.137887954711914
    endloop
  endfacet
  facet normal -0.8314752598508569 0 -0.5555617807732549
    outer loop
      vertex -47.39933776855469 107 9.663147926330566
      vertex -47.552547454833984 112 9.892447471618652
      vertex -47.39933776855469 112 9.663147926330566
    endloop
  endfacet
  facet normal -0.8314752598508569 0 -0.5555617807732549
    outer loop
      vertex -47.552547454833984 112 9.892447471618652
      vertex -47.39933776855469 107 9.663147926330566
      vertex -47.552547454833984 107 9.892447471618652
    endloop
  endfacet
  facet normal 0.8314688700354932 0 0.5555713438991432
    outer loop
      vertex -49.88066482543945 107 8.336851119995117
      vertex -49.72745132446289 112 8.107551574707031
      vertex -49.88066482543945 112 8.336851119995117
    endloop
  endfacet
  facet normal 0.8314688700354932 0 0.5555713438991432
    outer loop
      vertex -49.72745132446289 112 8.107551574707031
      vertex -49.88066482543945 107 8.336851119995117
      vertex -49.72745132446289 107 8.107551574707031
    endloop
  endfacet
  facet normal -0.5555657582434581 0 -0.8314726022349573
    outer loop
      vertex -47.97685241699219 107 10.240663528442383
      vertex -47.74755096435547 112 10.087450981140137
      vertex -47.74755096435547 107 10.087450981140137
    endloop
  endfacet
  facet normal -0.5555657582434581 0 -0.8314726022349573
    outer loop
      vertex -47.74755096435547 112 10.087450981140137
      vertex -47.97685241699219 107 10.240663528442383
      vertex -47.97685241699219 112 10.240663528442383
    endloop
  endfacet
  facet normal 0 0 1
    outer loop
      vertex -48.77788543701172 112 7.59999942779541
      vertex -48.502113342285156 107 7.59999942779541
      vertex -48.502113342285156 112 7.59999942779541
    endloop
  endfacet
  facet normal 0 0 1
    outer loop
      vertex -48.502113342285156 107 7.59999942779541
      vertex -48.77788543701172 112 7.59999942779541
      vertex -48.77788543701172 107 7.59999942779541
    endloop
  endfacet
  facet normal 0.3826825606531277 0 -0.9238798935857222
    outer loop
      vertex -49.30314636230469 107 10.240663528442383
      vertex -49.048362731933594 112 10.346198081970215
      vertex -49.048362731933594 107 10.346198081970215
    endloop
  endfacet
  facet normal 0.3826825606531277 0 -0.9238798935857222
    outer loop
      vertex -49.048362731933594 112 10.346198081970215
      vertex -49.30314636230469 107 10.240663528442383
      vertex -49.30314636230469 112 10.240663528442383
    endloop
  endfacet
  facet normal -0.3826825606531277 0 -0.9238798935857222
    outer loop
      vertex -48.23163604736328 107 10.346198081970215
      vertex -47.97685241699219 112 10.240663528442383
      vertex -47.97685241699219 107 10.240663528442383
    endloop
  endfacet
  facet normal -0.3826825606531277 0 -0.9238798935857222
    outer loop
      vertex -47.97685241699219 112 10.240663528442383
      vertex -48.23163604736328 107 10.346198081970215
      vertex -48.23163604736328 112 10.346198081970215
    endloop
  endfacet
  facet normal -0.9238762256406537 0 -0.3826914157594599
    outer loop
      vertex -47.293800354003906 107 9.408364295959473
      vertex -47.39933776855469 112 9.663147926330566
      vertex -47.293800354003906 112 9.408364295959473
    endloop
  endfacet
  facet normal -0.9238762256406537 0 -0.3826914157594599
    outer loop
      vertex -47.39933776855469 112 9.663147926330566
      vertex -47.293800354003906 107 9.408364295959473
      vertex -47.39933776855469 107 9.663147926330566
    endloop
  endfacet
  facet normal 0.1950912202223302 0 -0.9807851017384809
    outer loop
      vertex -49.048362731933594 107 10.346198081970215
      vertex -48.77788543701172 112 10.399999618530273
      vertex -48.77788543701172 107 10.399999618530273
    endloop
  endfacet
  facet normal 0.1950912202223302 0 -0.9807851017384809
    outer loop
      vertex -48.77788543701172 112 10.399999618530273
      vertex -49.048362731933594 107 10.346198081970215
      vertex -49.048362731933594 112 10.346198081970215
    endloop
  endfacet
  facet normal -0.1950912202223302 0 -0.9807851017384809
    outer loop
      vertex -48.502113342285156 107 10.399999618530273
      vertex -48.23163604736328 112 10.346198081970215
      vertex -48.23163604736328 107 10.346198081970215
    endloop
  endfacet
  facet normal -0.1950912202223302 0 -0.9807851017384809
    outer loop
      vertex -48.23163604736328 112 10.346198081970215
      vertex -48.502113342285156 107 10.399999618530273
      vertex -48.502113342285156 112 10.399999618530273
    endloop
  endfacet
  facet normal 0.9238811162216893 0 0.3826796089275795
    outer loop
      vertex -49.98619842529297 107 8.591634750366211
      vertex -49.88066482543945 112 8.336851119995117
      vertex -49.98619842529297 112 8.591634750366211
    endloop
  endfacet
  facet normal 0.9238811162216893 0 0.3826796089275795
    outer loop
      vertex -49.88066482543945 112 8.336851119995117
      vertex -49.98619842529297 107 8.591634750366211
      vertex -49.88066482543945 107 8.336851119995117
    endloop
  endfacet
  facet normal 0 0 -1
    outer loop
      vertex -48.77788543701172 107 10.399999618530273
      vertex -48.502113342285156 112 10.399999618530273
      vertex -48.502113342285156 107 10.399999618530273
    endloop
  endfacet
  facet normal 0 0 -1
    outer loop
      vertex -48.502113342285156 112 10.399999618530273
      vertex -48.77788543701172 107 10.399999618530273
      vertex -48.77788543701172 112 10.399999618530273
    endloop
  endfacet
  facet normal 0.7071067811865476 0 0.7071067811865476
    outer loop
      vertex -49.72745132446289 107 8.107551574707031
      vertex -49.532447814941406 112 7.912548065185547
      vertex -49.72745132446289 112 8.107551574707031
    endloop
  endfacet
  facet normal 0.7071067811865476 0 0.7071067811865476
    outer loop
      vertex -49.532447814941406 112 7.912548065185547
      vertex -49.72745132446289 107 8.107551574707031
      vertex -49.532447814941406 107 7.912548065185547
    endloop
  endfacet
  facet normal 0.9807843084189944 0 0.19509520844724712
    outer loop
      vertex -50.040000915527344 107 8.86211109161377
      vertex -49.98619842529297 112 8.591634750366211
      vertex -50.040000915527344 112 8.86211109161377
    endloop
  endfacet
  facet normal 0.9807843084189944 0 0.19509520844724712
    outer loop
      vertex -49.98619842529297 112 8.591634750366211
      vertex -50.040000915527344 107 8.86211109161377
      vertex -49.98619842529297 107 8.591634750366211
    endloop
  endfacet
  facet normal -0.7071067811865476 0 -0.7071067811865476
    outer loop
      vertex -47.552547454833984 107 9.892447471618652
      vertex -47.74755096435547 112 10.087450981140137
      vertex -47.552547454833984 112 9.892447471618652
    endloop
  endfacet
  facet normal -0.7071067811865476 0 -0.7071067811865476
    outer loop
      vertex -47.74755096435547 112 10.087450981140137
      vertex -47.552547454833984 107 9.892447471618652
      vertex -47.74755096435547 107 10.087450981140137
    endloop
  endfacet
  facet normal 0.3826825606531277 0 0.9238798935857222
    outer loop
      vertex -49.30314636230469 112 7.759335517883301
      vertex -49.048362731933594 107 7.653800964355469
      vertex -49.048362731933594 112 7.653800964355469
    endloop
  endfacet
  facet normal 0.3826825606531277 0 0.9238798935857222
    outer loop
      vertex -49.048362731933594 107 7.653800964355469
      vertex -49.30314636230469 112 7.759335517883301
      vertex -49.30314636230469 107 7.759335517883301
    endloop
  endfacet
  facet normal -0.3826825606531277 0 0.9238798935857222
    outer loop
      vertex -48.23163604736328 112 7.653800964355469
      vertex -47.97685241699219 107 7.759335517883301
      vertex -47.97685241699219 112 7.759335517883301
    endloop
  endfacet
  facet normal -0.3826825606531277 0 0.9238798935857222
    outer loop
      vertex -47.97685241699219 107 7.759335517883301
      vertex -48.23163604736328 112 7.653800964355469
      vertex -48.23163604736328 107 7.653800964355469
    endloop
  endfacet
  facet normal 0.7071067811865476 0 -0.7071067811865476
    outer loop
      vertex -49.532447814941406 107 10.087450981140137
      vertex -49.72745132446289 112 9.892447471618652
      vertex -49.532447814941406 112 10.087450981140137
    endloop
  endfacet
  facet normal 0.7071067811865476 0 -0.7071067811865476
    outer loop
      vertex -49.72745132446289 112 9.892447471618652
      vertex -49.532447814941406 107 10.087450981140137
      vertex -49.72745132446289 107 9.892447471618652
    endloop
  endfacet
  facet normal 0.8314688700354932 0 -0.5555713438991432
    outer loop
      vertex -49.72745132446289 107 9.892447471618652
      vertex -49.88066482543945 112 9.663147926330566
      vertex -49.72745132446289 112 9.892447471618652
    endloop
  endfacet
  facet normal 0.8314688700354932 0 -0.5555713438991432
    outer loop
      vertex -49.88066482543945 112 9.663147926330566
      vertex -49.72745132446289 107 9.892447471618652
      vertex -49.88066482543945 107 9.663147926330566
    endloop
  endfacet
  facet normal 0.5555657582434581 0 -0.8314726022349573
    outer loop
      vertex -49.532447814941406 107 10.087450981140137
      vertex -49.30314636230469 112 10.240663528442383
      vertex -49.30314636230469 107 10.240663528442383
    endloop
  endfacet
  facet normal 0.5555657582434581 0 -0.8314726022349573
    outer loop
      vertex -49.30314636230469 112 10.240663528442383
      vertex -49.532447814941406 107 10.087450981140137
      vertex -49.532447814941406 112 10.087450981140137
    endloop
  endfacet
  facet normal 0.1950912202223302 0 0.9807851017384809
    outer loop
      vertex -49.048362731933594 112 7.653800964355469
      vertex -48.77788543701172 107 7.59999942779541
      vertex -48.77788543701172 112 7.59999942779541
    endloop
  endfacet
  facet normal 0.1950912202223302 0 0.9807851017384809
    outer loop
      vertex -48.77788543701172 107 7.59999942779541
      vertex -49.048362731933594 112 7.653800964355469
      vertex -49.048362731933594 107 7.653800964355469
    endloop
  endfacet
  facet normal -1 0 0
    outer loop
      vertex 50.040000915527344 107 8.86211109161377
      vertex 50.040000915527344 112 9.137887954711914
      vertex 50.040000915527344 112 8.86211109161377
    endloop
  endfacet
  facet normal -1 0 0
    outer loop
      vertex 50.040000915527344 112 9.137887954711914
      vertex 50.040000915527344 107 8.86211109161377
      vertex 50.040000915527344 107 9.137887954711914
    endloop
  endfacet
  facet normal 0.1950912202223302 0 -0.9807851017384809
    outer loop
      vertex 48.23163604736328 107 10.346198081970215
      vertex 48.502113342285156 112 10.399999618530273
      vertex 48.502113342285156 107 10.399999618530273
    endloop
  endfacet
  facet normal 0.1950912202223302 0 -0.9807851017384809
    outer loop
      vertex 48.502113342285156 112 10.399999618530273
      vertex 48.23163604736328 107 10.346198081970215
      vertex 48.23163604736328 112 10.346198081970215
    endloop
  endfacet
  facet normal 0.5555657582434581 0 0.8314726022349573
    outer loop
      vertex 47.74755096435547 112 7.912548065185547
      vertex 47.97685241699219 107 7.759335517883301
      vertex 47.97685241699219 112 7.759335517883301
    endloop
  endfacet
  facet normal 0.5555657582434581 0 0.8314726022349573
    outer loop
      vertex 47.97685241699219 107 7.759335517883301
      vertex 47.74755096435547 112 7.912548065185547
      vertex 47.74755096435547 107 7.912548065185547
    endloop
  endfacet
  facet normal 0.3826825606531277 0 -0.9238798935857222
    outer loop
      vertex 47.97685241699219 107 10.240663528442383
      vertex 48.23163604736328 112 10.346198081970215
      vertex 48.23163604736328 107 10.346198081970215
    endloop
  endfacet
  facet normal 0.3826825606531277 0 -0.9238798935857222
    outer loop
      vertex 48.23163604736328 112 10.346198081970215
      vertex 47.97685241699219 107 10.240663528442383
      vertex 47.97685241699219 112 10.240663528442383
    endloop
  endfacet
  facet normal -0.9807843084189944 0 0.19509520844724712
    outer loop
      vertex 49.98619842529297 107 8.591634750366211
      vertex 50.040000915527344 112 8.86211109161377
      vertex 49.98619842529297 112 8.591634750366211
    endloop
  endfacet
  facet normal -0.9807843084189944 0 0.19509520844724712
    outer loop
      vertex 50.040000915527344 112 8.86211109161377
      vertex 49.98619842529297 107 8.591634750366211
      vertex 50.040000915527344 107 8.86211109161377
    endloop
  endfacet
  facet normal -0.5555657582434581 0 0.8314726022349573
    outer loop
      vertex 49.30314636230469 112 7.759335517883301
      vertex 49.532447814941406 107 7.912548065185547
      vertex 49.532447814941406 112 7.912548065185547
    endloop
  endfacet
  facet normal -0.5555657582434581 0 0.8314726022349573
    outer loop
      vertex 49.532447814941406 107 7.912548065185547
      vertex 49.30314636230469 112 7.759335517883301
      vertex 49.30314636230469 107 7.759335517883301
    endloop
  endfacet
  facet normal -0.7071067811865476 0 -0.7071067811865476
    outer loop
      vertex 49.72745132446289 107 9.892447471618652
      vertex 49.532447814941406 112 10.087450981140137
      vertex 49.72745132446289 112 9.892447471618652
    endloop
  endfacet
  facet normal -0.7071067811865476 0 -0.7071067811865476
    outer loop
      vertex 49.532447814941406 112 10.087450981140137
      vertex 49.72745132446289 107 9.892447471618652
      vertex 49.532447814941406 107 10.087450981140137
    endloop
  endfacet
  facet normal 0.8314752598508569 0 0.5555617807732549
    outer loop
      vertex 47.39933776855469 107 8.336851119995117
      vertex 47.552547454833984 112 8.107551574707031
      vertex 47.39933776855469 112 8.336851119995117
    endloop
  endfacet
  facet normal 0.8314752598508569 0 0.5555617807732549
    outer loop
      vertex 47.552547454833984 112 8.107551574707031
      vertex 47.39933776855469 107 8.336851119995117
      vertex 47.552547454833984 107 8.107551574707031
    endloop
  endfacet
  facet normal 0.5555657582434581 0 -0.8314726022349573
    outer loop
      vertex 47.74755096435547 107 10.087450981140137
      vertex 47.97685241699219 112 10.240663528442383
      vertex 47.97685241699219 107 10.240663528442383
    endloop
  endfacet
  facet normal 0.5555657582434581 0 -0.8314726022349573
    outer loop
      vertex 47.97685241699219 112 10.240663528442383
      vertex 47.74755096435547 107 10.087450981140137
      vertex 47.74755096435547 112 10.087450981140137
    endloop
  endfacet
  facet normal 0.9807843084189944 0 0.19509520844724712
    outer loop
      vertex 47.23999786376953 107 8.86211109161377
      vertex 47.293800354003906 112 8.591634750366211
      vertex 47.23999786376953 112 8.86211109161377
    endloop
  endfacet
  facet normal 0.9807843084189944 0 0.19509520844724712
    outer loop
      vertex 47.293800354003906 112 8.591634750366211
      vertex 47.23999786376953 107 8.86211109161377
      vertex 47.293800354003906 107 8.591634750366211
    endloop
  endfacet
  facet normal -0.5555657582434581 0 -0.8314726022349573
    outer loop
      vertex 49.30314636230469 107 10.240663528442383
      vertex 49.532447814941406 112 10.087450981140137
      vertex 49.532447814941406 107 10.087450981140137
    endloop
  endfacet
  facet normal -0.5555657582434581 0 -0.8314726022349573
    outer loop
      vertex 49.532447814941406 112 10.087450981140137
      vertex 49.30314636230469 107 10.240663528442383
      vertex 49.30314636230469 112 10.240663528442383
    endloop
  endfacet
  facet normal 0 0 1
    outer loop
      vertex 48.502113342285156 112 7.59999942779541
      vertex 48.77788543701172 107 7.59999942779541
      vertex 48.77788543701172 112 7.59999942779541
    endloop
  endfacet
  facet normal 0 0 1
    outer loop
      vertex 48.77788543701172 107 7.59999942779541
      vertex 48.502113342285156 112 7.59999942779541
      vertex 48.502113342285156 107 7.59999942779541
    endloop
  endfacet
  facet normal 0.8314752598508569 0 -0.5555617807732549
    outer loop
      vertex 47.552547454833984 107 9.892447471618652
      vertex 47.39933776855469 112 9.663147926330566
      vertex 47.552547454833984 112 9.892447471618652
    endloop
  endfacet
  facet normal 0.8314752598508569 0 -0.5555617807732549
    outer loop
      vertex 47.39933776855469 112 9.663147926330566
      vertex 47.552547454833984 107 9.892447471618652
      vertex 47.39933776855469 107 9.663147926330566
    endloop
  endfacet
  facet normal -0.1950912202223302 0 0.9807851017384809
    outer loop
      vertex 48.77788543701172 112 7.59999942779541
      vertex 49.048362731933594 107 7.653800964355469
      vertex 49.048362731933594 112 7.653800964355469
    endloop
  endfacet
  facet normal -0.1950912202223302 0 0.9807851017384809
    outer loop
      vertex 49.048362731933594 107 7.653800964355469
      vertex 48.77788543701172 112 7.59999942779541
      vertex 48.77788543701172 107 7.59999942779541
    endloop
  endfacet
  facet normal 1 0 0
    outer loop
      vertex 47.23999786376953 107 9.137887954711914
      vertex 47.23999786376953 112 8.86211109161377
      vertex 47.23999786376953 112 9.137887954711914
    endloop
  endfacet
  facet normal 1 0 0
    outer loop
      vertex 47.23999786376953 112 8.86211109161377
      vertex 47.23999786376953 107 9.137887954711914
      vertex 47.23999786376953 107 8.86211109161377
    endloop
  endfacet
  facet normal 0.3826825606531277 0 0.9238798935857222
    outer loop
      vertex 47.97685241699219 112 7.759335517883301
      vertex 48.23163604736328 107 7.653800964355469
      vertex 48.23163604736328 112 7.653800964355469
    endloop
  endfacet
  facet normal 0.3826825606531277 0 0.9238798935857222
    outer loop
      vertex 48.23163604736328 107 7.653800964355469
      vertex 47.97685241699219 112 7.759335517883301
      vertex 47.97685241699219 107 7.759335517883301
    endloop
  endfacet
  facet normal -0.8314688700354932 0 0.5555713438991432
    outer loop
      vertex 49.72745132446289 107 8.107551574707031
      vertex 49.88066482543945 112 8.336851119995117
      vertex 49.72745132446289 112 8.107551574707031
    endloop
  endfacet
  facet normal -0.8314688700354932 0 0.5555713438991432
    outer loop
      vertex 49.88066482543945 112 8.336851119995117
      vertex 49.72745132446289 107 8.107551574707031
      vertex 49.88066482543945 107 8.336851119995117
    endloop
  endfacet
  facet normal -0.9807843084189944 0 -0.19509520844724712
    outer loop
      vertex 50.040000915527344 107 9.137887954711914
      vertex 49.98619842529297 112 9.408364295959473
      vertex 50.040000915527344 112 9.137887954711914
    endloop
  endfacet
  facet normal -0.9807843084189944 0 -0.19509520844724712
    outer loop
      vertex 49.98619842529297 112 9.408364295959473
      vertex 50.040000915527344 107 9.137887954711914
      vertex 49.98619842529297 107 9.408364295959473
    endloop
  endfacet
  facet normal -0.8314688700354932 0 -0.5555713438991432
    outer loop
      vertex 49.88066482543945 107 9.663147926330566
      vertex 49.72745132446289 112 9.892447471618652
      vertex 49.88066482543945 112 9.663147926330566
    endloop
  endfacet
  facet normal -0.8314688700354932 0 -0.5555713438991432
    outer loop
      vertex 49.72745132446289 112 9.892447471618652
      vertex 49.88066482543945 107 9.663147926330566
      vertex 49.72745132446289 107 9.892447471618652
    endloop
  endfacet
  facet normal -0.9238811162216893 0 -0.3826796089275795
    outer loop
      vertex 49.98619842529297 107 9.408364295959473
      vertex 49.88066482543945 112 9.663147926330566
      vertex 49.98619842529297 112 9.408364295959473
    endloop
  endfacet
  facet normal -0.9238811162216893 0 -0.3826796089275795
    outer loop
      vertex 49.88066482543945 112 9.663147926330566
      vertex 49.98619842529297 107 9.408364295959473
      vertex 49.88066482543945 107 9.663147926330566
    endloop
  endfacet
  facet normal -0.9238811162216893 0 0.3826796089275795
    outer loop
      vertex 49.88066482543945 107 8.336851119995117
      vertex 49.98619842529297 112 8.591634750366211
      vertex 49.88066482543945 112 8.336851119995117
    endloop
  endfacet
  facet normal -0.9238811162216893 0 0.3826796089275795
    outer loop
      vertex 49.98619842529297 112 8.591634750366211
      vertex 49.88066482543945 107 8.336851119995117
      vertex 49.98619842529297 107 8.591634750366211
    endloop
  endfacet
  facet normal 0.7071067811865476 0 0.7071067811865476
    outer loop
      vertex 47.552547454833984 107 8.107551574707031
      vertex 47.74755096435547 112 7.912548065185547
      vertex 47.552547454833984 112 8.107551574707031
    endloop
  endfacet
  facet normal 0.7071067811865476 0 0.7071067811865476
    outer loop
      vertex 47.74755096435547 112 7.912548065185547
      vertex 47.552547454833984 107 8.107551574707031
      vertex 47.74755096435547 107 7.912548065185547
    endloop
  endfacet
  facet normal -0.3826825606531277 0 0.9238798935857222
    outer loop
      vertex 49.048362731933594 112 7.653800964355469
      vertex 49.30314636230469 107 7.759335517883301
      vertex 49.30314636230469 112 7.759335517883301
    endloop
  endfacet
  facet normal -0.3826825606531277 0 0.9238798935857222
    outer loop
      vertex 49.30314636230469 107 7.759335517883301
      vertex 49.048362731933594 112 7.653800964355469
      vertex 49.048362731933594 107 7.653800964355469
    endloop
  endfacet
  facet normal 0.7071067811865476 0 -0.7071067811865476
    outer loop
      vertex 47.74755096435547 107 10.087450981140137
      vertex 47.552547454833984 112 9.892447471618652
      vertex 47.74755096435547 112 10.087450981140137
    endloop
  endfacet
  facet normal 0.7071067811865476 0 -0.7071067811865476
    outer loop
      vertex 47.552547454833984 112 9.892447471618652
      vertex 47.74755096435547 107 10.087450981140137
      vertex 47.552547454833984 107 9.892447471618652
    endloop
  endfacet
  facet normal 0.9238762256406537 0 0.3826914157594599
    outer loop
      vertex 47.293800354003906 107 8.591634750366211
      vertex 47.39933776855469 112 8.336851119995117
      vertex 47.293800354003906 112 8.591634750366211
    endloop
  endfacet
  facet normal 0.9238762256406537 0 0.3826914157594599
    outer loop
      vertex 47.39933776855469 112 8.336851119995117
      vertex 47.293800354003906 107 8.591634750366211
      vertex 47.39933776855469 107 8.336851119995117
    endloop
  endfacet
  facet normal 0.9807843084189944 0 -0.19509520844724712
    outer loop
      vertex 47.293800354003906 107 9.408364295959473
      vertex 47.23999786376953 112 9.137887954711914
      vertex 47.293800354003906 112 9.408364295959473
    endloop
  endfacet
  facet normal 0.9807843084189944 0 -0.19509520844724712
    outer loop
      vertex 47.23999786376953 112 9.137887954711914
      vertex 47.293800354003906 107 9.408364295959473
      vertex 47.23999786376953 107 9.137887954711914
    endloop
  endfacet
  facet normal 0.9238762256406537 0 -0.3826914157594599
    outer loop
      vertex 47.39933776855469 107 9.663147926330566
      vertex 47.293800354003906 112 9.408364295959473
      vertex 47.39933776855469 112 9.663147926330566
    endloop
  endfacet
  facet normal 0.9238762256406537 0 -0.3826914157594599
    outer loop
      vertex 47.293800354003906 112 9.408364295959473
      vertex 47.39933776855469 107 9.663147926330566
      vertex 47.293800354003906 107 9.408364295959473
    endloop
  endfacet
  facet normal 0 0 -1
    outer loop
      vertex 48.502113342285156 107 10.399999618530273
      vertex 48.77788543701172 112 10.399999618530273
      vertex 48.77788543701172 107 10.399999618530273
    endloop
  endfacet
  facet normal 0 0 -1
    outer loop
      vertex 48.77788543701172 112 10.399999618530273
      vertex 48.502113342285156 107 10.399999618530273
      vertex 48.502113342285156 112 10.399999618530273
    endloop
  endfacet
  facet normal -0.1950912202223302 0 -0.9807851017384809
    outer loop
      vertex 48.77788543701172 107 10.399999618530273
      vertex 49.048362731933594 112 10.346198081970215
      vertex 49.048362731933594 107 10.346198081970215
    endloop
  endfacet
  facet normal -0.1950912202223302 0 -0.9807851017384809
    outer loop
      vertex 49.048362731933594 112 10.346198081970215
      vertex 48.77788543701172 107 10.399999618530273
      vertex 48.77788543701172 112 10.399999618530273
    endloop
  endfacet
  facet normal -0.3826825606531277 0 -0.9238798935857222
    outer loop
      vertex 49.048362731933594 107 10.346198081970215
      vertex 49.30314636230469 112 10.240663528442383
      vertex 49.30314636230469 107 10.240663528442383
    endloop
  endfacet
  facet normal -0.3826825606531277 0 -0.9238798935857222
    outer loop
      vertex 49.30314636230469 112 10.240663528442383
      vertex 49.048362731933594 107 10.346198081970215
      vertex 49.048362731933594 112 10.346198081970215
    endloop
  endfacet
  facet normal -0.7071067811865476 0 0.7071067811865476
    outer loop
      vertex 49.532447814941406 107 7.912548065185547
      vertex 49.72745132446289 112 8.107551574707031
      vertex 49.532447814941406 112 7.912548065185547
    endloop
  endfacet
  facet normal -0.7071067811865476 0 0.7071067811865476
    outer loop
      vertex 49.72745132446289 112 8.107551574707031
      vertex 49.532447814941406 107 7.912548065185547
      vertex 49.72745132446289 107 8.107551574707031
    endloop
  endfacet
  facet normal 0.1950912202223302 0 0.9807851017384809
    outer loop
      vertex 48.23163604736328 112 7.653800964355469
      vertex 48.502113342285156 107 7.59999942779541
      vertex 48.502113342285156 112 7.59999942779541
    endloop
  endfacet
  facet normal 0.1950912202223302 0 0.9807851017384809
    outer loop
      vertex 48.502113342285156 107 7.59999942779541
      vertex 48.23163604736328 112 7.653800964355469
      vertex 48.23163604736328 107 7.653800964355469
    endloop
  endfacet
  facet normal -0.9807849701188125 0 0.1950918819147535
    outer loop
      vertex 1.3461980819702148 107 8.591634750366211
      vertex 1.3999996185302734 112 8.86211109161377
      vertex 1.3461980819702148 112 8.591634750366211
    endloop
  endfacet
  facet normal -0.9807849701188125 0 0.1950918819147535
    outer loop
      vertex 1.3999996185302734 112 8.86211109161377
      vertex 1.3461980819702148 107 8.591634750366211
      vertex 1.3999996185302734 107 8.86211109161377
    endloop
  endfacet
  facet normal 0.7071067811865476 0 -0.7071067811865476
    outer loop
      vertex -0.8924474716186523 107 10.087450981140137
      vertex -1.0874509811401367 112 9.892447471618652
      vertex -0.8924474716186523 112 10.087450981140137
    endloop
  endfacet
  facet normal 0.7071067811865476 0 -0.7071067811865476
    outer loop
      vertex -1.0874509811401367 112 9.892447471618652
      vertex -0.8924474716186523 107 10.087450981140137
      vertex -1.0874509811401367 107 9.892447471618652
    endloop
  endfacet
  facet normal -0.8314704674904384 0 -0.5555689531383408
    outer loop
      vertex 1.2406635284423828 107 9.663147926330566
      vertex 1.0874509811401367 112 9.892447471618652
      vertex 1.2406635284423828 112 9.663147926330566
    endloop
  endfacet
  facet normal -0.8314704674904384 0 -0.5555689531383408
    outer loop
      vertex 1.0874509811401367 112 9.892447471618652
      vertex 1.2406635284423828 107 9.663147926330566
      vertex 1.0874509811401367 107 9.892447471618652
    endloop
  endfacet
  facet normal 0.9807849701188125 0 0.1950918819147535
    outer loop
      vertex -1.3999996185302734 107 8.86211109161377
      vertex -1.3461980819702148 112 8.591634750366211
      vertex -1.3999996185302734 112 8.86211109161377
    endloop
  endfacet
  facet normal 0.9807849701188125 0 0.1950918819147535
    outer loop
      vertex -1.3461980819702148 112 8.591634750366211
      vertex -1.3999996185302734 107 8.86211109161377
      vertex -1.3461980819702148 107 8.591634750366211
    endloop
  endfacet
  facet normal 0.8314704674904384 0 -0.5555689531383408
    outer loop
      vertex -1.0874509811401367 107 9.892447471618652
      vertex -1.2406635284423828 112 9.663147926330566
      vertex -1.0874509811401367 112 9.892447471618652
    endloop
  endfacet
  facet normal 0.8314704674904384 0 -0.5555689531383408
    outer loop
      vertex -1.2406635284423828 112 9.663147926330566
      vertex -1.0874509811401367 107 9.892447471618652
      vertex -1.2406635284423828 107 9.663147926330566
    endloop
  endfacet
  facet normal 0.3826825606531277 0 0.9238798935857222
    outer loop
      vertex -0.6631479263305664 112 7.759335517883301
      vertex -0.40836429595947266 107 7.653800964355469
      vertex -0.40836429595947266 112 7.653800964355469
    endloop
  endfacet
  facet normal 0.3826825606531277 0 0.9238798935857222
    outer loop
      vertex -0.40836429595947266 107 7.653800964355469
      vertex -0.6631479263305664 112 7.759335517883301
      vertex -0.6631479263305664 107 7.759335517883301
    endloop
  endfacet
  facet normal -0.7071067811865476 0 0.7071067811865476
    outer loop
      vertex 0.8924474716186523 107 7.912548065185547
      vertex 1.0874509811401367 112 8.107551574707031
      vertex 0.8924474716186523 112 7.912548065185547
    endloop
  endfacet
  facet normal -0.7071067811865476 0 0.7071067811865476
    outer loop
      vertex 1.0874509811401367 112 8.107551574707031
      vertex 0.8924474716186523 107 7.912548065185547
      vertex 1.0874509811401367 107 8.107551574707031
    endloop
  endfacet
  facet normal -0.3826825606531277 0 0.9238798935857222
    outer loop
      vertex 0.40836429595947266 112 7.653800964355469
      vertex 0.6631479263305664 107 7.759335517883301
      vertex 0.6631479263305664 112 7.759335517883301
    endloop
  endfacet
  facet normal -0.3826825606531277 0 0.9238798935857222
    outer loop
      vertex 0.6631479263305664 107 7.759335517883301
      vertex 0.40836429595947266 112 7.653800964355469
      vertex 0.40836429595947266 107 7.653800964355469
    endloop
  endfacet
  facet normal -0.9238798935857222 0 -0.3826825606531277
    outer loop
      vertex 1.3461980819702148 107 9.408364295959473
      vertex 1.2406635284423828 112 9.663147926330566
      vertex 1.3461980819702148 112 9.408364295959473
    endloop
  endfacet
  facet normal -0.9238798935857222 0 -0.3826825606531277
    outer loop
      vertex 1.2406635284423828 112 9.663147926330566
      vertex 1.3461980819702148 107 9.408364295959473
      vertex 1.2406635284423828 107 9.663147926330566
    endloop
  endfacet
  facet normal -0.5555689531383408 0 -0.8314704674904384
    outer loop
      vertex 0.6631479263305664 107 10.240663528442383
      vertex 0.8924474716186523 112 10.087450981140137
      vertex 0.8924474716186523 107 10.087450981140137
    endloop
  endfacet
  facet normal -0.5555689531383408 0 -0.8314704674904384
    outer loop
      vertex 0.8924474716186523 112 10.087450981140137
      vertex 0.6631479263305664 107 10.240663528442383
      vertex 0.6631479263305664 112 10.240663528442383
    endloop
  endfacet
  facet normal 0.9807849701188125 0 -0.1950918819147535
    outer loop
      vertex -1.3461980819702148 107 9.408364295959473
      vertex -1.3999996185302734 112 9.137887954711914
      vertex -1.3461980819702148 112 9.408364295959473
    endloop
  endfacet
  facet normal 0.9807849701188125 0 -0.1950918819147535
    outer loop
      vertex -1.3999996185302734 112 9.137887954711914
      vertex -1.3461980819702148 107 9.408364295959473
      vertex -1.3999996185302734 107 9.137887954711914
    endloop
  endfacet
  facet normal 0.8314704674904384 0 0.5555689531383408
    outer loop
      vertex -1.2406635284423828 107 8.336851119995117
      vertex -1.0874509811401367 112 8.107551574707031
      vertex -1.2406635284423828 112 8.336851119995117
    endloop
  endfacet
  facet normal 0.8314704674904384 0 0.5555689531383408
    outer loop
      vertex -1.0874509811401367 112 8.107551574707031
      vertex -1.2406635284423828 107 8.336851119995117
      vertex -1.0874509811401367 107 8.107551574707031
    endloop
  endfacet
  facet normal -0.9238798935857222 0 0.3826825606531277
    outer loop
      vertex 1.2406635284423828 107 8.336851119995117
      vertex 1.3461980819702148 112 8.591634750366211
      vertex 1.2406635284423828 112 8.336851119995117
    endloop
  endfacet
  facet normal -0.9238798935857222 0 0.3826825606531277
    outer loop
      vertex 1.3461980819702148 112 8.591634750366211
      vertex 1.2406635284423828 107 8.336851119995117
      vertex 1.3461980819702148 107 8.591634750366211
    endloop
  endfacet
  facet normal -0.1950918819147535 0 0.9807849701188125
    outer loop
      vertex 0.13788795471191406 112 7.59999942779541
      vertex 0.40836429595947266 107 7.653800964355469
      vertex 0.40836429595947266 112 7.653800964355469
    endloop
  endfacet
  facet normal -0.1950918819147535 0 0.9807849701188125
    outer loop
      vertex 0.40836429595947266 107 7.653800964355469
      vertex 0.13788795471191406 112 7.59999942779541
      vertex 0.13788795471191406 107 7.59999942779541
    endloop
  endfacet
  facet normal -0.9807849701188125 0 -0.1950918819147535
    outer loop
      vertex 1.3999996185302734 107 9.137887954711914
      vertex 1.3461980819702148 112 9.408364295959473
      vertex 1.3999996185302734 112 9.137887954711914
    endloop
  endfacet
  facet normal -0.9807849701188125 0 -0.1950918819147535
    outer loop
      vertex 1.3461980819702148 112 9.408364295959473
      vertex 1.3999996185302734 107 9.137887954711914
      vertex 1.3461980819702148 107 9.408364295959473
    endloop
  endfacet
  facet normal -0.8314704674904384 0 0.5555689531383408
    outer loop
      vertex 1.0874509811401367 107 8.107551574707031
      vertex 1.2406635284423828 112 8.336851119995117
      vertex 1.0874509811401367 112 8.107551574707031
    endloop
  endfacet
  facet normal -0.8314704674904384 0 0.5555689531383408
    outer loop
      vertex 1.2406635284423828 112 8.336851119995117
      vertex 1.0874509811401367 107 8.107551574707031
      vertex 1.2406635284423828 107 8.336851119995117
    endloop
  endfacet
  facet normal 0.7071067811865476 0 0.7071067811865476
    outer loop
      vertex -1.0874509811401367 107 8.107551574707031
      vertex -0.8924474716186523 112 7.912548065185547
      vertex -1.0874509811401367 112 8.107551574707031
    endloop
  endfacet
  facet normal 0.7071067811865476 0 0.7071067811865476
    outer loop
      vertex -0.8924474716186523 112 7.912548065185547
      vertex -1.0874509811401367 107 8.107551574707031
      vertex -0.8924474716186523 107 7.912548065185547
    endloop
  endfacet
  facet normal 1 0 0
    outer loop
      vertex -1.3999996185302734 107 9.137887954711914
      vertex -1.3999996185302734 112 8.86211109161377
      vertex -1.3999996185302734 112 9.137887954711914
    endloop
  endfacet
  facet normal 1 0 0
    outer loop
      vertex -1.3999996185302734 112 8.86211109161377
      vertex -1.3999996185302734 107 9.137887954711914
      vertex -1.3999996185302734 107 8.86211109161377
    endloop
  endfacet
  facet normal 0 0 1
    outer loop
      vertex -0.13788795471191406 112 7.59999942779541
      vertex 0.13788795471191406 107 7.59999942779541
      vertex 0.13788795471191406 112 7.59999942779541
    endloop
  endfacet
  facet normal 0 0 1
    outer loop
      vertex 0.13788795471191406 107 7.59999942779541
      vertex -0.13788795471191406 112 7.59999942779541
      vertex -0.13788795471191406 107 7.59999942779541
    endloop
  endfacet
  facet normal -0.1950918819147535 0 -0.9807849701188125
    outer loop
      vertex 0.13788795471191406 107 10.399999618530273
      vertex 0.40836429595947266 112 10.346198081970215
      vertex 0.40836429595947266 107 10.346198081970215
    endloop
  endfacet
  facet normal -0.1950918819147535 0 -0.9807849701188125
    outer loop
      vertex 0.40836429595947266 112 10.346198081970215
      vertex 0.13788795471191406 107 10.399999618530273
      vertex 0.13788795471191406 112 10.399999618530273
    endloop
  endfacet
  facet normal 0.3826825606531277 0 -0.9238798935857222
    outer loop
      vertex -0.6631479263305664 107 10.240663528442383
      vertex -0.40836429595947266 112 10.346198081970215
      vertex -0.40836429595947266 107 10.346198081970215
    endloop
  endfacet
  facet normal 0.3826825606531277 0 -0.9238798935857222
    outer loop
      vertex -0.40836429595947266 112 10.346198081970215
      vertex -0.6631479263305664 107 10.240663528442383
      vertex -0.6631479263305664 112 10.240663528442383
    endloop
  endfacet
  facet normal -0.5555689531383408 0 0.8314704674904384
    outer loop
      vertex 0.6631479263305664 112 7.759335517883301
      vertex 0.8924474716186523 107 7.912548065185547
      vertex 0.8924474716186523 112 7.912548065185547
    endloop
  endfacet
  facet normal -0.5555689531383408 0 0.8314704674904384
    outer loop
      vertex 0.8924474716186523 107 7.912548065185547
      vertex 0.6631479263305664 112 7.759335517883301
      vertex 0.6631479263305664 107 7.759335517883301
    endloop
  endfacet
  facet normal -1 0 0
    outer loop
      vertex 1.3999996185302734 107 8.86211109161377
      vertex 1.3999996185302734 112 9.137887954711914
      vertex 1.3999996185302734 112 8.86211109161377
    endloop
  endfacet
  facet normal -1 0 0
    outer loop
      vertex 1.3999996185302734 112 9.137887954711914
      vertex 1.3999996185302734 107 8.86211109161377
      vertex 1.3999996185302734 107 9.137887954711914
    endloop
  endfacet
  facet normal 0.5555689531383408 0 -0.8314704674904384
    outer loop
      vertex -0.8924474716186523 107 10.087450981140137
      vertex -0.6631479263305664 112 10.240663528442383
      vertex -0.6631479263305664 107 10.240663528442383
    endloop
  endfacet
  facet normal 0.5555689531383408 0 -0.8314704674904384
    outer loop
      vertex -0.6631479263305664 112 10.240663528442383
      vertex -0.8924474716186523 107 10.087450981140137
      vertex -0.8924474716186523 112 10.087450981140137
    endloop
  endfacet
  facet normal 0.9238798935857222 0 0.3826825606531277
    outer loop
      vertex -1.3461980819702148 107 8.591634750366211
      vertex -1.2406635284423828 112 8.336851119995117
      vertex -1.3461980819702148 112 8.591634750366211
    endloop
  endfacet
  facet normal 0.9238798935857222 0 0.3826825606531277
    outer loop
      vertex -1.2406635284423828 112 8.336851119995117
      vertex -1.3461980819702148 107 8.591634750366211
      vertex -1.2406635284423828 107 8.336851119995117
    endloop
  endfacet
  facet normal 0.9238798935857222 0 -0.3826825606531277
    outer loop
      vertex -1.2406635284423828 107 9.663147926330566
      vertex -1.3461980819702148 112 9.408364295959473
      vertex -1.2406635284423828 112 9.663147926330566
    endloop
  endfacet
  facet normal 0.9238798935857222 0 -0.3826825606531277
    outer loop
      vertex -1.3461980819702148 112 9.408364295959473
      vertex -1.2406635284423828 107 9.663147926330566
      vertex -1.3461980819702148 107 9.408364295959473
    endloop
  endfacet
  facet normal -0.3826825606531277 0 -0.9238798935857222
    outer loop
      vertex 0.40836429595947266 107 10.346198081970215
      vertex 0.6631479263305664 112 10.240663528442383
      vertex 0.6631479263305664 107 10.240663528442383
    endloop
  endfacet
  facet normal -0.3826825606531277 0 -0.9238798935857222
    outer loop
      vertex 0.6631479263305664 112 10.240663528442383
      vertex 0.40836429595947266 107 10.346198081970215
      vertex 0.40836429595947266 112 10.346198081970215
    endloop
  endfacet
  facet normal 0.1950918819147535 0 -0.9807849701188125
    outer loop
      vertex -0.40836429595947266 107 10.346198081970215
      vertex -0.13788795471191406 112 10.399999618530273
      vertex -0.13788795471191406 107 10.399999618530273
    endloop
  endfacet
  facet normal 0.1950918819147535 0 -0.9807849701188125
    outer loop
      vertex -0.13788795471191406 112 10.399999618530273
      vertex -0.40836429595947266 107 10.346198081970215
      vertex -0.40836429595947266 112 10.346198081970215
    endloop
  endfacet
  facet normal -0.7071067811865476 0 -0.7071067811865476
    outer loop
      vertex 1.0874509811401367 107 9.892447471618652
      vertex 0.8924474716186523 112 10.087450981140137
      vertex 1.0874509811401367 112 9.892447471618652
    endloop
  endfacet
  facet normal -0.7071067811865476 0 -0.7071067811865476
    outer loop
      vertex 0.8924474716186523 112 10.087450981140137
      vertex 1.0874509811401367 107 9.892447471618652
      vertex 0.8924474716186523 107 10.087450981140137
    endloop
  endfacet
  facet normal 0 0 -1
    outer loop
      vertex -0.13788795471191406 107 10.399999618530273
      vertex 0.13788795471191406 112 10.399999618530273
      vertex 0.13788795471191406 107 10.399999618530273
    endloop
  endfacet
  facet normal 0 0 -1
    outer loop
      vertex 0.13788795471191406 112 10.399999618530273
      vertex -0.13788795471191406 107 10.399999618530273
      vertex -0.13788795471191406 112 10.399999618530273
    endloop
  endfacet
  facet normal 0.5555689531383408 0 0.8314704674904384
    outer loop
      vertex -0.8924474716186523 112 7.912548065185547
      vertex -0.6631479263305664 107 7.759335517883301
      vertex -0.6631479263305664 112 7.759335517883301
    endloop
  endfacet
  facet normal 0.5555689531383408 0 0.8314704674904384
    outer loop
      vertex -0.6631479263305664 107 7.759335517883301
      vertex -0.8924474716186523 112 7.912548065185547
      vertex -0.8924474716186523 107 7.912548065185547
    endloop
  endfacet
  facet normal 0.1950918819147535 0 0.9807849701188125
    outer loop
      vertex -0.40836429595947266 112 7.653800964355469
      vertex -0.13788795471191406 107 7.59999942779541
      vertex -0.13788795471191406 112 7.59999942779541
    endloop
  endfacet
  facet normal 0.1950918819147535 0 0.9807849701188125
    outer loop
      vertex -0.13788795471191406 107 7.59999942779541
      vertex -0.40836429595947266 112 7.653800964355469
      vertex -0.40836429595947266 107 7.653800964355469
    endloop
  endfacet
endsolid OpenSCAD_Model
