solid OpenSCAD_Model
  facet normal -0.9769820328952922 0.19435114050338553 -0.08794169423439341
    outer loop
      vertex 75.0999984741211 2.09999942779541 -91.00613403320312
      vertex 75.13074493408203 21.53335189819336 -48.400001525878906
      vertex 75.13074493408203 2.09999942779541 -91.34770965576172
    endloop
  endfacet
  facet normal -0.9769823154299244 0.1943499632836881 -0.08794115708138495
    outer loop
      vertex 75.13074493408203 21.53335189819336 -48.400001525878906
      vertex 75.0999984741211 2.09999942779541 -91.00613403320312
      vertex 75.0999984741211 21.37879180908203 -48.400001525878906
    endloop
  endfacet
  facet normal 0 0 1
    outer loop
      vertex 88 21.37879180908203 -45.20000076293945
      vertex 83.23274993896484 12.610456466674805 -45.20000076293945
      vertex 83.30000305175781 12.272359848022461 -45.20000076293945
    endloop
  endfacet
  facet normal 0 0 1
    outer loop
      vertex 88 21.37879180908203 -45.20000076293945
      vertex 83.100830078125 12.928936004638672 -45.20000076293945
      vertex 83.23274993896484 12.610456466674805 -45.20000076293945
    endloop
  endfacet
  facet normal 0 0 1
    outer loop
      vertex 88 21.37879180908203 -45.20000076293945
      vertex 82.90930938720703 13.215559959411621 -45.20000076293945
      vertex 83.100830078125 12.928936004638672 -45.20000076293945
    endloop
  endfacet
  facet normal 0 0 1
    outer loop
      vertex 88 21.37879180908203 -45.20000076293945
      vertex 82.66555786132812 13.45931339263916 -45.20000076293945
      vertex 82.90930938720703 13.215559959411621 -45.20000076293945
    endloop
  endfacet
  facet normal 0 0 1
    outer loop
      vertex 88 21.37879180908203 -45.20000076293945
      vertex 82.37893676757812 13.650829315185547 -45.20000076293945
      vertex 82.66555786132812 13.45931339263916 -45.20000076293945
    endloop
  endfacet
  facet normal 0 0 1
    outer loop
      vertex 87.27879333496094 22.099998474121094 -45.20000076293945
      vertex 82.06045532226562 13.782748222351074 -45.20000076293945
      vertex 82.37893676757812 13.650829315185547 -45.20000076293945
    endloop
  endfacet
  facet normal 0 0 1
    outer loop
      vertex 87.27879333496094 22.099998474121094 -45.20000076293945
      vertex 81.72235870361328 13.850000381469727 -45.20000076293945
      vertex 82.06045532226562 13.782748222351074 -45.20000076293945
    endloop
  endfacet
  facet normal 0 0 1
    outer loop
      vertex 87.27879333496094 22.099998474121094 -45.20000076293945
      vertex 81.37763977050781 13.850000381469727 -45.20000076293945
      vertex 81.72235870361328 13.850000381469727 -45.20000076293945
    endloop
  endfacet
  facet normal 0 0 1
    outer loop
      vertex 75.82120513916016 22.099998474121094 -45.20000076293945
      vertex 81.37763977050781 13.850000381469727 -45.20000076293945
      vertex 87.27879333496094 22.099998474121094 -45.20000076293945
    endloop
  endfacet
  facet normal 0 0 1
    outer loop
      vertex 81.37763977050781 13.850000381469727 -45.20000076293945
      vertex 75.82120513916016 22.099998474121094 -45.20000076293945
      vertex 81.03954315185547 13.782748222351074 -45.20000076293945
    endloop
  endfacet
  facet normal 0 0 1
    outer loop
      vertex 81.03954315185547 13.782748222351074 -45.20000076293945
      vertex 75.82120513916016 22.099998474121094 -45.20000076293945
      vertex 80.72106170654297 13.650829315185547 -45.20000076293945
    endloop
  endfacet
  facet normal 0 0 1
    outer loop
      vertex 75.0999984741211 21.37879180908203 -45.20000076293945
      vertex 80.72106170654297 13.650829315185547 -45.20000076293945
      vertex 75.82120513916016 22.099998474121094 -45.20000076293945
    endloop
  endfacet
  facet normal 0 0 1
    outer loop
      vertex 79.86724853515625 12.610456466674805 -45.20000076293945
      vertex 75.0999984741211 21.37879180908203 -45.20000076293945
      vertex 79.80000305175781 12.272359848022461 -45.20000076293945
    endloop
  endfacet
  facet normal 0 0 1
    outer loop
      vertex 79.9991683959961 12.928936004638672 -45.20000076293945
      vertex 75.0999984741211 21.37879180908203 -45.20000076293945
      vertex 79.86724853515625 12.610456466674805 -45.20000076293945
    endloop
  endfacet
  facet normal 0 0 1
    outer loop
      vertex 80.19068908691406 13.215559959411621 -45.20000076293945
      vertex 75.0999984741211 21.37879180908203 -45.20000076293945
      vertex 79.9991683959961 12.928936004638672 -45.20000076293945
    endloop
  endfacet
  facet normal 0 0 1
    outer loop
      vertex 80.43444061279297 13.45931339263916 -45.20000076293945
      vertex 75.0999984741211 21.37879180908203 -45.20000076293945
      vertex 80.19068908691406 13.215559959411621 -45.20000076293945
    endloop
  endfacet
  facet normal 0 0 1
    outer loop
      vertex 80.72106170654297 13.650829315185547 -45.20000076293945
      vertex 75.0999984741211 21.37879180908203 -45.20000076293945
      vertex 80.43444061279297 13.45931339263916 -45.20000076293945
    endloop
  endfacet
  facet normal 0 0 1
    outer loop
      vertex 87.27879333496094 22.099998474121094 -45.20000076293945
      vertex 88 21.37879180908203 -45.20000076293945
      vertex 87.96925354003906 21.53335189819336 -45.20000076293945
    endloop
  endfacet
  facet normal 0 0 1
    outer loop
      vertex 87.27879333496094 22.099998474121094 -45.20000076293945
      vertex 87.96925354003906 21.53335189819336 -45.20000076293945
      vertex 87.90895080566406 21.67894172668457 -45.20000076293945
    endloop
  endfacet
  facet normal 0 0 1
    outer loop
      vertex 87.27879333496094 22.099998474121094 -45.20000076293945
      vertex 87.90895080566406 21.67894172668457 -45.20000076293945
      vertex 87.82140350341797 21.80997085571289 -45.20000076293945
    endloop
  endfacet
  facet normal 0 0 1
    outer loop
      vertex 87.27879333496094 22.099998474121094 -45.20000076293945
      vertex 87.82140350341797 21.80997085571289 -45.20000076293945
      vertex 87.70996856689453 21.92140007019043 -45.20000076293945
    endloop
  endfacet
  facet normal 0 0 1
    outer loop
      vertex 87.27879333496094 22.099998474121094 -45.20000076293945
      vertex 87.70996856689453 21.92140007019043 -45.20000076293945
      vertex 87.57894134521484 22.008949279785156 -45.20000076293945
    endloop
  endfacet
  facet normal 0 0 1
    outer loop
      vertex 87.27879333496094 22.099998474121094 -45.20000076293945
      vertex 87.57894134521484 22.008949279785156 -45.20000076293945
      vertex 87.433349609375 22.069255828857422 -45.20000076293945
    endloop
  endfacet
  facet normal 0 0 1
    outer loop
      vertex 82.37893676757812 13.650829315185547 -45.20000076293945
      vertex 88 21.37879180908203 -45.20000076293945
      vertex 87.27879333496094 22.099998474121094 -45.20000076293945
    endloop
  endfacet
  facet normal 0 0 1
    outer loop
      vertex 88 21.37879180908203 -45.20000076293945
      vertex 83.30000305175781 12.272359848022461 -45.20000076293945
      vertex 83.30000305175781 11.927640914916992 -45.20000076293945
    endloop
  endfacet
  facet normal 0 0 1
    outer loop
      vertex 88 21.37879180908203 -45.20000076293945
      vertex 83.30000305175781 11.927640914916992 -45.20000076293945
      vertex 88 2.09999942779541 -45.20000076293945
    endloop
  endfacet
  facet normal 0 0 1
    outer loop
      vertex 83.23274993896484 11.589544296264648 -45.20000076293945
      vertex 88 2.09999942779541 -45.20000076293945
      vertex 83.30000305175781 11.927640914916992 -45.20000076293945
    endloop
  endfacet
  facet normal 0 0 1
    outer loop
      vertex 83.100830078125 11.271064758300781 -45.20000076293945
      vertex 88 2.09999942779541 -45.20000076293945
      vertex 83.23274993896484 11.589544296264648 -45.20000076293945
    endloop
  endfacet
  facet normal 0 0 1
    outer loop
      vertex 82.90930938720703 10.984440803527832 -45.20000076293945
      vertex 88 2.09999942779541 -45.20000076293945
      vertex 83.100830078125 11.271064758300781 -45.20000076293945
    endloop
  endfacet
  facet normal 0 0 1
    outer loop
      vertex 82.66555786132812 10.740687370300293 -45.20000076293945
      vertex 88 2.09999942779541 -45.20000076293945
      vertex 82.90930938720703 10.984440803527832 -45.20000076293945
    endloop
  endfacet
  facet normal 0 0 1
    outer loop
      vertex 82.37893676757812 10.549171447753906 -45.20000076293945
      vertex 88 2.09999942779541 -45.20000076293945
      vertex 82.66555786132812 10.740687370300293 -45.20000076293945
    endloop
  endfacet
  facet normal 0 0 1
    outer loop
      vertex 82.06045532226562 10.417252540588379 -45.20000076293945
      vertex 88 2.09999942779541 -45.20000076293945
      vertex 82.37893676757812 10.549171447753906 -45.20000076293945
    endloop
  endfacet
  facet normal 0 0 1
    outer loop
      vertex 81.72235870361328 10.350000381469727 -45.20000076293945
      vertex 88 2.09999942779541 -45.20000076293945
      vertex 82.06045532226562 10.417252540588379 -45.20000076293945
    endloop
  endfacet
  facet normal 0 0 1
    outer loop
      vertex 81.37763977050781 10.350000381469727 -45.20000076293945
      vertex 88 2.09999942779541 -45.20000076293945
      vertex 81.72235870361328 10.350000381469727 -45.20000076293945
    endloop
  endfacet
  facet normal 0 0 1
    outer loop
      vertex 75.0999984741211 2.09999942779541 -45.20000076293945
      vertex 81.37763977050781 10.350000381469727 -45.20000076293945
      vertex 81.03954315185547 10.417252540588379 -45.20000076293945
    endloop
  endfacet
  facet normal 0 0 1
    outer loop
      vertex 75.0999984741211 2.09999942779541 -45.20000076293945
      vertex 81.03954315185547 10.417252540588379 -45.20000076293945
      vertex 80.72106170654297 10.549171447753906 -45.20000076293945
    endloop
  endfacet
  facet normal 0 0 1
    outer loop
      vertex 75.0999984741211 2.09999942779541 -45.20000076293945
      vertex 80.72106170654297 10.549171447753906 -45.20000076293945
      vertex 80.43444061279297 10.740687370300293 -45.20000076293945
    endloop
  endfacet
  facet normal 0 0 1
    outer loop
      vertex 75.0999984741211 2.09999942779541 -45.20000076293945
      vertex 80.43444061279297 10.740687370300293 -45.20000076293945
      vertex 80.19068908691406 10.984440803527832 -45.20000076293945
    endloop
  endfacet
  facet normal 0 0 1
    outer loop
      vertex 79.80000305175781 12.272359848022461 -45.20000076293945
      vertex 75.0999984741211 21.37879180908203 -45.20000076293945
      vertex 79.80000305175781 11.927640914916992 -45.20000076293945
    endloop
  endfacet
  facet normal 0 0 1
    outer loop
      vertex 75.0999984741211 21.37879180908203 -45.20000076293945
      vertex 75.82120513916016 22.099998474121094 -45.20000076293945
      vertex 75.6666488647461 22.069255828857422 -45.20000076293945
    endloop
  endfacet
  facet normal 0 0 1
    outer loop
      vertex 75.0999984741211 21.37879180908203 -45.20000076293945
      vertex 75.6666488647461 22.069255828857422 -45.20000076293945
      vertex 75.52105712890625 22.008949279785156 -45.20000076293945
    endloop
  endfacet
  facet normal 0 0 1
    outer loop
      vertex 75.0999984741211 2.09999942779541 -45.20000076293945
      vertex 79.80000305175781 11.927640914916992 -45.20000076293945
      vertex 75.0999984741211 21.37879180908203 -45.20000076293945
    endloop
  endfacet
  facet normal 0 0 1
    outer loop
      vertex 75.0999984741211 21.37879180908203 -45.20000076293945
      vertex 75.52105712890625 22.008949279785156 -45.20000076293945
      vertex 75.39002990722656 21.92140007019043 -45.20000076293945
    endloop
  endfacet
  facet normal 0 0 1
    outer loop
      vertex 75.0999984741211 21.37879180908203 -45.20000076293945
      vertex 75.39002990722656 21.92140007019043 -45.20000076293945
      vertex 75.27860260009766 21.80997085571289 -45.20000076293945
    endloop
  endfacet
  facet normal 0 0 1
    outer loop
      vertex 75.0999984741211 21.37879180908203 -45.20000076293945
      vertex 75.27860260009766 21.80997085571289 -45.20000076293945
      vertex 75.19104766845703 21.67894172668457 -45.20000076293945
    endloop
  endfacet
  facet normal 0 0 1
    outer loop
      vertex 75.0999984741211 21.37879180908203 -45.20000076293945
      vertex 75.19104766845703 21.67894172668457 -45.20000076293945
      vertex 75.13074493408203 21.53335189819336 -45.20000076293945
    endloop
  endfacet
  facet normal 0 0 1
    outer loop
      vertex 79.80000305175781 11.927640914916992 -45.20000076293945
      vertex 75.0999984741211 2.09999942779541 -45.20000076293945
      vertex 79.86724853515625 11.589544296264648 -45.20000076293945
    endloop
  endfacet
  facet normal 0 0 1
    outer loop
      vertex 81.37763977050781 10.350000381469727 -45.20000076293945
      vertex 75.0999984741211 2.09999942779541 -45.20000076293945
      vertex 88 2.09999942779541 -45.20000076293945
    endloop
  endfacet
  facet normal 0 0 1
    outer loop
      vertex 79.9991683959961 11.271064758300781 -45.20000076293945
      vertex 75.0999984741211 2.09999942779541 -45.20000076293945
      vertex 80.19068908691406 10.984440803527832 -45.20000076293945
    endloop
  endfacet
  facet normal 0 0 1
    outer loop
      vertex 79.86724853515625 11.589544296264648 -45.20000076293945
      vertex 75.0999984741211 2.09999942779541 -45.20000076293945
      vertex 79.9991683959961 11.271064758300781 -45.20000076293945
    endloop
  endfacet
  facet normal 0.976982314783846 0.19434996315516448 -0.08794116454302985
    outer loop
      vertex 78.30000305175781 12.420097351074219 -68.19871520996094
      vertex 78.26925659179688 21.53335189819336 -48.400001525878906
      vertex 78.30000305175781 21.37879180908203 -48.400001525878906
    endloop
  endfacet
  facet normal 0.9769906048766999 0.19431547464715598 -0.08792527677130593
    outer loop
      vertex 78.30000305175781 11.779903411865234 -69.6135482788086
      vertex 78.26925659179688 21.53335189819336 -48.400001525878906
      vertex 78.30000305175781 12.420097351074219 -68.19871520996094
    endloop
  endfacet
  facet normal 0.9769820357193808 0.1943511261919731 -0.08794169448859987
    outer loop
      vertex 78.26925659179688 2.09999942779541 -91.34770965576172
      vertex 78.30000305175781 11.779903411865234 -69.6135482788086
      vertex 78.30000305175781 2.09999942779541 -91.00613403320312
    endloop
  endfacet
  facet normal 0.9769818198101012 0.19435202961485012 -0.08794209654728108
    outer loop
      vertex 78.30000305175781 11.779903411865234 -69.6135482788086
      vertex 78.26925659179688 2.09999942779541 -91.34770965576172
      vertex 78.26925659179688 21.53335189819336 -48.400001525878906
    endloop
  endfacet
  facet normal -0.17831593425580605 0.8964695858429381 -0.4056423415387872
    outer loop
      vertex 75.82120513916016 22.099998474121094 -48.400001525878906
      vertex 75.6666488647461 2.09999942779541 -92.53205871582031
      vertex 75.6666488647461 22.069255828857422 -48.400001525878906
    endloop
  endfacet
  facet normal -0.17831215646275309 0.8964702044360104 -0.4056426351063955
    outer loop
      vertex 75.6666488647461 2.09999942779541 -92.53205871582031
      vertex 75.82120513916016 22.099998474121094 -48.400001525878906
      vertex 75.82120513916016 2.09999942779541 -92.5999984741211
    endloop
  endfacet
  facet normal 0.8063666288097047 0.538821982457468 -0.24381085119960497
    outer loop
      vertex 78.20895385742188 2.09999942779541 -91.66946411132812
      vertex 78.12139892578125 21.80997085571289 -48.400001525878906
      vertex 78.20895385742188 21.67894172668457 -48.400001525878906
    endloop
  endfacet
  facet normal 0.8063659445513771 0.5388228309574747 -0.24381123909028068
    outer loop
      vertex 78.12139892578125 21.80997085571289 -48.400001525878906
      vertex 78.20895385742188 2.09999942779541 -91.66946411132812
      vertex 78.12139892578125 2.09999942779541 -91.95903778076172
    endloop
  endfacet
  facet normal -0.5199842832523878 0.7782148607286559 -0.3521334629250384
    outer loop
      vertex 75.52105712890625 22.008949279785156 -48.400001525878906
      vertex 75.39002990722656 2.09999942779541 -92.20529174804688
      vertex 75.39002990722656 21.92140007019043 -48.400001525878906
    endloop
  endfacet
  facet normal -0.5199947244688542 0.7782090858110374 -0.35213080706707556
    outer loop
      vertex 75.39002990722656 2.09999942779541 -92.20529174804688
      vertex 75.52105712890625 22.008949279785156 -48.400001525878906
      vertex 75.52105712890625 2.09999942779541 -92.3987808227539
    endloop
  endfacet
  facet normal 0 1 0
    outer loop
      vertex 85.52120971679688 22.099998474121094 -48.400001525878906
      vertex 87.27879333496094 22.099998474121094 -45.20000076293945
      vertex 87.27879333496094 22.099998474121094 -48.400001525878906
    endloop
  endfacet
  facet normal 0 1 0
    outer loop
      vertex 87.27879333496094 22.099998474121094 -45.20000076293945
      vertex 85.52120971679688 22.099998474121094 -48.400001525878906
      vertex 75.82120513916016 22.099998474121094 -45.20000076293945
    endloop
  endfacet
  facet normal 0 1 0
    outer loop
      vertex 77.57879638671875 22.099998474121094 -48.400001525878906
      vertex 75.82120513916016 22.099998474121094 -45.20000076293945
      vertex 85.52120971679688 22.099998474121094 -48.400001525878906
    endloop
  endfacet
  facet normal 0 1 0
    outer loop
      vertex 75.82120513916016 22.099998474121094 -45.20000076293945
      vertex 77.57879638671875 22.099998474121094 -48.400001525878906
      vertex 75.82120513916016 22.099998474121094 -48.400001525878906
    endloop
  endfacet
  facet normal -0.3530756684676727 0.8523933179035483 -0.3856983328062059
    outer loop
      vertex 75.6666488647461 22.069255828857422 -48.400001525878906
      vertex 75.52105712890625 2.09999942779541 -92.3987808227539
      vertex 75.52105712890625 22.008949279785156 -48.400001525878906
    endloop
  endfacet
  facet normal -0.3530766382186704 0.852392985858539 -0.38569817889558
    outer loop
      vertex 75.52105712890625 2.09999942779541 -92.3987808227539
      vertex 75.6666488647461 22.069255828857422 -48.400001525878906
      vertex 75.6666488647461 2.09999942779541 -92.53205871582031
    endloop
  endfacet
  facet normal 0.17831593425580605 0.8964695858429381 -0.4056423415387872
    outer loop
      vertex 77.73335266113281 2.09999942779541 -92.53205871582031
      vertex 77.57879638671875 22.099998474121094 -48.400001525878906
      vertex 77.73335266113281 22.069255828857422 -48.400001525878906
    endloop
  endfacet
  facet normal 0.17831215646275309 0.8964702044360104 -0.4056426351063955
    outer loop
      vertex 77.57879638671875 22.099998474121094 -48.400001525878906
      vertex 77.73335266113281 2.09999942779541 -92.53205871582031
      vertex 77.57879638671875 2.09999942779541 -92.5999984741211
    endloop
  endfacet
  facet normal 1 0 0
    outer loop
      vertex 78.30000305175781 13.850000381469727 -48.599998474121094
      vertex 78.30000305175781 21.37879180908203 -48.400001525878906
      vertex 78.30000305175781 13.850000381469727 -48.400001525878906
    endloop
  endfacet
  facet normal 1 0 0
    outer loop
      vertex 78.30000305175781 13.850000381469727 -48.599998474121094
      vertex 78.30000305175781 12.420097351074219 -68.19871520996094
      vertex 78.30000305175781 21.37879180908203 -48.400001525878906
    endloop
  endfacet
  facet normal 1 0 0
    outer loop
      vertex 78.30000305175781 12.420097351074219 -68.19871520996094
      vertex 78.30000305175781 13.850000381469727 -48.599998474121094
      vertex 78.30000305175781 12.420097351074219 -48.599998474121094
    endloop
  endfacet
  facet normal 1 0 0
    outer loop
      vertex 78.30000305175781 10.350000381469727 -48.400001525878906
      vertex 78.30000305175781 2.09999942779541 -48.400001525878906
      vertex 78.30000305175781 10.350000381469727 -48.599998474121094
    endloop
  endfacet
  facet normal 1 0 0
    outer loop
      vertex 78.30000305175781 10.350000381469727 -48.599998474121094
      vertex 78.30000305175781 11.779903411865234 -69.6135482788086
      vertex 78.30000305175781 11.779903411865234 -48.599998474121094
    endloop
  endfacet
  facet normal 1 0 0
    outer loop
      vertex 78.30000305175781 2.09999942779541 -48.400001525878906
      vertex 78.30000305175781 11.779903411865234 -69.6135482788086
      vertex 78.30000305175781 10.350000381469727 -48.599998474121094
    endloop
  endfacet
  facet normal 1 0 0
    outer loop
      vertex 78.30000305175781 11.779903411865234 -69.6135482788086
      vertex 78.30000305175781 2.09999942779541 -48.400001525878906
      vertex 78.30000305175781 2.09999942779541 -91.00613403320312
    endloop
  endfacet
  facet normal 1 0 0
    outer loop
      vertex 78.30000305175781 12.420097351074219 -48.599998474121094
      vertex 78.30000305175781 13.850000381469727 -48.400001525878906
      vertex 78.30000305175781 13.850000381469727 -48.20000076293945
    endloop
  endfacet
  facet normal 1 0 0
    outer loop
      vertex 78.30000305175781 13.850000381469727 -48.400001525878906
      vertex 78.30000305175781 12.420097351074219 -48.599998474121094
      vertex 78.30000305175781 13.850000381469727 -48.599998474121094
    endloop
  endfacet
  facet normal 1 0 0
    outer loop
      vertex 78.30000305175781 12.420097351074219 -48.599998474121094
      vertex 78.30000305175781 11.779903411865234 -48.599998474121094
      vertex 78.30000305175781 12.420097351074219 -68.19871520996094
    endloop
  endfacet
  facet normal 1 0 0
    outer loop
      vertex 78.30000305175781 13.850000381469727 -48.20000076293945
      vertex 78.30000305175781 11.779903411865234 -48.599998474121094
      vertex 78.30000305175781 12.420097351074219 -48.599998474121094
    endloop
  endfacet
  facet normal 1 0 0
    outer loop
      vertex 78.30000305175781 10.350000381469727 -48.20000076293945
      vertex 78.30000305175781 11.779903411865234 -48.599998474121094
      vertex 78.30000305175781 13.850000381469727 -48.20000076293945
    endloop
  endfacet
  facet normal 1 0 0
    outer loop
      vertex 78.30000305175781 10.350000381469727 -48.400001525878906
      vertex 78.30000305175781 11.779903411865234 -48.599998474121094
      vertex 78.30000305175781 10.350000381469727 -48.20000076293945
    endloop
  endfacet
  facet normal 1 0 0
    outer loop
      vertex 78.30000305175781 11.779903411865234 -48.599998474121094
      vertex 78.30000305175781 10.350000381469727 -48.400001525878906
      vertex 78.30000305175781 10.350000381469727 -48.599998474121094
    endloop
  endfacet
  facet normal 1 0 0
    outer loop
      vertex 78.30000305175781 12.420097351074219 -68.19871520996094
      vertex 78.30000305175781 11.779903411865234 -48.599998474121094
      vertex 78.30000305175781 11.779903411865234 -69.6135482788086
    endloop
  endfacet
  facet normal 0 0.911071055945907 -0.41224935538774354
    outer loop
      vertex 77.57879638671875 2.09999942779541 -92.5999984741211
      vertex 75.82120513916016 22.099998474121094 -48.400001525878906
      vertex 77.57879638671875 22.099998474121094 -48.400001525878906
    endloop
  endfacet
  facet normal 0 0.911071055945907 -0.41224935538774354
    outer loop
      vertex 75.82120513916016 22.099998474121094 -48.400001525878906
      vertex 77.57879638671875 2.09999942779541 -92.5999984741211
      vertex 75.82120513916016 2.09999942779541 -92.5999984741211
    endloop
  endfacet
  facet normal -1 0 0
    outer loop
      vertex 75.0999984741211 21.37879180908203 -48.400001525878906
      vertex 75.0999984741211 2.09999942779541 -91.00613403320312
      vertex 75.0999984741211 2.09999942779541 -48.400001525878906
    endloop
  endfacet
  facet normal -0.9103395034694391 0.3770579477589032 -0.17061445558585936
    outer loop
      vertex 75.13074493408203 2.09999942779541 -91.34770965576172
      vertex 75.19104766845703 21.67894172668457 -48.400001525878906
      vertex 75.19104766845703 2.09999942779541 -91.66946411132812
    endloop
  endfacet
  facet normal -0.9103390503546799 0.37705885441057446 -0.17061486954519714
    outer loop
      vertex 75.19104766845703 21.67894172668457 -48.400001525878906
      vertex 75.13074493408203 2.09999942779541 -91.34770965576172
      vertex 75.13074493408203 21.53335189819336 -48.400001525878906
    endloop
  endfacet
  facet normal -0.8063659445513771 0.5388228309574747 -0.24381123909028068
    outer loop
      vertex 75.19104766845703 2.09999942779541 -91.66946411132812
      vertex 75.27860260009766 21.80997085571289 -48.400001525878906
      vertex 75.27860260009766 2.09999942779541 -91.95903778076172
    endloop
  endfacet
  facet normal -0.8063666288097047 0.538821982457468 -0.24381085119960497
    outer loop
      vertex 75.27860260009766 21.80997085571289 -48.400001525878906
      vertex 75.19104766845703 2.09999942779541 -91.66946411132812
      vertex 75.19104766845703 21.67894172668457 -48.400001525878906
    endloop
  endfacet
  facet normal -0.6734732847128558 0.6734742480759071 -0.3047395149249081
    outer loop
      vertex 75.27860260009766 2.09999942779541 -91.95903778076172
      vertex 75.39002990722656 21.92140007019043 -48.400001525878906
      vertex 75.39002990722656 2.09999942779541 -92.20529174804688
    endloop
  endfacet
  facet normal -0.673480116966326 0.6734685889179022 -0.30473692226567073
    outer loop
      vertex 75.39002990722656 21.92140007019043 -48.400001525878906
      vertex 75.27860260009766 2.09999942779541 -91.95903778076172
      vertex 75.27860260009766 21.80997085571289 -48.400001525878906
    endloop
  endfacet
  facet normal 0.3530756684676727 0.8523933179035483 -0.3856983328062059
    outer loop
      vertex 77.87894439697266 2.09999942779541 -92.3987808227539
      vertex 77.73335266113281 22.069255828857422 -48.400001525878906
      vertex 77.87894439697266 22.008949279785156 -48.400001525878906
    endloop
  endfacet
  facet normal 0.3530766382186704 0.852392985858539 -0.38569817889558
    outer loop
      vertex 77.73335266113281 22.069255828857422 -48.400001525878906
      vertex 77.87894439697266 2.09999942779541 -92.3987808227539
      vertex 77.73335266113281 2.09999942779541 -92.53205871582031
    endloop
  endfacet
  facet normal -0.5555685618925175 0.8314707289115353 0
    outer loop
      vertex 75.52105712890625 22.008949279785156 -48.400001525878906
      vertex 75.39002990722656 21.92140007019043 -45.20000076293945
      vertex 75.52105712890625 22.008949279785156 -45.20000076293945
    endloop
  endfacet
  facet normal -0.5555685618925175 0.8314707289115353 0
    outer loop
      vertex 75.39002990722656 21.92140007019043 -45.20000076293945
      vertex 75.52105712890625 22.008949279785156 -48.400001525878906
      vertex 75.39002990722656 21.92140007019043 -48.400001525878906
    endloop
  endfacet
  facet normal 0.9103390503546799 0.37705885441057446 -0.17061486954519714
    outer loop
      vertex 78.26925659179688 2.09999942779541 -91.34770965576172
      vertex 78.20895385742188 21.67894172668457 -48.400001525878906
      vertex 78.26925659179688 21.53335189819336 -48.400001525878906
    endloop
  endfacet
  facet normal 0.9103395034694391 0.3770579477589032 -0.17061445558585936
    outer loop
      vertex 78.20895385742188 21.67894172668457 -48.400001525878906
      vertex 78.26925659179688 2.09999942779541 -91.34770965576172
      vertex 78.20895385742188 2.09999942779541 -91.66946411132812
    endloop
  endfacet
  facet normal 0.673480116966326 0.6734685889179022 -0.30473692226567073
    outer loop
      vertex 78.12139892578125 2.09999942779541 -91.95903778076172
      vertex 78.00997161865234 21.92140007019043 -48.400001525878906
      vertex 78.12139892578125 21.80997085571289 -48.400001525878906
    endloop
  endfacet
  facet normal 0.6734732847128558 0.6734742480759071 -0.3047395149249081
    outer loop
      vertex 78.00997161865234 21.92140007019043 -48.400001525878906
      vertex 78.12139892578125 2.09999942779541 -91.95903778076172
      vertex 78.00997161865234 2.09999942779541 -92.20529174804688
    endloop
  endfacet
  facet normal 0.5199842832523878 0.7782148607286559 -0.3521334629250384
    outer loop
      vertex 78.00997161865234 2.09999942779541 -92.20529174804688
      vertex 77.87894439697266 22.008949279785156 -48.400001525878906
      vertex 78.00997161865234 21.92140007019043 -48.400001525878906
    endloop
  endfacet
  facet normal 0.5199947244688542 0.7782090858110374 -0.35213080706707556
    outer loop
      vertex 77.87894439697266 22.008949279785156 -48.400001525878906
      vertex 78.00997161865234 2.09999942779541 -92.20529174804688
      vertex 77.87894439697266 2.09999942779541 -92.3987808227539
    endloop
  endfacet
  facet normal -0.9769933453945072 0.1943039311199975 -0.08792033556671748
    outer loop
      vertex 84.83074188232422 21.53335189819336 -48.400001525878906
      vertex 84.80000305175781 12.420097351074219 -68.19871520996094
      vertex 84.80000305175781 21.37879180908203 -48.400001525878906
    endloop
  endfacet
  facet normal -0.977001631654293 0.19426944999984755 -0.08790445120473567
    outer loop
      vertex 84.83074188232422 21.53335189819336 -48.400001525878906
      vertex 84.80000305175781 11.779903411865234 -69.6135482788086
      vertex 84.80000305175781 12.420097351074219 -68.19871520996094
    endloop
  endfacet
  facet normal -0.976992850649619 0.19430599713686642 -0.08792126737132044
    outer loop
      vertex 84.83074188232422 2.09999942779541 -91.34770965576172
      vertex 84.80000305175781 11.779903411865234 -69.6135482788086
      vertex 84.83074188232422 21.53335189819336 -48.400001525878906
    endloop
  endfacet
  facet normal -0.9769930664590707 0.19430509390762735 -0.08792086539866421
    outer loop
      vertex 84.80000305175781 11.779903411865234 -69.6135482788086
      vertex 84.83074188232422 2.09999942779541 -91.34770965576172
      vertex 84.80000305175781 2.09999942779541 -91.00613403320312
    endloop
  endfacet
  facet normal 0.9769823154299244 0.1943499632836881 -0.08794115708138495
    outer loop
      vertex 88 2.09999942779541 -91.00613403320312
      vertex 87.96925354003906 21.53335189819336 -48.400001525878906
      vertex 88 21.37879180908203 -48.400001525878906
    endloop
  endfacet
  facet normal 0.9769820328952922 0.19435114050338553 -0.08794169423439341
    outer loop
      vertex 87.96925354003906 21.53335189819336 -48.400001525878906
      vertex 88 2.09999942779541 -91.00613403320312
      vertex 87.96925354003906 2.09999942779541 -91.34770965576172
    endloop
  endfacet
  facet normal -0.17830741229000382 0.8964709928237219 -0.40564297818166795
    outer loop
      vertex 85.52120971679688 22.099998474121094 -48.400001525878906
      vertex 85.36664581298828 2.09999942779541 -92.53205871582031
      vertex 85.36664581298828 22.069255828857422 -48.400001525878906
    endloop
  endfacet
  facet normal -0.17830363466563948 0.896471611358149 -0.4056432717227614
    outer loop
      vertex 85.36664581298828 2.09999942779541 -92.53205871582031
      vertex 85.52120971679688 22.099998474121094 -48.400001525878906
      vertex 85.52120971679688 2.09999942779541 -92.5999984741211
    endloop
  endfacet
  facet normal 0.8063666288097047 0.538821982457468 -0.24381085119960497
    outer loop
      vertex 87.90895080566406 2.09999942779541 -91.66946411132812
      vertex 87.82139587402344 21.80997085571289 -48.400001525878906
      vertex 87.90895080566406 21.67894172668457 -48.400001525878906
    endloop
  endfacet
  facet normal 0.8063659445513771 0.5388228309574747 -0.24381123909028068
    outer loop
      vertex 87.82139587402344 21.80997085571289 -48.400001525878906
      vertex 87.90895080566406 2.09999942779541 -91.66946411132812
      vertex 87.82139587402344 2.09999942779541 -91.95903778076172
    endloop
  endfacet
  facet normal 0.5555685618925175 0.8314707289115353 0
    outer loop
      vertex 87.70996856689453 21.92140007019043 -48.400001525878906
      vertex 87.57894134521484 22.008949279785156 -45.20000076293945
      vertex 87.70996856689453 21.92140007019043 -45.20000076293945
    endloop
  endfacet
  facet normal 0.5555685618925175 0.8314707289115353 0
    outer loop
      vertex 87.57894134521484 22.008949279785156 -45.20000076293945
      vertex 87.70996856689453 21.92140007019043 -48.400001525878906
      vertex 87.57894134521484 22.008949279785156 -48.400001525878906
    endloop
  endfacet
  facet normal -0.5199842832523878 0.7782148607286559 -0.3521334629250384
    outer loop
      vertex 85.22105407714844 22.008949279785156 -48.400001525878906
      vertex 85.09002685546875 2.09999942779541 -92.20529174804688
      vertex 85.09002685546875 21.92140007019043 -48.400001525878906
    endloop
  endfacet
  facet normal -0.5199947244688542 0.7782090858110374 -0.35213080706707556
    outer loop
      vertex 85.09002685546875 2.09999942779541 -92.20529174804688
      vertex 85.22105407714844 22.008949279785156 -48.400001525878906
      vertex 85.22105407714844 2.09999942779541 -92.3987808227539
    endloop
  endfacet
  facet normal -0.3530756684676727 0.8523933179035483 -0.3856983328062059
    outer loop
      vertex 85.36664581298828 22.069255828857422 -48.400001525878906
      vertex 85.22105407714844 2.09999942779541 -92.3987808227539
      vertex 85.22105407714844 22.008949279785156 -48.400001525878906
    endloop
  endfacet
  facet normal -0.3530766382186704 0.852392985858539 -0.38569817889558
    outer loop
      vertex 85.22105407714844 2.09999942779541 -92.3987808227539
      vertex 85.36664581298828 22.069255828857422 -48.400001525878906
      vertex 85.36664581298828 2.09999942779541 -92.53205871582031
    endloop
  endfacet
  facet normal 0.17831593425580605 0.8964695858429381 -0.4056423415387872
    outer loop
      vertex 87.433349609375 2.09999942779541 -92.53205871582031
      vertex 87.27879333496094 22.099998474121094 -48.400001525878906
      vertex 87.433349609375 22.069255828857422 -48.400001525878906
    endloop
  endfacet
  facet normal 0.17831215646275309 0.8964702044360104 -0.4056426351063955
    outer loop
      vertex 87.27879333496094 22.099998474121094 -48.400001525878906
      vertex 87.433349609375 2.09999942779541 -92.53205871582031
      vertex 87.27879333496094 2.09999942779541 -92.5999984741211
    endloop
  endfacet
  facet normal 1 0 0
    outer loop
      vertex 88 2.09999942779541 -48.400001525878906
      vertex 88 2.09999942779541 -91.00613403320312
      vertex 88 21.37879180908203 -48.400001525878906
    endloop
  endfacet
  facet normal 0 0.911071055945907 -0.41224935538774354
    outer loop
      vertex 87.27879333496094 2.09999942779541 -92.5999984741211
      vertex 85.52120971679688 22.099998474121094 -48.400001525878906
      vertex 87.27879333496094 22.099998474121094 -48.400001525878906
    endloop
  endfacet
  facet normal 0 0.911071055945907 -0.41224935538774354
    outer loop
      vertex 85.52120971679688 22.099998474121094 -48.400001525878906
      vertex 87.27879333496094 2.09999942779541 -92.5999984741211
      vertex 85.52120971679688 2.09999942779541 -92.5999984741211
    endloop
  endfacet
  facet normal -1 0 0
    outer loop
      vertex 84.80000305175781 12.420097351074219 -68.19871520996094
      vertex 84.80000305175781 13.850000381469727 -48.599998474121094
      vertex 84.80000305175781 21.37879180908203 -48.400001525878906
    endloop
  endfacet
  facet normal -1 0 0
    outer loop
      vertex 84.80000305175781 13.850000381469727 -48.599998474121094
      vertex 84.80000305175781 12.420097351074219 -68.19871520996094
      vertex 84.80000305175781 12.420097351074219 -48.599998474121094
    endloop
  endfacet
  facet normal -1 0 0
    outer loop
      vertex 84.80000305175781 21.37879180908203 -48.400001525878906
      vertex 84.80000305175781 13.850000381469727 -48.599998474121094
      vertex 84.80000305175781 13.850000381469727 -48.400001525878906
    endloop
  endfacet
  facet normal -1 0 0
    outer loop
      vertex 84.80000305175781 11.779903411865234 -69.6135482788086
      vertex 84.80000305175781 10.350000381469727 -48.599998474121094
      vertex 84.80000305175781 11.779903411865234 -48.599998474121094
    endloop
  endfacet
  facet normal -1 0 0
    outer loop
      vertex 84.80000305175781 2.09999942779541 -48.400001525878906
      vertex 84.80000305175781 11.779903411865234 -69.6135482788086
      vertex 84.80000305175781 2.09999942779541 -91.00613403320312
    endloop
  endfacet
  facet normal -1 0 0
    outer loop
      vertex 84.80000305175781 11.779903411865234 -69.6135482788086
      vertex 84.80000305175781 2.09999942779541 -48.400001525878906
      vertex 84.80000305175781 10.350000381469727 -48.599998474121094
    endloop
  endfacet
  facet normal -1 0 0
    outer loop
      vertex 84.80000305175781 10.350000381469727 -48.599998474121094
      vertex 84.80000305175781 2.09999942779541 -48.400001525878906
      vertex 84.80000305175781 10.350000381469727 -48.400001525878906
    endloop
  endfacet
  facet normal -1 0 0
    outer loop
      vertex 84.80000305175781 11.779903411865234 -48.599998474121094
      vertex 84.80000305175781 12.420097351074219 -68.19871520996094
      vertex 84.80000305175781 11.779903411865234 -69.6135482788086
    endloop
  endfacet
  facet normal -1 0 0
    outer loop
      vertex 84.80000305175781 12.420097351074219 -48.599998474121094
      vertex 84.80000305175781 13.850000381469727 -48.400001525878906
      vertex 84.80000305175781 13.850000381469727 -48.599998474121094
    endloop
  endfacet
  facet normal -1 0 0
    outer loop
      vertex 84.80000305175781 13.850000381469727 -48.400001525878906
      vertex 84.80000305175781 12.420097351074219 -48.599998474121094
      vertex 84.80000305175781 13.850000381469727 -48.20000076293945
    endloop
  endfacet
  facet normal -1 0 0
    outer loop
      vertex 84.80000305175781 12.420097351074219 -68.19871520996094
      vertex 84.80000305175781 11.779903411865234 -48.599998474121094
      vertex 84.80000305175781 12.420097351074219 -48.599998474121094
    endloop
  endfacet
  facet normal -1 0 0
    outer loop
      vertex 84.80000305175781 11.779903411865234 -48.599998474121094
      vertex 84.80000305175781 13.850000381469727 -48.20000076293945
      vertex 84.80000305175781 12.420097351074219 -48.599998474121094
    endloop
  endfacet
  facet normal -1 0 0
    outer loop
      vertex 84.80000305175781 10.350000381469727 -48.400001525878906
      vertex 84.80000305175781 11.779903411865234 -48.599998474121094
      vertex 84.80000305175781 10.350000381469727 -48.599998474121094
    endloop
  endfacet
  facet normal -1 0 0
    outer loop
      vertex 84.80000305175781 10.350000381469727 -48.20000076293945
      vertex 84.80000305175781 11.779903411865234 -48.599998474121094
      vertex 84.80000305175781 10.350000381469727 -48.400001525878906
    endloop
  endfacet
  facet normal -1 0 0
    outer loop
      vertex 84.80000305175781 11.779903411865234 -48.599998474121094
      vertex 84.80000305175781 10.350000381469727 -48.20000076293945
      vertex 84.80000305175781 13.850000381469727 -48.20000076293945
    endloop
  endfacet
  facet normal -0.9103197755398978 0.3770974802178515 -0.17063234357629034
    outer loop
      vertex 84.83074188232422 2.09999942779541 -91.34770965576172
      vertex 84.89105224609375 21.67894172668457 -48.400001525878906
      vertex 84.89105224609375 2.09999942779541 -91.66946411132812
    endloop
  endfacet
  facet normal -0.910319322339942 0.37709838692521996 -0.1706327575612194
    outer loop
      vertex 84.89105224609375 21.67894172668457 -48.400001525878906
      vertex 84.83074188232422 2.09999942779541 -91.34770965576172
      vertex 84.83074188232422 21.53335189819336 -48.400001525878906
    endloop
  endfacet
  facet normal -0.8063905216181299 0.5387923000536968 -0.24379742420150285
    outer loop
      vertex 84.89105224609375 2.09999942779541 -91.66946411132812
      vertex 84.97859954833984 21.80997085571289 -48.400001525878906
      vertex 84.97859954833984 2.09999942779541 -91.95903778076172
    endloop
  endfacet
  facet normal -0.8063912058197693 0.5387914515499572 -0.24379703630936206
    outer loop
      vertex 84.97859954833984 21.80997085571289 -48.400001525878906
      vertex 84.89105224609375 2.09999942779541 -91.66946411132812
      vertex 84.89105224609375 21.67894172668457 -48.400001525878906
    endloop
  endfacet
  facet normal -0.6734732847128558 0.6734742480759071 -0.3047395149249081
    outer loop
      vertex 84.97859954833984 2.09999942779541 -91.95903778076172
      vertex 85.09002685546875 21.92140007019043 -48.400001525878906
      vertex 85.09002685546875 2.09999942779541 -92.20529174804688
    endloop
  endfacet
  facet normal -0.673480116966326 0.6734685889179022 -0.30473692226567073
    outer loop
      vertex 85.09002685546875 21.92140007019043 -48.400001525878906
      vertex 84.97859954833984 2.09999942779541 -91.95903778076172
      vertex 84.97859954833984 21.80997085571289 -48.400001525878906
    endloop
  endfacet
  facet normal 0.3530756684676727 0.8523933179035483 -0.3856983328062059
    outer loop
      vertex 87.57894134521484 2.09999942779541 -92.3987808227539
      vertex 87.433349609375 22.069255828857422 -48.400001525878906
      vertex 87.57894134521484 22.008949279785156 -48.400001525878906
    endloop
  endfacet
  facet normal 0.3530766382186704 0.852392985858539 -0.38569817889558
    outer loop
      vertex 87.433349609375 22.069255828857422 -48.400001525878906
      vertex 87.57894134521484 2.09999942779541 -92.3987808227539
      vertex 87.433349609375 2.09999942779541 -92.53205871582031
    endloop
  endfacet
  facet normal 0.9103390503546799 0.37705885441057446 -0.17061486954519714
    outer loop
      vertex 87.96925354003906 2.09999942779541 -91.34770965576172
      vertex 87.90895080566406 21.67894172668457 -48.400001525878906
      vertex 87.96925354003906 21.53335189819336 -48.400001525878906
    endloop
  endfacet
  facet normal 0.9103395034694391 0.3770579477589032 -0.17061445558585936
    outer loop
      vertex 87.90895080566406 21.67894172668457 -48.400001525878906
      vertex 87.96925354003906 2.09999942779541 -91.34770965576172
      vertex 87.90895080566406 2.09999942779541 -91.66946411132812
    endloop
  endfacet
  facet normal 0.673480116966326 0.6734685889179022 -0.30473692226567073
    outer loop
      vertex 87.82139587402344 2.09999942779541 -91.95903778076172
      vertex 87.70996856689453 21.92140007019043 -48.400001525878906
      vertex 87.82139587402344 21.80997085571289 -48.400001525878906
    endloop
  endfacet
  facet normal 0.6734732847128558 0.6734742480759071 -0.3047395149249081
    outer loop
      vertex 87.70996856689453 21.92140007019043 -48.400001525878906
      vertex 87.82139587402344 2.09999942779541 -91.95903778076172
      vertex 87.70996856689453 2.09999942779541 -92.20529174804688
    endloop
  endfacet
  facet normal 0.5199842832523878 0.7782148607286559 -0.3521334629250384
    outer loop
      vertex 87.70996856689453 2.09999942779541 -92.20529174804688
      vertex 87.57894134521484 22.008949279785156 -48.400001525878906
      vertex 87.70996856689453 21.92140007019043 -48.400001525878906
    endloop
  endfacet
  facet normal 0.5199947244688542 0.7782090858110374 -0.35213080706707556
    outer loop
      vertex 87.57894134521484 22.008949279785156 -48.400001525878906
      vertex 87.70996856689453 2.09999942779541 -92.20529174804688
      vertex 87.57894134521484 2.09999942779541 -92.3987808227539
    endloop
  endfacet
  facet normal 0.7070886259588927 0.7071249359480725 0
    outer loop
      vertex 87.82140350341797 21.80997085571289 -48.400001525878906
      vertex 87.70996856689453 21.92140007019043 -45.20000076293945
      vertex 87.82140350341797 21.80997085571289 -45.20000076293945
    endloop
  endfacet
  facet normal 0.7070886259588927 0.7071249359480725 0
    outer loop
      vertex 87.70996856689453 21.92140007019043 -45.20000076293945
      vertex 87.82140350341797 21.80997085571289 -48.400001525878906
      vertex 87.70996856689453 21.92140007019043 -48.400001525878906
    endloop
  endfacet
  facet normal -1 0 0
    outer loop
      vertex 75.0999984741211 2.09999942779541 -48.400001525878906
      vertex 75.0999984741211 21.37879180908203 -45.20000076293945
      vertex 75.0999984741211 21.37879180908203 -48.400001525878906
    endloop
  endfacet
  facet normal -1 0 0
    outer loop
      vertex 75.0999984741211 21.37879180908203 -45.20000076293945
      vertex 75.0999984741211 2.09999942779541 -48.400001525878906
      vertex 75.0999984741211 2.09999942779541 -45.20000076293945
    endloop
  endfacet
  facet normal -0.9807821880744602 0.19510586755880616 0
    outer loop
      vertex 75.0999984741211 21.37879180908203 -48.400001525878906
      vertex 75.13074493408203 21.53335189819336 -45.20000076293945
      vertex 75.13074493408203 21.53335189819336 -48.400001525878906
    endloop
  endfacet
  facet normal -0.9807821880744602 0.19510586755880616 0
    outer loop
      vertex 75.13074493408203 21.53335189819336 -45.20000076293945
      vertex 75.0999984741211 21.37879180908203 -48.400001525878906
      vertex 75.0999984741211 21.37879180908203 -45.20000076293945
    endloop
  endfacet
  facet normal 0.1950872138708966 0.9807858986466368 0
    outer loop
      vertex 87.433349609375 22.069255828857422 -48.400001525878906
      vertex 87.27879333496094 22.099998474121094 -45.20000076293945
      vertex 87.433349609375 22.069255828857422 -45.20000076293945
    endloop
  endfacet
  facet normal 0.1950872138708966 0.9807858986466368 0
    outer loop
      vertex 87.27879333496094 22.099998474121094 -45.20000076293945
      vertex 87.433349609375 22.069255828857422 -48.400001525878906
      vertex 87.27879333496094 22.099998474121094 -48.400001525878906
    endloop
  endfacet
  facet normal -0.3826860187804457 0.9238784611787267 0
    outer loop
      vertex 75.6666488647461 22.069255828857422 -48.400001525878906
      vertex 75.52105712890625 22.008949279785156 -45.20000076293945
      vertex 75.6666488647461 22.069255828857422 -45.20000076293945
    endloop
  endfacet
  facet normal -0.3826860187804457 0.9238784611787267 0
    outer loop
      vertex 75.52105712890625 22.008949279785156 -45.20000076293945
      vertex 75.6666488647461 22.069255828857422 -48.400001525878906
      vertex 75.52105712890625 22.008949279785156 -48.400001525878906
    endloop
  endfacet
  facet normal 1 0 0
    outer loop
      vertex 88 2.09999942779541 -45.20000076293945
      vertex 88 21.37879180908203 -48.400001525878906
      vertex 88 21.37879180908203 -45.20000076293945
    endloop
  endfacet
  facet normal 1 0 0
    outer loop
      vertex 88 21.37879180908203 -48.400001525878906
      vertex 88 2.09999942779541 -45.20000076293945
      vertex 88 2.09999942779541 -48.400001525878906
    endloop
  endfacet
  facet normal 0.8314800557624437 0.5555546029593165 0
    outer loop
      vertex 87.90895080566406 21.67894172668457 -45.20000076293945
      vertex 87.82140350341797 21.80997085571289 -48.400001525878906
      vertex 87.82140350341797 21.80997085571289 -45.20000076293945
    endloop
  endfacet
  facet normal 0.8314800557624437 0.5555546029593165 0
    outer loop
      vertex 87.82140350341797 21.80997085571289 -48.400001525878906
      vertex 87.90895080566406 21.67894172668457 -45.20000076293945
      vertex 87.90895080566406 21.67894172668457 -48.400001525878906
    endloop
  endfacet
  facet normal 0 0 -1
    outer loop
      vertex 87.82139587402344 21.80997085571289 -48.400001525878906
      vertex 87.82140350341797 21.80997085571289 -48.400001525878906
      vertex 87.90895080566406 21.67894172668457 -48.400001525878906
    endloop
  endfacet
  facet normal 0 0 -1
    outer loop
      vertex 87.82140350341797 21.80997085571289 -48.400001525878906
      vertex 87.82139587402344 21.80997085571289 -48.400001525878906
      vertex 87.70996856689453 21.92140007019043 -48.400001525878906
    endloop
  endfacet
  facet normal 0 0 -1
    outer loop
      vertex 84.80000305175781 13.850000381469727 -48.400001525878906
      vertex 78.30000305175781 13.850000381469727 -48.400001525878906
      vertex 84.80000305175781 21.37879180908203 -48.400001525878906
    endloop
  endfacet
  facet normal 0 0 -1
    outer loop
      vertex 78.30000305175781 21.37879180908203 -48.400001525878906
      vertex 84.80000305175781 21.37879180908203 -48.400001525878906
      vertex 78.30000305175781 13.850000381469727 -48.400001525878906
    endloop
  endfacet
  facet normal 0 0 -1
    outer loop
      vertex 84.80000305175781 21.37879180908203 -48.400001525878906
      vertex 78.30000305175781 21.37879180908203 -48.400001525878906
      vertex 84.83074188232422 21.53335189819336 -48.400001525878906
    endloop
  endfacet
  facet normal 0 0 -1
    outer loop
      vertex 78.26925659179688 21.53335189819336 -48.400001525878906
      vertex 84.83074188232422 21.53335189819336 -48.400001525878906
      vertex 78.30000305175781 21.37879180908203 -48.400001525878906
    endloop
  endfacet
  facet normal 0 0 -1
    outer loop
      vertex 84.83074188232422 21.53335189819336 -48.400001525878906
      vertex 78.26925659179688 21.53335189819336 -48.400001525878906
      vertex 84.89105224609375 21.67894172668457 -48.400001525878906
    endloop
  endfacet
  facet normal 0 0 -1
    outer loop
      vertex 78.20895385742188 21.67894172668457 -48.400001525878906
      vertex 84.89105224609375 21.67894172668457 -48.400001525878906
      vertex 78.26925659179688 21.53335189819336 -48.400001525878906
    endloop
  endfacet
  facet normal 0 0 -1
    outer loop
      vertex 84.89105224609375 21.67894172668457 -48.400001525878906
      vertex 78.20895385742188 21.67894172668457 -48.400001525878906
      vertex 84.97859954833984 21.80997085571289 -48.400001525878906
    endloop
  endfacet
  facet normal 0 0 -1
    outer loop
      vertex 78.12139892578125 21.80997085571289 -48.400001525878906
      vertex 84.97859954833984 21.80997085571289 -48.400001525878906
      vertex 78.20895385742188 21.67894172668457 -48.400001525878906
    endloop
  endfacet
  facet normal 0 0 -1
    outer loop
      vertex 84.97859954833984 21.80997085571289 -48.400001525878906
      vertex 78.12139892578125 21.80997085571289 -48.400001525878906
      vertex 85.09002685546875 21.92140007019043 -48.400001525878906
    endloop
  endfacet
  facet normal 0 0 -1
    outer loop
      vertex 78.00997161865234 21.92140007019043 -48.400001525878906
      vertex 85.09002685546875 21.92140007019043 -48.400001525878906
      vertex 78.12139892578125 21.80997085571289 -48.400001525878906
    endloop
  endfacet
  facet normal 0 0 -1
    outer loop
      vertex 85.09002685546875 21.92140007019043 -48.400001525878906
      vertex 78.00997161865234 21.92140007019043 -48.400001525878906
      vertex 85.22105407714844 22.008949279785156 -48.400001525878906
    endloop
  endfacet
  facet normal 0 0 -1
    outer loop
      vertex 77.87894439697266 22.008949279785156 -48.400001525878906
      vertex 85.22105407714844 22.008949279785156 -48.400001525878906
      vertex 78.00997161865234 21.92140007019043 -48.400001525878906
    endloop
  endfacet
  facet normal 0 0 -1
    outer loop
      vertex 85.22105407714844 22.008949279785156 -48.400001525878906
      vertex 77.87894439697266 22.008949279785156 -48.400001525878906
      vertex 85.36664581298828 22.069255828857422 -48.400001525878906
    endloop
  endfacet
  facet normal 0 0 -1
    outer loop
      vertex 77.73335266113281 22.069255828857422 -48.400001525878906
      vertex 85.36664581298828 22.069255828857422 -48.400001525878906
      vertex 77.87894439697266 22.008949279785156 -48.400001525878906
    endloop
  endfacet
  facet normal 0 0 -1
    outer loop
      vertex 85.36664581298828 22.069255828857422 -48.400001525878906
      vertex 77.73335266113281 22.069255828857422 -48.400001525878906
      vertex 85.52120971679688 22.099998474121094 -48.400001525878906
    endloop
  endfacet
  facet normal 0 0 -1
    outer loop
      vertex 85.52120971679688 22.099998474121094 -48.400001525878906
      vertex 77.73335266113281 22.069255828857422 -48.400001525878906
      vertex 77.57879638671875 22.099998474121094 -48.400001525878906
    endloop
  endfacet
  facet normal 0 0 -1
    outer loop
      vertex 78.30000305175781 2.09999942779541 -48.400001525878906
      vertex 84.80000305175781 10.350000381469727 -48.400001525878906
      vertex 84.80000305175781 2.09999942779541 -48.400001525878906
    endloop
  endfacet
  facet normal 0 0 -1
    outer loop
      vertex 84.80000305175781 10.350000381469727 -48.400001525878906
      vertex 78.30000305175781 2.09999942779541 -48.400001525878906
      vertex 78.30000305175781 10.350000381469727 -48.400001525878906
    endloop
  endfacet
  facet normal -0.7071128330326907 0.7071007292886083 0
    outer loop
      vertex 75.27860260009766 21.80997085571289 -48.400001525878906
      vertex 75.39002990722656 21.92140007019043 -45.20000076293945
      vertex 75.39002990722656 21.92140007019043 -48.400001525878906
    endloop
  endfacet
  facet normal -0.7071128330326907 0.7071007292886083 0
    outer loop
      vertex 75.39002990722656 21.92140007019043 -45.20000076293945
      vertex 75.27860260009766 21.80997085571289 -48.400001525878906
      vertex 75.27860260009766 21.80997085571289 -45.20000076293945
    endloop
  endfacet
  facet normal 0.9238852471032217 0.38266963582837193 0
    outer loop
      vertex 87.96925354003906 21.53335189819336 -45.20000076293945
      vertex 87.90895080566406 21.67894172668457 -48.400001525878906
      vertex 87.90895080566406 21.67894172668457 -45.20000076293945
    endloop
  endfacet
  facet normal 0.9238852471032217 0.38266963582837193 0
    outer loop
      vertex 87.90895080566406 21.67894172668457 -48.400001525878906
      vertex 87.96925354003906 21.53335189819336 -45.20000076293945
      vertex 87.96925354003906 21.53335189819336 -48.400001525878906
    endloop
  endfacet
  facet normal -0.1950872138708966 0.9807858986466368 0
    outer loop
      vertex 75.82120513916016 22.099998474121094 -48.400001525878906
      vertex 75.6666488647461 22.069255828857422 -45.20000076293945
      vertex 75.82120513916016 22.099998474121094 -45.20000076293945
    endloop
  endfacet
  facet normal -0.1950872138708966 0.9807858986466368 0
    outer loop
      vertex 75.6666488647461 22.069255828857422 -45.20000076293945
      vertex 75.82120513916016 22.099998474121094 -48.400001525878906
      vertex 75.6666488647461 22.069255828857422 -48.400001525878906
    endloop
  endfacet
  facet normal -0.9238852471032217 0.38266963582837193 0
    outer loop
      vertex 75.13074493408203 21.53335189819336 -48.400001525878906
      vertex 75.19104766845703 21.67894172668457 -45.20000076293945
      vertex 75.19104766845703 21.67894172668457 -48.400001525878906
    endloop
  endfacet
  facet normal -0.9238852471032217 0.38266963582837193 0
    outer loop
      vertex 75.19104766845703 21.67894172668457 -45.20000076293945
      vertex 75.13074493408203 21.53335189819336 -48.400001525878906
      vertex 75.13074493408203 21.53335189819336 -45.20000076293945
    endloop
  endfacet
  facet normal -0.8314576915276141 0.555588073305728 0
    outer loop
      vertex 75.19104766845703 21.67894172668457 -48.400001525878906
      vertex 75.27860260009766 21.80997085571289 -45.20000076293945
      vertex 75.27860260009766 21.80997085571289 -48.400001525878906
    endloop
  endfacet
  facet normal -0.8314576915276141 0.555588073305728 0
    outer loop
      vertex 75.27860260009766 21.80997085571289 -45.20000076293945
      vertex 75.19104766845703 21.67894172668457 -48.400001525878906
      vertex 75.19104766845703 21.67894172668457 -45.20000076293945
    endloop
  endfacet
  facet normal 0.9807821880744602 0.19510586755880616 0
    outer loop
      vertex 88 21.37879180908203 -45.20000076293945
      vertex 87.96925354003906 21.53335189819336 -48.400001525878906
      vertex 87.96925354003906 21.53335189819336 -45.20000076293945
    endloop
  endfacet
  facet normal 0.9807821880744602 0.19510586755880616 0
    outer loop
      vertex 87.96925354003906 21.53335189819336 -48.400001525878906
      vertex 88 21.37879180908203 -45.20000076293945
      vertex 88 21.37879180908203 -48.400001525878906
    endloop
  endfacet
  facet normal 0.3826860187804457 0.9238784611787267 0
    outer loop
      vertex 87.57894134521484 22.008949279785156 -48.400001525878906
      vertex 87.433349609375 22.069255828857422 -45.20000076293945
      vertex 87.57894134521484 22.008949279785156 -45.20000076293945
    endloop
  endfacet
  facet normal 0.3826860187804457 0.9238784611787267 0
    outer loop
      vertex 87.433349609375 22.069255828857422 -45.20000076293945
      vertex 87.57894134521484 22.008949279785156 -48.400001525878906
      vertex 87.433349609375 22.069255828857422 -48.400001525878906
    endloop
  endfacet
  facet normal -0.9769875485612732 0.19432812455454979 -0.08793127977770544
    outer loop
      vertex 37.650001525878906 2.09999942779541 -91.00613403320312
      vertex 37.68074417114258 21.53335189819336 -48.400001525878906
      vertex 37.68074417114258 2.09999942779541 -91.34770965576172
    endloop
  endfacet
  facet normal -0.976987831030586 0.19432694746095447 -0.08793074268228665
    outer loop
      vertex 37.68074417114258 21.53335189819336 -48.400001525878906
      vertex 37.650001525878906 2.09999942779541 -91.00613403320312
      vertex 37.650001525878906 21.37879180908203 -48.400001525878906
    endloop
  endfacet
  facet normal 0 0 1
    outer loop
      vertex 50.54999923706055 21.37879180908203 -45.20000076293945
      vertex 45.78274917602539 12.610456466674805 -45.20000076293945
      vertex 45.849998474121094 12.272359848022461 -45.20000076293945
    endloop
  endfacet
  facet normal 0 0 1
    outer loop
      vertex 50.54999923706055 21.37879180908203 -45.20000076293945
      vertex 45.65082931518555 12.928936004638672 -45.20000076293945
      vertex 45.78274917602539 12.610456466674805 -45.20000076293945
    endloop
  endfacet
  facet normal 0 0 1
    outer loop
      vertex 50.54999923706055 21.37879180908203 -45.20000076293945
      vertex 45.459312438964844 13.215559959411621 -45.20000076293945
      vertex 45.65082931518555 12.928936004638672 -45.20000076293945
    endloop
  endfacet
  facet normal 0 0 1
    outer loop
      vertex 50.54999923706055 21.37879180908203 -45.20000076293945
      vertex 45.21556091308594 13.45931339263916 -45.20000076293945
      vertex 45.459312438964844 13.215559959411621 -45.20000076293945
    endloop
  endfacet
  facet normal 0 0 1
    outer loop
      vertex 50.54999923706055 21.37879180908203 -45.20000076293945
      vertex 44.92893600463867 13.650829315185547 -45.20000076293945
      vertex 45.21556091308594 13.45931339263916 -45.20000076293945
    endloop
  endfacet
  facet normal 0 0 1
    outer loop
      vertex 49.828792572021484 22.099998474121094 -45.20000076293945
      vertex 44.61045455932617 13.782748222351074 -45.20000076293945
      vertex 44.92893600463867 13.650829315185547 -45.20000076293945
    endloop
  endfacet
  facet normal 0 0 1
    outer loop
      vertex 49.828792572021484 22.099998474121094 -45.20000076293945
      vertex 44.27235794067383 13.850000381469727 -45.20000076293945
      vertex 44.61045455932617 13.782748222351074 -45.20000076293945
    endloop
  endfacet
  facet normal 0 0 1
    outer loop
      vertex 49.828792572021484 22.099998474121094 -45.20000076293945
      vertex 43.92763900756836 13.850000381469727 -45.20000076293945
      vertex 44.27235794067383 13.850000381469727 -45.20000076293945
    endloop
  endfacet
  facet normal 0 0 1
    outer loop
      vertex 38.37120819091797 22.099998474121094 -45.20000076293945
      vertex 43.92763900756836 13.850000381469727 -45.20000076293945
      vertex 49.828792572021484 22.099998474121094 -45.20000076293945
    endloop
  endfacet
  facet normal 0 0 1
    outer loop
      vertex 43.92763900756836 13.850000381469727 -45.20000076293945
      vertex 38.37120819091797 22.099998474121094 -45.20000076293945
      vertex 43.589542388916016 13.782748222351074 -45.20000076293945
    endloop
  endfacet
  facet normal 0 0 1
    outer loop
      vertex 43.589542388916016 13.782748222351074 -45.20000076293945
      vertex 38.37120819091797 22.099998474121094 -45.20000076293945
      vertex 43.27106475830078 13.650829315185547 -45.20000076293945
    endloop
  endfacet
  facet normal 0 0 1
    outer loop
      vertex 37.650001525878906 21.37879180908203 -45.20000076293945
      vertex 43.27106475830078 13.650829315185547 -45.20000076293945
      vertex 38.37120819091797 22.099998474121094 -45.20000076293945
    endloop
  endfacet
  facet normal 0 0 1
    outer loop
      vertex 42.41725158691406 12.610456466674805 -45.20000076293945
      vertex 37.650001525878906 21.37879180908203 -45.20000076293945
      vertex 42.349998474121094 12.272359848022461 -45.20000076293945
    endloop
  endfacet
  facet normal 0 0 1
    outer loop
      vertex 42.549171447753906 12.928936004638672 -45.20000076293945
      vertex 37.650001525878906 21.37879180908203 -45.20000076293945
      vertex 42.41725158691406 12.610456466674805 -45.20000076293945
    endloop
  endfacet
  facet normal 0 0 1
    outer loop
      vertex 42.74068832397461 13.215559959411621 -45.20000076293945
      vertex 37.650001525878906 21.37879180908203 -45.20000076293945
      vertex 42.549171447753906 12.928936004638672 -45.20000076293945
    endloop
  endfacet
  facet normal 0 0 1
    outer loop
      vertex 42.984439849853516 13.45931339263916 -45.20000076293945
      vertex 37.650001525878906 21.37879180908203 -45.20000076293945
      vertex 42.74068832397461 13.215559959411621 -45.20000076293945
    endloop
  endfacet
  facet normal 0 0 1
    outer loop
      vertex 43.27106475830078 13.650829315185547 -45.20000076293945
      vertex 37.650001525878906 21.37879180908203 -45.20000076293945
      vertex 42.984439849853516 13.45931339263916 -45.20000076293945
    endloop
  endfacet
  facet normal 0 0 1
    outer loop
      vertex 49.828792572021484 22.099998474121094 -45.20000076293945
      vertex 50.54999923706055 21.37879180908203 -45.20000076293945
      vertex 50.519256591796875 21.53335189819336 -45.20000076293945
    endloop
  endfacet
  facet normal 0 0 1
    outer loop
      vertex 49.828792572021484 22.099998474121094 -45.20000076293945
      vertex 50.519256591796875 21.53335189819336 -45.20000076293945
      vertex 50.45895004272461 21.67894172668457 -45.20000076293945
    endloop
  endfacet
  facet normal 0 0 1
    outer loop
      vertex 49.828792572021484 22.099998474121094 -45.20000076293945
      vertex 50.45895004272461 21.67894172668457 -45.20000076293945
      vertex 50.37139892578125 21.80997085571289 -45.20000076293945
    endloop
  endfacet
  facet normal 0 0 1
    outer loop
      vertex 49.828792572021484 22.099998474121094 -45.20000076293945
      vertex 50.37139892578125 21.80997085571289 -45.20000076293945
      vertex 50.25996780395508 21.92140007019043 -45.20000076293945
    endloop
  endfacet
  facet normal 0 0 1
    outer loop
      vertex 49.828792572021484 22.099998474121094 -45.20000076293945
      vertex 50.25996780395508 21.92140007019043 -45.20000076293945
      vertex 50.12894058227539 22.008949279785156 -45.20000076293945
    endloop
  endfacet
  facet normal 0 0 1
    outer loop
      vertex 49.828792572021484 22.099998474121094 -45.20000076293945
      vertex 50.12894058227539 22.008949279785156 -45.20000076293945
      vertex 49.98335266113281 22.069255828857422 -45.20000076293945
    endloop
  endfacet
  facet normal 0 0 1
    outer loop
      vertex 44.92893600463867 13.650829315185547 -45.20000076293945
      vertex 50.54999923706055 21.37879180908203 -45.20000076293945
      vertex 49.828792572021484 22.099998474121094 -45.20000076293945
    endloop
  endfacet
  facet normal 0 0 1
    outer loop
      vertex 50.54999923706055 21.37879180908203 -45.20000076293945
      vertex 45.849998474121094 12.272359848022461 -45.20000076293945
      vertex 45.849998474121094 11.927640914916992 -45.20000076293945
    endloop
  endfacet
  facet normal 0 0 1
    outer loop
      vertex 50.54999923706055 21.37879180908203 -45.20000076293945
      vertex 45.849998474121094 11.927640914916992 -45.20000076293945
      vertex 50.54999923706055 2.09999942779541 -45.20000076293945
    endloop
  endfacet
  facet normal 0 0 1
    outer loop
      vertex 45.78274917602539 11.589544296264648 -45.20000076293945
      vertex 50.54999923706055 2.09999942779541 -45.20000076293945
      vertex 45.849998474121094 11.927640914916992 -45.20000076293945
    endloop
  endfacet
  facet normal 0 0 1
    outer loop
      vertex 45.65082931518555 11.271064758300781 -45.20000076293945
      vertex 50.54999923706055 2.09999942779541 -45.20000076293945
      vertex 45.78274917602539 11.589544296264648 -45.20000076293945
    endloop
  endfacet
  facet normal 0 0 1
    outer loop
      vertex 45.459312438964844 10.984440803527832 -45.20000076293945
      vertex 50.54999923706055 2.09999942779541 -45.20000076293945
      vertex 45.65082931518555 11.271064758300781 -45.20000076293945
    endloop
  endfacet
  facet normal 0 0 1
    outer loop
      vertex 45.21556091308594 10.740687370300293 -45.20000076293945
      vertex 50.54999923706055 2.09999942779541 -45.20000076293945
      vertex 45.459312438964844 10.984440803527832 -45.20000076293945
    endloop
  endfacet
  facet normal 0 0 1
    outer loop
      vertex 44.92893600463867 10.549171447753906 -45.20000076293945
      vertex 50.54999923706055 2.09999942779541 -45.20000076293945
      vertex 45.21556091308594 10.740687370300293 -45.20000076293945
    endloop
  endfacet
  facet normal 0 0 1
    outer loop
      vertex 44.61045455932617 10.417252540588379 -45.20000076293945
      vertex 50.54999923706055 2.09999942779541 -45.20000076293945
      vertex 44.92893600463867 10.549171447753906 -45.20000076293945
    endloop
  endfacet
  facet normal 0 0 1
    outer loop
      vertex 44.27235794067383 10.350000381469727 -45.20000076293945
      vertex 50.54999923706055 2.09999942779541 -45.20000076293945
      vertex 44.61045455932617 10.417252540588379 -45.20000076293945
    endloop
  endfacet
  facet normal 0 0 1
    outer loop
      vertex 43.92763900756836 10.350000381469727 -45.20000076293945
      vertex 50.54999923706055 2.09999942779541 -45.20000076293945
      vertex 44.27235794067383 10.350000381469727 -45.20000076293945
    endloop
  endfacet
  facet normal 0 0 1
    outer loop
      vertex 37.650001525878906 2.09999942779541 -45.20000076293945
      vertex 43.92763900756836 10.350000381469727 -45.20000076293945
      vertex 43.589542388916016 10.417252540588379 -45.20000076293945
    endloop
  endfacet
  facet normal 0 0 1
    outer loop
      vertex 37.650001525878906 2.09999942779541 -45.20000076293945
      vertex 43.589542388916016 10.417252540588379 -45.20000076293945
      vertex 43.27106475830078 10.549171447753906 -45.20000076293945
    endloop
  endfacet
  facet normal 0 0 1
    outer loop
      vertex 37.650001525878906 2.09999942779541 -45.20000076293945
      vertex 43.27106475830078 10.549171447753906 -45.20000076293945
      vertex 42.984439849853516 10.740687370300293 -45.20000076293945
    endloop
  endfacet
  facet normal 0 0 1
    outer loop
      vertex 37.650001525878906 2.09999942779541 -45.20000076293945
      vertex 42.984439849853516 10.740687370300293 -45.20000076293945
      vertex 42.74068832397461 10.984440803527832 -45.20000076293945
    endloop
  endfacet
  facet normal 0 0 1
    outer loop
      vertex 42.349998474121094 12.272359848022461 -45.20000076293945
      vertex 37.650001525878906 21.37879180908203 -45.20000076293945
      vertex 42.349998474121094 11.927640914916992 -45.20000076293945
    endloop
  endfacet
  facet normal 0 0 1
    outer loop
      vertex 37.650001525878906 21.37879180908203 -45.20000076293945
      vertex 38.37120819091797 22.099998474121094 -45.20000076293945
      vertex 38.21664810180664 22.069255828857422 -45.20000076293945
    endloop
  endfacet
  facet normal 0 0 1
    outer loop
      vertex 37.650001525878906 21.37879180908203 -45.20000076293945
      vertex 38.21664810180664 22.069255828857422 -45.20000076293945
      vertex 38.07106018066406 22.008949279785156 -45.20000076293945
    endloop
  endfacet
  facet normal 0 0 1
    outer loop
      vertex 37.650001525878906 2.09999942779541 -45.20000076293945
      vertex 42.349998474121094 11.927640914916992 -45.20000076293945
      vertex 37.650001525878906 21.37879180908203 -45.20000076293945
    endloop
  endfacet
  facet normal 0 0 1
    outer loop
      vertex 37.650001525878906 21.37879180908203 -45.20000076293945
      vertex 38.07106018066406 22.008949279785156 -45.20000076293945
      vertex 37.94002914428711 21.92140007019043 -45.20000076293945
    endloop
  endfacet
  facet normal 0 0 1
    outer loop
      vertex 37.650001525878906 21.37879180908203 -45.20000076293945
      vertex 37.94002914428711 21.92140007019043 -45.20000076293945
      vertex 37.82859802246094 21.80997085571289 -45.20000076293945
    endloop
  endfacet
  facet normal 0 0 1
    outer loop
      vertex 37.650001525878906 21.37879180908203 -45.20000076293945
      vertex 37.82859802246094 21.80997085571289 -45.20000076293945
      vertex 37.741050720214844 21.67894172668457 -45.20000076293945
    endloop
  endfacet
  facet normal 0 0 1
    outer loop
      vertex 37.650001525878906 21.37879180908203 -45.20000076293945
      vertex 37.741050720214844 21.67894172668457 -45.20000076293945
      vertex 37.68074417114258 21.53335189819336 -45.20000076293945
    endloop
  endfacet
  facet normal 0 0 1
    outer loop
      vertex 42.349998474121094 11.927640914916992 -45.20000076293945
      vertex 37.650001525878906 2.09999942779541 -45.20000076293945
      vertex 42.41725158691406 11.589544296264648 -45.20000076293945
    endloop
  endfacet
  facet normal 0 0 1
    outer loop
      vertex 43.92763900756836 10.350000381469727 -45.20000076293945
      vertex 37.650001525878906 2.09999942779541 -45.20000076293945
      vertex 50.54999923706055 2.09999942779541 -45.20000076293945
    endloop
  endfacet
  facet normal 0 0 1
    outer loop
      vertex 42.549171447753906 11.271064758300781 -45.20000076293945
      vertex 37.650001525878906 2.09999942779541 -45.20000076293945
      vertex 42.74068832397461 10.984440803527832 -45.20000076293945
    endloop
  endfacet
  facet normal 0 0 1
    outer loop
      vertex 42.41725158691406 11.589544296264648 -45.20000076293945
      vertex 37.650001525878906 2.09999942779541 -45.20000076293945
      vertex 42.549171447753906 11.271064758300781 -45.20000076293945
    endloop
  endfacet
  facet normal 0.9769878303846571 0.19432694733247652 -0.08793075014306169
    outer loop
      vertex 40.849998474121094 12.420097351074219 -68.19871520996094
      vertex 40.81925582885742 21.53335189819336 -48.400001525878906
      vertex 40.849998474121094 21.37879180908203 -48.400001525878906
    endloop
  endfacet
  facet normal 0.9769961185608906 0.19429246251829663 -0.087914864076163
    outer loop
      vertex 40.849998474121094 11.779903411865234 -69.6135482788086
      vertex 40.81925582885742 21.53335189819336 -48.400001525878906
      vertex 40.849998474121094 12.420097351074219 -68.19871520996094
    endloop
  endfacet
  facet normal 0.976987551384709 0.19432811024469915 -0.0879312800318216
    outer loop
      vertex 40.81925582885742 2.09999942779541 -91.34770965576172
      vertex 40.849998474121094 11.779903411865234 -69.6135482788086
      vertex 40.849998474121094 2.09999942779541 -91.00613403320312
    endloop
  endfacet
  facet normal 0.9769873355253457 0.1943290135707598 -0.08793168204749151
    outer loop
      vertex 40.849998474121094 11.779903411865234 -69.6135482788086
      vertex 40.81925582885742 2.09999942779541 -91.34770965576172
      vertex 40.81925582885742 21.53335189819336 -48.400001525878906
    endloop
  endfacet
  facet normal -0.17831167317275523 0.8964702893585461 -0.4056426598716376
    outer loop
      vertex 38.37120819091797 22.099998474121094 -48.400001525878906
      vertex 38.21664810180664 2.09999942779541 -92.53205871582031
      vertex 38.21664810180664 22.069255828857422 -48.400001525878906
    endloop
  endfacet
  facet normal -0.17830789546404835 0.8964709079222949 -0.405642953425988
    outer loop
      vertex 38.21664810180664 2.09999942779541 -92.53205871582031
      vertex 38.37120819091797 22.099998474121094 -48.400001525878906
      vertex 38.37120819091797 2.09999942779541 -92.5999984741211
    endloop
  endfacet
  facet normal 0.8063912058197693 0.5387914515499572 -0.24379703630936206
    outer loop
      vertex 40.758949279785156 2.09999942779541 -91.66946411132812
      vertex 40.67140197753906 21.80997085571289 -48.400001525878906
      vertex 40.758949279785156 21.67894172668457 -48.400001525878906
    endloop
  endfacet
  facet normal 0.8063905216181299 0.5387923000536968 -0.24379742420150285
    outer loop
      vertex 40.67140197753906 21.80997085571289 -48.400001525878906
      vertex 40.758949279785156 2.09999942779541 -91.66946411132812
      vertex 40.67140197753906 2.09999942779541 -91.95903778076172
    endloop
  endfacet
  facet normal -0.5199732379959919 0.7782209865547298 -0.35213623479236905
    outer loop
      vertex 38.07106018066406 22.008949279785156 -48.400001525878906
      vertex 37.94002914428711 2.09999942779541 -92.20529174804688
      vertex 37.94002914428711 21.92140007019043 -48.400001525878906
    endloop
  endfacet
  facet normal -0.5199836791550522 0.7782152118376684 -0.35213357902481934
    outer loop
      vertex 37.94002914428711 2.09999942779541 -92.20529174804688
      vertex 38.07106018066406 22.008949279785156 -48.400001525878906
      vertex 38.07106018066406 2.09999942779541 -92.3987808227539
    endloop
  endfacet
  facet normal 0 1 0
    outer loop
      vertex 48.071205139160156 22.099998474121094 -48.400001525878906
      vertex 49.828792572021484 22.099998474121094 -45.20000076293945
      vertex 49.828792572021484 22.099998474121094 -48.400001525878906
    endloop
  endfacet
  facet normal 0 1 0
    outer loop
      vertex 49.828792572021484 22.099998474121094 -45.20000076293945
      vertex 48.071205139160156 22.099998474121094 -48.400001525878906
      vertex 38.37120819091797 22.099998474121094 -45.20000076293945
    endloop
  endfacet
  facet normal 0 1 0
    outer loop
      vertex 40.12879180908203 22.099998474121094 -48.400001525878906
      vertex 38.37120819091797 22.099998474121094 -45.20000076293945
      vertex 48.071205139160156 22.099998474121094 -48.400001525878906
    endloop
  endfacet
  facet normal 0 1 0
    outer loop
      vertex 38.37120819091797 22.099998474121094 -45.20000076293945
      vertex 40.12879180908203 22.099998474121094 -48.400001525878906
      vertex 38.37120819091797 22.099998474121094 -48.400001525878906
    endloop
  endfacet
  facet normal -0.35308376643398226 0.8523905336171126 -0.38569707294809374
    outer loop
      vertex 38.21664810180664 22.069255828857422 -48.400001525878906
      vertex 38.07106018066406 2.09999942779541 -92.3987808227539
      vertex 38.07106018066406 22.008949279785156 -48.400001525878906
    endloop
  endfacet
  facet normal -0.3530847362008863 0.8523902015578934 -0.3856969190310501
    outer loop
      vertex 38.07106018066406 2.09999942779541 -92.3987808227539
      vertex 38.21664810180664 22.069255828857422 -48.400001525878906
      vertex 38.21664810180664 2.09999942779541 -92.53205871582031
    endloop
  endfacet
  facet normal 0.17831167317275523 0.8964702893585461 -0.4056426598716376
    outer loop
      vertex 40.28335189819336 2.09999942779541 -92.53205871582031
      vertex 40.12879180908203 22.099998474121094 -48.400001525878906
      vertex 40.28335189819336 22.069255828857422 -48.400001525878906
    endloop
  endfacet
  facet normal 0.17830789546404835 0.8964709079222949 -0.405642953425988
    outer loop
      vertex 40.12879180908203 22.099998474121094 -48.400001525878906
      vertex 40.28335189819336 2.09999942779541 -92.53205871582031
      vertex 40.12879180908203 2.09999942779541 -92.5999984741211
    endloop
  endfacet
  facet normal 1 0 0
    outer loop
      vertex 40.849998474121094 13.850000381469727 -48.599998474121094
      vertex 40.849998474121094 21.37879180908203 -48.400001525878906
      vertex 40.849998474121094 13.850000381469727 -48.400001525878906
    endloop
  endfacet
  facet normal 1 0 0
    outer loop
      vertex 40.849998474121094 13.850000381469727 -48.599998474121094
      vertex 40.849998474121094 12.420097351074219 -68.19871520996094
      vertex 40.849998474121094 21.37879180908203 -48.400001525878906
    endloop
  endfacet
  facet normal 1 0 0
    outer loop
      vertex 40.849998474121094 12.420097351074219 -68.19871520996094
      vertex 40.849998474121094 13.850000381469727 -48.599998474121094
      vertex 40.849998474121094 12.420097351074219 -48.599998474121094
    endloop
  endfacet
  facet normal 1 0 0
    outer loop
      vertex 40.849998474121094 10.350000381469727 -48.400001525878906
      vertex 40.849998474121094 2.09999942779541 -48.400001525878906
      vertex 40.849998474121094 10.350000381469727 -48.599998474121094
    endloop
  endfacet
  facet normal 1 0 0
    outer loop
      vertex 40.849998474121094 10.350000381469727 -48.599998474121094
      vertex 40.849998474121094 11.779903411865234 -69.6135482788086
      vertex 40.849998474121094 11.779903411865234 -48.599998474121094
    endloop
  endfacet
  facet normal 1 0 0
    outer loop
      vertex 40.849998474121094 2.09999942779541 -48.400001525878906
      vertex 40.849998474121094 11.779903411865234 -69.6135482788086
      vertex 40.849998474121094 10.350000381469727 -48.599998474121094
    endloop
  endfacet
  facet normal 1 0 0
    outer loop
      vertex 40.849998474121094 11.779903411865234 -69.6135482788086
      vertex 40.849998474121094 2.09999942779541 -48.400001525878906
      vertex 40.849998474121094 2.09999942779541 -91.00613403320312
    endloop
  endfacet
  facet normal 1 0 0
    outer loop
      vertex 40.849998474121094 12.420097351074219 -48.599998474121094
      vertex 40.849998474121094 13.850000381469727 -48.400001525878906
      vertex 40.849998474121094 13.850000381469727 -48.20000076293945
    endloop
  endfacet
  facet normal 1 0 0
    outer loop
      vertex 40.849998474121094 13.850000381469727 -48.400001525878906
      vertex 40.849998474121094 12.420097351074219 -48.599998474121094
      vertex 40.849998474121094 13.850000381469727 -48.599998474121094
    endloop
  endfacet
  facet normal 1 0 0
    outer loop
      vertex 40.849998474121094 12.420097351074219 -48.599998474121094
      vertex 40.849998474121094 11.779903411865234 -48.599998474121094
      vertex 40.849998474121094 12.420097351074219 -68.19871520996094
    endloop
  endfacet
  facet normal 1 0 0
    outer loop
      vertex 40.849998474121094 13.850000381469727 -48.20000076293945
      vertex 40.849998474121094 11.779903411865234 -48.599998474121094
      vertex 40.849998474121094 12.420097351074219 -48.599998474121094
    endloop
  endfacet
  facet normal 1 0 0
    outer loop
      vertex 40.849998474121094 10.350000381469727 -48.20000076293945
      vertex 40.849998474121094 11.779903411865234 -48.599998474121094
      vertex 40.849998474121094 13.850000381469727 -48.20000076293945
    endloop
  endfacet
  facet normal 1 0 0
    outer loop
      vertex 40.849998474121094 10.350000381469727 -48.400001525878906
      vertex 40.849998474121094 11.779903411865234 -48.599998474121094
      vertex 40.849998474121094 10.350000381469727 -48.20000076293945
    endloop
  endfacet
  facet normal 1 0 0
    outer loop
      vertex 40.849998474121094 11.779903411865234 -48.599998474121094
      vertex 40.849998474121094 10.350000381469727 -48.400001525878906
      vertex 40.849998474121094 10.350000381469727 -48.599998474121094
    endloop
  endfacet
  facet normal 1 0 0
    outer loop
      vertex 40.849998474121094 12.420097351074219 -68.19871520996094
      vertex 40.849998474121094 11.779903411865234 -48.599998474121094
      vertex 40.849998474121094 11.779903411865234 -69.6135482788086
    endloop
  endfacet
  facet normal 0 0.911071055945907 -0.41224935538774354
    outer loop
      vertex 40.12879180908203 2.09999942779541 -92.5999984741211
      vertex 38.37120819091797 22.099998474121094 -48.400001525878906
      vertex 40.12879180908203 22.099998474121094 -48.400001525878906
    endloop
  endfacet
  facet normal 0 0.911071055945907 -0.41224935538774354
    outer loop
      vertex 38.37120819091797 22.099998474121094 -48.400001525878906
      vertex 40.12879180908203 2.09999942779541 -92.5999984741211
      vertex 38.37120819091797 2.09999942779541 -92.5999984741211
    endloop
  endfacet
  facet normal -1 0 0
    outer loop
      vertex 37.650001525878906 21.37879180908203 -48.400001525878906
      vertex 37.650001525878906 2.09999942779541 -91.00613403320312
      vertex 37.650001525878906 2.09999942779541 -48.400001525878906
    endloop
  endfacet
  facet normal -0.9103296396563186 0.3770777143096457 -0.17062339972644514
    outer loop
      vertex 37.68074417114258 2.09999942779541 -91.34770965576172
      vertex 37.741050720214844 21.67894172668457 -48.400001525878906
      vertex 37.741050720214844 2.09999942779541 -91.66946411132812
    endloop
  endfacet
  facet normal -0.910329186498961 0.37707862098916756 -0.17062381369857946
    outer loop
      vertex 37.741050720214844 21.67894172668457 -48.400001525878906
      vertex 37.68074417114258 2.09999942779541 -91.34770965576172
      vertex 37.68074417114258 21.53335189819336 -48.400001525878906
    endloop
  endfacet
  facet normal -0.8063782330715653 0.5388075658545349 -0.2438043318037873
    outer loop
      vertex 37.741050720214844 2.09999942779541 -91.66946411132812
      vertex 37.8286018371582 21.80997085571289 -48.400001525878906
      vertex 37.8286018371582 2.09999942779541 -91.95903778076172
    endloop
  endfacet
  facet normal -0.8063789173015498 0.5388067173526607 -0.2438039439123786
    outer loop
      vertex 37.8286018371582 21.80997085571289 -48.400001525878906
      vertex 37.741050720214844 2.09999942779541 -91.66946411132812
      vertex 37.741050720214844 21.67894172668457 -48.400001525878906
    endloop
  endfacet
  facet normal -0.6734732847128558 0.6734742480759071 -0.3047395149249081
    outer loop
      vertex 37.8286018371582 2.09999942779541 -91.95903778076172
      vertex 37.94002914428711 21.92140007019043 -48.400001525878906
      vertex 37.94002914428711 2.09999942779541 -92.20529174804688
    endloop
  endfacet
  facet normal -0.673480116966326 0.6734685889179022 -0.30473692226567073
    outer loop
      vertex 37.94002914428711 21.92140007019043 -48.400001525878906
      vertex 37.8286018371582 2.09999942779541 -91.95903778076172
      vertex 37.8286018371582 21.80997085571289 -48.400001525878906
    endloop
  endfacet
  facet normal 0.3530756684676727 0.8523933179035483 -0.3856983328062059
    outer loop
      vertex 40.4289436340332 2.09999942779541 -92.3987808227539
      vertex 40.28335189819336 22.069255828857422 -48.400001525878906
      vertex 40.4289436340332 22.008949279785156 -48.400001525878906
    endloop
  endfacet
  facet normal 0.3530766382186704 0.852392985858539 -0.38569817889558
    outer loop
      vertex 40.28335189819336 22.069255828857422 -48.400001525878906
      vertex 40.4289436340332 2.09999942779541 -92.3987808227539
      vertex 40.28335189819336 2.09999942779541 -92.53205871582031
    endloop
  endfacet
  facet normal -0.5555573797931335 0.8314782004102019 0
    outer loop
      vertex 38.07106018066406 22.008949279785156 -48.400001525878906
      vertex 37.94002914428711 21.92140007019043 -45.20000076293945
      vertex 38.07106018066406 22.008949279785156 -45.20000076293945
    endloop
  endfacet
  facet normal -0.5555573797931335 0.8314782004102019 0
    outer loop
      vertex 37.94002914428711 21.92140007019043 -45.20000076293945
      vertex 38.07106018066406 22.008949279785156 -48.400001525878906
      vertex 37.94002914428711 21.92140007019043 -48.400001525878906
    endloop
  endfacet
  facet normal 0.910329186498961 0.37707862098916756 -0.17062381369857946
    outer loop
      vertex 40.81925582885742 2.09999942779541 -91.34770965576172
      vertex 40.758949279785156 21.67894172668457 -48.400001525878906
      vertex 40.81925582885742 21.53335189819336 -48.400001525878906
    endloop
  endfacet
  facet normal 0.9103296396563186 0.3770777143096457 -0.17062339972644514
    outer loop
      vertex 40.758949279785156 21.67894172668457 -48.400001525878906
      vertex 40.81925582885742 2.09999942779541 -91.34770965576172
      vertex 40.758949279785156 2.09999942779541 -91.66946411132812
    endloop
  endfacet
  facet normal 0.673467518471607 0.6734790463043807 -0.3047416541148213
    outer loop
      vertex 40.67140197753906 2.09999942779541 -91.95903778076172
      vertex 40.55997085571289 21.92140007019043 -48.400001525878906
      vertex 40.67140197753906 21.80997085571289 -48.400001525878906
    endloop
  endfacet
  facet normal 0.6734606861337726 0.6734847053380792 -0.30474424671830763
    outer loop
      vertex 40.55997085571289 21.92140007019043 -48.400001525878906
      vertex 40.67140197753906 2.09999942779541 -91.95903778076172
      vertex 40.55997085571289 2.09999942779541 -92.20529174804688
    endloop
  endfacet
  facet normal 0.5199842832523878 0.7782148607286559 -0.3521334629250384
    outer loop
      vertex 40.55997085571289 2.09999942779541 -92.20529174804688
      vertex 40.4289436340332 22.008949279785156 -48.400001525878906
      vertex 40.55997085571289 21.92140007019043 -48.400001525878906
    endloop
  endfacet
  facet normal 0.5199947244688542 0.7782090858110374 -0.35213080706707556
    outer loop
      vertex 40.4289436340332 22.008949279785156 -48.400001525878906
      vertex 40.55997085571289 2.09999942779541 -92.20529174804688
      vertex 40.4289436340332 2.09999942779541 -92.3987808227539
    endloop
  endfacet
  facet normal -0.976982314783846 0.19434996315516448 -0.08794116454302985
    outer loop
      vertex 47.38074493408203 21.53335189819336 -48.400001525878906
      vertex 47.349998474121094 12.420097351074219 -68.19871520996094
      vertex 47.349998474121094 21.37879180908203 -48.400001525878906
    endloop
  endfacet
  facet normal -0.9769906048766999 0.19431547464715598 -0.08792527677130593
    outer loop
      vertex 47.38074493408203 21.53335189819336 -48.400001525878906
      vertex 47.349998474121094 11.779903411865234 -69.6135482788086
      vertex 47.349998474121094 12.420097351074219 -68.19871520996094
    endloop
  endfacet
  facet normal -0.9769818198101012 0.19435202961485012 -0.08794209654728108
    outer loop
      vertex 47.38074493408203 2.09999942779541 -91.34770965576172
      vertex 47.349998474121094 11.779903411865234 -69.6135482788086
      vertex 47.38074493408203 21.53335189819336 -48.400001525878906
    endloop
  endfacet
  facet normal -0.9769820357193808 0.1943511261919731 -0.08794169448859987
    outer loop
      vertex 47.349998474121094 11.779903411865234 -69.6135482788086
      vertex 47.38074493408203 2.09999942779541 -91.34770965576172
      vertex 47.349998474121094 2.09999942779541 -91.00613403320312
    endloop
  endfacet
  facet normal 0.976987831030586 0.19432694746095447 -0.08793074268228665
    outer loop
      vertex 50.54999923706055 2.09999942779541 -91.00613403320312
      vertex 50.519256591796875 21.53335189819336 -48.400001525878906
      vertex 50.54999923706055 21.37879180908203 -48.400001525878906
    endloop
  endfacet
  facet normal 0.9769875485612732 0.19432812455454979 -0.08793127977770544
    outer loop
      vertex 50.519256591796875 21.53335189819336 -48.400001525878906
      vertex 50.54999923706055 2.09999942779541 -91.00613403320312
      vertex 50.519256591796875 2.09999942779541 -91.34770965576172
    endloop
  endfacet
  facet normal -0.17831593425580605 0.8964695858429381 -0.4056423415387872
    outer loop
      vertex 48.071205139160156 22.099998474121094 -48.400001525878906
      vertex 47.916648864746094 2.09999942779541 -92.53205871582031
      vertex 47.916648864746094 22.069255828857422 -48.400001525878906
    endloop
  endfacet
  facet normal -0.17831215646275309 0.8964702044360104 -0.4056426351063955
    outer loop
      vertex 47.916648864746094 2.09999942779541 -92.53205871582031
      vertex 48.071205139160156 22.099998474121094 -48.400001525878906
      vertex 48.071205139160156 2.09999942779541 -92.5999984741211
    endloop
  endfacet
  facet normal 0.8063789173015498 0.5388067173526607 -0.2438039439123786
    outer loop
      vertex 50.45895004272461 2.09999942779541 -91.66946411132812
      vertex 50.37139892578125 21.80997085571289 -48.400001525878906
      vertex 50.45895004272461 21.67894172668457 -48.400001525878906
    endloop
  endfacet
  facet normal 0.8063782330715653 0.5388075658545349 -0.2438043318037873
    outer loop
      vertex 50.37139892578125 21.80997085571289 -48.400001525878906
      vertex 50.45895004272461 2.09999942779541 -91.66946411132812
      vertex 50.37139892578125 2.09999942779541 -91.95903778076172
    endloop
  endfacet
  facet normal 0.5555685618925175 0.8314707289115353 0
    outer loop
      vertex 50.25996780395508 21.92140007019043 -48.400001525878906
      vertex 50.12894058227539 22.008949279785156 -45.20000076293945
      vertex 50.25996780395508 21.92140007019043 -45.20000076293945
    endloop
  endfacet
  facet normal 0.5555685618925175 0.8314707289115353 0
    outer loop
      vertex 50.12894058227539 22.008949279785156 -45.20000076293945
      vertex 50.25996780395508 21.92140007019043 -48.400001525878906
      vertex 50.12894058227539 22.008949279785156 -48.400001525878906
    endloop
  endfacet
  facet normal -0.5199842832523878 0.7782148607286559 -0.3521334629250384
    outer loop
      vertex 47.77105712890625 22.008949279785156 -48.400001525878906
      vertex 47.64002990722656 2.09999942779541 -92.20529174804688
      vertex 47.64002990722656 21.92140007019043 -48.400001525878906
    endloop
  endfacet
  facet normal -0.5199947244688542 0.7782090858110374 -0.35213080706707556
    outer loop
      vertex 47.64002990722656 2.09999942779541 -92.20529174804688
      vertex 47.77105712890625 22.008949279785156 -48.400001525878906
      vertex 47.77105712890625 2.09999942779541 -92.3987808227539
    endloop
  endfacet
  facet normal -0.3530756684676727 0.8523933179035483 -0.3856983328062059
    outer loop
      vertex 47.916648864746094 22.069255828857422 -48.400001525878906
      vertex 47.77105712890625 2.09999942779541 -92.3987808227539
      vertex 47.77105712890625 22.008949279785156 -48.400001525878906
    endloop
  endfacet
  facet normal -0.3530766382186704 0.852392985858539 -0.38569817889558
    outer loop
      vertex 47.77105712890625 2.09999942779541 -92.3987808227539
      vertex 47.916648864746094 22.069255828857422 -48.400001525878906
      vertex 47.916648864746094 2.09999942779541 -92.53205871582031
    endloop
  endfacet
  facet normal 0.17831593425580605 0.8964695858429381 -0.4056423415387872
    outer loop
      vertex 49.98334884643555 2.09999942779541 -92.53205871582031
      vertex 49.828792572021484 22.099998474121094 -48.400001525878906
      vertex 49.98334884643555 22.069255828857422 -48.400001525878906
    endloop
  endfacet
  facet normal 0.17831215646275309 0.8964702044360104 -0.4056426351063955
    outer loop
      vertex 49.828792572021484 22.099998474121094 -48.400001525878906
      vertex 49.98334884643555 2.09999942779541 -92.53205871582031
      vertex 49.828792572021484 2.09999942779541 -92.5999984741211
    endloop
  endfacet
  facet normal 1 0 0
    outer loop
      vertex 50.54999923706055 2.09999942779541 -48.400001525878906
      vertex 50.54999923706055 2.09999942779541 -91.00613403320312
      vertex 50.54999923706055 21.37879180908203 -48.400001525878906
    endloop
  endfacet
  facet normal 0 0.911071055945907 -0.4122493553877435
    outer loop
      vertex 49.828792572021484 2.09999942779541 -92.5999984741211
      vertex 48.071205139160156 22.099998474121094 -48.400001525878906
      vertex 49.828792572021484 22.099998474121094 -48.400001525878906
    endloop
  endfacet
  facet normal 0 0.911071055945907 -0.4122493553877435
    outer loop
      vertex 48.071205139160156 22.099998474121094 -48.400001525878906
      vertex 49.828792572021484 2.09999942779541 -92.5999984741211
      vertex 48.071205139160156 2.09999942779541 -92.5999984741211
    endloop
  endfacet
  facet normal -1 0 0
    outer loop
      vertex 47.349998474121094 12.420097351074219 -68.19871520996094
      vertex 47.349998474121094 13.850000381469727 -48.599998474121094
      vertex 47.349998474121094 21.37879180908203 -48.400001525878906
    endloop
  endfacet
  facet normal -1 0 0
    outer loop
      vertex 47.349998474121094 13.850000381469727 -48.599998474121094
      vertex 47.349998474121094 12.420097351074219 -68.19871520996094
      vertex 47.349998474121094 12.420097351074219 -48.599998474121094
    endloop
  endfacet
  facet normal -1 0 0
    outer loop
      vertex 47.349998474121094 21.37879180908203 -48.400001525878906
      vertex 47.349998474121094 13.850000381469727 -48.599998474121094
      vertex 47.349998474121094 13.850000381469727 -48.400001525878906
    endloop
  endfacet
  facet normal -1 0 0
    outer loop
      vertex 47.349998474121094 11.779903411865234 -69.6135482788086
      vertex 47.349998474121094 10.350000381469727 -48.599998474121094
      vertex 47.349998474121094 11.779903411865234 -48.599998474121094
    endloop
  endfacet
  facet normal -1 0 0
    outer loop
      vertex 47.349998474121094 2.09999942779541 -48.400001525878906
      vertex 47.349998474121094 11.779903411865234 -69.6135482788086
      vertex 47.349998474121094 2.09999942779541 -91.00613403320312
    endloop
  endfacet
  facet normal -1 0 0
    outer loop
      vertex 47.349998474121094 11.779903411865234 -69.6135482788086
      vertex 47.349998474121094 2.09999942779541 -48.400001525878906
      vertex 47.349998474121094 10.350000381469727 -48.599998474121094
    endloop
  endfacet
  facet normal -1 0 0
    outer loop
      vertex 47.349998474121094 10.350000381469727 -48.599998474121094
      vertex 47.349998474121094 2.09999942779541 -48.400001525878906
      vertex 47.349998474121094 10.350000381469727 -48.400001525878906
    endloop
  endfacet
  facet normal -1 0 0
    outer loop
      vertex 47.349998474121094 11.779903411865234 -48.599998474121094
      vertex 47.349998474121094 12.420097351074219 -68.19871520996094
      vertex 47.349998474121094 11.779903411865234 -69.6135482788086
    endloop
  endfacet
  facet normal -1 0 0
    outer loop
      vertex 47.349998474121094 12.420097351074219 -48.599998474121094
      vertex 47.349998474121094 13.850000381469727 -48.400001525878906
      vertex 47.349998474121094 13.850000381469727 -48.599998474121094
    endloop
  endfacet
  facet normal -1 0 0
    outer loop
      vertex 47.349998474121094 13.850000381469727 -48.400001525878906
      vertex 47.349998474121094 12.420097351074219 -48.599998474121094
      vertex 47.349998474121094 13.850000381469727 -48.20000076293945
    endloop
  endfacet
  facet normal -1 0 0
    outer loop
      vertex 47.349998474121094 12.420097351074219 -68.19871520996094
      vertex 47.349998474121094 11.779903411865234 -48.599998474121094
      vertex 47.349998474121094 12.420097351074219 -48.599998474121094
    endloop
  endfacet
  facet normal -1 0 0
    outer loop
      vertex 47.349998474121094 11.779903411865234 -48.599998474121094
      vertex 47.349998474121094 13.850000381469727 -48.20000076293945
      vertex 47.349998474121094 12.420097351074219 -48.599998474121094
    endloop
  endfacet
  facet normal -1 0 0
    outer loop
      vertex 47.349998474121094 10.350000381469727 -48.400001525878906
      vertex 47.349998474121094 11.779903411865234 -48.599998474121094
      vertex 47.349998474121094 10.350000381469727 -48.599998474121094
    endloop
  endfacet
  facet normal -1 0 0
    outer loop
      vertex 47.349998474121094 10.350000381469727 -48.20000076293945
      vertex 47.349998474121094 11.779903411865234 -48.599998474121094
      vertex 47.349998474121094 10.350000381469727 -48.400001525878906
    endloop
  endfacet
  facet normal -1 0 0
    outer loop
      vertex 47.349998474121094 11.779903411865234 -48.599998474121094
      vertex 47.349998474121094 10.350000381469727 -48.20000076293945
      vertex 47.349998474121094 13.850000381469727 -48.20000076293945
    endloop
  endfacet
  facet normal -0.9103395034694391 0.3770579477589032 -0.17061445558585936
    outer loop
      vertex 47.38074493408203 2.09999942779541 -91.34770965576172
      vertex 47.44104766845703 21.67894172668457 -48.400001525878906
      vertex 47.44104766845703 2.09999942779541 -91.66946411132812
    endloop
  endfacet
  facet normal -0.9103390503546799 0.37705885441057446 -0.17061486954519714
    outer loop
      vertex 47.44104766845703 21.67894172668457 -48.400001525878906
      vertex 47.38074493408203 2.09999942779541 -91.34770965576172
      vertex 47.38074493408203 21.53335189819336 -48.400001525878906
    endloop
  endfacet
  facet normal -0.8063782330715653 0.5388075658545349 -0.2438043318037873
    outer loop
      vertex 47.44104766845703 2.09999942779541 -91.66946411132812
      vertex 47.52859878540039 21.80997085571289 -48.400001525878906
      vertex 47.52859878540039 2.09999942779541 -91.95903778076172
    endloop
  endfacet
  facet normal -0.8063789173015498 0.5388067173526607 -0.2438039439123786
    outer loop
      vertex 47.52859878540039 21.80997085571289 -48.400001525878906
      vertex 47.44104766845703 2.09999942779541 -91.66946411132812
      vertex 47.44104766845703 21.67894172668457 -48.400001525878906
    endloop
  endfacet
  facet normal -0.673467518471607 0.6734790463043807 -0.3047416541148213
    outer loop
      vertex 47.64002990722656 21.92140007019043 -48.400001525878906
      vertex 47.52859878540039 2.09999942779541 -91.95903778076172
      vertex 47.52859878540039 21.80997085571289 -48.400001525878906
    endloop
  endfacet
  facet normal -0.6734606861337726 0.6734847053380792 -0.30474424671830763
    outer loop
      vertex 47.52859878540039 2.09999942779541 -91.95903778076172
      vertex 47.64002990722656 21.92140007019043 -48.400001525878906
      vertex 47.64002990722656 2.09999942779541 -92.20529174804688
    endloop
  endfacet
  facet normal 0.3530756684676727 0.8523933179035483 -0.3856983328062059
    outer loop
      vertex 50.12894058227539 2.09999942779541 -92.3987808227539
      vertex 49.98334884643555 22.069255828857422 -48.400001525878906
      vertex 50.12894058227539 22.008949279785156 -48.400001525878906
    endloop
  endfacet
  facet normal 0.3530766382186704 0.852392985858539 -0.38569817889558
    outer loop
      vertex 49.98334884643555 22.069255828857422 -48.400001525878906
      vertex 50.12894058227539 2.09999942779541 -92.3987808227539
      vertex 49.98334884643555 2.09999942779541 -92.53205871582031
    endloop
  endfacet
  facet normal 0.910329186498961 0.37707862098916756 -0.17062381369857946
    outer loop
      vertex 50.519256591796875 2.09999942779541 -91.34770965576172
      vertex 50.45895004272461 21.67894172668457 -48.400001525878906
      vertex 50.519256591796875 21.53335189819336 -48.400001525878906
    endloop
  endfacet
  facet normal 0.9103296396563186 0.3770777143096457 -0.17062339972644514
    outer loop
      vertex 50.45895004272461 21.67894172668457 -48.400001525878906
      vertex 50.519256591796875 2.09999942779541 -91.34770965576172
      vertex 50.45895004272461 2.09999942779541 -91.66946411132812
    endloop
  endfacet
  facet normal 0.673467518471607 0.6734790463043807 -0.3047416541148213
    outer loop
      vertex 50.37139892578125 2.09999942779541 -91.95903778076172
      vertex 50.25996780395508 21.92140007019043 -48.400001525878906
      vertex 50.37139892578125 21.80997085571289 -48.400001525878906
    endloop
  endfacet
  facet normal 0.6734606861337726 0.6734847053380792 -0.30474424671830763
    outer loop
      vertex 50.25996780395508 21.92140007019043 -48.400001525878906
      vertex 50.37139892578125 2.09999942779541 -91.95903778076172
      vertex 50.25996780395508 2.09999942779541 -92.20529174804688
    endloop
  endfacet
  facet normal 0.5199842832523878 0.7782148607286559 -0.3521334629250384
    outer loop
      vertex 50.25996780395508 2.09999942779541 -92.20529174804688
      vertex 50.12894058227539 22.008949279785156 -48.400001525878906
      vertex 50.25996780395508 21.92140007019043 -48.400001525878906
    endloop
  endfacet
  facet normal 0.5199947244688542 0.7782090858110374 -0.35213080706707556
    outer loop
      vertex 50.12894058227539 22.008949279785156 -48.400001525878906
      vertex 50.25996780395508 2.09999942779541 -92.20529174804688
      vertex 50.12894058227539 2.09999942779541 -92.3987808227539
    endloop
  endfacet
  facet normal 0.7071007293921993 0.7071128329291019 0
    outer loop
      vertex 50.37139892578125 21.80997085571289 -48.400001525878906
      vertex 50.25996780395508 21.92140007019043 -45.20000076293945
      vertex 50.37139892578125 21.80997085571289 -45.20000076293945
    endloop
  endfacet
  facet normal 0.7071007293921993 0.7071128329291019 0
    outer loop
      vertex 50.25996780395508 21.92140007019043 -45.20000076293945
      vertex 50.37139892578125 21.80997085571289 -48.400001525878906
      vertex 50.25996780395508 21.92140007019043 -48.400001525878906
    endloop
  endfacet
  facet normal -1 0 0
    outer loop
      vertex 37.650001525878906 2.09999942779541 -48.400001525878906
      vertex 37.650001525878906 21.37879180908203 -45.20000076293945
      vertex 37.650001525878906 21.37879180908203 -48.400001525878906
    endloop
  endfacet
  facet normal -1 0 0
    outer loop
      vertex 37.650001525878906 21.37879180908203 -45.20000076293945
      vertex 37.650001525878906 2.09999942779541 -48.400001525878906
      vertex 37.650001525878906 2.09999942779541 -45.20000076293945
    endloop
  endfacet
  facet normal -0.9807868199227204 0.19508258216939073 0
    outer loop
      vertex 37.650001525878906 21.37879180908203 -48.400001525878906
      vertex 37.68074417114258 21.53335189819336 -45.20000076293945
      vertex 37.68074417114258 21.53335189819336 -48.400001525878906
    endloop
  endfacet
  facet normal -0.9807868199227204 0.19508258216939073 0
    outer loop
      vertex 37.68074417114258 21.53335189819336 -45.20000076293945
      vertex 37.650001525878906 21.37879180908203 -48.400001525878906
      vertex 37.650001525878906 21.37879180908203 -45.20000076293945
    endloop
  endfacet
  facet normal 0.19508258216939073 0.9807868199227204 0
    outer loop
      vertex 49.98335266113281 22.069255828857422 -48.400001525878906
      vertex 49.828792572021484 22.099998474121094 -45.20000076293945
      vertex 49.98335266113281 22.069255828857422 -45.20000076293945
    endloop
  endfacet
  facet normal 0.19508258216939073 0.9807868199227204 0
    outer loop
      vertex 49.828792572021484 22.099998474121094 -45.20000076293945
      vertex 49.98335266113281 22.069255828857422 -48.400001525878906
      vertex 49.828792572021484 22.099998474121094 -48.400001525878906
    endloop
  endfacet
  facet normal -0.38269457741561397 0.923874916001449 0
    outer loop
      vertex 38.21664810180664 22.069255828857422 -48.400001525878906
      vertex 38.07106018066406 22.008949279785156 -45.20000076293945
      vertex 38.21664810180664 22.069255828857422 -45.20000076293945
    endloop
  endfacet
  facet normal -0.38269457741561397 0.923874916001449 0
    outer loop
      vertex 38.07106018066406 22.008949279785156 -45.20000076293945
      vertex 38.21664810180664 22.069255828857422 -48.400001525878906
      vertex 38.07106018066406 22.008949279785156 -48.400001525878906
    endloop
  endfacet
  facet normal 1 0 0
    outer loop
      vertex 50.54999923706055 2.09999942779541 -45.20000076293945
      vertex 50.54999923706055 21.37879180908203 -48.400001525878906
      vertex 50.54999923706055 21.37879180908203 -45.20000076293945
    endloop
  endfacet
  facet normal 1 0 0
    outer loop
      vertex 50.54999923706055 21.37879180908203 -48.400001525878906
      vertex 50.54999923706055 2.09999942779541 -45.20000076293945
      vertex 50.54999923706055 2.09999942779541 -48.400001525878906
    endloop
  endfacet
  facet normal 0.8314688736630611 0.55557133847012 0
    outer loop
      vertex 50.45895004272461 21.67894172668457 -45.20000076293945
      vertex 50.37139892578125 21.80997085571289 -48.400001525878906
      vertex 50.37139892578125 21.80997085571289 -45.20000076293945
    endloop
  endfacet
  facet normal 0.8314688736630611 0.55557133847012 0
    outer loop
      vertex 50.37139892578125 21.80997085571289 -48.400001525878906
      vertex 50.45895004272461 21.67894172668457 -45.20000076293945
      vertex 50.45895004272461 21.67894172668457 -48.400001525878906
    endloop
  endfacet
  facet normal 0 0 -1
    outer loop
      vertex 37.8286018371582 21.80997085571289 -48.400001525878906
      vertex 37.82859802246094 21.80997085571289 -48.400001525878906
      vertex 37.94002914428711 21.92140007019043 -48.400001525878906
    endloop
  endfacet
  facet normal 0 0 -1
    outer loop
      vertex 37.82859802246094 21.80997085571289 -48.400001525878906
      vertex 37.8286018371582 21.80997085571289 -48.400001525878906
      vertex 37.741050720214844 21.67894172668457 -48.400001525878906
    endloop
  endfacet
  facet normal 0 0 -1
    outer loop
      vertex 49.98334884643555 22.069255828857422 -48.400001525878906
      vertex 49.98335266113281 22.069255828857422 -48.400001525878906
      vertex 50.12894058227539 22.008949279785156 -48.400001525878906
    endloop
  endfacet
  facet normal 0 0 -1
    outer loop
      vertex 49.98335266113281 22.069255828857422 -48.400001525878906
      vertex 49.98334884643555 22.069255828857422 -48.400001525878906
      vertex 49.828792572021484 22.099998474121094 -48.400001525878906
    endloop
  endfacet
  facet normal 0 0 -1
    outer loop
      vertex 47.349998474121094 13.850000381469727 -48.400001525878906
      vertex 40.849998474121094 13.850000381469727 -48.400001525878906
      vertex 47.349998474121094 21.37879180908203 -48.400001525878906
    endloop
  endfacet
  facet normal 0 0 -1
    outer loop
      vertex 40.849998474121094 21.37879180908203 -48.400001525878906
      vertex 47.349998474121094 21.37879180908203 -48.400001525878906
      vertex 40.849998474121094 13.850000381469727 -48.400001525878906
    endloop
  endfacet
  facet normal 0 0 -1
    outer loop
      vertex 47.349998474121094 21.37879180908203 -48.400001525878906
      vertex 40.849998474121094 21.37879180908203 -48.400001525878906
      vertex 47.38074493408203 21.53335189819336 -48.400001525878906
    endloop
  endfacet
  facet normal 0 0 -1
    outer loop
      vertex 40.81925582885742 21.53335189819336 -48.400001525878906
      vertex 47.38074493408203 21.53335189819336 -48.400001525878906
      vertex 40.849998474121094 21.37879180908203 -48.400001525878906
    endloop
  endfacet
  facet normal 0 0 -1
    outer loop
      vertex 47.38074493408203 21.53335189819336 -48.400001525878906
      vertex 40.81925582885742 21.53335189819336 -48.400001525878906
      vertex 47.44104766845703 21.67894172668457 -48.400001525878906
    endloop
  endfacet
  facet normal 0 0 -1
    outer loop
      vertex 40.758949279785156 21.67894172668457 -48.400001525878906
      vertex 47.44104766845703 21.67894172668457 -48.400001525878906
      vertex 40.81925582885742 21.53335189819336 -48.400001525878906
    endloop
  endfacet
  facet normal 0 0 -1
    outer loop
      vertex 47.44104766845703 21.67894172668457 -48.400001525878906
      vertex 40.758949279785156 21.67894172668457 -48.400001525878906
      vertex 47.52859878540039 21.80997085571289 -48.400001525878906
    endloop
  endfacet
  facet normal 0 0 -1
    outer loop
      vertex 40.67140197753906 21.80997085571289 -48.400001525878906
      vertex 47.52859878540039 21.80997085571289 -48.400001525878906
      vertex 40.758949279785156 21.67894172668457 -48.400001525878906
    endloop
  endfacet
  facet normal 0 0 -1
    outer loop
      vertex 47.52859878540039 21.80997085571289 -48.400001525878906
      vertex 40.67140197753906 21.80997085571289 -48.400001525878906
      vertex 47.64002990722656 21.92140007019043 -48.400001525878906
    endloop
  endfacet
  facet normal 0 0 -1
    outer loop
      vertex 40.55997085571289 21.92140007019043 -48.400001525878906
      vertex 47.64002990722656 21.92140007019043 -48.400001525878906
      vertex 40.67140197753906 21.80997085571289 -48.400001525878906
    endloop
  endfacet
  facet normal 0 0 -1
    outer loop
      vertex 47.64002990722656 21.92140007019043 -48.400001525878906
      vertex 40.55997085571289 21.92140007019043 -48.400001525878906
      vertex 47.77105712890625 22.008949279785156 -48.400001525878906
    endloop
  endfacet
  facet normal 0 0 -1
    outer loop
      vertex 40.4289436340332 22.008949279785156 -48.400001525878906
      vertex 47.77105712890625 22.008949279785156 -48.400001525878906
      vertex 40.55997085571289 21.92140007019043 -48.400001525878906
    endloop
  endfacet
  facet normal 0 0 -1
    outer loop
      vertex 47.77105712890625 22.008949279785156 -48.400001525878906
      vertex 40.4289436340332 22.008949279785156 -48.400001525878906
      vertex 47.916648864746094 22.069255828857422 -48.400001525878906
    endloop
  endfacet
  facet normal 0 0 -1
    outer loop
      vertex 40.28335189819336 22.069255828857422 -48.400001525878906
      vertex 47.916648864746094 22.069255828857422 -48.400001525878906
      vertex 40.4289436340332 22.008949279785156 -48.400001525878906
    endloop
  endfacet
  facet normal 0 0 -1
    outer loop
      vertex 47.916648864746094 22.069255828857422 -48.400001525878906
      vertex 40.28335189819336 22.069255828857422 -48.400001525878906
      vertex 48.071205139160156 22.099998474121094 -48.400001525878906
    endloop
  endfacet
  facet normal 0 0 -1
    outer loop
      vertex 48.071205139160156 22.099998474121094 -48.400001525878906
      vertex 40.28335189819336 22.069255828857422 -48.400001525878906
      vertex 40.12879180908203 22.099998474121094 -48.400001525878906
    endloop
  endfacet
  facet normal 0 0 -1
    outer loop
      vertex 40.849998474121094 2.09999942779541 -48.400001525878906
      vertex 47.349998474121094 10.350000381469727 -48.400001525878906
      vertex 47.349998474121094 2.09999942779541 -48.400001525878906
    endloop
  endfacet
  facet normal 0 0 -1
    outer loop
      vertex 47.349998474121094 10.350000381469727 -48.400001525878906
      vertex 40.849998474121094 2.09999942779541 -48.400001525878906
      vertex 40.849998474121094 10.350000381469727 -48.400001525878906
    endloop
  endfacet
  facet normal -0.7071007293921993 0.7071128329291019 0
    outer loop
      vertex 37.94002914428711 21.92140007019043 -48.400001525878906
      vertex 37.82859802246094 21.80997085571289 -45.20000076293945
      vertex 37.94002914428711 21.92140007019043 -45.20000076293945
    endloop
  endfacet
  facet normal -0.7071007293921993 0.7071128329291019 0
    outer loop
      vertex 37.82859802246094 21.80997085571289 -45.20000076293945
      vertex 37.94002914428711 21.92140007019043 -48.400001525878906
      vertex 37.82859802246094 21.80997085571289 -48.400001525878906
    endloop
  endfacet
  facet normal 0.9238766886198202 0.382690298054283 0
    outer loop
      vertex 50.519256591796875 21.53335189819336 -45.20000076293945
      vertex 50.45895004272461 21.67894172668457 -48.400001525878906
      vertex 50.45895004272461 21.67894172668457 -45.20000076293945
    endloop
  endfacet
  facet normal 0.9238766886198202 0.382690298054283 0
    outer loop
      vertex 50.45895004272461 21.67894172668457 -48.400001525878906
      vertex 50.519256591796875 21.53335189819336 -45.20000076293945
      vertex 50.519256591796875 21.53335189819336 -48.400001525878906
    endloop
  endfacet
  facet normal -0.19508258216939073 0.9807868199227204 0
    outer loop
      vertex 38.37120819091797 22.099998474121094 -48.400001525878906
      vertex 38.21664810180664 22.069255828857422 -45.20000076293945
      vertex 38.37120819091797 22.099998474121094 -45.20000076293945
    endloop
  endfacet
  facet normal -0.19508258216939073 0.9807868199227204 0
    outer loop
      vertex 38.21664810180664 22.069255828857422 -45.20000076293945
      vertex 38.37120819091797 22.099998474121094 -48.400001525878906
      vertex 38.21664810180664 22.069255828857422 -48.400001525878906
    endloop
  endfacet
  facet normal -0.9238766886198202 0.382690298054283 0
    outer loop
      vertex 37.68074417114258 21.53335189819336 -48.400001525878906
      vertex 37.741050720214844 21.67894172668457 -45.20000076293945
      vertex 37.741050720214844 21.67894172668457 -48.400001525878906
    endloop
  endfacet
  facet normal -0.9238766886198202 0.382690298054283 0
    outer loop
      vertex 37.741050720214844 21.67894172668457 -45.20000076293945
      vertex 37.68074417114258 21.53335189819336 -48.400001525878906
      vertex 37.68074417114258 21.53335189819336 -45.20000076293945
    endloop
  endfacet
  facet normal -0.8314800557624437 0.5555546029593165 0
    outer loop
      vertex 37.741050720214844 21.67894172668457 -48.400001525878906
      vertex 37.82859802246094 21.80997085571289 -45.20000076293945
      vertex 37.82859802246094 21.80997085571289 -48.400001525878906
    endloop
  endfacet
  facet normal -0.8314800557624437 0.5555546029593165 0
    outer loop
      vertex 37.82859802246094 21.80997085571289 -45.20000076293945
      vertex 37.741050720214844 21.67894172668457 -48.400001525878906
      vertex 37.741050720214844 21.67894172668457 -45.20000076293945
    endloop
  endfacet
  facet normal 0.9807868199227204 0.19508258216939073 0
    outer loop
      vertex 50.54999923706055 21.37879180908203 -45.20000076293945
      vertex 50.519256591796875 21.53335189819336 -48.400001525878906
      vertex 50.519256591796875 21.53335189819336 -45.20000076293945
    endloop
  endfacet
  facet normal 0.9807868199227204 0.19508258216939073 0
    outer loop
      vertex 50.519256591796875 21.53335189819336 -48.400001525878906
      vertex 50.54999923706055 21.37879180908203 -45.20000076293945
      vertex 50.54999923706055 21.37879180908203 -48.400001525878906
    endloop
  endfacet
  facet normal 0.38269457741561397 0.923874916001449 0
    outer loop
      vertex 50.12894058227539 22.008949279785156 -48.400001525878906
      vertex 49.98335266113281 22.069255828857422 -45.20000076293945
      vertex 50.12894058227539 22.008949279785156 -45.20000076293945
    endloop
  endfacet
  facet normal 0.38269457741561397 0.923874916001449 0
    outer loop
      vertex 49.98335266113281 22.069255828857422 -45.20000076293945
      vertex 50.12894058227539 22.008949279785156 -48.400001525878906
      vertex 49.98335266113281 22.069255828857422 -48.400001525878906
    endloop
  endfacet
  facet normal 0.8314706867480132 0.5555686249949573 0
    outer loop
      vertex 91.63336944580078 -0.057921409606933594 -26.200000762939453
      vertex 91.18467712402344 0.6135969161987305 -94.19999694824219
      vertex 91.18467712402344 0.6135969161987305 -26.200000762939453
    endloop
  endfacet
  facet normal 0.8314706867480132 0.5555686249949573 0
    outer loop
      vertex 91.18467712402344 0.6135969161987305 -94.19999694824219
      vertex 91.63336944580078 -0.057921409606933594 -26.200000762939453
      vertex 91.63336944580078 -0.057921409606933594 -94.19999694824219
    endloop
  endfacet
  facet normal 0 1 0
    outer loop
      vertex 75.0999984741211 2.09999942779541 -48.400001525878906
      vertex 50.54999923706055 2.09999942779541 -45.20000076293945
      vertex 75.0999984741211 2.09999942779541 -45.20000076293945
    endloop
  endfacet
  facet normal 0 1 0
    outer loop
      vertex 75.0999984741211 2.09999942779541 -48.400001525878906
      vertex 50.54999923706055 2.09999942779541 -48.400001525878906
      vertex 50.54999923706055 2.09999942779541 -45.20000076293945
    endloop
  endfacet
  facet normal 0 1 0
    outer loop
      vertex 75.0999984741211 2.09999942779541 -91.00613403320312
      vertex 50.54999923706055 2.09999942779541 -48.400001525878906
      vertex 75.0999984741211 2.09999942779541 -48.400001525878906
    endloop
  endfacet
  facet normal 0 1 0
    outer loop
      vertex 75.0999984741211 2.09999942779541 -91.00613403320312
      vertex 50.54999923706055 2.09999942779541 -91.00613403320312
      vertex 50.54999923706055 2.09999942779541 -48.400001525878906
    endloop
  endfacet
  facet normal 0 1 0
    outer loop
      vertex 75.13074493408203 2.09999942779541 -91.34770965576172
      vertex 50.54999923706055 2.09999942779541 -91.00613403320312
      vertex 75.0999984741211 2.09999942779541 -91.00613403320312
    endloop
  endfacet
  facet normal 0 1 0
    outer loop
      vertex 75.13074493408203 2.09999942779541 -91.34770965576172
      vertex 50.519256591796875 2.09999942779541 -91.34770965576172
      vertex 50.54999923706055 2.09999942779541 -91.00613403320312
    endloop
  endfacet
  facet normal 0 1 0
    outer loop
      vertex 75.19104766845703 2.09999942779541 -91.66946411132812
      vertex 50.519256591796875 2.09999942779541 -91.34770965576172
      vertex 75.13074493408203 2.09999942779541 -91.34770965576172
    endloop
  endfacet
  facet normal 0 1 0
    outer loop
      vertex 75.19104766845703 2.09999942779541 -91.66946411132812
      vertex 50.45895004272461 2.09999942779541 -91.66946411132812
      vertex 50.519256591796875 2.09999942779541 -91.34770965576172
    endloop
  endfacet
  facet normal 0 1 0
    outer loop
      vertex 75.27860260009766 2.09999942779541 -91.95903778076172
      vertex 50.45895004272461 2.09999942779541 -91.66946411132812
      vertex 75.19104766845703 2.09999942779541 -91.66946411132812
    endloop
  endfacet
  facet normal 0 1 0
    outer loop
      vertex 75.27860260009766 2.09999942779541 -91.95903778076172
      vertex 50.37139892578125 2.09999942779541 -91.95903778076172
      vertex 50.45895004272461 2.09999942779541 -91.66946411132812
    endloop
  endfacet
  facet normal 0 1 0
    outer loop
      vertex 75.39002990722656 2.09999942779541 -92.20529174804688
      vertex 50.37139892578125 2.09999942779541 -91.95903778076172
      vertex 75.27860260009766 2.09999942779541 -91.95903778076172
    endloop
  endfacet
  facet normal 0 1 0
    outer loop
      vertex 75.39002990722656 2.09999942779541 -92.20529174804688
      vertex 50.25996780395508 2.09999942779541 -92.20529174804688
      vertex 50.37139892578125 2.09999942779541 -91.95903778076172
    endloop
  endfacet
  facet normal 0 1 0
    outer loop
      vertex 75.52105712890625 2.09999942779541 -92.3987808227539
      vertex 50.25996780395508 2.09999942779541 -92.20529174804688
      vertex 75.39002990722656 2.09999942779541 -92.20529174804688
    endloop
  endfacet
  facet normal 0 1 0
    outer loop
      vertex 75.52105712890625 2.09999942779541 -92.3987808227539
      vertex 50.12894058227539 2.09999942779541 -92.3987808227539
      vertex 50.25996780395508 2.09999942779541 -92.20529174804688
    endloop
  endfacet
  facet normal 0 1 0
    outer loop
      vertex 75.6666488647461 2.09999942779541 -92.53205871582031
      vertex 50.12894058227539 2.09999942779541 -92.3987808227539
      vertex 75.52105712890625 2.09999942779541 -92.3987808227539
    endloop
  endfacet
  facet normal 0 1 0
    outer loop
      vertex 75.6666488647461 2.09999942779541 -92.53205871582031
      vertex 49.98334884643555 2.09999942779541 -92.53205871582031
      vertex 50.12894058227539 2.09999942779541 -92.3987808227539
    endloop
  endfacet
  facet normal 0 1 0
    outer loop
      vertex 75.82120513916016 2.09999942779541 -92.5999984741211
      vertex 49.98334884643555 2.09999942779541 -92.53205871582031
      vertex 75.6666488647461 2.09999942779541 -92.53205871582031
    endloop
  endfacet
  facet normal 0 1 0
    outer loop
      vertex 49.98334884643555 2.09999942779541 -92.53205871582031
      vertex 75.82120513916016 2.09999942779541 -92.5999984741211
      vertex 49.828792572021484 2.09999942779541 -92.5999984741211
    endloop
  endfacet
  facet normal 0 1 0
    outer loop
      vertex 75.0999984741211 2.09999942779541 -45.20000076293945
      vertex 88.40381622314453 2.09999942779541 -26.200000762939453
      vertex 88 2.09999942779541 -45.20000076293945
    endloop
  endfacet
  facet normal 0 1 0
    outer loop
      vertex 88.40381622314453 2.09999942779541 -26.200000762939453
      vertex 88 2.09999942779541 -48.400001525878906
      vertex 88 2.09999942779541 -45.20000076293945
    endloop
  endfacet
  facet normal 0 1 0
    outer loop
      vertex 88.40381622314453 2.09999942779541 -94.19999694824219
      vertex 88 2.09999942779541 -48.400001525878906
      vertex 88.40381622314453 2.09999942779541 -26.200000762939453
    endloop
  endfacet
  facet normal 0 1 0
    outer loop
      vertex 88.40381622314453 2.09999942779541 -94.19999694824219
      vertex 85.52120971679688 2.09999942779541 -92.5999984741211
      vertex 87.27879333496094 2.09999942779541 -92.5999984741211
    endloop
  endfacet
  facet normal 0 1 0
    outer loop
      vertex 85.52120971679688 2.09999942779541 -92.5999984741211
      vertex 88.40381622314453 2.09999942779541 -94.19999694824219
      vertex 77.57879638671875 2.09999942779541 -92.5999984741211
    endloop
  endfacet
  facet normal 0 1 0
    outer loop
      vertex 77.57879638671875 2.09999942779541 -92.5999984741211
      vertex 88.40381622314453 2.09999942779541 -94.19999694824219
      vertex 75.82120513916016 2.09999942779541 -92.5999984741211
    endloop
  endfacet
  facet normal 0 1 0
    outer loop
      vertex 75.82120513916016 2.09999942779541 -92.5999984741211
      vertex 88.40381622314453 2.09999942779541 -94.19999694824219
      vertex 49.828792572021484 2.09999942779541 -92.5999984741211
    endloop
  endfacet
  facet normal 0 1 0
    outer loop
      vertex 36.79999923706055 2.09999942779541 -94.19999694824219
      vertex 49.828792572021484 2.09999942779541 -92.5999984741211
      vertex 88.40381622314453 2.09999942779541 -94.19999694824219
    endloop
  endfacet
  facet normal 0 1 0
    outer loop
      vertex 49.828792572021484 2.09999942779541 -92.5999984741211
      vertex 36.79999923706055 2.09999942779541 -94.19999694824219
      vertex 48.071205139160156 2.09999942779541 -92.5999984741211
    endloop
  endfacet
  facet normal 0 1 0
    outer loop
      vertex 48.071205139160156 2.09999942779541 -92.5999984741211
      vertex 36.79999923706055 2.09999942779541 -94.19999694824219
      vertex 40.12879180908203 2.09999942779541 -92.5999984741211
    endloop
  endfacet
  facet normal 0 1 0
    outer loop
      vertex 87.433349609375 2.09999942779541 -92.53205871582031
      vertex 88.40381622314453 2.09999942779541 -94.19999694824219
      vertex 87.27879333496094 2.09999942779541 -92.5999984741211
    endloop
  endfacet
  facet normal 0 1 0
    outer loop
      vertex 87.57894134521484 2.09999942779541 -92.3987808227539
      vertex 88.40381622314453 2.09999942779541 -94.19999694824219
      vertex 87.433349609375 2.09999942779541 -92.53205871582031
    endloop
  endfacet
  facet normal 0 1 0
    outer loop
      vertex 87.70996856689453 2.09999942779541 -92.20529174804688
      vertex 88.40381622314453 2.09999942779541 -94.19999694824219
      vertex 87.57894134521484 2.09999942779541 -92.3987808227539
    endloop
  endfacet
  facet normal 0 1 0
    outer loop
      vertex 87.82139587402344 2.09999942779541 -91.95903778076172
      vertex 88.40381622314453 2.09999942779541 -94.19999694824219
      vertex 87.70996856689453 2.09999942779541 -92.20529174804688
    endloop
  endfacet
  facet normal 0 1 0
    outer loop
      vertex 87.90895080566406 2.09999942779541 -91.66946411132812
      vertex 88.40381622314453 2.09999942779541 -94.19999694824219
      vertex 87.82139587402344 2.09999942779541 -91.95903778076172
    endloop
  endfacet
  facet normal 0 1 0
    outer loop
      vertex 87.96925354003906 2.09999942779541 -91.34770965576172
      vertex 88.40381622314453 2.09999942779541 -94.19999694824219
      vertex 87.90895080566406 2.09999942779541 -91.66946411132812
    endloop
  endfacet
  facet normal 0 1 0
    outer loop
      vertex 88 2.09999942779541 -91.00613403320312
      vertex 88.40381622314453 2.09999942779541 -94.19999694824219
      vertex 87.96925354003906 2.09999942779541 -91.34770965576172
    endloop
  endfacet
  facet normal 0 1 0
    outer loop
      vertex 88 2.09999942779541 -48.400001525878906
      vertex 88.40381622314453 2.09999942779541 -94.19999694824219
      vertex 88 2.09999942779541 -91.00613403320312
    endloop
  endfacet
  facet normal 0 1 0
    outer loop
      vertex 50.54999923706055 2.09999942779541 -45.20000076293945
      vertex 88.40381622314453 2.09999942779541 -26.200000762939453
      vertex 75.0999984741211 2.09999942779541 -45.20000076293945
    endloop
  endfacet
  facet normal 0 1 0
    outer loop
      vertex 88.40381622314453 2.09999942779541 -26.200000762939453
      vertex 50.54999923706055 2.09999942779541 -45.20000076293945
      vertex 36.79999923706055 2.09999942779541 -26.200000762939453
    endloop
  endfacet
  facet normal 0 1 0
    outer loop
      vertex 37.650001525878906 2.09999942779541 -45.20000076293945
      vertex 36.79999923706055 2.09999942779541 -26.200000762939453
      vertex 50.54999923706055 2.09999942779541 -45.20000076293945
    endloop
  endfacet
  facet normal 0 1 0
    outer loop
      vertex 37.650001525878906 2.09999942779541 -48.400001525878906
      vertex 36.79999923706055 2.09999942779541 -26.200000762939453
      vertex 37.650001525878906 2.09999942779541 -45.20000076293945
    endloop
  endfacet
  facet normal 0 1 0
    outer loop
      vertex 36.79999923706055 2.09999942779541 -94.19999694824219
      vertex 37.650001525878906 2.09999942779541 -48.400001525878906
      vertex 37.650001525878906 2.09999942779541 -91.00613403320312
    endloop
  endfacet
  facet normal 0 1 0
    outer loop
      vertex 37.650001525878906 2.09999942779541 -48.400001525878906
      vertex 36.79999923706055 2.09999942779541 -94.19999694824219
      vertex 36.79999923706055 2.09999942779541 -26.200000762939453
    endloop
  endfacet
  facet normal 0 1 0
    outer loop
      vertex 37.68074417114258 2.09999942779541 -91.34770965576172
      vertex 36.79999923706055 2.09999942779541 -94.19999694824219
      vertex 37.650001525878906 2.09999942779541 -91.00613403320312
    endloop
  endfacet
  facet normal 0 1 0
    outer loop
      vertex 37.741050720214844 2.09999942779541 -91.66946411132812
      vertex 36.79999923706055 2.09999942779541 -94.19999694824219
      vertex 37.68074417114258 2.09999942779541 -91.34770965576172
    endloop
  endfacet
  facet normal 0 1 0
    outer loop
      vertex 37.8286018371582 2.09999942779541 -91.95903778076172
      vertex 36.79999923706055 2.09999942779541 -94.19999694824219
      vertex 37.741050720214844 2.09999942779541 -91.66946411132812
    endloop
  endfacet
  facet normal 0 1 0
    outer loop
      vertex 37.94002914428711 2.09999942779541 -92.20529174804688
      vertex 36.79999923706055 2.09999942779541 -94.19999694824219
      vertex 37.8286018371582 2.09999942779541 -91.95903778076172
    endloop
  endfacet
  facet normal 0 1 0
    outer loop
      vertex 38.07106018066406 2.09999942779541 -92.3987808227539
      vertex 36.79999923706055 2.09999942779541 -94.19999694824219
      vertex 37.94002914428711 2.09999942779541 -92.20529174804688
    endloop
  endfacet
  facet normal 0 1 0
    outer loop
      vertex 38.21664810180664 2.09999942779541 -92.53205871582031
      vertex 36.79999923706055 2.09999942779541 -94.19999694824219
      vertex 38.07106018066406 2.09999942779541 -92.3987808227539
    endloop
  endfacet
  facet normal 0 1 0
    outer loop
      vertex 38.37120819091797 2.09999942779541 -92.5999984741211
      vertex 36.79999923706055 2.09999942779541 -94.19999694824219
      vertex 38.21664810180664 2.09999942779541 -92.53205871582031
    endloop
  endfacet
  facet normal 0 1 0
    outer loop
      vertex 40.12879180908203 2.09999942779541 -92.5999984741211
      vertex 36.79999923706055 2.09999942779541 -94.19999694824219
      vertex 38.37120819091797 2.09999942779541 -92.5999984741211
    endloop
  endfacet
  facet normal 0 1 0
    outer loop
      vertex 84.80000305175781 2.09999942779541 -91.00613403320312
      vertex 78.30000305175781 2.09999942779541 -48.400001525878906
      vertex 84.80000305175781 2.09999942779541 -48.400001525878906
    endloop
  endfacet
  facet normal 0 1 0
    outer loop
      vertex 84.80000305175781 2.09999942779541 -91.00613403320312
      vertex 78.30000305175781 2.09999942779541 -91.00613403320312
      vertex 78.30000305175781 2.09999942779541 -48.400001525878906
    endloop
  endfacet
  facet normal 0 1 0
    outer loop
      vertex 84.83074188232422 2.09999942779541 -91.34770965576172
      vertex 78.30000305175781 2.09999942779541 -91.00613403320312
      vertex 84.80000305175781 2.09999942779541 -91.00613403320312
    endloop
  endfacet
  facet normal 0 1 0
    outer loop
      vertex 84.83074188232422 2.09999942779541 -91.34770965576172
      vertex 78.26925659179688 2.09999942779541 -91.34770965576172
      vertex 78.30000305175781 2.09999942779541 -91.00613403320312
    endloop
  endfacet
  facet normal 0 1 0
    outer loop
      vertex 84.89105224609375 2.09999942779541 -91.66946411132812
      vertex 78.26925659179688 2.09999942779541 -91.34770965576172
      vertex 84.83074188232422 2.09999942779541 -91.34770965576172
    endloop
  endfacet
  facet normal 0 1 0
    outer loop
      vertex 84.89105224609375 2.09999942779541 -91.66946411132812
      vertex 78.20895385742188 2.09999942779541 -91.66946411132812
      vertex 78.26925659179688 2.09999942779541 -91.34770965576172
    endloop
  endfacet
  facet normal 0 1 0
    outer loop
      vertex 84.97859954833984 2.09999942779541 -91.95903778076172
      vertex 78.20895385742188 2.09999942779541 -91.66946411132812
      vertex 84.89105224609375 2.09999942779541 -91.66946411132812
    endloop
  endfacet
  facet normal 0 1 0
    outer loop
      vertex 84.97859954833984 2.09999942779541 -91.95903778076172
      vertex 78.12139892578125 2.09999942779541 -91.95903778076172
      vertex 78.20895385742188 2.09999942779541 -91.66946411132812
    endloop
  endfacet
  facet normal 0 1 0
    outer loop
      vertex 85.09002685546875 2.09999942779541 -92.20529174804688
      vertex 78.12139892578125 2.09999942779541 -91.95903778076172
      vertex 84.97859954833984 2.09999942779541 -91.95903778076172
    endloop
  endfacet
  facet normal 0 1 0
    outer loop
      vertex 85.09002685546875 2.09999942779541 -92.20529174804688
      vertex 78.00997161865234 2.09999942779541 -92.20529174804688
      vertex 78.12139892578125 2.09999942779541 -91.95903778076172
    endloop
  endfacet
  facet normal 0 1 0
    outer loop
      vertex 85.22105407714844 2.09999942779541 -92.3987808227539
      vertex 78.00997161865234 2.09999942779541 -92.20529174804688
      vertex 85.09002685546875 2.09999942779541 -92.20529174804688
    endloop
  endfacet
  facet normal 0 1 0
    outer loop
      vertex 85.22105407714844 2.09999942779541 -92.3987808227539
      vertex 77.87894439697266 2.09999942779541 -92.3987808227539
      vertex 78.00997161865234 2.09999942779541 -92.20529174804688
    endloop
  endfacet
  facet normal 0 1 0
    outer loop
      vertex 85.36664581298828 2.09999942779541 -92.53205871582031
      vertex 77.87894439697266 2.09999942779541 -92.3987808227539
      vertex 85.22105407714844 2.09999942779541 -92.3987808227539
    endloop
  endfacet
  facet normal 0 1 0
    outer loop
      vertex 85.36664581298828 2.09999942779541 -92.53205871582031
      vertex 77.73335266113281 2.09999942779541 -92.53205871582031
      vertex 77.87894439697266 2.09999942779541 -92.3987808227539
    endloop
  endfacet
  facet normal 0 1 0
    outer loop
      vertex 85.52120971679688 2.09999942779541 -92.5999984741211
      vertex 77.73335266113281 2.09999942779541 -92.53205871582031
      vertex 85.36664581298828 2.09999942779541 -92.53205871582031
    endloop
  endfacet
  facet normal 0 1 0
    outer loop
      vertex 77.73335266113281 2.09999942779541 -92.53205871582031
      vertex 85.52120971679688 2.09999942779541 -92.5999984741211
      vertex 77.57879638671875 2.09999942779541 -92.5999984741211
    endloop
  endfacet
  facet normal 0 1 0
    outer loop
      vertex 47.349998474121094 2.09999942779541 -91.00613403320312
      vertex 40.849998474121094 2.09999942779541 -48.400001525878906
      vertex 47.349998474121094 2.09999942779541 -48.400001525878906
    endloop
  endfacet
  facet normal 0 1 0
    outer loop
      vertex 47.349998474121094 2.09999942779541 -91.00613403320312
      vertex 40.849998474121094 2.09999942779541 -91.00613403320312
      vertex 40.849998474121094 2.09999942779541 -48.400001525878906
    endloop
  endfacet
  facet normal 0 1 0
    outer loop
      vertex 47.38074493408203 2.09999942779541 -91.34770965576172
      vertex 40.849998474121094 2.09999942779541 -91.00613403320312
      vertex 47.349998474121094 2.09999942779541 -91.00613403320312
    endloop
  endfacet
  facet normal 0 1 0
    outer loop
      vertex 47.38074493408203 2.09999942779541 -91.34770965576172
      vertex 40.81925582885742 2.09999942779541 -91.34770965576172
      vertex 40.849998474121094 2.09999942779541 -91.00613403320312
    endloop
  endfacet
  facet normal 0 1 0
    outer loop
      vertex 47.44104766845703 2.09999942779541 -91.66946411132812
      vertex 40.81925582885742 2.09999942779541 -91.34770965576172
      vertex 47.38074493408203 2.09999942779541 -91.34770965576172
    endloop
  endfacet
  facet normal 0 1 0
    outer loop
      vertex 47.44104766845703 2.09999942779541 -91.66946411132812
      vertex 40.758949279785156 2.09999942779541 -91.66946411132812
      vertex 40.81925582885742 2.09999942779541 -91.34770965576172
    endloop
  endfacet
  facet normal 0 1 0
    outer loop
      vertex 47.52859878540039 2.09999942779541 -91.95903778076172
      vertex 40.758949279785156 2.09999942779541 -91.66946411132812
      vertex 47.44104766845703 2.09999942779541 -91.66946411132812
    endloop
  endfacet
  facet normal 0 1 0
    outer loop
      vertex 47.52859878540039 2.09999942779541 -91.95903778076172
      vertex 40.67140197753906 2.09999942779541 -91.95903778076172
      vertex 40.758949279785156 2.09999942779541 -91.66946411132812
    endloop
  endfacet
  facet normal 0 1 0
    outer loop
      vertex 47.64002990722656 2.09999942779541 -92.20529174804688
      vertex 40.67140197753906 2.09999942779541 -91.95903778076172
      vertex 47.52859878540039 2.09999942779541 -91.95903778076172
    endloop
  endfacet
  facet normal 0 1 0
    outer loop
      vertex 47.64002990722656 2.09999942779541 -92.20529174804688
      vertex 40.55997085571289 2.09999942779541 -92.20529174804688
      vertex 40.67140197753906 2.09999942779541 -91.95903778076172
    endloop
  endfacet
  facet normal 0 1 0
    outer loop
      vertex 47.77105712890625 2.09999942779541 -92.3987808227539
      vertex 40.55997085571289 2.09999942779541 -92.20529174804688
      vertex 47.64002990722656 2.09999942779541 -92.20529174804688
    endloop
  endfacet
  facet normal 0 1 0
    outer loop
      vertex 47.77105712890625 2.09999942779541 -92.3987808227539
      vertex 40.4289436340332 2.09999942779541 -92.3987808227539
      vertex 40.55997085571289 2.09999942779541 -92.20529174804688
    endloop
  endfacet
  facet normal 0 1 0
    outer loop
      vertex 47.916648864746094 2.09999942779541 -92.53205871582031
      vertex 40.4289436340332 2.09999942779541 -92.3987808227539
      vertex 47.77105712890625 2.09999942779541 -92.3987808227539
    endloop
  endfacet
  facet normal 0 1 0
    outer loop
      vertex 47.916648864746094 2.09999942779541 -92.53205871582031
      vertex 40.28335189819336 2.09999942779541 -92.53205871582031
      vertex 40.4289436340332 2.09999942779541 -92.3987808227539
    endloop
  endfacet
  facet normal 0 1 0
    outer loop
      vertex 48.071205139160156 2.09999942779541 -92.5999984741211
      vertex 40.28335189819336 2.09999942779541 -92.53205871582031
      vertex 47.916648864746094 2.09999942779541 -92.53205871582031
    endloop
  endfacet
  facet normal 0 1 0
    outer loop
      vertex 40.28335189819336 2.09999942779541 -92.53205871582031
      vertex 48.071205139160156 2.09999942779541 -92.5999984741211
      vertex 40.12879180908203 2.09999942779541 -92.5999984741211
    endloop
  endfacet
  facet normal 0 1 0
    outer loop
      vertex 36.79999923706055 2.09999942779541 -94.19999694824219
      vertex 36.77120590209961 2.09999942779541 -26.200000762939453
      vertex 36.79999923706055 2.09999942779541 -26.200000762939453
    endloop
  endfacet
  facet normal 0 1 0
    outer loop
      vertex 36.77120590209961 2.09999942779541 -26.200000762939453
      vertex 36.79999923706055 2.09999942779541 -94.19999694824219
      vertex 36.77120590209961 2.09999942779541 -94.19999694824219
    endloop
  endfacet
  facet normal 0.9238793022920389 0.3826839881630476 0
    outer loop
      vertex 91.94243621826172 -0.8040733337402344 -26.200000762939453
      vertex 91.63336944580078 -0.057921409606933594 -94.19999694824219
      vertex 91.63336944580078 -0.057921409606933594 -26.200000762939453
    endloop
  endfacet
  facet normal 0.9238793022920389 0.3826839881630476 0
    outer loop
      vertex 91.63336944580078 -0.057921409606933594 -94.19999694824219
      vertex 91.94243621826172 -0.8040733337402344 -26.200000762939453
      vertex 91.94243621826172 -0.8040733337402344 -94.19999694824219
    endloop
  endfacet
  facet normal 0.555572981381847 -0.8314677758990338 0
    outer loop
      vertex 89.94207763671875 -38.63337326049805 -94.19999694824219
      vertex 90.61359405517578 -38.18467712402344 -26.200000762939453
      vertex 89.94207763671875 -38.63337326049805 -26.200000762939453
    endloop
  endfacet
  facet normal 0.555572981381847 -0.8314677758990338 0
    outer loop
      vertex 90.61359405517578 -38.18467712402344 -26.200000762939453
      vertex 89.94207763671875 -38.63337326049805 -94.19999694824219
      vertex 90.61359405517578 -38.18467712402344 -94.19999694824219
    endloop
  endfacet
  facet normal 0 -1 0
    outer loop
      vertex 36.79999923706055 -39.099998474121094 -94.19999694824219
      vertex 88.40381622314453 -39.099998474121094 -26.200000762939453
      vertex 36.79999923706055 -39.099998474121094 -26.200000762939453
    endloop
  endfacet
  facet normal 0 -1 0
    outer loop
      vertex 88.40381622314453 -39.099998474121094 -26.200000762939453
      vertex 36.79999923706055 -39.099998474121094 -94.19999694824219
      vertex 88.40381622314453 -39.099998474121094 -94.19999694824219
    endloop
  endfacet
  facet normal 0 -1 0
    outer loop
      vertex 36.77120590209961 -39.099998474121094 -94.19999694824219
      vertex 36.79999923706055 -39.099998474121094 -26.200000762939453
      vertex 36.77120590209961 -39.099998474121094 -26.200000762939453
    endloop
  endfacet
  facet normal 0 -1 0
    outer loop
      vertex 36.79999923706055 -39.099998474121094 -26.200000762939453
      vertex 36.77120590209961 -39.099998474121094 -94.19999694824219
      vertex 36.79999923706055 -39.099998474121094 -94.19999694824219
    endloop
  endfacet
  facet normal 1 0 0
    outer loop
      vertex 92.0999984741211 -35.40381622314453 -26.200000762939453
      vertex 92.0999984741211 -1.5961847305297852 -94.19999694824219
      vertex 92.0999984741211 -1.5961847305297852 -26.200000762939453
    endloop
  endfacet
  facet normal 1 0 0
    outer loop
      vertex 92.0999984741211 -1.5961847305297852 -94.19999694824219
      vertex 92.0999984741211 -35.40381622314453 -26.200000762939453
      vertex 92.0999984741211 -35.40381622314453 -94.19999694824219
    endloop
  endfacet
  facet normal 0.5555721650248 0.8314683213746971 0
    outer loop
      vertex 90.61359405517578 1.1846771240234375 -94.19999694824219
      vertex 89.94207763671875 1.6333723068237305 -26.200000762939453
      vertex 90.61359405517578 1.1846771240234375 -26.200000762939453
    endloop
  endfacet
  facet normal 0.5555721650248 0.8314683213746971 0
    outer loop
      vertex 89.94207763671875 1.6333723068237305 -26.200000762939453
      vertex 90.61359405517578 1.1846771240234375 -94.19999694824219
      vertex 89.94207763671875 1.6333723068237305 -94.19999694824219
    endloop
  endfacet
  facet normal 0.38268273570396794 0.9238798210774639 0
    outer loop
      vertex 89.94207763671875 1.6333723068237305 -94.19999694824219
      vertex 89.1959228515625 1.942439079284668 -26.200000762939453
      vertex 89.94207763671875 1.6333723068237305 -26.200000762939453
    endloop
  endfacet
  facet normal 0.38268273570396794 0.9238798210774639 0
    outer loop
      vertex 89.1959228515625 1.942439079284668 -26.200000762939453
      vertex 89.94207763671875 1.6333723068237305 -94.19999694824219
      vertex 89.1959228515625 1.942439079284668 -94.19999694824219
    endloop
  endfacet
  facet normal 0.19509096976287918 0.9807851515581685 0
    outer loop
      vertex 89.1959228515625 1.942439079284668 -94.19999694824219
      vertex 88.40381622314453 2.09999942779541 -26.200000762939453
      vertex 89.1959228515625 1.942439079284668 -26.200000762939453
    endloop
  endfacet
  facet normal 0.19509096976287918 0.9807851515581685 0
    outer loop
      vertex 88.40381622314453 2.09999942779541 -26.200000762939453
      vertex 89.1959228515625 1.942439079284668 -94.19999694824219
      vertex 88.40381622314453 2.09999942779541 -94.19999694824219
    endloop
  endfacet
  facet normal 0.19508869797184158 -0.9807856034443265 0
    outer loop
      vertex 88.40381622314453 -39.099998474121094 -94.19999694824219
      vertex 89.1959228515625 -38.942440032958984 -26.200000762939453
      vertex 88.40381622314453 -39.099998474121094 -26.200000762939453
    endloop
  endfacet
  facet normal 0.19508869797184158 -0.9807856034443265 0
    outer loop
      vertex 89.1959228515625 -38.942440032958984 -26.200000762939453
      vertex 88.40381622314453 -39.099998474121094 -94.19999694824219
      vertex 89.1959228515625 -38.942440032958984 -94.19999694824219
    endloop
  endfacet
  facet normal 0 0 -1
    outer loop
      vertex 88.40381622314453 -39.099998474121094 -94.19999694824219
      vertex 92.0999984741211 -35.40381622314453 -94.19999694824219
      vertex 91.94243621826172 -36.195926666259766 -94.19999694824219
    endloop
  endfacet
  facet normal 0 0 -1
    outer loop
      vertex 92.0999984741211 -35.40381622314453 -94.19999694824219
      vertex 82.5 -24.738685607910156 -94.19999694824219
      vertex 92.0999984741211 -1.5961847305297852 -94.19999694824219
    endloop
  endfacet
  facet normal 0 0 -1
    outer loop
      vertex 88.40381622314453 -39.099998474121094 -94.19999694824219
      vertex 91.94243621826172 -36.195926666259766 -94.19999694824219
      vertex 91.63336944580078 -36.94207763671875 -94.19999694824219
    endloop
  endfacet
  facet normal 0 0 -1
    outer loop
      vertex 82.5 -12.26131534576416 -94.19999694824219
      vertex 92.0999984741211 -1.5961847305297852 -94.19999694824219
      vertex 82.5 -24.738685607910156 -94.19999694824219
    endloop
  endfacet
  facet normal 0 0 -1
    outer loop
      vertex 88.40381622314453 -39.099998474121094 -94.19999694824219
      vertex 91.63336944580078 -36.94207763671875 -94.19999694824219
      vertex 91.18467712402344 -37.61359786987305 -94.19999694824219
    endloop
  endfacet
  facet normal 0 0 -1
    outer loop
      vertex 82.21177673339844 -10.812331199645996 -94.19999694824219
      vertex 92.0999984741211 -1.5961847305297852 -94.19999694824219
      vertex 82.5 -12.26131534576416 -94.19999694824219
    endloop
  endfacet
  facet normal 0 0 -1
    outer loop
      vertex 88.40381622314453 -39.099998474121094 -94.19999694824219
      vertex 91.18467712402344 -37.61359786987305 -94.19999694824219
      vertex 90.61359405517578 -38.18467712402344 -94.19999694824219
    endloop
  endfacet
  facet normal 0 0 -1
    outer loop
      vertex 81.64641571044922 -9.447418212890625 -94.19999694824219
      vertex 92.0999984741211 -1.5961847305297852 -94.19999694824219
      vertex 82.21177673339844 -10.812331199645996 -94.19999694824219
    endloop
  endfacet
  facet normal 0 0 -1
    outer loop
      vertex 88.40381622314453 -39.099998474121094 -94.19999694824219
      vertex 90.61359405517578 -38.18467712402344 -94.19999694824219
      vertex 89.94207763671875 -38.63337326049805 -94.19999694824219
    endloop
  endfacet
  facet normal 0 0 -1
    outer loop
      vertex 80.82563018798828 -8.219029426574707 -94.19999694824219
      vertex 92.0999984741211 -1.5961847305297852 -94.19999694824219
      vertex 81.64641571044922 -9.447418212890625 -94.19999694824219
    endloop
  endfacet
  facet normal 0 0 -1
    outer loop
      vertex 88.40381622314453 -39.099998474121094 -94.19999694824219
      vertex 89.94207763671875 -38.63337326049805 -94.19999694824219
      vertex 89.1959228515625 -38.942440032958984 -94.19999694824219
    endloop
  endfacet
  facet normal 0 0 -1
    outer loop
      vertex 88.40381622314453 2.09999942779541 -94.19999694824219
      vertex 92.0999984741211 -1.5961847305297852 -94.19999694824219
      vertex 80.82563018798828 -8.219029426574707 -94.19999694824219
    endloop
  endfacet
  facet normal 0 0 -1
    outer loop
      vertex 92.0999984741211 -35.40381622314453 -94.19999694824219
      vertex 88.40381622314453 -39.099998474121094 -94.19999694824219
      vertex 80.82563018798828 -28.78097152709961 -94.19999694824219
    endloop
  endfacet
  facet normal 0 0 -1
    outer loop
      vertex 92.0999984741211 -1.5961847305297852 -94.19999694824219
      vertex 88.40381622314453 2.09999942779541 -94.19999694824219
      vertex 91.94243621826172 -0.8040733337402344 -94.19999694824219
    endloop
  endfacet
  facet normal 0 0 -1
    outer loop
      vertex 91.94243621826172 -0.8040733337402344 -94.19999694824219
      vertex 88.40381622314453 2.09999942779541 -94.19999694824219
      vertex 91.63336944580078 -0.057921409606933594 -94.19999694824219
    endloop
  endfacet
  facet normal 0 0 -1
    outer loop
      vertex 92.0999984741211 -35.40381622314453 -94.19999694824219
      vertex 82.21177673339844 -26.187667846679688 -94.19999694824219
      vertex 82.5 -24.738685607910156 -94.19999694824219
    endloop
  endfacet
  facet normal 0 0 -1
    outer loop
      vertex 92.0999984741211 -35.40381622314453 -94.19999694824219
      vertex 81.64641571044922 -27.552581787109375 -94.19999694824219
      vertex 82.21177673339844 -26.187667846679688 -94.19999694824219
    endloop
  endfacet
  facet normal 0 0 -1
    outer loop
      vertex 92.0999984741211 -35.40381622314453 -94.19999694824219
      vertex 80.82563018798828 -28.78097152709961 -94.19999694824219
      vertex 81.64641571044922 -27.552581787109375 -94.19999694824219
    endloop
  endfacet
  facet normal 0 0 -1
    outer loop
      vertex 88.40381622314453 -39.099998474121094 -94.19999694824219
      vertex 79.78096771240234 -29.82563018798828 -94.19999694824219
      vertex 80.82563018798828 -28.78097152709961 -94.19999694824219
    endloop
  endfacet
  facet normal 0 0 -1
    outer loop
      vertex 88.40381622314453 -39.099998474121094 -94.19999694824219
      vertex 78.55258178710938 -30.646411895751953 -94.19999694824219
      vertex 79.78096771240234 -29.82563018798828 -94.19999694824219
    endloop
  endfacet
  facet normal 0 0 -1
    outer loop
      vertex 88.40381622314453 -39.099998474121094 -94.19999694824219
      vertex 77.18766784667969 -31.21177864074707 -94.19999694824219
      vertex 78.55258178710938 -30.646411895751953 -94.19999694824219
    endloop
  endfacet
  facet normal 0 0 -1
    outer loop
      vertex 88.40381622314453 -39.099998474121094 -94.19999694824219
      vertex 75.73868560791016 -31.5 -94.19999694824219
      vertex 77.18766784667969 -31.21177864074707 -94.19999694824219
    endloop
  endfacet
  facet normal 0 0 -1
    outer loop
      vertex 88.40381622314453 -39.099998474121094 -94.19999694824219
      vertex 74.26131439208984 -31.5 -94.19999694824219
      vertex 75.73868560791016 -31.5 -94.19999694824219
    endloop
  endfacet
  facet normal 0 0 -1
    outer loop
      vertex 88.40381622314453 -39.099998474121094 -94.19999694824219
      vertex 72.81233215332031 -31.21177864074707 -94.19999694824219
      vertex 74.26131439208984 -31.5 -94.19999694824219
    endloop
  endfacet
  facet normal 0 0 -1
    outer loop
      vertex 57.18766784667969 -32.71177673339844 -94.19999694824219
      vertex 72.81233215332031 -31.21177864074707 -94.19999694824219
      vertex 88.40381622314453 -39.099998474121094 -94.19999694824219
    endloop
  endfacet
  facet normal 0 0 -1
    outer loop
      vertex 67.5 -24.738685607910156 -94.19999694824219
      vertex 62.5 -26.238685607910156 -94.19999694824219
      vertex 67.5 -12.26131534576416 -94.19999694824219
    endloop
  endfacet
  facet normal 0 0 -1
    outer loop
      vertex 67.78822326660156 -26.187667846679688 -94.19999694824219
      vertex 62.5 -26.238685607910156 -94.19999694824219
      vertex 67.5 -24.738685607910156 -94.19999694824219
    endloop
  endfacet
  facet normal 0 0 -1
    outer loop
      vertex 62.21177673339844 -27.687667846679688 -94.19999694824219
      vertex 67.78822326660156 -26.187667846679688 -94.19999694824219
      vertex 68.35358428955078 -27.552581787109375 -94.19999694824219
    endloop
  endfacet
  facet normal 0 0 -1
    outer loop
      vertex 61.64641189575195 -29.052581787109375 -94.19999694824219
      vertex 68.35358428955078 -27.552581787109375 -94.19999694824219
      vertex 69.17436981201172 -28.78097152709961 -94.19999694824219
    endloop
  endfacet
  facet normal 0 0 -1
    outer loop
      vertex 60.82563018798828 -30.28097152709961 -94.19999694824219
      vertex 69.17436981201172 -28.78097152709961 -94.19999694824219
      vertex 70.21902465820312 -29.82563018798828 -94.19999694824219
    endloop
  endfacet
  facet normal 0 0 -1
    outer loop
      vertex 59.78097152709961 -31.32563018798828 -94.19999694824219
      vertex 70.21902465820312 -29.82563018798828 -94.19999694824219
      vertex 71.44741821289062 -30.646411895751953 -94.19999694824219
    endloop
  endfacet
  facet normal 0 0 -1
    outer loop
      vertex 58.552581787109375 -32.14641189575195 -94.19999694824219
      vertex 72.81233215332031 -31.21177864074707 -94.19999694824219
      vertex 57.18766784667969 -32.71177673339844 -94.19999694824219
    endloop
  endfacet
  facet normal 0 0 -1
    outer loop
      vertex 67.78822326660156 -26.187667846679688 -94.19999694824219
      vertex 62.21177673339844 -27.687667846679688 -94.19999694824219
      vertex 62.5 -26.238685607910156 -94.19999694824219
    endloop
  endfacet
  facet normal 0 0 -1
    outer loop
      vertex 68.35358428955078 -27.552581787109375 -94.19999694824219
      vertex 61.64641189575195 -29.052581787109375 -94.19999694824219
      vertex 62.21177673339844 -27.687667846679688 -94.19999694824219
    endloop
  endfacet
  facet normal 0 0 -1
    outer loop
      vertex 69.17436981201172 -28.78097152709961 -94.19999694824219
      vertex 60.82563018798828 -30.28097152709961 -94.19999694824219
      vertex 61.64641189575195 -29.052581787109375 -94.19999694824219
    endloop
  endfacet
  facet normal 0 0 -1
    outer loop
      vertex 70.21902465820312 -29.82563018798828 -94.19999694824219
      vertex 59.78097152709961 -31.32563018798828 -94.19999694824219
      vertex 60.82563018798828 -30.28097152709961 -94.19999694824219
    endloop
  endfacet
  facet normal 0 0 -1
    outer loop
      vertex 71.44741821289062 -30.646411895751953 -94.19999694824219
      vertex 58.552581787109375 -32.14641189575195 -94.19999694824219
      vertex 59.78097152709961 -31.32563018798828 -94.19999694824219
    endloop
  endfacet
  facet normal 0 0 -1
    outer loop
      vertex 72.81233215332031 -31.21177864074707 -94.19999694824219
      vertex 58.552581787109375 -32.14641189575195 -94.19999694824219
      vertex 71.44741821289062 -30.646411895751953 -94.19999694824219
    endloop
  endfacet
  facet normal 0 0 -1
    outer loop
      vertex 88.40381622314453 -39.099998474121094 -94.19999694824219
      vertex 55.738685607910156 -33 -94.19999694824219
      vertex 57.18766784667969 -32.71177673339844 -94.19999694824219
    endloop
  endfacet
  facet normal 0 0 -1
    outer loop
      vertex 36.79999923706055 -39.099998474121094 -94.19999694824219
      vertex 55.738685607910156 -33 -94.19999694824219
      vertex 88.40381622314453 -39.099998474121094 -94.19999694824219
    endloop
  endfacet
  facet normal 0 0 -1
    outer loop
      vertex 47.5 -26.238685607910156 -94.19999694824219
      vertex 42.5 -27.738685607910156 -94.19999694824219
      vertex 47.5 -10.76131534576416 -94.19999694824219
    endloop
  endfacet
  facet normal 0 0 -1
    outer loop
      vertex 47.7882194519043 -27.687667846679688 -94.19999694824219
      vertex 42.5 -27.738685607910156 -94.19999694824219
      vertex 47.5 -26.238685607910156 -94.19999694824219
    endloop
  endfacet
  facet normal 0 0 -1
    outer loop
      vertex 42.21177673339844 -29.187667846679688 -94.19999694824219
      vertex 47.7882194519043 -27.687667846679688 -94.19999694824219
      vertex 48.35358428955078 -29.052581787109375 -94.19999694824219
    endloop
  endfacet
  facet normal 0 0 -1
    outer loop
      vertex 41.64641189575195 -30.552581787109375 -94.19999694824219
      vertex 48.35358428955078 -29.052581787109375 -94.19999694824219
      vertex 49.17436981201172 -30.28097152709961 -94.19999694824219
    endloop
  endfacet
  facet normal 0 0 -1
    outer loop
      vertex 40.82563018798828 -31.78097152709961 -94.19999694824219
      vertex 49.17436981201172 -30.28097152709961 -94.19999694824219
      vertex 50.21902847290039 -31.32563018798828 -94.19999694824219
    endloop
  endfacet
  facet normal 0 0 -1
    outer loop
      vertex 39.78097152709961 -32.82563018798828 -94.19999694824219
      vertex 50.21902847290039 -31.32563018798828 -94.19999694824219
      vertex 51.447418212890625 -32.14641189575195 -94.19999694824219
    endloop
  endfacet
  facet normal 0 0 -1
    outer loop
      vertex 47.7882194519043 -27.687667846679688 -94.19999694824219
      vertex 42.21177673339844 -29.187667846679688 -94.19999694824219
      vertex 42.5 -27.738685607910156 -94.19999694824219
    endloop
  endfacet
  facet normal 0 0 -1
    outer loop
      vertex 36.79999923706055 -39.099998474121094 -94.19999694824219
      vertex 51.447418212890625 -32.14641189575195 -94.19999694824219
      vertex 52.81233215332031 -32.71177673339844 -94.19999694824219
    endloop
  endfacet
  facet normal 0 0 -1
    outer loop
      vertex 48.35358428955078 -29.052581787109375 -94.19999694824219
      vertex 41.64641189575195 -30.552581787109375 -94.19999694824219
      vertex 42.21177673339844 -29.187667846679688 -94.19999694824219
    endloop
  endfacet
  facet normal 0 0 -1
    outer loop
      vertex 36.79999923706055 -39.099998474121094 -94.19999694824219
      vertex 52.81233215332031 -32.71177673339844 -94.19999694824219
      vertex 54.261314392089844 -33 -94.19999694824219
    endloop
  endfacet
  facet normal 0 0 -1
    outer loop
      vertex 49.17436981201172 -30.28097152709961 -94.19999694824219
      vertex 40.82563018798828 -31.78097152709961 -94.19999694824219
      vertex 41.64641189575195 -30.552581787109375 -94.19999694824219
    endloop
  endfacet
  facet normal 0 0 -1
    outer loop
      vertex 55.738685607910156 -33 -94.19999694824219
      vertex 36.79999923706055 -39.099998474121094 -94.19999694824219
      vertex 54.261314392089844 -33 -94.19999694824219
    endloop
  endfacet
  facet normal 0 0 -1
    outer loop
      vertex 51.447418212890625 -32.14641189575195 -94.19999694824219
      vertex 36.79999923706055 -39.099998474121094 -94.19999694824219
      vertex 39.78097152709961 -32.82563018798828 -94.19999694824219
    endloop
  endfacet
  facet normal 0 0 -1
    outer loop
      vertex 50.21902847290039 -31.32563018798828 -94.19999694824219
      vertex 39.78097152709961 -32.82563018798828 -94.19999694824219
      vertex 40.82563018798828 -31.78097152709961 -94.19999694824219
    endloop
  endfacet
  facet normal 0 0 -1
    outer loop
      vertex 39.78097152709961 -32.82563018798828 -94.19999694824219
      vertex 36.79999923706055 -39.099998474121094 -94.19999694824219
      vertex 38.552581787109375 -33.64641189575195 -94.19999694824219
    endloop
  endfacet
  facet normal 0 0 -1
    outer loop
      vertex 38.552581787109375 -33.64641189575195 -94.19999694824219
      vertex 36.79999923706055 -39.099998474121094 -94.19999694824219
      vertex 37.18766784667969 -34.21177673339844 -94.19999694824219
    endloop
  endfacet
  facet normal 0 0 -1
    outer loop
      vertex 36.61664581298828 -39.06925582885742 -94.19999694824219
      vertex 36.79999923706055 -39.099998474121094 -94.19999694824219
      vertex 36.77120590209961 -39.099998474121094 -94.19999694824219
    endloop
  endfacet
  facet normal 0 0 -1
    outer loop
      vertex 36.4710578918457 -39.008949279785156 -94.19999694824219
      vertex 36.79999923706055 -39.099998474121094 -94.19999694824219
      vertex 36.61664581298828 -39.06925582885742 -94.19999694824219
    endloop
  endfacet
  facet normal 0 0 -1
    outer loop
      vertex 36.79999923706055 -39.099998474121094 -94.19999694824219
      vertex 36.4710578918457 -39.008949279785156 -94.19999694824219
      vertex 36.04999923706055 -38.37879180908203 -94.19999694824219
    endloop
  endfacet
  facet normal 0 0 -1
    outer loop
      vertex 36.04999923706055 -38.37879180908203 -94.19999694824219
      vertex 36.4710578918457 -39.008949279785156 -94.19999694824219
      vertex 36.340030670166016 -38.92140197753906 -94.19999694824219
    endloop
  endfacet
  facet normal 0 0 -1
    outer loop
      vertex 36.04999923706055 -38.37879180908203 -94.19999694824219
      vertex 36.340030670166016 -38.92140197753906 -94.19999694824219
      vertex 36.228599548339844 -38.80997085571289 -94.19999694824219
    endloop
  endfacet
  facet normal 0 0 -1
    outer loop
      vertex 36.04999923706055 -38.37879180908203 -94.19999694824219
      vertex 36.228599548339844 -38.80997085571289 -94.19999694824219
      vertex 36.141048431396484 -38.67893981933594 -94.19999694824219
    endloop
  endfacet
  facet normal 0 0 -1
    outer loop
      vertex 36.04999923706055 -38.37879180908203 -94.19999694824219
      vertex 36.141048431396484 -38.67893981933594 -94.19999694824219
      vertex 36.08074188232422 -38.53335189819336 -94.19999694824219
    endloop
  endfacet
  facet normal 0 0 -1
    outer loop
      vertex 36.79999923706055 -39.099998474121094 -94.19999694824219
      vertex 36.04999923706055 -38.37879180908203 -94.19999694824219
      vertex 37.18766784667969 -34.21177673339844 -94.19999694824219
    endloop
  endfacet
  facet normal 0 0 -1
    outer loop
      vertex 37.18766784667969 -34.21177673339844 -94.19999694824219
      vertex 36.04999923706055 -38.37879180908203 -94.19999694824219
      vertex 36.04999923706055 -34.43807601928711 -94.19999694824219
    endloop
  endfacet
  facet normal 0 0 -1
    outer loop
      vertex 91.63336944580078 -0.057921409606933594 -94.19999694824219
      vertex 88.40381622314453 2.09999942779541 -94.19999694824219
      vertex 91.18467712402344 0.6135969161987305 -94.19999694824219
    endloop
  endfacet
  facet normal 0 0 -1
    outer loop
      vertex 90.61359405517578 1.1846771240234375 -94.19999694824219
      vertex 88.40381622314453 2.09999942779541 -94.19999694824219
      vertex 89.94207763671875 1.6333723068237305 -94.19999694824219
    endloop
  endfacet
  facet normal 0 0 -1
    outer loop
      vertex 89.94207763671875 1.6333723068237305 -94.19999694824219
      vertex 88.40381622314453 2.09999942779541 -94.19999694824219
      vertex 89.1959228515625 1.942439079284668 -94.19999694824219
    endloop
  endfacet
  facet normal 0 0 -1
    outer loop
      vertex 91.18467712402344 0.6135969161987305 -94.19999694824219
      vertex 88.40381622314453 2.09999942779541 -94.19999694824219
      vertex 90.61359405517578 1.1846771240234375 -94.19999694824219
    endloop
  endfacet
  facet normal 0 0 -1
    outer loop
      vertex 79.78096771240234 -7.174369812011719 -94.19999694824219
      vertex 88.40381622314453 2.09999942779541 -94.19999694824219
      vertex 80.82563018798828 -8.219029426574707 -94.19999694824219
    endloop
  endfacet
  facet normal 0 0 -1
    outer loop
      vertex 78.55258178710938 -6.3535871505737305 -94.19999694824219
      vertex 88.40381622314453 2.09999942779541 -94.19999694824219
      vertex 79.78096771240234 -7.174369812011719 -94.19999694824219
    endloop
  endfacet
  facet normal 0 0 -1
    outer loop
      vertex 77.18766784667969 -5.78822135925293 -94.19999694824219
      vertex 88.40381622314453 2.09999942779541 -94.19999694824219
      vertex 78.55258178710938 -6.3535871505737305 -94.19999694824219
    endloop
  endfacet
  facet normal 0 0 -1
    outer loop
      vertex 75.73868560791016 -5.5 -94.19999694824219
      vertex 88.40381622314453 2.09999942779541 -94.19999694824219
      vertex 77.18766784667969 -5.78822135925293 -94.19999694824219
    endloop
  endfacet
  facet normal 0 0 -1
    outer loop
      vertex 74.26131439208984 -5.5 -94.19999694824219
      vertex 88.40381622314453 2.09999942779541 -94.19999694824219
      vertex 75.73868560791016 -5.5 -94.19999694824219
    endloop
  endfacet
  facet normal 0 0 -1
    outer loop
      vertex 72.81233215332031 -5.78822135925293 -94.19999694824219
      vertex 88.40381622314453 2.09999942779541 -94.19999694824219
      vertex 74.26131439208984 -5.5 -94.19999694824219
    endloop
  endfacet
  facet normal 0 0 -1
    outer loop
      vertex 58.552581787109375 -4.8535871505737305 -94.19999694824219
      vertex 72.81233215332031 -5.78822135925293 -94.19999694824219
      vertex 71.44741821289062 -6.3535871505737305 -94.19999694824219
    endloop
  endfacet
  facet normal 0 0 -1
    outer loop
      vertex 62.5 -10.76131534576416 -94.19999694824219
      vertex 67.5 -12.26131534576416 -94.19999694824219
      vertex 62.5 -26.238685607910156 -94.19999694824219
    endloop
  endfacet
  facet normal 0 0 -1
    outer loop
      vertex 67.5 -12.26131534576416 -94.19999694824219
      vertex 62.5 -10.76131534576416 -94.19999694824219
      vertex 67.78822326660156 -10.812331199645996 -94.19999694824219
    endloop
  endfacet
  facet normal 0 0 -1
    outer loop
      vertex 62.21177673339844 -9.312331199645996 -94.19999694824219
      vertex 67.78822326660156 -10.812331199645996 -94.19999694824219
      vertex 62.5 -10.76131534576416 -94.19999694824219
    endloop
  endfacet
  facet normal 0 0 -1
    outer loop
      vertex 67.78822326660156 -10.812331199645996 -94.19999694824219
      vertex 62.21177673339844 -9.312331199645996 -94.19999694824219
      vertex 68.35358428955078 -9.447418212890625 -94.19999694824219
    endloop
  endfacet
  facet normal 0 0 -1
    outer loop
      vertex 61.64641189575195 -7.947418212890625 -94.19999694824219
      vertex 68.35358428955078 -9.447418212890625 -94.19999694824219
      vertex 62.21177673339844 -9.312331199645996 -94.19999694824219
    endloop
  endfacet
  facet normal 0 0 -1
    outer loop
      vertex 68.35358428955078 -9.447418212890625 -94.19999694824219
      vertex 61.64641189575195 -7.947418212890625 -94.19999694824219
      vertex 69.17436981201172 -8.219029426574707 -94.19999694824219
    endloop
  endfacet
  facet normal 0 0 -1
    outer loop
      vertex 60.82563018798828 -6.719029426574707 -94.19999694824219
      vertex 69.17436981201172 -8.219029426574707 -94.19999694824219
      vertex 61.64641189575195 -7.947418212890625 -94.19999694824219
    endloop
  endfacet
  facet normal 0 0 -1
    outer loop
      vertex 69.17436981201172 -8.219029426574707 -94.19999694824219
      vertex 60.82563018798828 -6.719029426574707 -94.19999694824219
      vertex 70.21902465820312 -7.174369812011719 -94.19999694824219
    endloop
  endfacet
  facet normal 0 0 -1
    outer loop
      vertex 59.78097152709961 -5.674369812011719 -94.19999694824219
      vertex 70.21902465820312 -7.174369812011719 -94.19999694824219
      vertex 60.82563018798828 -6.719029426574707 -94.19999694824219
    endloop
  endfacet
  facet normal 0 0 -1
    outer loop
      vertex 70.21902465820312 -7.174369812011719 -94.19999694824219
      vertex 59.78097152709961 -5.674369812011719 -94.19999694824219
      vertex 71.44741821289062 -6.3535871505737305 -94.19999694824219
    endloop
  endfacet
  facet normal 0 0 -1
    outer loop
      vertex 58.552581787109375 -4.8535871505737305 -94.19999694824219
      vertex 71.44741821289062 -6.3535871505737305 -94.19999694824219
      vertex 59.78097152709961 -5.674369812011719 -94.19999694824219
    endloop
  endfacet
  facet normal 0 0 -1
    outer loop
      vertex 72.81233215332031 -5.78822135925293 -94.19999694824219
      vertex 58.552581787109375 -4.8535871505737305 -94.19999694824219
      vertex 57.18766784667969 -4.28822135925293 -94.19999694824219
    endloop
  endfacet
  facet normal 0 0 -1
    outer loop
      vertex 72.81233215332031 -5.78822135925293 -94.19999694824219
      vertex 57.18766784667969 -4.28822135925293 -94.19999694824219
      vertex 88.40381622314453 2.09999942779541 -94.19999694824219
    endloop
  endfacet
  facet normal 0 0 -1
    outer loop
      vertex 55.738685607910156 -4 -94.19999694824219
      vertex 88.40381622314453 2.09999942779541 -94.19999694824219
      vertex 57.18766784667969 -4.28822135925293 -94.19999694824219
    endloop
  endfacet
  facet normal 0 0 -1
    outer loop
      vertex 36.79999923706055 2.09999942779541 -94.19999694824219
      vertex 55.738685607910156 -4 -94.19999694824219
      vertex 54.261314392089844 -4 -94.19999694824219
    endloop
  endfacet
  facet normal 0 0 -1
    outer loop
      vertex 42.5 -9.26131534576416 -94.19999694824219
      vertex 47.5 -10.76131534576416 -94.19999694824219
      vertex 42.5 -27.738685607910156 -94.19999694824219
    endloop
  endfacet
  facet normal 0 0 -1
    outer loop
      vertex 47.5 -10.76131534576416 -94.19999694824219
      vertex 42.5 -9.26131534576416 -94.19999694824219
      vertex 47.7882194519043 -9.312331199645996 -94.19999694824219
    endloop
  endfacet
  facet normal 0 0 -1
    outer loop
      vertex 42.21177673339844 -7.812331199645996 -94.19999694824219
      vertex 47.7882194519043 -9.312331199645996 -94.19999694824219
      vertex 42.5 -9.26131534576416 -94.19999694824219
    endloop
  endfacet
  facet normal 0 0 -1
    outer loop
      vertex 47.7882194519043 -9.312331199645996 -94.19999694824219
      vertex 42.21177673339844 -7.812331199645996 -94.19999694824219
      vertex 48.35358428955078 -7.947418212890625 -94.19999694824219
    endloop
  endfacet
  facet normal 0 0 -1
    outer loop
      vertex 41.64641189575195 -6.447418212890625 -94.19999694824219
      vertex 48.35358428955078 -7.947418212890625 -94.19999694824219
      vertex 42.21177673339844 -7.812331199645996 -94.19999694824219
    endloop
  endfacet
  facet normal 0 0 -1
    outer loop
      vertex 48.35358428955078 -7.947418212890625 -94.19999694824219
      vertex 41.64641189575195 -6.447418212890625 -94.19999694824219
      vertex 49.17436981201172 -6.719029426574707 -94.19999694824219
    endloop
  endfacet
  facet normal 0 0 -1
    outer loop
      vertex 40.82563018798828 -5.219029426574707 -94.19999694824219
      vertex 49.17436981201172 -6.719029426574707 -94.19999694824219
      vertex 41.64641189575195 -6.447418212890625 -94.19999694824219
    endloop
  endfacet
  facet normal 0 0 -1
    outer loop
      vertex 49.17436981201172 -6.719029426574707 -94.19999694824219
      vertex 40.82563018798828 -5.219029426574707 -94.19999694824219
      vertex 50.21902847290039 -5.674369812011719 -94.19999694824219
    endloop
  endfacet
  facet normal 0 0 -1
    outer loop
      vertex 39.78097152709961 -4.174369812011719 -94.19999694824219
      vertex 50.21902847290039 -5.674369812011719 -94.19999694824219
      vertex 40.82563018798828 -5.219029426574707 -94.19999694824219
    endloop
  endfacet
  facet normal 0 0 -1
    outer loop
      vertex 50.21902847290039 -5.674369812011719 -94.19999694824219
      vertex 39.78097152709961 -4.174369812011719 -94.19999694824219
      vertex 51.447418212890625 -4.8535871505737305 -94.19999694824219
    endloop
  endfacet
  facet normal 0 0 -1
    outer loop
      vertex 36.79999923706055 2.09999942779541 -94.19999694824219
      vertex 51.447418212890625 -4.8535871505737305 -94.19999694824219
      vertex 39.78097152709961 -4.174369812011719 -94.19999694824219
    endloop
  endfacet
  facet normal 0 0 -1
    outer loop
      vertex 51.447418212890625 -4.8535871505737305 -94.19999694824219
      vertex 36.79999923706055 2.09999942779541 -94.19999694824219
      vertex 52.81233215332031 -4.28822135925293 -94.19999694824219
    endloop
  endfacet
  facet normal 0 0 -1
    outer loop
      vertex 52.81233215332031 -4.28822135925293 -94.19999694824219
      vertex 36.79999923706055 2.09999942779541 -94.19999694824219
      vertex 54.261314392089844 -4 -94.19999694824219
    endloop
  endfacet
  facet normal 0 0 -1
    outer loop
      vertex 36.79999923706055 2.09999942779541 -94.19999694824219
      vertex 39.78097152709961 -4.174369812011719 -94.19999694824219
      vertex 38.552581787109375 -3.3535871505737305 -94.19999694824219
    endloop
  endfacet
  facet normal 0 0 -1
    outer loop
      vertex 36.79999923706055 2.09999942779541 -94.19999694824219
      vertex 38.552581787109375 -3.3535871505737305 -94.19999694824219
      vertex 37.18766784667969 -2.7882213592529297 -94.19999694824219
    endloop
  endfacet
  facet normal 0 0 -1
    outer loop
      vertex 55.738685607910156 -4 -94.19999694824219
      vertex 36.79999923706055 2.09999942779541 -94.19999694824219
      vertex 88.40381622314453 2.09999942779541 -94.19999694824219
    endloop
  endfacet
  facet normal 0 0 -1
    outer loop
      vertex 36.04999923706055 1.3787927627563477 -94.19999694824219
      vertex 36.79999923706055 2.09999942779541 -94.19999694824219
      vertex 37.18766784667969 -2.7882213592529297 -94.19999694824219
    endloop
  endfacet
  facet normal 0 0 -1
    outer loop
      vertex 36.4710578918457 2.0089502334594727 -94.19999694824219
      vertex 36.79999923706055 2.09999942779541 -94.19999694824219
      vertex 36.04999923706055 1.3787927627563477 -94.19999694824219
    endloop
  endfacet
  facet normal 0 0 -1
    outer loop
      vertex 36.79999923706055 2.09999942779541 -94.19999694824219
      vertex 36.61664581298828 2.069255828857422 -94.19999694824219
      vertex 36.77120590209961 2.09999942779541 -94.19999694824219
    endloop
  endfacet
  facet normal 0 0 -1
    outer loop
      vertex 36.79999923706055 2.09999942779541 -94.19999694824219
      vertex 36.4710578918457 2.0089502334594727 -94.19999694824219
      vertex 36.61664581298828 2.069255828857422 -94.19999694824219
    endloop
  endfacet
  facet normal 0 0 -1
    outer loop
      vertex 36.4710578918457 2.0089502334594727 -94.19999694824219
      vertex 36.04999923706055 1.3787927627563477 -94.19999694824219
      vertex 36.340030670166016 1.9214000701904297 -94.19999694824219
    endloop
  endfacet
  facet normal 0 0 -1
    outer loop
      vertex 36.340030670166016 1.9214000701904297 -94.19999694824219
      vertex 36.04999923706055 1.3787927627563477 -94.19999694824219
      vertex 36.228599548339844 1.8099699020385742 -94.19999694824219
    endloop
  endfacet
  facet normal 0 0 -1
    outer loop
      vertex 36.228599548339844 1.8099699020385742 -94.19999694824219
      vertex 36.04999923706055 1.3787927627563477 -94.19999694824219
      vertex 36.141048431396484 1.6789417266845703 -94.19999694824219
    endloop
  endfacet
  facet normal 0 0 -1
    outer loop
      vertex 36.04999923706055 1.3787927627563477 -94.19999694824219
      vertex 37.18766784667969 -2.7882213592529297 -94.19999694824219
      vertex 36.04999923706055 -2.561924457550049 -94.19999694824219
    endloop
  endfacet
  facet normal 0 0 -1
    outer loop
      vertex 36.141048431396484 1.6789417266845703 -94.19999694824219
      vertex 36.04999923706055 1.3787927627563477 -94.19999694824219
      vertex 36.08074188232422 1.533350944519043 -94.19999694824219
    endloop
  endfacet
  facet normal 0.38268273570396794 -0.9238798210774639 0
    outer loop
      vertex 89.1959228515625 -38.942440032958984 -94.19999694824219
      vertex 89.94207763671875 -38.63337326049805 -26.200000762939453
      vertex 89.1959228515625 -38.942440032958984 -26.200000762939453
    endloop
  endfacet
  facet normal 0.38268273570396794 -0.9238798210774639 0
    outer loop
      vertex 89.94207763671875 -38.63337326049805 -26.200000762939453
      vertex 89.1959228515625 -38.942440032958984 -94.19999694824219
      vertex 89.94207763671875 -38.63337326049805 -94.19999694824219
    endloop
  endfacet
  facet normal 0.7071044195232753 -0.7071091428419322 0
    outer loop
      vertex 90.61359405517578 -38.18467712402344 -94.19999694824219
      vertex 91.18467712402344 -37.61359786987305 -26.200000762939453
      vertex 90.61359405517578 -38.18467712402344 -26.200000762939453
    endloop
  endfacet
  facet normal 0.7071044195232753 -0.7071091428419322 0
    outer loop
      vertex 91.18467712402344 -37.61359786987305 -26.200000762939453
      vertex 90.61359405517578 -38.18467712402344 -94.19999694824219
      vertex 91.18467712402344 -37.61359786987305 -94.19999694824219
    endloop
  endfacet
  facet normal 0.9807848794430947 -0.1950923377680274 0
    outer loop
      vertex 91.94243621826172 -36.195926666259766 -26.200000762939453
      vertex 92.0999984741211 -35.40381622314453 -94.19999694824219
      vertex 92.0999984741211 -35.40381622314453 -26.200000762939453
    endloop
  endfacet
  facet normal 0.9807848794430947 -0.1950923377680274 0
    outer loop
      vertex 92.0999984741211 -35.40381622314453 -94.19999694824219
      vertex 91.94243621826172 -36.195926666259766 -26.200000762939453
      vertex 91.94243621826172 -36.195926666259766 -94.19999694824219
    endloop
  endfacet
  facet normal 0.980784924386687 0.1950921118236226 0
    outer loop
      vertex 92.0999984741211 -1.5961847305297852 -26.200000762939453
      vertex 91.94243621826172 -0.8040733337402344 -94.19999694824219
      vertex 91.94243621826172 -0.8040733337402344 -26.200000762939453
    endloop
  endfacet
  facet normal 0.980784924386687 0.1950921118236226 0
    outer loop
      vertex 91.94243621826172 -0.8040733337402344 -94.19999694824219
      vertex 92.0999984741211 -1.5961847305297852 -26.200000762939453
      vertex 92.0999984741211 -1.5961847305297852 -94.19999694824219
    endloop
  endfacet
  facet normal 0.7071050099413118 0.7071085524273465 0
    outer loop
      vertex 91.18467712402344 0.6135969161987305 -94.19999694824219
      vertex 90.61359405517578 1.1846771240234375 -26.200000762939453
      vertex 91.18467712402344 0.6135969161987305 -26.200000762939453
    endloop
  endfacet
  facet normal 0.7071050099413118 0.7071085524273465 0
    outer loop
      vertex 90.61359405517578 1.1846771240234375 -26.200000762939453
      vertex 91.18467712402344 0.6135969161987305 -94.19999694824219
      vertex 90.61359405517578 1.1846771240234375 -94.19999694824219
    endloop
  endfacet
  facet normal 0 0 1
    outer loop
      vertex 90.5 -1.7537717819213867 -26.200000762939453
      vertex 92.0999984741211 -1.5961847305297852 -26.200000762939453
      vertex 91.94243621826172 -0.8040733337402344 -26.200000762939453
    endloop
  endfacet
  facet normal 0 0 1
    outer loop
      vertex 92.0999984741211 -1.5961847305297852 -26.200000762939453
      vertex 90.5 -1.7537717819213867 -26.200000762939453
      vertex 92.0999984741211 -35.40381622314453 -26.200000762939453
    endloop
  endfacet
  facet normal 0 0 1
    outer loop
      vertex 90.40392303466797 -1.270777702331543 -26.200000762939453
      vertex 91.94243621826172 -0.8040733337402344 -26.200000762939453
      vertex 91.63336944580078 -0.057921409606933594 -26.200000762939453
    endloop
  endfacet
  facet normal 0 0 1
    outer loop
      vertex 90.5 -35.2462272644043 -26.200000762939453
      vertex 92.0999984741211 -35.40381622314453 -26.200000762939453
      vertex 90.5 -1.7537717819213867 -26.200000762939453
    endloop
  endfacet
  facet normal 0 0 1
    outer loop
      vertex 90.21546936035156 -0.8158063888549805 -26.200000762939453
      vertex 91.63336944580078 -0.057921409606933594 -26.200000762939453
      vertex 91.18467712402344 0.6135969161987305 -26.200000762939453
    endloop
  endfacet
  facet normal 0 0 1
    outer loop
      vertex 92.0999984741211 -35.40381622314453 -26.200000762939453
      vertex 90.5 -35.2462272644043 -26.200000762939453
      vertex 91.94243621826172 -36.195926666259766 -26.200000762939453
    endloop
  endfacet
  facet normal 0 0 1
    outer loop
      vertex 89.94187927246094 -0.4063434600830078 -26.200000762939453
      vertex 91.18467712402344 0.6135969161987305 -26.200000762939453
      vertex 90.61359405517578 1.1846771240234375 -26.200000762939453
    endloop
  endfacet
  facet normal 0 0 1
    outer loop
      vertex 90.40392303466797 -35.72922134399414 -26.200000762939453
      vertex 91.94243621826172 -36.195926666259766 -26.200000762939453
      vertex 90.5 -35.2462272644043 -26.200000762939453
    endloop
  endfacet
  facet normal 0 0 1
    outer loop
      vertex 91.94243621826172 -36.195926666259766 -26.200000762939453
      vertex 90.40392303466797 -35.72922134399414 -26.200000762939453
      vertex 91.63336944580078 -36.94207763671875 -26.200000762939453
    endloop
  endfacet
  facet normal 0 0 1
    outer loop
      vertex 91.94243621826172 -0.8040733337402344 -26.200000762939453
      vertex 90.40392303466797 -1.270777702331543 -26.200000762939453
      vertex 90.5 -1.7537717819213867 -26.200000762939453
    endloop
  endfacet
  facet normal 0 0 1
    outer loop
      vertex 91.63336944580078 -0.057921409606933594 -26.200000762939453
      vertex 90.21546936035156 -0.8158063888549805 -26.200000762939453
      vertex 90.40392303466797 -1.270777702331543 -26.200000762939453
    endloop
  endfacet
  facet normal 0 0 1
    outer loop
      vertex 89.59365844726562 -0.05812358856201172 -26.200000762939453
      vertex 90.61359405517578 1.1846771240234375 -26.200000762939453
      vertex 89.94207763671875 1.6333723068237305 -26.200000762939453
    endloop
  endfacet
  facet normal 0 0 1
    outer loop
      vertex 91.18467712402344 0.6135969161987305 -26.200000762939453
      vertex 89.94187927246094 -0.4063434600830078 -26.200000762939453
      vertex 90.21546936035156 -0.8158063888549805 -26.200000762939453
    endloop
  endfacet
  facet normal 0 0 1
    outer loop
      vertex 90.61359405517578 1.1846771240234375 -26.200000762939453
      vertex 89.59365844726562 -0.05812358856201172 -26.200000762939453
      vertex 89.94187927246094 -0.4063434600830078 -26.200000762939453
    endloop
  endfacet
  facet normal 0 0 1
    outer loop
      vertex 89.18419647216797 0.2154703140258789 -26.200000762939453
      vertex 89.94207763671875 1.6333723068237305 -26.200000762939453
      vertex 89.1959228515625 1.942439079284668 -26.200000762939453
    endloop
  endfacet
  facet normal 0 0 1
    outer loop
      vertex 89.94207763671875 1.6333723068237305 -26.200000762939453
      vertex 89.18419647216797 0.2154703140258789 -26.200000762939453
      vertex 89.59365844726562 -0.05812358856201172 -26.200000762939453
    endloop
  endfacet
  facet normal 0 0 1
    outer loop
      vertex 89.1959228515625 1.942439079284668 -26.200000762939453
      vertex 88.7292251586914 0.40392589569091797 -26.200000762939453
      vertex 89.18419647216797 0.2154703140258789 -26.200000762939453
    endloop
  endfacet
  facet normal 0 0 1
    outer loop
      vertex 88.40381622314453 2.09999942779541 -26.200000762939453
      vertex 88.7292251586914 0.40392589569091797 -26.200000762939453
      vertex 89.1959228515625 1.942439079284668 -26.200000762939453
    endloop
  endfacet
  facet normal 0 0 1
    outer loop
      vertex 88.40381622314453 2.09999942779541 -26.200000762939453
      vertex 88.24623107910156 0.5 -26.200000762939453
      vertex 88.7292251586914 0.40392589569091797 -26.200000762939453
    endloop
  endfacet
  facet normal 0 0 1
    outer loop
      vertex 36.79999923706055 2.09999942779541 -26.200000762939453
      vertex 88.24623107910156 0.5 -26.200000762939453
      vertex 88.40381622314453 2.09999942779541 -26.200000762939453
    endloop
  endfacet
  facet normal 0 0 1
    outer loop
      vertex 36.61664581298828 2.069255828857422 -26.200000762939453
      vertex 36.79999923706055 2.09999942779541 -26.200000762939453
      vertex 36.77120590209961 2.09999942779541 -26.200000762939453
    endloop
  endfacet
  facet normal 0 0 1
    outer loop
      vertex 36.79999923706055 2.09999942779541 -26.200000762939453
      vertex 36.77120590209961 0.5 -26.200000762939453
      vertex 88.24623107910156 0.5 -26.200000762939453
    endloop
  endfacet
  facet normal 0 0 1
    outer loop
      vertex 36.4710578918457 2.0089502334594727 -26.200000762939453
      vertex 36.79999923706055 2.09999942779541 -26.200000762939453
      vertex 36.61664581298828 2.069255828857422 -26.200000762939453
    endloop
  endfacet
  facet normal 0 0 1
    outer loop
      vertex 36.79999923706055 2.09999942779541 -26.200000762939453
      vertex 36.61664581298828 0.5307426452636719 -26.200000762939453
      vertex 36.77120590209961 0.5 -26.200000762939453
    endloop
  endfacet
  facet normal 0 0 1
    outer loop
      vertex 36.79999923706055 2.09999942779541 -26.200000762939453
      vertex 36.4710578918457 2.0089502334594727 -26.200000762939453
      vertex 36.61664581298828 0.5307426452636719 -26.200000762939453
    endloop
  endfacet
  facet normal 0 0 1
    outer loop
      vertex 36.4710578918457 2.0089502334594727 -26.200000762939453
      vertex 36.4710578918457 0.5910491943359375 -26.200000762939453
      vertex 36.61664581298828 0.5307426452636719 -26.200000762939453
    endloop
  endfacet
  facet normal 0 0 1
    outer loop
      vertex 36.340030670166016 1.9214000701904297 -26.200000762939453
      vertex 36.4710578918457 0.5910491943359375 -26.200000762939453
      vertex 36.4710578918457 2.0089502334594727 -26.200000762939453
    endloop
  endfacet
  facet normal 0 0 1
    outer loop
      vertex 36.340030670166016 1.9214000701904297 -26.200000762939453
      vertex 36.340030670166016 0.6785993576049805 -26.200000762939453
      vertex 36.4710578918457 0.5910491943359375 -26.200000762939453
    endloop
  endfacet
  facet normal 0 0 1
    outer loop
      vertex 36.228599548339844 1.8099699020385742 -26.200000762939453
      vertex 36.340030670166016 0.6785993576049805 -26.200000762939453
      vertex 36.340030670166016 1.9214000701904297 -26.200000762939453
    endloop
  endfacet
  facet normal 0 0 1
    outer loop
      vertex 36.228599548339844 1.8099699020385742 -26.200000762939453
      vertex 36.228599548339844 0.7900295257568359 -26.200000762939453
      vertex 36.340030670166016 0.6785993576049805 -26.200000762939453
    endloop
  endfacet
  facet normal 0 0 1
    outer loop
      vertex 36.141048431396484 1.6789417266845703 -26.200000762939453
      vertex 36.228599548339844 0.7900295257568359 -26.200000762939453
      vertex 36.228599548339844 1.8099699020385742 -26.200000762939453
    endloop
  endfacet
  facet normal 0 0 1
    outer loop
      vertex 36.141048431396484 1.6789417266845703 -26.200000762939453
      vertex 36.141048431396484 0.9210577011108398 -26.200000762939453
      vertex 36.228599548339844 0.7900295257568359 -26.200000762939453
    endloop
  endfacet
  facet normal 0 0 1
    outer loop
      vertex 36.08074188232422 1.533350944519043 -26.200000762939453
      vertex 36.141048431396484 0.9210577011108398 -26.200000762939453
      vertex 36.141048431396484 1.6789417266845703 -26.200000762939453
    endloop
  endfacet
  facet normal 0 0 1
    outer loop
      vertex 36.08074188232422 1.533350944519043 -26.200000762939453
      vertex 36.08074188232422 1.0666484832763672 -26.200000762939453
      vertex 36.141048431396484 0.9210577011108398 -26.200000762939453
    endloop
  endfacet
  facet normal 0 0 1
    outer loop
      vertex 36.04999923706055 1.3787927627563477 -26.200000762939453
      vertex 36.08074188232422 1.0666484832763672 -26.200000762939453
      vertex 36.08074188232422 1.533350944519043 -26.200000762939453
    endloop
  endfacet
  facet normal 0 0 1
    outer loop
      vertex 36.08074188232422 1.0666484832763672 -26.200000762939453
      vertex 36.04999923706055 1.3787927627563477 -26.200000762939453
      vertex 36.04999923706055 1.2212066650390625 -26.200000762939453
    endloop
  endfacet
  facet normal 0 0 1
    outer loop
      vertex 90.21546936035156 -36.1841926574707 -26.200000762939453
      vertex 91.63336944580078 -36.94207763671875 -26.200000762939453
      vertex 90.40392303466797 -35.72922134399414 -26.200000762939453
    endloop
  endfacet
  facet normal 0 0 1
    outer loop
      vertex 91.63336944580078 -36.94207763671875 -26.200000762939453
      vertex 90.21546936035156 -36.1841926574707 -26.200000762939453
      vertex 91.18467712402344 -37.61359786987305 -26.200000762939453
    endloop
  endfacet
  facet normal 0 0 1
    outer loop
      vertex 89.94187927246094 -36.593658447265625 -26.200000762939453
      vertex 91.18467712402344 -37.61359786987305 -26.200000762939453
      vertex 90.21546936035156 -36.1841926574707 -26.200000762939453
    endloop
  endfacet
  facet normal 0 0 1
    outer loop
      vertex 91.18467712402344 -37.61359786987305 -26.200000762939453
      vertex 89.94187927246094 -36.593658447265625 -26.200000762939453
      vertex 90.61359405517578 -38.18467712402344 -26.200000762939453
    endloop
  endfacet
  facet normal 0 0 1
    outer loop
      vertex 89.59365844726562 -36.94187545776367 -26.200000762939453
      vertex 90.61359405517578 -38.18467712402344 -26.200000762939453
      vertex 89.94187927246094 -36.593658447265625 -26.200000762939453
    endloop
  endfacet
  facet normal 0 0 1
    outer loop
      vertex 90.61359405517578 -38.18467712402344 -26.200000762939453
      vertex 89.59365844726562 -36.94187545776367 -26.200000762939453
      vertex 89.94207763671875 -38.63337326049805 -26.200000762939453
    endloop
  endfacet
  facet normal 0 0 1
    outer loop
      vertex 89.18419647216797 -37.21546936035156 -26.200000762939453
      vertex 89.94207763671875 -38.63337326049805 -26.200000762939453
      vertex 89.59365844726562 -36.94187545776367 -26.200000762939453
    endloop
  endfacet
  facet normal 0 0 1
    outer loop
      vertex 89.94207763671875 -38.63337326049805 -26.200000762939453
      vertex 89.18419647216797 -37.21546936035156 -26.200000762939453
      vertex 89.1959228515625 -38.942440032958984 -26.200000762939453
    endloop
  endfacet
  facet normal 0 0 1
    outer loop
      vertex 88.7292251586914 -37.403926849365234 -26.200000762939453
      vertex 89.1959228515625 -38.942440032958984 -26.200000762939453
      vertex 89.18419647216797 -37.21546936035156 -26.200000762939453
    endloop
  endfacet
  facet normal 0 0 1
    outer loop
      vertex 88.7292251586914 -37.403926849365234 -26.200000762939453
      vertex 88.40381622314453 -39.099998474121094 -26.200000762939453
      vertex 89.1959228515625 -38.942440032958984 -26.200000762939453
    endloop
  endfacet
  facet normal 0 0 1
    outer loop
      vertex 88.24623107910156 -37.5 -26.200000762939453
      vertex 88.40381622314453 -39.099998474121094 -26.200000762939453
      vertex 88.7292251586914 -37.403926849365234 -26.200000762939453
    endloop
  endfacet
  facet normal 0 0 1
    outer loop
      vertex 88.24623107910156 -37.5 -26.200000762939453
      vertex 36.79999923706055 -39.099998474121094 -26.200000762939453
      vertex 88.40381622314453 -39.099998474121094 -26.200000762939453
    endloop
  endfacet
  facet normal 0 0 1
    outer loop
      vertex 36.77120590209961 -37.5 -26.200000762939453
      vertex 36.79999923706055 -39.099998474121094 -26.200000762939453
      vertex 88.24623107910156 -37.5 -26.200000762939453
    endloop
  endfacet
  facet normal 0 0 1
    outer loop
      vertex 36.61664581298828 -37.53074264526367 -26.200000762939453
      vertex 36.79999923706055 -39.099998474121094 -26.200000762939453
      vertex 36.77120590209961 -37.5 -26.200000762939453
    endloop
  endfacet
  facet normal 0 0 1
    outer loop
      vertex 36.4710578918457 -37.59104919433594 -26.200000762939453
      vertex 36.79999923706055 -39.099998474121094 -26.200000762939453
      vertex 36.61664581298828 -37.53074264526367 -26.200000762939453
    endloop
  endfacet
  facet normal 0 0 1
    outer loop
      vertex 36.79999923706055 -39.099998474121094 -26.200000762939453
      vertex 36.61664581298828 -39.06925582885742 -26.200000762939453
      vertex 36.77120590209961 -39.099998474121094 -26.200000762939453
    endloop
  endfacet
  facet normal 0 0 1
    outer loop
      vertex 36.4710578918457 -39.008949279785156 -26.200000762939453
      vertex 36.79999923706055 -39.099998474121094 -26.200000762939453
      vertex 36.4710578918457 -37.59104919433594 -26.200000762939453
    endloop
  endfacet
  facet normal 0 0 1
    outer loop
      vertex 36.79999923706055 -39.099998474121094 -26.200000762939453
      vertex 36.4710578918457 -39.008949279785156 -26.200000762939453
      vertex 36.61664581298828 -39.06925582885742 -26.200000762939453
    endloop
  endfacet
  facet normal 0 0 1
    outer loop
      vertex 36.340030670166016 -37.6786003112793 -26.200000762939453
      vertex 36.4710578918457 -39.008949279785156 -26.200000762939453
      vertex 36.4710578918457 -37.59104919433594 -26.200000762939453
    endloop
  endfacet
  facet normal 0 0 1
    outer loop
      vertex 36.340030670166016 -37.6786003112793 -26.200000762939453
      vertex 36.340030670166016 -38.92140197753906 -26.200000762939453
      vertex 36.4710578918457 -39.008949279785156 -26.200000762939453
    endloop
  endfacet
  facet normal 0 0 1
    outer loop
      vertex 36.228599548339844 -37.79003143310547 -26.200000762939453
      vertex 36.340030670166016 -38.92140197753906 -26.200000762939453
      vertex 36.340030670166016 -37.6786003112793 -26.200000762939453
    endloop
  endfacet
  facet normal 0 0 1
    outer loop
      vertex 36.228599548339844 -37.79003143310547 -26.200000762939453
      vertex 36.228599548339844 -38.80997085571289 -26.200000762939453
      vertex 36.340030670166016 -38.92140197753906 -26.200000762939453
    endloop
  endfacet
  facet normal 0 0 1
    outer loop
      vertex 36.141048431396484 -37.921058654785156 -26.200000762939453
      vertex 36.228599548339844 -38.80997085571289 -26.200000762939453
      vertex 36.228599548339844 -37.79003143310547 -26.200000762939453
    endloop
  endfacet
  facet normal 0 0 1
    outer loop
      vertex 36.141048431396484 -37.921058654785156 -26.200000762939453
      vertex 36.141048431396484 -38.67893981933594 -26.200000762939453
      vertex 36.228599548339844 -38.80997085571289 -26.200000762939453
    endloop
  endfacet
  facet normal 0 0 1
    outer loop
      vertex 36.08074188232422 -38.066650390625 -26.200000762939453
      vertex 36.141048431396484 -38.67893981933594 -26.200000762939453
      vertex 36.141048431396484 -37.921058654785156 -26.200000762939453
    endloop
  endfacet
  facet normal 0 0 1
    outer loop
      vertex 36.08074188232422 -38.066650390625 -26.200000762939453
      vertex 36.08074188232422 -38.53335189819336 -26.200000762939453
      vertex 36.141048431396484 -38.67893981933594 -26.200000762939453
    endloop
  endfacet
  facet normal 0 0 1
    outer loop
      vertex 36.04999923706055 -38.22120666503906 -26.200000762939453
      vertex 36.08074188232422 -38.53335189819336 -26.200000762939453
      vertex 36.08074188232422 -38.066650390625 -26.200000762939453
    endloop
  endfacet
  facet normal 0 0 1
    outer loop
      vertex 36.08074188232422 -38.53335189819336 -26.200000762939453
      vertex 36.04999923706055 -38.22120666503906 -26.200000762939453
      vertex 36.04999923706055 -38.37879180908203 -26.200000762939453
    endloop
  endfacet
  facet normal 0.9238791293624318 -0.382684405651073 0
    outer loop
      vertex 91.63336944580078 -36.94207763671875 -26.200000762939453
      vertex 91.94243621826172 -36.195926666259766 -94.19999694824219
      vertex 91.94243621826172 -36.195926666259766 -26.200000762939453
    endloop
  endfacet
  facet normal 0.9238791293624318 -0.382684405651073 0
    outer loop
      vertex 91.94243621826172 -36.195926666259766 -94.19999694824219
      vertex 91.63336944580078 -36.94207763671875 -26.200000762939453
      vertex 91.63336944580078 -36.94207763671875 -94.19999694824219
    endloop
  endfacet
  facet normal 0.8314714156905604 -0.5555675340492238 0
    outer loop
      vertex 91.18467712402344 -37.61359786987305 -26.200000762939453
      vertex 91.63336944580078 -36.94207763671875 -94.19999694824219
      vertex 91.63336944580078 -36.94207763671875 -26.200000762939453
    endloop
  endfacet
  facet normal 0.8314714156905604 -0.5555675340492238 0
    outer loop
      vertex 91.63336944580078 -36.94207763671875 -94.19999694824219
      vertex 91.18467712402344 -37.61359786987305 -26.200000762939453
      vertex 91.18467712402344 -37.61359786987305 -94.19999694824219
    endloop
  endfacet
  facet normal 0.9238805968809707 -0.38268086273925617 0
    outer loop
      vertex 67.78822326660156 -10.812331199645996 -91
      vertex 68.35358428955078 -9.447418212890625 -94.19999694824219
      vertex 68.35358428955078 -9.447418212890625 -91
    endloop
  endfacet
  facet normal 0.9238805968809707 -0.38268086273925617 0
    outer loop
      vertex 68.35358428955078 -9.447418212890625 -94.19999694824219
      vertex 67.78822326660156 -10.812331199645996 -91
      vertex 67.78822326660156 -10.812331199645996 -94.19999694824219
    endloop
  endfacet
  facet normal 0.8314688692616062 -0.5555713450573436 0
    outer loop
      vertex 68.35358428955078 -9.447418212890625 -91
      vertex 69.17436981201172 -8.219029426574707 -94.19999694824219
      vertex 69.17436981201172 -8.219029426574707 -91
    endloop
  endfacet
  facet normal 0.8314688692616062 -0.5555713450573436 0
    outer loop
      vertex 69.17436981201172 -8.219029426574707 -94.19999694824219
      vertex 68.35358428955078 -9.447418212890625 -91
      vertex 68.35358428955078 -9.447418212890625 -94.19999694824219
    endloop
  endfacet
  facet normal 0.9807849204536232 0.1950921315962794 0
    outer loop
      vertex 67.78822326660156 -26.187667846679688 -91
      vertex 67.5 -24.738685607910156 -94.19999694824219
      vertex 67.5 -24.738685607910156 -91
    endloop
  endfacet
  facet normal 0.9807849204536232 0.1950921315962794 0
    outer loop
      vertex 67.5 -24.738685607910156 -94.19999694824219
      vertex 67.78822326660156 -26.187667846679688 -91
      vertex 67.78822326660156 -26.187667846679688 -94.19999694824219
    endloop
  endfacet
  facet normal -0.7071054901448212 0.7071080722259169 0
    outer loop
      vertex 80.82563018798828 -28.78097152709961 -94.19999694824219
      vertex 79.78096771240234 -29.82563018798828 -91
      vertex 80.82563018798828 -28.78097152709961 -91
    endloop
  endfacet
  facet normal -0.7071054901448212 0.7071080722259169 0
    outer loop
      vertex 79.78096771240234 -29.82563018798828 -91
      vertex 80.82563018798828 -28.78097152709961 -94.19999694824219
      vertex 79.78096771240234 -29.82563018798828 -94.19999694824219
    endloop
  endfacet
  facet normal -0.9238805968809707 -0.38268086273925617 0
    outer loop
      vertex 82.21177673339844 -10.812331199645996 -94.19999694824219
      vertex 81.64641571044922 -9.447418212890625 -91
      vertex 81.64641571044922 -9.447418212890625 -94.19999694824219
    endloop
  endfacet
  facet normal -0.9238805968809707 -0.38268086273925617 0
    outer loop
      vertex 81.64641571044922 -9.447418212890625 -91
      vertex 82.21177673339844 -10.812331199645996 -94.19999694824219
      vertex 82.21177673339844 -10.812331199645996 -91
    endloop
  endfacet
  facet normal 0.19509088969085414 -0.980785167485536 0
    outer loop
      vertex 72.81233215332031 -5.78822135925293 -94.19999694824219
      vertex 74.26131439208984 -5.5 -91
      vertex 72.81233215332031 -5.78822135925293 -91
    endloop
  endfacet
  facet normal 0.19509088969085414 -0.980785167485536 0
    outer loop
      vertex 74.26131439208984 -5.5 -91
      vertex 72.81233215332031 -5.78822135925293 -94.19999694824219
      vertex 74.26131439208984 -5.5 -94.19999694824219
    endloop
  endfacet
  facet normal 0.7071083949905471 -0.7071051673788648 0
    outer loop
      vertex 69.17436981201172 -8.219029426574707 -91
      vertex 70.21902465820312 -7.174369812011719 -94.19999694824219
      vertex 70.21902465820312 -7.174369812011719 -91
    endloop
  endfacet
  facet normal 0.7071083949905471 -0.7071051673788648 0
    outer loop
      vertex 70.21902465820312 -7.174369812011719 -94.19999694824219
      vertex 69.17436981201172 -8.219029426574707 -91
      vertex 69.17436981201172 -8.219029426574707 -94.19999694824219
    endloop
  endfacet
  facet normal 0.5555685152744296 -0.8314707600606085 0
    outer loop
      vertex 70.21902465820312 -7.174369812011719 -94.19999694824219
      vertex 71.44741821289062 -6.3535871505737305 -91
      vertex 70.21902465820312 -7.174369812011719 -91
    endloop
  endfacet
  facet normal 0.5555685152744296 -0.8314707600606085 0
    outer loop
      vertex 71.44741821289062 -6.3535871505737305 -91
      vertex 70.21902465820312 -7.174369812011719 -94.19999694824219
      vertex 71.44741821289062 -6.3535871505737305 -94.19999694824219
    endloop
  endfacet
  facet normal -0.3826839404375073 0.923879322060637 0
    outer loop
      vertex 78.55258178710938 -30.646411895751953 -94.19999694824219
      vertex 77.18766784667969 -31.21177864074707 -91
      vertex 78.55258178710938 -30.646411895751953 -91
    endloop
  endfacet
  facet normal -0.3826839404375073 0.923879322060637 0
    outer loop
      vertex 77.18766784667969 -31.21177864074707 -91
      vertex 78.55258178710938 -30.646411895751953 -94.19999694824219
      vertex 77.18766784667969 -31.21177864074707 -94.19999694824219
    endloop
  endfacet
  facet normal 1 0 0
    outer loop
      vertex 67.5 -24.738685607910156 -91
      vertex 67.5 -12.26131534576416 -94.19999694824219
      vertex 67.5 -12.26131534576416 -91
    endloop
  endfacet
  facet normal 1 0 0
    outer loop
      vertex 67.5 -12.26131534576416 -94.19999694824219
      vertex 67.5 -24.738685607910156 -91
      vertex 67.5 -24.738685607910156 -94.19999694824219
    endloop
  endfacet
  facet normal -1 0 0
    outer loop
      vertex 82.5 -24.738685607910156 -94.19999694824219
      vertex 82.5 -12.26131534576416 -91
      vertex 82.5 -12.26131534576416 -94.19999694824219
    endloop
  endfacet
  facet normal -1 0 0
    outer loop
      vertex 82.5 -12.26131534576416 -91
      vertex 82.5 -24.738685607910156 -94.19999694824219
      vertex 82.5 -24.738685607910156 -91
    endloop
  endfacet
  facet normal -0.7071058129059157 -0.7071077494658535 0
    outer loop
      vertex 79.78096771240234 -7.174369812011719 -94.19999694824219
      vertex 80.82563018798828 -8.219029426574707 -91
      vertex 79.78096771240234 -7.174369812011719 -91
    endloop
  endfacet
  facet normal -0.7071058129059157 -0.7071077494658535 0
    outer loop
      vertex 80.82563018798828 -8.219029426574707 -91
      vertex 79.78096771240234 -7.174369812011719 -94.19999694824219
      vertex 80.82563018798828 -8.219029426574707 -94.19999694824219
    endloop
  endfacet
  facet normal -0.19509088969085414 -0.980785167485536 0
    outer loop
      vertex 75.73868560791016 -5.5 -94.19999694824219
      vertex 77.18766784667969 -5.78822135925293 -91
      vertex 75.73868560791016 -5.5 -91
    endloop
  endfacet
  facet normal -0.19509088969085414 -0.980785167485536 0
    outer loop
      vertex 77.18766784667969 -5.78822135925293 -91
      vertex 75.73868560791016 -5.5 -94.19999694824219
      vertex 77.18766784667969 -5.78822135925293 -94.19999694824219
    endloop
  endfacet
  facet normal -0.8314690685075842 0.5555710468654126 0
    outer loop
      vertex 80.82563018798828 -28.78097152709961 -94.19999694824219
      vertex 81.64641571044922 -27.552581787109375 -91
      vertex 81.64641571044922 -27.552581787109375 -94.19999694824219
    endloop
  endfacet
  facet normal -0.8314690685075842 0.5555710468654126 0
    outer loop
      vertex 81.64641571044922 -27.552581787109375 -91
      vertex 80.82563018798828 -28.78097152709961 -94.19999694824219
      vertex 80.82563018798828 -28.78097152709961 -91
    endloop
  endfacet
  facet normal -0.5555704545318542 0.8314694642927478 0
    outer loop
      vertex 79.78096771240234 -29.82563018798828 -94.19999694824219
      vertex 78.55258178710938 -30.646411895751953 -91
      vertex 79.78096771240234 -29.82563018798828 -91
    endloop
  endfacet
  facet normal -0.5555704545318542 0.8314694642927478 0
    outer loop
      vertex 78.55258178710938 -30.646411895751953 -91
      vertex 79.78096771240234 -29.82563018798828 -94.19999694824219
      vertex 78.55258178710938 -30.646411895751953 -94.19999694824219
    endloop
  endfacet
  facet normal -0.5555709008082681 -0.8314691661000363 0
    outer loop
      vertex 78.55258178710938 -6.3535871505737305 -94.19999694824219
      vertex 79.78096771240234 -7.174369812011719 -91
      vertex 78.55258178710938 -6.3535871505737305 -91
    endloop
  endfacet
  facet normal -0.5555709008082681 -0.8314691661000363 0
    outer loop
      vertex 79.78096771240234 -7.174369812011719 -91
      vertex 78.55258178710938 -6.3535871505737305 -94.19999694824219
      vertex 79.78096771240234 -7.174369812011719 -94.19999694824219
    endloop
  endfacet
  facet normal 0.9238806914141071 0.382680634514201 0
    outer loop
      vertex 68.35358428955078 -27.552581787109375 -91
      vertex 67.78822326660156 -26.187667846679688 -94.19999694824219
      vertex 67.78822326660156 -26.187667846679688 -91
    endloop
  endfacet
  facet normal 0.9238806914141071 0.382680634514201 0
    outer loop
      vertex 67.78822326660156 -26.187667846679688 -94.19999694824219
      vertex 68.35358428955078 -27.552581787109375 -91
      vertex 68.35358428955078 -27.552581787109375 -94.19999694824219
    endloop
  endfacet
  facet normal -0.19509088969085414 0.980785167485536 0
    outer loop
      vertex 77.18766784667969 -31.21177864074707 -94.19999694824219
      vertex 75.73868560791016 -31.5 -91
      vertex 77.18766784667969 -31.21177864074707 -91
    endloop
  endfacet
  facet normal -0.19509088969085414 0.980785167485536 0
    outer loop
      vertex 75.73868560791016 -31.5 -91
      vertex 77.18766784667969 -31.21177864074707 -94.19999694824219
      vertex 75.73868560791016 -31.5 -94.19999694824219
    endloop
  endfacet
  facet normal -0.9807849695918505 -0.19509188456394913 0
    outer loop
      vertex 82.5 -12.26131534576416 -94.19999694824219
      vertex 82.21177673339844 -10.812331199645996 -91
      vertex 82.21177673339844 -10.812331199645996 -94.19999694824219
    endloop
  endfacet
  facet normal -0.9807849695918505 -0.19509188456394913 0
    outer loop
      vertex 82.21177673339844 -10.812331199645996 -91
      vertex 82.5 -12.26131534576416 -94.19999694824219
      vertex 82.5 -12.26131534576416 -91
    endloop
  endfacet
  facet normal 0.8314690685075842 0.5555710468654126 0
    outer loop
      vertex 69.17436981201172 -28.78097152709961 -91
      vertex 68.35358428955078 -27.552581787109375 -94.19999694824219
      vertex 68.35358428955078 -27.552581787109375 -91
    endloop
  endfacet
  facet normal 0.8314690685075842 0.5555710468654126 0
    outer loop
      vertex 68.35358428955078 -27.552581787109375 -94.19999694824219
      vertex 69.17436981201172 -28.78097152709961 -91
      vertex 69.17436981201172 -28.78097152709961 -94.19999694824219
    endloop
  endfacet
  facet normal 0.3826833894513104 -0.9238795502867551 0
    outer loop
      vertex 71.44741821289062 -6.3535871505737305 -94.19999694824219
      vertex 72.81233215332031 -5.78822135925293 -91
      vertex 71.44741821289062 -6.3535871505737305 -91
    endloop
  endfacet
  facet normal 0.3826833894513104 -0.9238795502867551 0
    outer loop
      vertex 72.81233215332031 -5.78822135925293 -91
      vertex 71.44741821289062 -6.3535871505737305 -94.19999694824219
      vertex 72.81233215332031 -5.78822135925293 -94.19999694824219
    endloop
  endfacet
  facet normal 0.555568068998221 0.8314710582513309 0
    outer loop
      vertex 71.44741821289062 -30.646411895751953 -94.19999694824219
      vertex 70.21902465820312 -29.82563018798828 -91
      vertex 71.44741821289062 -30.646411895751953 -91
    endloop
  endfacet
  facet normal 0.555568068998221 0.8314710582513309 0
    outer loop
      vertex 70.21902465820312 -29.82563018798828 -91
      vertex 71.44741821289062 -30.646411895751953 -94.19999694824219
      vertex 70.21902465820312 -29.82563018798828 -94.19999694824219
    endloop
  endfacet
  facet normal -0.3826833894513104 -0.9238795502867551 0
    outer loop
      vertex 77.18766784667969 -5.78822135925293 -94.19999694824219
      vertex 78.55258178710938 -6.3535871505737305 -91
      vertex 77.18766784667969 -5.78822135925293 -91
    endloop
  endfacet
  facet normal -0.3826833894513104 -0.9238795502867551 0
    outer loop
      vertex 78.55258178710938 -6.3535871505737305 -91
      vertex 77.18766784667969 -5.78822135925293 -94.19999694824219
      vertex 78.55258178710938 -6.3535871505737305 -94.19999694824219
    endloop
  endfacet
  facet normal -0.8314688692616062 -0.5555713450573436 0
    outer loop
      vertex 81.64641571044922 -9.447418212890625 -94.19999694824219
      vertex 80.82563018798828 -8.219029426574707 -91
      vertex 80.82563018798828 -8.219029426574707 -94.19999694824219
    endloop
  endfacet
  facet normal -0.8314688692616062 -0.5555713450573436 0
    outer loop
      vertex 80.82563018798828 -8.219029426574707 -91
      vertex 81.64641571044922 -9.447418212890625 -94.19999694824219
      vertex 81.64641571044922 -9.447418212890625 -91
    endloop
  endfacet
  facet normal 0.19509088969085414 0.980785167485536 0
    outer loop
      vertex 74.26131439208984 -31.5 -94.19999694824219
      vertex 72.81233215332031 -31.21177864074707 -91
      vertex 74.26131439208984 -31.5 -91
    endloop
  endfacet
  facet normal 0.19509088969085414 0.980785167485536 0
    outer loop
      vertex 72.81233215332031 -31.21177864074707 -91
      vertex 74.26131439208984 -31.5 -94.19999694824219
      vertex 72.81233215332031 -31.21177864074707 -94.19999694824219
    endloop
  endfacet
  facet normal 0.3826839404375073 0.923879322060637 0
    outer loop
      vertex 72.81233215332031 -31.21177864074707 -94.19999694824219
      vertex 71.44741821289062 -30.646411895751953 -91
      vertex 72.81233215332031 -31.21177864074707 -91
    endloop
  endfacet
  facet normal 0.3826839404375073 0.923879322060637 0
    outer loop
      vertex 71.44741821289062 -30.646411895751953 -91
      vertex 72.81233215332031 -31.21177864074707 -94.19999694824219
      vertex 71.44741821289062 -30.646411895751953 -94.19999694824219
    endloop
  endfacet
  facet normal 0 -1 0
    outer loop
      vertex 74.26131439208984 -5.5 -94.19999694824219
      vertex 75.73868560791016 -5.5 -91
      vertex 74.26131439208984 -5.5 -91
    endloop
  endfacet
  facet normal 0 -1 0
    outer loop
      vertex 75.73868560791016 -5.5 -91
      vertex 74.26131439208984 -5.5 -94.19999694824219
      vertex 75.73868560791016 -5.5 -94.19999694824219
    endloop
  endfacet
  facet normal 0.7071080722306312 0.7071054901401067 0
    outer loop
      vertex 70.21902465820312 -29.82563018798828 -91
      vertex 69.17436981201172 -28.78097152709961 -94.19999694824219
      vertex 69.17436981201172 -28.78097152709961 -91
    endloop
  endfacet
  facet normal 0.7071080722306312 0.7071054901401067 0
    outer loop
      vertex 69.17436981201172 -28.78097152709961 -94.19999694824219
      vertex 70.21902465820312 -29.82563018798828 -91
      vertex 70.21902465820312 -29.82563018798828 -94.19999694824219
    endloop
  endfacet
  facet normal -0.9807849204536232 0.1950921315962794 0
    outer loop
      vertex 82.21177673339844 -26.187667846679688 -94.19999694824219
      vertex 82.5 -24.738685607910156 -91
      vertex 82.5 -24.738685607910156 -94.19999694824219
    endloop
  endfacet
  facet normal -0.9807849204536232 0.1950921315962794 0
    outer loop
      vertex 82.5 -24.738685607910156 -91
      vertex 82.21177673339844 -26.187667846679688 -94.19999694824219
      vertex 82.21177673339844 -26.187667846679688 -91
    endloop
  endfacet
  facet normal -0.9238806914141071 0.382680634514201 0
    outer loop
      vertex 81.64641571044922 -27.552581787109375 -94.19999694824219
      vertex 82.21177673339844 -26.187667846679688 -91
      vertex 82.21177673339844 -26.187667846679688 -94.19999694824219
    endloop
  endfacet
  facet normal -0.9238806914141071 0.382680634514201 0
    outer loop
      vertex 82.21177673339844 -26.187667846679688 -91
      vertex 81.64641571044922 -27.552581787109375 -94.19999694824219
      vertex 81.64641571044922 -27.552581787109375 -91
    endloop
  endfacet
  facet normal 0.9807849695918505 -0.19509188456394913 0
    outer loop
      vertex 67.5 -12.26131534576416 -91
      vertex 67.78822326660156 -10.812331199645996 -94.19999694824219
      vertex 67.78822326660156 -10.812331199645996 -91
    endloop
  endfacet
  facet normal 0.9807849695918505 -0.19509188456394913 0
    outer loop
      vertex 67.78822326660156 -10.812331199645996 -94.19999694824219
      vertex 67.5 -12.26131534576416 -91
      vertex 67.5 -12.26131534576416 -94.19999694824219
    endloop
  endfacet
  facet normal 0 1 0
    outer loop
      vertex 75.73868560791016 -31.5 -94.19999694824219
      vertex 74.26131439208984 -31.5 -91
      vertex 75.73868560791016 -31.5 -91
    endloop
  endfacet
  facet normal 0 1 0
    outer loop
      vertex 74.26131439208984 -31.5 -91
      vertex 75.73868560791016 -31.5 -94.19999694824219
      vertex 74.26131439208984 -31.5 -94.19999694824219
    endloop
  endfacet
  facet normal 0.9807854145160008 0.1950896477844905 0
    outer loop
      vertex 47.7882194519043 -27.687667846679688 -91
      vertex 47.5 -26.238685607910156 -94.19999694824219
      vertex 47.5 -26.238685607910156 -91
    endloop
  endfacet
  facet normal 0.9807854145160008 0.1950896477844905 0
    outer loop
      vertex 47.5 -26.238685607910156 -94.19999694824219
      vertex 47.7882194519043 -27.687667846679688 -91
      vertex 47.7882194519043 -27.687667846679688 -94.19999694824219
    endloop
  endfacet
  facet normal 0.923879683978525 -0.38268306669062374 0
    outer loop
      vertex 47.7882194519043 -9.312331199645996 -91
      vertex 48.35358428955078 -7.947418212890625 -94.19999694824219
      vertex 48.35358428955078 -7.947418212890625 -91
    endloop
  endfacet
  facet normal 0.923879683978525 -0.38268306669062374 0
    outer loop
      vertex 48.35358428955078 -7.947418212890625 -94.19999694824219
      vertex 47.7882194519043 -9.312331199645996 -91
      vertex 47.7882194519043 -9.312331199645996 -94.19999694824219
    endloop
  endfacet
  facet normal -0.831470261274606 0.5555692617630484 0
    outer loop
      vertex 60.82563018798828 -30.28097152709961 -94.19999694824219
      vertex 61.64641189575195 -29.052581787109375 -91
      vertex 61.64641189575195 -29.052581787109375 -94.19999694824219
    endloop
  endfacet
  facet normal -0.831470261274606 0.5555692617630484 0
    outer loop
      vertex 61.64641189575195 -29.052581787109375 -91
      vertex 60.82563018798828 -30.28097152709961 -94.19999694824219
      vertex 60.82563018798828 -30.28097152709961 -91
    endloop
  endfacet
  facet normal 0.9238797785126571 0.3826828384647052 0
    outer loop
      vertex 48.35358428955078 -29.052581787109375 -91
      vertex 47.7882194519043 -27.687667846679688 -94.19999694824219
      vertex 47.7882194519043 -27.687667846679688 -91
    endloop
  endfacet
  facet normal 0.9238797785126571 0.3826828384647052 0
    outer loop
      vertex 47.7882194519043 -27.687667846679688 -94.19999694824219
      vertex 48.35358428955078 -29.052581787109375 -91
      vertex 48.35358428955078 -29.052581787109375 -94.19999694824219
    endloop
  endfacet
  facet normal -0.9807849695918505 -0.19509188456394913 0
    outer loop
      vertex 62.5 -10.76131534576416 -94.19999694824219
      vertex 62.21177673339844 -9.312331199645996 -91
      vertex 62.21177673339844 -9.312331199645996 -94.19999694824219
    endloop
  endfacet
  facet normal -0.9807849695918505 -0.19509188456394913 0
    outer loop
      vertex 62.21177673339844 -9.312331199645996 -91
      vertex 62.5 -10.76131534576416 -94.19999694824219
      vertex 62.5 -10.76131534576416 -91
    endloop
  endfacet
  facet normal -0.8314700620296227 -0.5555695599548769 0
    outer loop
      vertex 61.64641189575195 -7.947418212890625 -94.19999694824219
      vertex 60.82563018798828 -6.719029426574707 -91
      vertex 60.82563018798828 -6.719029426574707 -94.19999694824219
    endloop
  endfacet
  facet normal -0.8314700620296227 -0.5555695599548769 0
    outer loop
      vertex 60.82563018798828 -6.719029426574707 -91
      vertex 61.64641189575195 -7.947418212890625 -94.19999694824219
      vertex 61.64641189575195 -7.947418212890625 -91
    endloop
  endfacet
  facet normal 1 0 0
    outer loop
      vertex 47.5 -26.238685607910156 -91
      vertex 47.5 -10.76131534576416 -94.19999694824219
      vertex 47.5 -10.76131534576416 -91
    endloop
  endfacet
  facet normal 1 0 0
    outer loop
      vertex 47.5 -10.76131534576416 -94.19999694824219
      vertex 47.5 -26.238685607910156 -91
      vertex 47.5 -26.238685607910156 -94.19999694824219
    endloop
  endfacet
  facet normal -0.3826833894513104 -0.9238795502867551 0
    outer loop
      vertex 57.18766784667969 -4.28822135925293 -94.19999694824219
      vertex 58.552581787109375 -4.8535871505737305 -91
      vertex 57.18766784667969 -4.28822135925293 -91
    endloop
  endfacet
  facet normal -0.3826833894513104 -0.9238795502867551 0
    outer loop
      vertex 58.552581787109375 -4.8535871505737305 -91
      vertex 57.18766784667969 -4.28822135925293 -94.19999694824219
      vertex 58.552581787109375 -4.8535871505737305 -94.19999694824219
    endloop
  endfacet
  facet normal -1 0 0
    outer loop
      vertex 62.5 -26.238685607910156 -94.19999694824219
      vertex 62.5 -10.76131534576416 -91
      vertex 62.5 -10.76131534576416 -94.19999694824219
    endloop
  endfacet
  facet normal -1 0 0
    outer loop
      vertex 62.5 -10.76131534576416 -91
      vertex 62.5 -26.238685607910156 -94.19999694824219
      vertex 62.5 -26.238685607910156 -91
    endloop
  endfacet
  facet normal -0.7071071039470529 -0.7071064584258949 0
    outer loop
      vertex 60.82563018798828 -6.719029426574707 -94.19999694824219
      vertex 59.78097152709961 -5.674369812011719 -91
      vertex 59.78097152709961 -5.674369812011719 -94.19999694824219
    endloop
  endfacet
  facet normal -0.7071071039470529 -0.7071064584258949 0
    outer loop
      vertex 59.78097152709961 -5.674369812011719 -91
      vertex 60.82563018798828 -6.719029426574707 -94.19999694824219
      vertex 60.82563018798828 -6.719029426574707 -91
    endloop
  endfacet
  facet normal 0 -1 0
    outer loop
      vertex 54.261314392089844 -4 -94.19999694824219
      vertex 55.738685607910156 -4 -91
      vertex 54.261314392089844 -4 -91
    endloop
  endfacet
  facet normal 0 -1 0
    outer loop
      vertex 55.738685607910156 -4 -91
      vertex 54.261314392089844 -4 -94.19999694824219
      vertex 55.738685607910156 -4 -94.19999694824219
    endloop
  endfacet
  facet normal 0.3826828384647052 0.9238797785126571 0
    outer loop
      vertex 52.81233215332031 -32.71177673339844 -94.19999694824219
      vertex 51.447418212890625 -32.14641189575195 -91
      vertex 52.81233215332031 -32.71177673339844 -91
    endloop
  endfacet
  facet normal 0.3826828384647052 0.9238797785126571 0
    outer loop
      vertex 51.447418212890625 -32.14641189575195 -91
      vertex 52.81233215332031 -32.71177673339844 -94.19999694824219
      vertex 51.447418212890625 -32.14641189575195 -94.19999694824219
    endloop
  endfacet
  facet normal -0.9238797785126571 0.3826828384647052 0
    outer loop
      vertex 61.64641189575195 -29.052581787109375 -94.19999694824219
      vertex 62.21177673339844 -27.687667846679688 -91
      vertex 62.21177673339844 -27.687667846679688 -94.19999694824219
    endloop
  endfacet
  facet normal -0.9238797785126571 0.3826828384647052 0
    outer loop
      vertex 62.21177673339844 -27.687667846679688 -91
      vertex 61.64641189575195 -29.052581787109375 -94.19999694824219
      vertex 61.64641189575195 -29.052581787109375 -91
    endloop
  endfacet
  facet normal 0.7071067811865475 0.7071067811865475 0
    outer loop
      vertex 50.21902847290039 -31.32563018798828 -91
      vertex 49.17436981201172 -30.28097152709961 -94.19999694824219
      vertex 49.17436981201172 -30.28097152709961 -91
    endloop
  endfacet
  facet normal 0.7071067811865475 0.7071067811865475 0
    outer loop
      vertex 49.17436981201172 -30.28097152709961 -94.19999694824219
      vertex 50.21902847290039 -31.32563018798828 -91
      vertex 50.21902847290039 -31.32563018798828 -94.19999694824219
    endloop
  endfacet
  facet normal -0.9807849204536232 0.1950921315962794 0
    outer loop
      vertex 62.21177673339844 -27.687667846679688 -94.19999694824219
      vertex 62.5 -26.238685607910156 -91
      vertex 62.5 -26.238685607910156 -94.19999694824219
    endloop
  endfacet
  facet normal -0.9807849204536232 0.1950921315962794 0
    outer loop
      vertex 62.5 -26.238685607910156 -91
      vertex 62.21177673339844 -27.687667846679688 -94.19999694824219
      vertex 62.21177673339844 -27.687667846679688 -91
    endloop
  endfacet
  facet normal 0.9807854636530013 -0.19508940075505643 0
    outer loop
      vertex 47.5 -10.76131534576416 -91
      vertex 47.7882194519043 -9.312331199645996 -94.19999694824219
      vertex 47.7882194519043 -9.312331199645996 -91
    endloop
  endfacet
  facet normal 0.9807854636530013 -0.19508940075505643 0
    outer loop
      vertex 47.7882194519043 -9.312331199645996 -94.19999694824219
      vertex 47.5 -10.76131534576416 -91
      vertex 47.5 -10.76131534576416 -94.19999694824219
    endloop
  endfacet
  facet normal 0.5555692617630484 0.831470261274606 0
    outer loop
      vertex 51.447418212890625 -32.14641189575195 -94.19999694824219
      vertex 50.21902847290039 -31.32563018798828 -91
      vertex 51.447418212890625 -32.14641189575195 -91
    endloop
  endfacet
  facet normal 0.5555692617630484 0.831470261274606 0
    outer loop
      vertex 50.21902847290039 -31.32563018798828 -91
      vertex 51.447418212890625 -32.14641189575195 -94.19999694824219
      vertex 50.21902847290039 -31.32563018798828 -94.19999694824219
    endloop
  endfacet
  facet normal -0.3826828384647052 0.9238797785126571 0
    outer loop
      vertex 58.552581787109375 -32.14641189575195 -94.19999694824219
      vertex 57.18766784667969 -32.71177673339844 -91
      vertex 58.552581787109375 -32.14641189575195 -91
    endloop
  endfacet
  facet normal -0.3826828384647052 0.9238797785126571 0
    outer loop
      vertex 57.18766784667969 -32.71177673339844 -91
      vertex 58.552581787109375 -32.14641189575195 -94.19999694824219
      vertex 57.18766784667969 -32.71177673339844 -94.19999694824219
    endloop
  endfacet
  facet normal 0.8314690685075842 0.5555710468654126 0
    outer loop
      vertex 49.17436981201172 -30.28097152709961 -91
      vertex 48.35358428955078 -29.052581787109375 -94.19999694824219
      vertex 48.35358428955078 -29.052581787109375 -91
    endloop
  endfacet
  facet normal 0.8314690685075842 0.5555710468654126 0
    outer loop
      vertex 48.35358428955078 -29.052581787109375 -94.19999694824219
      vertex 49.17436981201172 -30.28097152709961 -91
      vertex 49.17436981201172 -30.28097152709961 -94.19999694824219
    endloop
  endfacet
  facet normal -0.19509088969085414 -0.980785167485536 0
    outer loop
      vertex 55.738685607910156 -4 -94.19999694824219
      vertex 57.18766784667969 -4.28822135925293 -91
      vertex 55.738685607910156 -4 -91
    endloop
  endfacet
  facet normal -0.19509088969085414 -0.980785167485536 0
    outer loop
      vertex 57.18766784667969 -4.28822135925293 -91
      vertex 55.738685607910156 -4 -94.19999694824219
      vertex 57.18766784667969 -4.28822135925293 -94.19999694824219
    endloop
  endfacet
  facet normal -0.5555697080393597 -0.831469963082889 0
    outer loop
      vertex 58.552581787109375 -4.8535871505737305 -94.19999694824219
      vertex 59.78097152709961 -5.674369812011719 -91
      vertex 58.552581787109375 -4.8535871505737305 -91
    endloop
  endfacet
  facet normal -0.5555697080393597 -0.831469963082889 0
    outer loop
      vertex 59.78097152709961 -5.674369812011719 -91
      vertex 58.552581787109375 -4.8535871505737305 -94.19999694824219
      vertex 59.78097152709961 -5.674369812011719 -94.19999694824219
    endloop
  endfacet
  facet normal 0.8314688692616062 -0.5555713450573436 0
    outer loop
      vertex 48.35358428955078 -7.947418212890625 -91
      vertex 49.17436981201172 -6.719029426574707 -94.19999694824219
      vertex 49.17436981201172 -6.719029426574707 -91
    endloop
  endfacet
  facet normal 0.8314688692616062 -0.5555713450573436 0
    outer loop
      vertex 49.17436981201172 -6.719029426574707 -94.19999694824219
      vertex 48.35358428955078 -7.947418212890625 -91
      vertex 48.35358428955078 -7.947418212890625 -94.19999694824219
    endloop
  endfacet
  facet normal -0.7071067811865475 0.7071067811865475 0
    outer loop
      vertex 59.78097152709961 -31.32563018798828 -94.19999694824219
      vertex 60.82563018798828 -30.28097152709961 -91
      vertex 60.82563018798828 -30.28097152709961 -94.19999694824219
    endloop
  endfacet
  facet normal -0.7071067811865475 0.7071067811865475 0
    outer loop
      vertex 60.82563018798828 -30.28097152709961 -91
      vertex 59.78097152709961 -31.32563018798828 -94.19999694824219
      vertex 59.78097152709961 -31.32563018798828 -91
    endloop
  endfacet
  facet normal -0.1950921315962794 0.9807849204536232 0
    outer loop
      vertex 57.18766784667969 -32.71177673339844 -94.19999694824219
      vertex 55.738685607910156 -33 -91
      vertex 57.18766784667969 -32.71177673339844 -91
    endloop
  endfacet
  facet normal -0.1950921315962794 0.9807849204536232 0
    outer loop
      vertex 55.738685607910156 -33 -91
      vertex 57.18766784667969 -32.71177673339844 -94.19999694824219
      vertex 55.738685607910156 -33 -94.19999694824219
    endloop
  endfacet
  facet normal 0.1950921315962794 0.9807849204536232 0
    outer loop
      vertex 54.261314392089844 -33 -94.19999694824219
      vertex 52.81233215332031 -32.71177673339844 -91
      vertex 54.261314392089844 -33 -91
    endloop
  endfacet
  facet normal 0.1950921315962794 0.9807849204536232 0
    outer loop
      vertex 52.81233215332031 -32.71177673339844 -91
      vertex 54.261314392089844 -33 -94.19999694824219
      vertex 52.81233215332031 -32.71177673339844 -94.19999694824219
    endloop
  endfacet
  facet normal 0.7071071039470529 -0.7071064584258949 0
    outer loop
      vertex 49.17436981201172 -6.719029426574707 -91
      vertex 50.21902847290039 -5.674369812011719 -94.19999694824219
      vertex 50.21902847290039 -5.674369812011719 -91
    endloop
  endfacet
  facet normal 0.7071071039470529 -0.7071064584258949 0
    outer loop
      vertex 50.21902847290039 -5.674369812011719 -94.19999694824219
      vertex 49.17436981201172 -6.719029426574707 -91
      vertex 49.17436981201172 -6.719029426574707 -94.19999694824219
    endloop
  endfacet
  facet normal 0 1 0
    outer loop
      vertex 55.738685607910156 -33 -94.19999694824219
      vertex 54.261314392089844 -33 -91
      vertex 55.738685607910156 -33 -91
    endloop
  endfacet
  facet normal 0 1 0
    outer loop
      vertex 54.261314392089844 -33 -91
      vertex 55.738685607910156 -33 -94.19999694824219
      vertex 54.261314392089844 -33 -94.19999694824219
    endloop
  endfacet
  facet normal 0.19509088969085414 -0.980785167485536 0
    outer loop
      vertex 52.81233215332031 -4.28822135925293 -94.19999694824219
      vertex 54.261314392089844 -4 -91
      vertex 52.81233215332031 -4.28822135925293 -91
    endloop
  endfacet
  facet normal 0.19509088969085414 -0.980785167485536 0
    outer loop
      vertex 54.261314392089844 -4 -91
      vertex 52.81233215332031 -4.28822135925293 -94.19999694824219
      vertex 54.261314392089844 -4 -94.19999694824219
    endloop
  endfacet
  facet normal -0.923879683978525 -0.38268306669062374 0
    outer loop
      vertex 62.21177673339844 -9.312331199645996 -94.19999694824219
      vertex 61.64641189575195 -7.947418212890625 -91
      vertex 61.64641189575195 -7.947418212890625 -94.19999694824219
    endloop
  endfacet
  facet normal -0.923879683978525 -0.38268306669062374 0
    outer loop
      vertex 61.64641189575195 -7.947418212890625 -91
      vertex 62.21177673339844 -9.312331199645996 -94.19999694824219
      vertex 62.21177673339844 -9.312331199645996 -91
    endloop
  endfacet
  facet normal -0.5555692617630484 0.831470261274606 0
    outer loop
      vertex 59.78097152709961 -31.32563018798828 -94.19999694824219
      vertex 58.552581787109375 -32.14641189575195 -91
      vertex 59.78097152709961 -31.32563018798828 -91
    endloop
  endfacet
  facet normal -0.5555692617630484 0.831470261274606 0
    outer loop
      vertex 58.552581787109375 -32.14641189575195 -91
      vertex 59.78097152709961 -31.32563018798828 -94.19999694824219
      vertex 58.552581787109375 -32.14641189575195 -94.19999694824219
    endloop
  endfacet
  facet normal 0.5555697080393597 -0.831469963082889 0
    outer loop
      vertex 50.21902847290039 -5.674369812011719 -94.19999694824219
      vertex 51.447418212890625 -4.8535871505737305 -91
      vertex 50.21902847290039 -5.674369812011719 -91
    endloop
  endfacet
  facet normal 0.5555697080393597 -0.831469963082889 0
    outer loop
      vertex 51.447418212890625 -4.8535871505737305 -91
      vertex 50.21902847290039 -5.674369812011719 -94.19999694824219
      vertex 51.447418212890625 -4.8535871505737305 -94.19999694824219
    endloop
  endfacet
  facet normal 0.3826833894513104 -0.9238795502867551 0
    outer loop
      vertex 51.447418212890625 -4.8535871505737305 -94.19999694824219
      vertex 52.81233215332031 -4.28822135925293 -91
      vertex 51.447418212890625 -4.8535871505737305 -91
    endloop
  endfacet
  facet normal 0.3826833894513104 -0.9238795502867551 0
    outer loop
      vertex 52.81233215332031 -4.28822135925293 -91
      vertex 51.447418212890625 -4.8535871505737305 -94.19999694824219
      vertex 52.81233215332031 -4.28822135925293 -94.19999694824219
    endloop
  endfacet
  facet normal -0.831470261274606 0.5555692617630484 0
    outer loop
      vertex 40.82563018798828 -31.78097152709961 -94.19999694824219
      vertex 41.64641189575195 -30.552581787109375 -91
      vertex 41.64641189575195 -30.552581787109375 -94.19999694824219
    endloop
  endfacet
  facet normal -0.831470261274606 0.5555692617630484 0
    outer loop
      vertex 41.64641189575195 -30.552581787109375 -91
      vertex 40.82563018798828 -31.78097152709961 -94.19999694824219
      vertex 40.82563018798828 -31.78097152709961 -91
    endloop
  endfacet
  facet normal -0.9807849695918505 -0.19509188456394913 0
    outer loop
      vertex 42.5 -9.26131534576416 -94.19999694824219
      vertex 42.21177673339844 -7.812331199645996 -91
      vertex 42.21177673339844 -7.812331199645996 -94.19999694824219
    endloop
  endfacet
  facet normal -0.9807849695918505 -0.19509188456394913 0
    outer loop
      vertex 42.21177673339844 -7.812331199645996 -91
      vertex 42.5 -9.26131534576416 -94.19999694824219
      vertex 42.5 -9.26131534576416 -91
    endloop
  endfacet
  facet normal -0.8314700620296227 -0.5555695599548769 0
    outer loop
      vertex 41.64641189575195 -6.447418212890625 -94.19999694824219
      vertex 40.82563018798828 -5.219029426574707 -91
      vertex 40.82563018798828 -5.219029426574707 -94.19999694824219
    endloop
  endfacet
  facet normal -0.8314700620296227 -0.5555695599548769 0
    outer loop
      vertex 40.82563018798828 -5.219029426574707 -91
      vertex 41.64641189575195 -6.447418212890625 -94.19999694824219
      vertex 41.64641189575195 -6.447418212890625 -91
    endloop
  endfacet
  facet normal -0.3826833894513104 -0.9238795502867551 0
    outer loop
      vertex 37.18766784667969 -2.7882213592529297 -94.19999694824219
      vertex 38.552581787109375 -3.3535871505737305 -91
      vertex 37.18766784667969 -2.7882213592529297 -91
    endloop
  endfacet
  facet normal -0.3826833894513104 -0.9238795502867551 0
    outer loop
      vertex 38.552581787109375 -3.3535871505737305 -91
      vertex 37.18766784667969 -2.7882213592529297 -94.19999694824219
      vertex 38.552581787109375 -3.3535871505737305 -94.19999694824219
    endloop
  endfacet
  facet normal -1 0 0
    outer loop
      vertex 42.5 -27.738685607910156 -94.19999694824219
      vertex 42.5 -9.26131534576416 -91
      vertex 42.5 -9.26131534576416 -94.19999694824219
    endloop
  endfacet
  facet normal -1 0 0
    outer loop
      vertex 42.5 -9.26131534576416 -91
      vertex 42.5 -27.738685607910156 -94.19999694824219
      vertex 42.5 -27.738685607910156 -91
    endloop
  endfacet
  facet normal -0.7071071039470529 -0.7071064584258949 0
    outer loop
      vertex 40.82563018798828 -5.219029426574707 -94.19999694824219
      vertex 39.78097152709961 -4.174369812011719 -91
      vertex 39.78097152709961 -4.174369812011719 -94.19999694824219
    endloop
  endfacet
  facet normal -0.7071071039470529 -0.7071064584258949 0
    outer loop
      vertex 39.78097152709961 -4.174369812011719 -91
      vertex 40.82563018798828 -5.219029426574707 -94.19999694824219
      vertex 40.82563018798828 -5.219029426574707 -91
    endloop
  endfacet
  facet normal -0.9238797785126571 0.3826828384647052 0
    outer loop
      vertex 41.64641189575195 -30.552581787109375 -94.19999694824219
      vertex 42.21177673339844 -29.187667846679688 -91
      vertex 42.21177673339844 -29.187667846679688 -94.19999694824219
    endloop
  endfacet
  facet normal -0.9238797785126571 0.3826828384647052 0
    outer loop
      vertex 42.21177673339844 -29.187667846679688 -91
      vertex 41.64641189575195 -30.552581787109375 -94.19999694824219
      vertex 41.64641189575195 -30.552581787109375 -91
    endloop
  endfacet
  facet normal -0.9807849204536232 0.1950921315962794 0
    outer loop
      vertex 42.21177673339844 -29.187667846679688 -94.19999694824219
      vertex 42.5 -27.738685607910156 -91
      vertex 42.5 -27.738685607910156 -94.19999694824219
    endloop
  endfacet
  facet normal -0.9807849204536232 0.1950921315962794 0
    outer loop
      vertex 42.5 -27.738685607910156 -91
      vertex 42.21177673339844 -29.187667846679688 -94.19999694824219
      vertex 42.21177673339844 -29.187667846679688 -91
    endloop
  endfacet
  facet normal -0.3826828384647052 0.9238797785126571 0
    outer loop
      vertex 38.552581787109375 -33.64641189575195 -94.19999694824219
      vertex 37.18766784667969 -34.21177673339844 -91
      vertex 38.552581787109375 -33.64641189575195 -91
    endloop
  endfacet
  facet normal -0.3826828384647052 0.9238797785126571 0
    outer loop
      vertex 37.18766784667969 -34.21177673339844 -91
      vertex 38.552581787109375 -33.64641189575195 -94.19999694824219
      vertex 37.18766784667969 -34.21177673339844 -94.19999694824219
    endloop
  endfacet
  facet normal -0.19509077420263407 -0.9807851904576337 0
    outer loop
      vertex 36.04999923706055 -2.561924457550049 -94.19999694824219
      vertex 37.18766784667969 -2.7882213592529297 -91
      vertex 36.04999923706055 -2.561924457550049 -91
    endloop
  endfacet
  facet normal -0.19509077420263407 -0.9807851904576337 0
    outer loop
      vertex 37.18766784667969 -2.7882213592529297 -91
      vertex 36.04999923706055 -2.561924457550049 -94.19999694824219
      vertex 37.18766784667969 -2.7882213592529297 -94.19999694824219
    endloop
  endfacet
  facet normal -0.5555697080393597 -0.831469963082889 0
    outer loop
      vertex 38.552581787109375 -3.3535871505737305 -94.19999694824219
      vertex 39.78097152709961 -4.174369812011719 -91
      vertex 38.552581787109375 -3.3535871505737305 -91
    endloop
  endfacet
  facet normal -0.5555697080393597 -0.831469963082889 0
    outer loop
      vertex 39.78097152709961 -4.174369812011719 -91
      vertex 38.552581787109375 -3.3535871505737305 -94.19999694824219
      vertex 39.78097152709961 -4.174369812011719 -94.19999694824219
    endloop
  endfacet
  facet normal -0.7071067811865475 0.7071067811865475 0
    outer loop
      vertex 39.78097152709961 -32.82563018798828 -94.19999694824219
      vertex 40.82563018798828 -31.78097152709961 -91
      vertex 40.82563018798828 -31.78097152709961 -94.19999694824219
    endloop
  endfacet
  facet normal -0.7071067811865475 0.7071067811865475 0
    outer loop
      vertex 40.82563018798828 -31.78097152709961 -91
      vertex 39.78097152709961 -32.82563018798828 -94.19999694824219
      vertex 39.78097152709961 -32.82563018798828 -91
    endloop
  endfacet
  facet normal -0.19509275138057955 0.9807847971694684 0
    outer loop
      vertex 37.18766784667969 -34.21177673339844 -94.19999694824219
      vertex 36.04999923706055 -34.43807601928711 -91
      vertex 37.18766784667969 -34.21177673339844 -91
    endloop
  endfacet
  facet normal -0.19509275138057955 0.9807847971694684 0
    outer loop
      vertex 36.04999923706055 -34.43807601928711 -91
      vertex 37.18766784667969 -34.21177673339844 -94.19999694824219
      vertex 36.04999923706055 -34.43807601928711 -94.19999694824219
    endloop
  endfacet
  facet normal -0.923879683978525 -0.38268306669062374 0
    outer loop
      vertex 42.21177673339844 -7.812331199645996 -94.19999694824219
      vertex 41.64641189575195 -6.447418212890625 -91
      vertex 41.64641189575195 -6.447418212890625 -94.19999694824219
    endloop
  endfacet
  facet normal -0.923879683978525 -0.38268306669062374 0
    outer loop
      vertex 41.64641189575195 -6.447418212890625 -91
      vertex 42.21177673339844 -7.812331199645996 -94.19999694824219
      vertex 42.21177673339844 -7.812331199645996 -91
    endloop
  endfacet
  facet normal -0.5555692617630484 0.831470261274606 0
    outer loop
      vertex 39.78097152709961 -32.82563018798828 -94.19999694824219
      vertex 38.552581787109375 -33.64641189575195 -91
      vertex 39.78097152709961 -32.82563018798828 -91
    endloop
  endfacet
  facet normal -0.5555692617630484 0.831470261274606 0
    outer loop
      vertex 38.552581787109375 -33.64641189575195 -91
      vertex 39.78097152709961 -32.82563018798828 -94.19999694824219
      vertex 38.552581787109375 -33.64641189575195 -94.19999694824219
    endloop
  endfacet
  facet normal -1 0 0
    outer loop
      vertex 90.5 -35.2462272644043 -91
      vertex 90.5 -1.7537717819213867 -26.200000762939453
      vertex 90.5 -1.7537717819213867 -91
    endloop
  endfacet
  facet normal -1 0 0
    outer loop
      vertex 90.5 -1.7537717819213867 -26.200000762939453
      vertex 90.5 -35.2462272644043 -91
      vertex 90.5 -35.2462272644043 -26.200000762939453
    endloop
  endfacet
  facet normal 0 -1 0
    outer loop
      vertex 36.77120590209961 0.5 -91
      vertex 88.24623107910156 0.5 -26.200000762939453
      vertex 36.77120590209961 0.5 -26.200000762939453
    endloop
  endfacet
  facet normal 0 -1 0
    outer loop
      vertex 88.24623107910156 0.5 -26.200000762939453
      vertex 36.77120590209961 0.5 -91
      vertex 88.24623107910156 0.5 -91
    endloop
  endfacet
  facet normal -0.9807839323114909 0.19509709920859628 0
    outer loop
      vertex 90.40392303466797 -35.72922134399414 -91
      vertex 90.5 -35.2462272644043 -26.200000762939453
      vertex 90.5 -35.2462272644043 -91
    endloop
  endfacet
  facet normal -0.9807839323114909 0.19509709920859628 0
    outer loop
      vertex 90.5 -35.2462272644043 -26.200000762939453
      vertex 90.40392303466797 -35.72922134399414 -91
      vertex 90.40392303466797 -35.72922134399414 -26.200000762939453
    endloop
  endfacet
  facet normal 0 1 0
    outer loop
      vertex 88.24623107910156 -37.5 -91
      vertex 36.77120590209961 -37.5 -26.200000762939453
      vertex 88.24623107910156 -37.5 -26.200000762939453
    endloop
  endfacet
  facet normal 0 1 0
    outer loop
      vertex 36.77120590209961 -37.5 -26.200000762939453
      vertex 88.24623107910156 -37.5 -91
      vertex 36.77120590209961 -37.5 -91
    endloop
  endfacet
  facet normal -0.19509151064368407 -0.9807850439697606 0
    outer loop
      vertex 88.24623107910156 0.5 -91
      vertex 88.7292251586914 0.40392589569091797 -26.200000762939453
      vertex 88.24623107910156 0.5 -26.200000762939453
    endloop
  endfacet
  facet normal -0.19509151064368407 -0.9807850439697606 0
    outer loop
      vertex 88.7292251586914 0.40392589569091797 -26.200000762939453
      vertex 88.24623107910156 0.5 -91
      vertex 88.7292251586914 0.40392589569091797 -91
    endloop
  endfacet
  facet normal -0.5555704545318542 -0.8314694642927478 0
    outer loop
      vertex 89.18419647216797 0.2154703140258789 -91
      vertex 89.59365844726562 -0.05812358856201172 -26.200000762939453
      vertex 89.18419647216797 0.2154703140258789 -26.200000762939453
    endloop
  endfacet
  facet normal -0.5555704545318542 -0.8314694642927478 0
    outer loop
      vertex 89.59365844726562 -0.05812358856201172 -26.200000762939453
      vertex 89.18419647216797 0.2154703140258789 -91
      vertex 89.59365844726562 -0.05812358856201172 -91
    endloop
  endfacet
  facet normal -0.1950896477844905 0.9807854145160008 0
    outer loop
      vertex 88.7292251586914 -37.403926849365234 -91
      vertex 88.24623107910156 -37.5 -26.200000762939453
      vertex 88.7292251586914 -37.403926849365234 -26.200000762939453
    endloop
  endfacet
  facet normal -0.1950896477844905 0.9807854145160008 0
    outer loop
      vertex 88.24623107910156 -37.5 -26.200000762939453
      vertex 88.7292251586914 -37.403926849365234 -91
      vertex 88.24623107910156 -37.5 -91
    endloop
  endfacet
  facet normal -0.9807839323114909 -0.19509709920859628 0
    outer loop
      vertex 90.5 -1.7537717819213867 -91
      vertex 90.40392303466797 -1.270777702331543 -26.200000762939453
      vertex 90.40392303466797 -1.270777702331543 -91
    endloop
  endfacet
  facet normal -0.9807839323114909 -0.19509709920859628 0
    outer loop
      vertex 90.40392303466797 -1.270777702331543 -26.200000762939453
      vertex 90.5 -1.7537717819213867 -91
      vertex 90.5 -1.7537717819213867 -26.200000762939453
    endloop
  endfacet
  facet normal -0.5555704545318542 0.8314694642927478 0
    outer loop
      vertex 89.59365844726562 -36.94187545776367 -91
      vertex 89.18419647216797 -37.21546936035156 -26.200000762939453
      vertex 89.59365844726562 -36.94187545776367 -26.200000762939453
    endloop
  endfacet
  facet normal -0.5555704545318542 0.8314694642927478 0
    outer loop
      vertex 89.18419647216797 -37.21546936035156 -26.200000762939453
      vertex 89.59365844726562 -36.94187545776367 -91
      vertex 89.18419647216797 -37.21546936035156 -91
    endloop
  endfacet
  facet normal 0 0 1
    outer loop
      vertex 88.24623107910156 0.5 -91
      vertex 90.5 -1.7537717819213867 -91
      vertex 90.40392303466797 -1.270777702331543 -91
    endloop
  endfacet
  facet normal 0 0 1
    outer loop
      vertex 90.5 -1.7537717819213867 -91
      vertex 82.5 -12.26131534576416 -91
      vertex 90.5 -35.2462272644043 -91
    endloop
  endfacet
  facet normal 0 0 1
    outer loop
      vertex 88.24623107910156 0.5 -91
      vertex 90.40392303466797 -1.270777702331543 -91
      vertex 90.21546936035156 -0.8158063888549805 -91
    endloop
  endfacet
  facet normal 0 0 1
    outer loop
      vertex 82.5 -24.738685607910156 -91
      vertex 90.5 -35.2462272644043 -91
      vertex 82.5 -12.26131534576416 -91
    endloop
  endfacet
  facet normal 0 0 1
    outer loop
      vertex 88.24623107910156 0.5 -91
      vertex 90.21546936035156 -0.8158063888549805 -91
      vertex 89.94187927246094 -0.4063434600830078 -91
    endloop
  endfacet
  facet normal 0 0 1
    outer loop
      vertex 82.21177673339844 -26.187667846679688 -91
      vertex 90.5 -35.2462272644043 -91
      vertex 82.5 -24.738685607910156 -91
    endloop
  endfacet
  facet normal 0 0 1
    outer loop
      vertex 88.24623107910156 0.5 -91
      vertex 89.94187927246094 -0.4063434600830078 -91
      vertex 89.59365844726562 -0.05812358856201172 -91
    endloop
  endfacet
  facet normal 0 0 1
    outer loop
      vertex 81.64641571044922 -27.552581787109375 -91
      vertex 90.5 -35.2462272644043 -91
      vertex 82.21177673339844 -26.187667846679688 -91
    endloop
  endfacet
  facet normal 0 0 1
    outer loop
      vertex 88.24623107910156 0.5 -91
      vertex 89.59365844726562 -0.05812358856201172 -91
      vertex 89.18419647216797 0.2154703140258789 -91
    endloop
  endfacet
  facet normal 0 0 1
    outer loop
      vertex 80.82563018798828 -28.78097152709961 -91
      vertex 90.5 -35.2462272644043 -91
      vertex 81.64641571044922 -27.552581787109375 -91
    endloop
  endfacet
  facet normal 0 0 1
    outer loop
      vertex 88.24623107910156 0.5 -91
      vertex 89.18419647216797 0.2154703140258789 -91
      vertex 88.7292251586914 0.40392589569091797 -91
    endloop
  endfacet
  facet normal 0 0 1
    outer loop
      vertex 88.24623107910156 -37.5 -91
      vertex 90.5 -35.2462272644043 -91
      vertex 80.82563018798828 -28.78097152709961 -91
    endloop
  endfacet
  facet normal 0 0 1
    outer loop
      vertex 90.5 -1.7537717819213867 -91
      vertex 88.24623107910156 0.5 -91
      vertex 80.82563018798828 -8.219029426574707 -91
    endloop
  endfacet
  facet normal 0 0 1
    outer loop
      vertex 90.5 -35.2462272644043 -91
      vertex 88.24623107910156 -37.5 -91
      vertex 90.40392303466797 -35.72922134399414 -91
    endloop
  endfacet
  facet normal 0 0 1
    outer loop
      vertex 90.40392303466797 -35.72922134399414 -91
      vertex 88.24623107910156 -37.5 -91
      vertex 90.21546936035156 -36.1841926574707 -91
    endloop
  endfacet
  facet normal 0 0 1
    outer loop
      vertex 90.5 -1.7537717819213867 -91
      vertex 82.21177673339844 -10.812331199645996 -91
      vertex 82.5 -12.26131534576416 -91
    endloop
  endfacet
  facet normal 0 0 1
    outer loop
      vertex 90.5 -1.7537717819213867 -91
      vertex 81.64641571044922 -9.447418212890625 -91
      vertex 82.21177673339844 -10.812331199645996 -91
    endloop
  endfacet
  facet normal 0 0 1
    outer loop
      vertex 90.5 -1.7537717819213867 -91
      vertex 80.82563018798828 -8.219029426574707 -91
      vertex 81.64641571044922 -9.447418212890625 -91
    endloop
  endfacet
  facet normal 0 0 1
    outer loop
      vertex 88.24623107910156 0.5 -91
      vertex 79.78096771240234 -7.174369812011719 -91
      vertex 80.82563018798828 -8.219029426574707 -91
    endloop
  endfacet
  facet normal 0 0 1
    outer loop
      vertex 88.24623107910156 0.5 -91
      vertex 78.55258178710938 -6.3535871505737305 -91
      vertex 79.78096771240234 -7.174369812011719 -91
    endloop
  endfacet
  facet normal 0 0 1
    outer loop
      vertex 88.24623107910156 0.5 -91
      vertex 77.18766784667969 -5.78822135925293 -91
      vertex 78.55258178710938 -6.3535871505737305 -91
    endloop
  endfacet
  facet normal 0 0 1
    outer loop
      vertex 88.24623107910156 0.5 -91
      vertex 75.73868560791016 -5.5 -91
      vertex 77.18766784667969 -5.78822135925293 -91
    endloop
  endfacet
  facet normal 0 0 1
    outer loop
      vertex 88.24623107910156 0.5 -91
      vertex 74.26131439208984 -5.5 -91
      vertex 75.73868560791016 -5.5 -91
    endloop
  endfacet
  facet normal 0 0 1
    outer loop
      vertex 57.18766784667969 -4.28822135925293 -91
      vertex 74.26131439208984 -5.5 -91
      vertex 88.24623107910156 0.5 -91
    endloop
  endfacet
  facet normal 0 0 1
    outer loop
      vertex 67.5 -12.26131534576416 -91
      vertex 62.5 -10.76131534576416 -91
      vertex 67.5 -24.738685607910156 -91
    endloop
  endfacet
  facet normal 0 0 1
    outer loop
      vertex 67.78822326660156 -10.812331199645996 -91
      vertex 62.5 -10.76131534576416 -91
      vertex 67.5 -12.26131534576416 -91
    endloop
  endfacet
  facet normal 0 0 1
    outer loop
      vertex 62.21177673339844 -9.312331199645996 -91
      vertex 67.78822326660156 -10.812331199645996 -91
      vertex 68.35358428955078 -9.447418212890625 -91
    endloop
  endfacet
  facet normal 0 0 1
    outer loop
      vertex 61.64641189575195 -7.947418212890625 -91
      vertex 68.35358428955078 -9.447418212890625 -91
      vertex 69.17436981201172 -8.219029426574707 -91
    endloop
  endfacet
  facet normal 0 0 1
    outer loop
      vertex 60.82563018798828 -6.719029426574707 -91
      vertex 69.17436981201172 -8.219029426574707 -91
      vertex 70.21902465820312 -7.174369812011719 -91
    endloop
  endfacet
  facet normal 0 0 1
    outer loop
      vertex 59.78097152709961 -5.674369812011719 -91
      vertex 70.21902465820312 -7.174369812011719 -91
      vertex 71.44741821289062 -6.3535871505737305 -91
    endloop
  endfacet
  facet normal 0 0 1
    outer loop
      vertex 67.78822326660156 -10.812331199645996 -91
      vertex 62.21177673339844 -9.312331199645996 -91
      vertex 62.5 -10.76131534576416 -91
    endloop
  endfacet
  facet normal 0 0 1
    outer loop
      vertex 58.552581787109375 -4.8535871505737305 -91
      vertex 71.44741821289062 -6.3535871505737305 -91
      vertex 72.81233215332031 -5.78822135925293 -91
    endloop
  endfacet
  facet normal 0 0 1
    outer loop
      vertex 74.26131439208984 -5.5 -91
      vertex 57.18766784667969 -4.28822135925293 -91
      vertex 72.81233215332031 -5.78822135925293 -91
    endloop
  endfacet
  facet normal 0 0 1
    outer loop
      vertex 68.35358428955078 -9.447418212890625 -91
      vertex 61.64641189575195 -7.947418212890625 -91
      vertex 62.21177673339844 -9.312331199645996 -91
    endloop
  endfacet
  facet normal 0 0 1
    outer loop
      vertex 69.17436981201172 -8.219029426574707 -91
      vertex 60.82563018798828 -6.719029426574707 -91
      vertex 61.64641189575195 -7.947418212890625 -91
    endloop
  endfacet
  facet normal 0 0 1
    outer loop
      vertex 70.21902465820312 -7.174369812011719 -91
      vertex 59.78097152709961 -5.674369812011719 -91
      vertex 60.82563018798828 -6.719029426574707 -91
    endloop
  endfacet
  facet normal 0 0 1
    outer loop
      vertex 71.44741821289062 -6.3535871505737305 -91
      vertex 58.552581787109375 -4.8535871505737305 -91
      vertex 59.78097152709961 -5.674369812011719 -91
    endloop
  endfacet
  facet normal 0 0 1
    outer loop
      vertex 72.81233215332031 -5.78822135925293 -91
      vertex 57.18766784667969 -4.28822135925293 -91
      vertex 58.552581787109375 -4.8535871505737305 -91
    endloop
  endfacet
  facet normal 0 0 1
    outer loop
      vertex 88.24623107910156 0.5 -91
      vertex 55.738685607910156 -4 -91
      vertex 57.18766784667969 -4.28822135925293 -91
    endloop
  endfacet
  facet normal 0 0 1
    outer loop
      vertex 36.77120590209961 0.5 -91
      vertex 55.738685607910156 -4 -91
      vertex 88.24623107910156 0.5 -91
    endloop
  endfacet
  facet normal 0 0 1
    outer loop
      vertex 47.5 -10.76131534576416 -91
      vertex 42.5 -9.26131534576416 -91
      vertex 47.5 -26.238685607910156 -91
    endloop
  endfacet
  facet normal 0 0 1
    outer loop
      vertex 47.7882194519043 -9.312331199645996 -91
      vertex 42.5 -9.26131534576416 -91
      vertex 47.5 -10.76131534576416 -91
    endloop
  endfacet
  facet normal 0 0 1
    outer loop
      vertex 42.21177673339844 -7.812331199645996 -91
      vertex 47.7882194519043 -9.312331199645996 -91
      vertex 48.35358428955078 -7.947418212890625 -91
    endloop
  endfacet
  facet normal 0 0 1
    outer loop
      vertex 41.64641189575195 -6.447418212890625 -91
      vertex 48.35358428955078 -7.947418212890625 -91
      vertex 49.17436981201172 -6.719029426574707 -91
    endloop
  endfacet
  facet normal 0 0 1
    outer loop
      vertex 40.82563018798828 -5.219029426574707 -91
      vertex 49.17436981201172 -6.719029426574707 -91
      vertex 50.21902847290039 -5.674369812011719 -91
    endloop
  endfacet
  facet normal 0 0 1
    outer loop
      vertex 39.78097152709961 -4.174369812011719 -91
      vertex 50.21902847290039 -5.674369812011719 -91
      vertex 51.447418212890625 -4.8535871505737305 -91
    endloop
  endfacet
  facet normal 0 0 1
    outer loop
      vertex 47.7882194519043 -9.312331199645996 -91
      vertex 42.21177673339844 -7.812331199645996 -91
      vertex 42.5 -9.26131534576416 -91
    endloop
  endfacet
  facet normal 0 0 1
    outer loop
      vertex 36.77120590209961 0.5 -91
      vertex 51.447418212890625 -4.8535871505737305 -91
      vertex 52.81233215332031 -4.28822135925293 -91
    endloop
  endfacet
  facet normal 0 0 1
    outer loop
      vertex 48.35358428955078 -7.947418212890625 -91
      vertex 41.64641189575195 -6.447418212890625 -91
      vertex 42.21177673339844 -7.812331199645996 -91
    endloop
  endfacet
  facet normal 0 0 1
    outer loop
      vertex 36.77120590209961 0.5 -91
      vertex 52.81233215332031 -4.28822135925293 -91
      vertex 54.261314392089844 -4 -91
    endloop
  endfacet
  facet normal 0 0 1
    outer loop
      vertex 49.17436981201172 -6.719029426574707 -91
      vertex 40.82563018798828 -5.219029426574707 -91
      vertex 41.64641189575195 -6.447418212890625 -91
    endloop
  endfacet
  facet normal 0 0 1
    outer loop
      vertex 55.738685607910156 -4 -91
      vertex 36.77120590209961 0.5 -91
      vertex 54.261314392089844 -4 -91
    endloop
  endfacet
  facet normal 0 0 1
    outer loop
      vertex 51.447418212890625 -4.8535871505737305 -91
      vertex 36.77120590209961 0.5 -91
      vertex 39.78097152709961 -4.174369812011719 -91
    endloop
  endfacet
  facet normal 0 0 1
    outer loop
      vertex 50.21902847290039 -5.674369812011719 -91
      vertex 39.78097152709961 -4.174369812011719 -91
      vertex 40.82563018798828 -5.219029426574707 -91
    endloop
  endfacet
  facet normal 0 0 1
    outer loop
      vertex 39.78097152709961 -4.174369812011719 -91
      vertex 36.77120590209961 0.5 -91
      vertex 38.552581787109375 -3.3535871505737305 -91
    endloop
  endfacet
  facet normal 0 0 1
    outer loop
      vertex 38.552581787109375 -3.3535871505737305 -91
      vertex 36.77120590209961 0.5 -91
      vertex 37.18766784667969 -2.7882213592529297 -91
    endloop
  endfacet
  facet normal 0 0 1
    outer loop
      vertex 36.04999923706055 -2.561924457550049 -91
      vertex 36.77120590209961 0.5 -91
      vertex 36.61664581298828 0.5307426452636719 -91
    endloop
  endfacet
  facet normal 0 0 1
    outer loop
      vertex 36.04999923706055 -2.561924457550049 -91
      vertex 36.61664581298828 0.5307426452636719 -91
      vertex 36.4710578918457 0.5910491943359375 -91
    endloop
  endfacet
  facet normal 0 0 1
    outer loop
      vertex 36.04999923706055 -2.561924457550049 -91
      vertex 36.4710578918457 0.5910491943359375 -91
      vertex 36.340030670166016 0.6785993576049805 -91
    endloop
  endfacet
  facet normal 0 0 1
    outer loop
      vertex 36.04999923706055 -2.561924457550049 -91
      vertex 36.340030670166016 0.6785993576049805 -91
      vertex 36.228599548339844 0.7900295257568359 -91
    endloop
  endfacet
  facet normal 0 0 1
    outer loop
      vertex 36.04999923706055 -2.561924457550049 -91
      vertex 36.228599548339844 0.7900295257568359 -91
      vertex 36.141048431396484 0.9210577011108398 -91
    endloop
  endfacet
  facet normal 0 0 1
    outer loop
      vertex 36.04999923706055 -2.561924457550049 -91
      vertex 36.141048431396484 0.9210577011108398 -91
      vertex 36.08074188232422 1.0666484832763672 -91
    endloop
  endfacet
  facet normal 0 0 1
    outer loop
      vertex 36.77120590209961 0.5 -91
      vertex 36.04999923706055 -2.561924457550049 -91
      vertex 37.18766784667969 -2.7882213592529297 -91
    endloop
  endfacet
  facet normal 0 0 1
    outer loop
      vertex 36.04999923706055 -2.561924457550049 -91
      vertex 36.08074188232422 1.0666484832763672 -91
      vertex 36.04999923706055 1.2212066650390625 -91
    endloop
  endfacet
  facet normal 0 0 1
    outer loop
      vertex 89.94187927246094 -36.593658447265625 -91
      vertex 88.24623107910156 -37.5 -91
      vertex 89.59365844726562 -36.94187545776367 -91
    endloop
  endfacet
  facet normal 0 0 1
    outer loop
      vertex 89.59365844726562 -36.94187545776367 -91
      vertex 88.24623107910156 -37.5 -91
      vertex 89.18419647216797 -37.21546936035156 -91
    endloop
  endfacet
  facet normal 0 0 1
    outer loop
      vertex 89.18419647216797 -37.21546936035156 -91
      vertex 88.24623107910156 -37.5 -91
      vertex 88.7292251586914 -37.403926849365234 -91
    endloop
  endfacet
  facet normal 0 0 1
    outer loop
      vertex 90.21546936035156 -36.1841926574707 -91
      vertex 88.24623107910156 -37.5 -91
      vertex 89.94187927246094 -36.593658447265625 -91
    endloop
  endfacet
  facet normal 0 0 1
    outer loop
      vertex 79.78096771240234 -29.82563018798828 -91
      vertex 88.24623107910156 -37.5 -91
      vertex 80.82563018798828 -28.78097152709961 -91
    endloop
  endfacet
  facet normal 0 0 1
    outer loop
      vertex 78.55258178710938 -30.646411895751953 -91
      vertex 88.24623107910156 -37.5 -91
      vertex 79.78096771240234 -29.82563018798828 -91
    endloop
  endfacet
  facet normal 0 0 1
    outer loop
      vertex 77.18766784667969 -31.21177864074707 -91
      vertex 88.24623107910156 -37.5 -91
      vertex 78.55258178710938 -30.646411895751953 -91
    endloop
  endfacet
  facet normal 0 0 1
    outer loop
      vertex 75.73868560791016 -31.5 -91
      vertex 88.24623107910156 -37.5 -91
      vertex 77.18766784667969 -31.21177864074707 -91
    endloop
  endfacet
  facet normal 0 0 1
    outer loop
      vertex 74.26131439208984 -31.5 -91
      vertex 88.24623107910156 -37.5 -91
      vertex 75.73868560791016 -31.5 -91
    endloop
  endfacet
  facet normal 0 0 1
    outer loop
      vertex 57.18766784667969 -32.71177673339844 -91
      vertex 74.26131439208984 -31.5 -91
      vertex 72.81233215332031 -31.21177864074707 -91
    endloop
  endfacet
  facet normal 0 0 1
    outer loop
      vertex 62.5 -26.238685607910156 -91
      vertex 67.5 -24.738685607910156 -91
      vertex 62.5 -10.76131534576416 -91
    endloop
  endfacet
  facet normal 0 0 1
    outer loop
      vertex 67.5 -24.738685607910156 -91
      vertex 62.5 -26.238685607910156 -91
      vertex 67.78822326660156 -26.187667846679688 -91
    endloop
  endfacet
  facet normal 0 0 1
    outer loop
      vertex 62.21177673339844 -27.687667846679688 -91
      vertex 67.78822326660156 -26.187667846679688 -91
      vertex 62.5 -26.238685607910156 -91
    endloop
  endfacet
  facet normal 0 0 1
    outer loop
      vertex 67.78822326660156 -26.187667846679688 -91
      vertex 62.21177673339844 -27.687667846679688 -91
      vertex 68.35358428955078 -27.552581787109375 -91
    endloop
  endfacet
  facet normal 0 0 1
    outer loop
      vertex 61.64641189575195 -29.052581787109375 -91
      vertex 68.35358428955078 -27.552581787109375 -91
      vertex 62.21177673339844 -27.687667846679688 -91
    endloop
  endfacet
  facet normal 0 0 1
    outer loop
      vertex 68.35358428955078 -27.552581787109375 -91
      vertex 61.64641189575195 -29.052581787109375 -91
      vertex 69.17436981201172 -28.78097152709961 -91
    endloop
  endfacet
  facet normal 0 0 1
    outer loop
      vertex 60.82563018798828 -30.28097152709961 -91
      vertex 69.17436981201172 -28.78097152709961 -91
      vertex 61.64641189575195 -29.052581787109375 -91
    endloop
  endfacet
  facet normal 0 0 1
    outer loop
      vertex 69.17436981201172 -28.78097152709961 -91
      vertex 60.82563018798828 -30.28097152709961 -91
      vertex 70.21902465820312 -29.82563018798828 -91
    endloop
  endfacet
  facet normal 0 0 1
    outer loop
      vertex 59.78097152709961 -31.32563018798828 -91
      vertex 70.21902465820312 -29.82563018798828 -91
      vertex 60.82563018798828 -30.28097152709961 -91
    endloop
  endfacet
  facet normal 0 0 1
    outer loop
      vertex 70.21902465820312 -29.82563018798828 -91
      vertex 59.78097152709961 -31.32563018798828 -91
      vertex 71.44741821289062 -30.646411895751953 -91
    endloop
  endfacet
  facet normal 0 0 1
    outer loop
      vertex 58.552581787109375 -32.14641189575195 -91
      vertex 71.44741821289062 -30.646411895751953 -91
      vertex 59.78097152709961 -31.32563018798828 -91
    endloop
  endfacet
  facet normal 0 0 1
    outer loop
      vertex 71.44741821289062 -30.646411895751953 -91
      vertex 58.552581787109375 -32.14641189575195 -91
      vertex 72.81233215332031 -31.21177864074707 -91
    endloop
  endfacet
  facet normal 0 0 1
    outer loop
      vertex 57.18766784667969 -32.71177673339844 -91
      vertex 72.81233215332031 -31.21177864074707 -91
      vertex 58.552581787109375 -32.14641189575195 -91
    endloop
  endfacet
  facet normal 0 0 1
    outer loop
      vertex 74.26131439208984 -31.5 -91
      vertex 57.18766784667969 -32.71177673339844 -91
      vertex 88.24623107910156 -37.5 -91
    endloop
  endfacet
  facet normal 0 0 1
    outer loop
      vertex 55.738685607910156 -33 -91
      vertex 88.24623107910156 -37.5 -91
      vertex 57.18766784667969 -32.71177673339844 -91
    endloop
  endfacet
  facet normal 0 0 1
    outer loop
      vertex 36.77120590209961 -37.5 -91
      vertex 55.738685607910156 -33 -91
      vertex 54.261314392089844 -33 -91
    endloop
  endfacet
  facet normal 0 0 1
    outer loop
      vertex 42.5 -27.738685607910156 -91
      vertex 47.5 -26.238685607910156 -91
      vertex 42.5 -9.26131534576416 -91
    endloop
  endfacet
  facet normal 0 0 1
    outer loop
      vertex 47.5 -26.238685607910156 -91
      vertex 42.5 -27.738685607910156 -91
      vertex 47.7882194519043 -27.687667846679688 -91
    endloop
  endfacet
  facet normal 0 0 1
    outer loop
      vertex 42.21177673339844 -29.187667846679688 -91
      vertex 47.7882194519043 -27.687667846679688 -91
      vertex 42.5 -27.738685607910156 -91
    endloop
  endfacet
  facet normal 0 0 1
    outer loop
      vertex 47.7882194519043 -27.687667846679688 -91
      vertex 42.21177673339844 -29.187667846679688 -91
      vertex 48.35358428955078 -29.052581787109375 -91
    endloop
  endfacet
  facet normal 0 0 1
    outer loop
      vertex 41.64641189575195 -30.552581787109375 -91
      vertex 48.35358428955078 -29.052581787109375 -91
      vertex 42.21177673339844 -29.187667846679688 -91
    endloop
  endfacet
  facet normal 0 0 1
    outer loop
      vertex 48.35358428955078 -29.052581787109375 -91
      vertex 41.64641189575195 -30.552581787109375 -91
      vertex 49.17436981201172 -30.28097152709961 -91
    endloop
  endfacet
  facet normal 0 0 1
    outer loop
      vertex 40.82563018798828 -31.78097152709961 -91
      vertex 49.17436981201172 -30.28097152709961 -91
      vertex 41.64641189575195 -30.552581787109375 -91
    endloop
  endfacet
  facet normal 0 0 1
    outer loop
      vertex 49.17436981201172 -30.28097152709961 -91
      vertex 40.82563018798828 -31.78097152709961 -91
      vertex 50.21902847290039 -31.32563018798828 -91
    endloop
  endfacet
  facet normal 0 0 1
    outer loop
      vertex 39.78097152709961 -32.82563018798828 -91
      vertex 50.21902847290039 -31.32563018798828 -91
      vertex 40.82563018798828 -31.78097152709961 -91
    endloop
  endfacet
  facet normal 0 0 1
    outer loop
      vertex 50.21902847290039 -31.32563018798828 -91
      vertex 39.78097152709961 -32.82563018798828 -91
      vertex 51.447418212890625 -32.14641189575195 -91
    endloop
  endfacet
  facet normal 0 0 1
    outer loop
      vertex 36.77120590209961 -37.5 -91
      vertex 51.447418212890625 -32.14641189575195 -91
      vertex 39.78097152709961 -32.82563018798828 -91
    endloop
  endfacet
  facet normal 0 0 1
    outer loop
      vertex 51.447418212890625 -32.14641189575195 -91
      vertex 36.77120590209961 -37.5 -91
      vertex 52.81233215332031 -32.71177673339844 -91
    endloop
  endfacet
  facet normal 0 0 1
    outer loop
      vertex 52.81233215332031 -32.71177673339844 -91
      vertex 36.77120590209961 -37.5 -91
      vertex 54.261314392089844 -33 -91
    endloop
  endfacet
  facet normal 0 0 1
    outer loop
      vertex 36.77120590209961 -37.5 -91
      vertex 39.78097152709961 -32.82563018798828 -91
      vertex 38.552581787109375 -33.64641189575195 -91
    endloop
  endfacet
  facet normal 0 0 1
    outer loop
      vertex 36.77120590209961 -37.5 -91
      vertex 38.552581787109375 -33.64641189575195 -91
      vertex 37.18766784667969 -34.21177673339844 -91
    endloop
  endfacet
  facet normal 0 0 1
    outer loop
      vertex 55.738685607910156 -33 -91
      vertex 36.77120590209961 -37.5 -91
      vertex 88.24623107910156 -37.5 -91
    endloop
  endfacet
  facet normal 0 0 1
    outer loop
      vertex 36.04999923706055 -34.43807601928711 -91
      vertex 36.77120590209961 -37.5 -91
      vertex 37.18766784667969 -34.21177673339844 -91
    endloop
  endfacet
  facet normal 0 0 1
    outer loop
      vertex 36.77120590209961 -37.5 -91
      vertex 36.04999923706055 -34.43807601928711 -91
      vertex 36.61664581298828 -37.53074264526367 -91
    endloop
  endfacet
  facet normal 0 0 1
    outer loop
      vertex 36.61664581298828 -37.53074264526367 -91
      vertex 36.04999923706055 -34.43807601928711 -91
      vertex 36.4710578918457 -37.59104919433594 -91
    endloop
  endfacet
  facet normal 0 0 1
    outer loop
      vertex 36.4710578918457 -37.59104919433594 -91
      vertex 36.04999923706055 -34.43807601928711 -91
      vertex 36.340030670166016 -37.6786003112793 -91
    endloop
  endfacet
  facet normal 0 0 1
    outer loop
      vertex 36.340030670166016 -37.6786003112793 -91
      vertex 36.04999923706055 -34.43807601928711 -91
      vertex 36.228599548339844 -37.79003143310547 -91
    endloop
  endfacet
  facet normal 0 0 1
    outer loop
      vertex 36.228599548339844 -37.79003143310547 -91
      vertex 36.04999923706055 -34.43807601928711 -91
      vertex 36.141048431396484 -37.921058654785156 -91
    endloop
  endfacet
  facet normal 0 0 1
    outer loop
      vertex 36.141048431396484 -37.921058654785156 -91
      vertex 36.04999923706055 -34.43807601928711 -91
      vertex 36.08074188232422 -38.066650390625 -91
    endloop
  endfacet
  facet normal 0 0 1
    outer loop
      vertex 36.08074188232422 -38.066650390625 -91
      vertex 36.04999923706055 -34.43807601928711 -91
      vertex 36.04999923706055 -38.22120666503906 -91
    endloop
  endfacet
  facet normal -0.3826839404375073 -0.923879322060637 0
    outer loop
      vertex 88.7292251586914 0.40392589569091797 -91
      vertex 89.18419647216797 0.2154703140258789 -26.200000762939453
      vertex 88.7292251586914 0.40392589569091797 -26.200000762939453
    endloop
  endfacet
  facet normal -0.3826839404375073 -0.923879322060637 0
    outer loop
      vertex 89.18419647216797 0.2154703140258789 -26.200000762939453
      vertex 88.7292251586914 0.40392589569091797 -91
      vertex 89.18419647216797 0.2154703140258789 -91
    endloop
  endfacet
  facet normal -0.7071058129059157 -0.7071077494658535 0
    outer loop
      vertex 89.59365844726562 -0.05812358856201172 -91
      vertex 89.94187927246094 -0.4063434600830078 -26.200000762939453
      vertex 89.59365844726562 -0.05812358856201172 -26.200000762939453
    endloop
  endfacet
  facet normal -0.7071058129059157 -0.7071077494658535 0
    outer loop
      vertex 89.94187927246094 -0.4063434600830078 -26.200000762939453
      vertex 89.59365844726562 -0.05812358856201172 -91
      vertex 89.94187927246094 -0.4063434600830078 -91
    endloop
  endfacet
  facet normal -0.8314736403312094 -0.5555642046013824 0
    outer loop
      vertex 90.21546936035156 -0.8158063888549805 -91
      vertex 89.94187927246094 -0.4063434600830078 -26.200000762939453
      vertex 89.94187927246094 -0.4063434600830078 -91
    endloop
  endfacet
  facet normal -0.8314736403312094 -0.5555642046013824 0
    outer loop
      vertex 89.94187927246094 -0.4063434600830078 -26.200000762939453
      vertex 90.21546936035156 -0.8158063888549805 -91
      vertex 90.21546936035156 -0.8158063888549805 -26.200000762939453
    endloop
  endfacet
  facet normal -0.7071029080401533 0.7071106543117268 0
    outer loop
      vertex 89.94187927246094 -36.593658447265625 -91
      vertex 89.59365844726562 -36.94187545776367 -26.200000762939453
      vertex 89.94187927246094 -36.593658447265625 -26.200000762939453
    endloop
  endfacet
  facet normal -0.7071029080401533 0.7071106543117268 0
    outer loop
      vertex 89.59365844726562 -36.94187545776367 -26.200000762939453
      vertex 89.94187927246094 -36.593658447265625 -91
      vertex 89.59365844726562 -36.94187545776367 -91
    endloop
  endfacet
  facet normal -0.831475433497656 0.5555615208866478 0
    outer loop
      vertex 89.94187927246094 -36.593658447265625 -91
      vertex 90.21546936035156 -36.1841926574707 -26.200000762939453
      vertex 90.21546936035156 -36.1841926574707 -91
    endloop
  endfacet
  facet normal -0.831475433497656 0.5555615208866478 0
    outer loop
      vertex 90.21546936035156 -36.1841926574707 -26.200000762939453
      vertex 89.94187927246094 -36.593658447265625 -91
      vertex 89.94187927246094 -36.593658447265625 -26.200000762939453
    endloop
  endfacet
  facet normal -0.9238806914141071 -0.382680634514201 0
    outer loop
      vertex 90.40392303466797 -1.270777702331543 -91
      vertex 90.21546936035156 -0.8158063888549805 -26.200000762939453
      vertex 90.21546936035156 -0.8158063888549805 -91
    endloop
  endfacet
  facet normal -0.9238806914141071 -0.382680634514201 0
    outer loop
      vertex 90.21546936035156 -0.8158063888549805 -26.200000762939453
      vertex 90.40392303466797 -1.270777702331543 -91
      vertex 90.40392303466797 -1.270777702331543 -26.200000762939453
    endloop
  endfacet
  facet normal -0.3826872463461138 0.9238779526993969 0
    outer loop
      vertex 89.18419647216797 -37.21546936035156 -91
      vertex 88.7292251586914 -37.403926849365234 -26.200000762939453
      vertex 89.18419647216797 -37.21546936035156 -26.200000762939453
    endloop
  endfacet
  facet normal -0.3826872463461138 0.9238779526993969 0
    outer loop
      vertex 88.7292251586914 -37.403926849365234 -26.200000762939453
      vertex 89.18419647216797 -37.21546936035156 -91
      vertex 88.7292251586914 -37.403926849365234 -91
    endloop
  endfacet
  facet normal -0.9238806914141071 0.382680634514201 0
    outer loop
      vertex 90.21546936035156 -36.1841926574707 -91
      vertex 90.40392303466797 -35.72922134399414 -26.200000762939453
      vertex 90.40392303466797 -35.72922134399414 -91
    endloop
  endfacet
  facet normal -0.9238806914141071 0.382680634514201 0
    outer loop
      vertex 90.40392303466797 -35.72922134399414 -26.200000762939453
      vertex 90.21546936035156 -36.1841926574707 -91
      vertex 90.21546936035156 -36.1841926574707 -26.200000762939453
    endloop
  endfacet
  facet normal -0.19508840354767268 0.9807856620083821 0
    outer loop
      vertex 36.77120590209961 2.09999942779541 -94.19999694824219
      vertex 36.61664581298828 2.069255828857422 -26.200000762939453
      vertex 36.77120590209961 2.09999942779541 -26.200000762939453
    endloop
  endfacet
  facet normal -0.19508840354767268 0.9807856620083821 0
    outer loop
      vertex 36.61664581298828 2.069255828857422 -26.200000762939453
      vertex 36.77120590209961 2.09999942779541 -94.19999694824219
      vertex 36.61664581298828 2.069255828857422 -94.19999694824219
    endloop
  endfacet
  facet normal -0.382689411875029 0.9238770556945034 0
    outer loop
      vertex 36.61664581298828 2.069255828857422 -94.19999694824219
      vertex 36.4710578918457 2.0089502334594727 -26.200000762939453
      vertex 36.61664581298828 2.069255828857422 -26.200000762939453
    endloop
  endfacet
  facet normal -0.382689411875029 0.9238770556945034 0
    outer loop
      vertex 36.4710578918457 2.0089502334594727 -26.200000762939453
      vertex 36.61664581298828 2.069255828857422 -94.19999694824219
      vertex 36.4710578918457 2.0089502334594727 -94.19999694824219
    endloop
  endfacet
  facet normal -0.5555727457536271 0.8314679333418552 0
    outer loop
      vertex 36.4710578918457 2.0089502334594727 -94.19999694824219
      vertex 36.340030670166016 1.9214000701904297 -26.200000762939453
      vertex 36.4710578918457 2.0089502334594727 -26.200000762939453
    endloop
  endfacet
  facet normal -0.5555727457536271 0.8314679333418552 0
    outer loop
      vertex 36.340030670166016 1.9214000701904297 -26.200000762939453
      vertex 36.4710578918457 2.0089502334594727 -94.19999694824219
      vertex 36.340030670166016 1.9214000701904297 -94.19999694824219
    endloop
  endfacet
  facet normal -0.707103755308796 0.7071098070513506 0
    outer loop
      vertex 36.340030670166016 1.9214000701904297 -94.19999694824219
      vertex 36.228599548339844 1.8099699020385742 -26.200000762939453
      vertex 36.340030670166016 1.9214000701904297 -26.200000762939453
    endloop
  endfacet
  facet normal -0.707103755308796 0.7071098070513506 0
    outer loop
      vertex 36.228599548339844 1.8099699020385742 -26.200000762939453
      vertex 36.340030670166016 1.9214000701904297 -94.19999694824219
      vertex 36.228599548339844 1.8099699020385742 -94.19999694824219
    endloop
  endfacet
  facet normal -0.8314670057305898 0.5555741340104013 0
    outer loop
      vertex 36.141048431396484 1.6789417266845703 -94.19999694824219
      vertex 36.228599548339844 1.8099699020385742 -26.200000762939453
      vertex 36.228599548339844 1.8099699020385742 -94.19999694824219
    endloop
  endfacet
  facet normal -0.8314670057305898 0.5555741340104013 0
    outer loop
      vertex 36.228599548339844 1.8099699020385742 -26.200000762939453
      vertex 36.141048431396484 1.6789417266845703 -94.19999694824219
      vertex 36.141048431396484 1.6789417266845703 -26.200000762939453
    endloop
  endfacet
  facet normal -0.9238775749067064 0.3826881584064278 0
    outer loop
      vertex 36.08074188232422 1.533350944519043 -94.19999694824219
      vertex 36.141048431396484 1.6789417266845703 -26.200000762939453
      vertex 36.141048431396484 1.6789417266845703 -94.19999694824219
    endloop
  endfacet
  facet normal -0.9238775749067064 0.3826881584064278 0
    outer loop
      vertex 36.141048431396484 1.6789417266845703 -26.200000762939453
      vertex 36.08074188232422 1.533350944519043 -94.19999694824219
      vertex 36.08074188232422 1.533350944519043 -26.200000762939453
    endloop
  endfacet
  facet normal -0.980786359292881 0.19508489799319606 0
    outer loop
      vertex 36.04999923706055 1.3787927627563477 -94.19999694824219
      vertex 36.08074188232422 1.533350944519043 -26.200000762939453
      vertex 36.08074188232422 1.533350944519043 -94.19999694824219
    endloop
  endfacet
  facet normal -0.980786359292881 0.19508489799319606 0
    outer loop
      vertex 36.08074188232422 1.533350944519043 -26.200000762939453
      vertex 36.04999923706055 1.3787927627563477 -94.19999694824219
      vertex 36.04999923706055 1.3787927627563477 -26.200000762939453
    endloop
  endfacet
  facet normal -1 0 0
    outer loop
      vertex 36.04999923706055 -34.43807601928711 -94.19999694824219
      vertex 36.04999923706055 -38.22120666503906 -91
      vertex 36.04999923706055 -34.43807601928711 -91
    endloop
  endfacet
  facet normal -1 0 0
    outer loop
      vertex 36.04999923706055 -38.37879180908203 -94.19999694824219
      vertex 36.04999923706055 -38.22120666503906 -91
      vertex 36.04999923706055 -34.43807601928711 -94.19999694824219
    endloop
  endfacet
  facet normal -1 0 0
    outer loop
      vertex 36.04999923706055 -38.37879180908203 -26.200000762939453
      vertex 36.04999923706055 -38.22120666503906 -91
      vertex 36.04999923706055 -38.37879180908203 -94.19999694824219
    endloop
  endfacet
  facet normal -1 0 0
    outer loop
      vertex 36.04999923706055 -38.22120666503906 -91
      vertex 36.04999923706055 -38.37879180908203 -26.200000762939453
      vertex 36.04999923706055 -38.22120666503906 -26.200000762939453
    endloop
  endfacet
  facet normal -1 0 0
    outer loop
      vertex 36.04999923706055 1.3787927627563477 -94.19999694824219
      vertex 36.04999923706055 1.2212066650390625 -91
      vertex 36.04999923706055 1.3787927627563477 -26.200000762939453
    endloop
  endfacet
  facet normal -1 0 0
    outer loop
      vertex 36.04999923706055 -2.561924457550049 -94.19999694824219
      vertex 36.04999923706055 1.2212066650390625 -91
      vertex 36.04999923706055 1.3787927627563477 -94.19999694824219
    endloop
  endfacet
  facet normal -1 0 0
    outer loop
      vertex 36.04999923706055 1.2212066650390625 -91
      vertex 36.04999923706055 -2.561924457550049 -94.19999694824219
      vertex 36.04999923706055 -2.561924457550049 -91
    endloop
  endfacet
  facet normal -1 0 0
    outer loop
      vertex 36.04999923706055 1.3787927627563477 -26.200000762939453
      vertex 36.04999923706055 1.2212066650390625 -91
      vertex 36.04999923706055 1.2212066650390625 -26.200000762939453
    endloop
  endfacet
  facet normal -0.19508258216939076 0.9807868199227205 0
    outer loop
      vertex 36.77120590209961 -37.5 -91
      vertex 36.61664581298828 -37.53074264526367 -26.200000762939453
      vertex 36.77120590209961 -37.5 -26.200000762939453
    endloop
  endfacet
  facet normal -0.19508258216939076 0.9807868199227205 0
    outer loop
      vertex 36.61664581298828 -37.53074264526367 -26.200000762939453
      vertex 36.77120590209961 -37.5 -91
      vertex 36.61664581298828 -37.53074264526367 -91
    endloop
  endfacet
  facet normal -0.382694577415614 0.9238749160014491 0
    outer loop
      vertex 36.61664581298828 -37.53074264526367 -91
      vertex 36.4710578918457 -37.59104919433594 -26.200000762939453
      vertex 36.61664581298828 -37.53074264526367 -26.200000762939453
    endloop
  endfacet
  facet normal -0.382694577415614 0.9238749160014491 0
    outer loop
      vertex 36.4710578918457 -37.59104919433594 -26.200000762939453
      vertex 36.61664581298828 -37.53074264526367 -91
      vertex 36.4710578918457 -37.59104919433594 -91
    endloop
  endfacet
  facet normal -0.5555769295725357 0.831465137769921 0
    outer loop
      vertex 36.4710578918457 -37.59104919433594 -91
      vertex 36.340030670166016 -37.6786003112793 -26.200000762939453
      vertex 36.4710578918457 -37.59104919433594 -26.200000762939453
    endloop
  endfacet
  facet normal -0.5555769295725357 0.831465137769921 0
    outer loop
      vertex 36.340030670166016 -37.6786003112793 -26.200000762939453
      vertex 36.4710578918457 -37.59104919433594 -91
      vertex 36.340030670166016 -37.6786003112793 -91
    endloop
  endfacet
  facet normal -0.7071067811865475 0.7071067811865475 0
    outer loop
      vertex 36.228599548339844 -37.79003143310547 -91
      vertex 36.340030670166016 -37.6786003112793 -26.200000762939453
      vertex 36.340030670166016 -37.6786003112793 -91
    endloop
  endfacet
  facet normal -0.7071067811865475 0.7071067811865475 0
    outer loop
      vertex 36.340030670166016 -37.6786003112793 -26.200000762939453
      vertex 36.228599548339844 -37.79003143310547 -91
      vertex 36.228599548339844 -37.79003143310547 -26.200000762939453
    endloop
  endfacet
  facet normal -0.831465137769921 0.5555769295725357 0
    outer loop
      vertex 36.141048431396484 -37.921058654785156 -91
      vertex 36.228599548339844 -37.79003143310547 -26.200000762939453
      vertex 36.228599548339844 -37.79003143310547 -91
    endloop
  endfacet
  facet normal -0.831465137769921 0.5555769295725357 0
    outer loop
      vertex 36.228599548339844 -37.79003143310547 -26.200000762939453
      vertex 36.141048431396484 -37.921058654785156 -91
      vertex 36.141048431396484 -37.921058654785156 -26.200000762939453
    endloop
  endfacet
  facet normal -0.9238784611787269 0.3826860187804457 0
    outer loop
      vertex 36.08074188232422 -38.066650390625 -91
      vertex 36.141048431396484 -37.921058654785156 -26.200000762939453
      vertex 36.141048431396484 -37.921058654785156 -91
    endloop
  endfacet
  facet normal -0.9238784611787269 0.3826860187804457 0
    outer loop
      vertex 36.141048431396484 -37.921058654785156 -26.200000762939453
      vertex 36.08074188232422 -38.066650390625 -91
      vertex 36.08074188232422 -38.066650390625 -26.200000762939453
    endloop
  endfacet
  facet normal -0.9807858986466368 0.1950872138708966 0
    outer loop
      vertex 36.04999923706055 -38.22120666503906 -91
      vertex 36.08074188232422 -38.066650390625 -26.200000762939453
      vertex 36.08074188232422 -38.066650390625 -91
    endloop
  endfacet
  facet normal -0.9807858986466368 0.1950872138708966 0
    outer loop
      vertex 36.08074188232422 -38.066650390625 -26.200000762939453
      vertex 36.04999923706055 -38.22120666503906 -91
      vertex 36.04999923706055 -38.22120666503906 -26.200000762939453
    endloop
  endfacet
  facet normal -0.19508258216939073 -0.9807868199227205 0
    outer loop
      vertex 36.61664581298828 -39.06925582885742 -94.19999694824219
      vertex 36.77120590209961 -39.099998474121094 -26.200000762939453
      vertex 36.61664581298828 -39.06925582885742 -26.200000762939453
    endloop
  endfacet
  facet normal -0.19508258216939073 -0.9807868199227205 0
    outer loop
      vertex 36.77120590209961 -39.099998474121094 -26.200000762939453
      vertex 36.61664581298828 -39.06925582885742 -94.19999694824219
      vertex 36.77120590209961 -39.099998474121094 -94.19999694824219
    endloop
  endfacet
  facet normal -0.38269457741561397 -0.9238749160014491 0
    outer loop
      vertex 36.4710578918457 -39.008949279785156 -94.19999694824219
      vertex 36.61664581298828 -39.06925582885742 -26.200000762939453
      vertex 36.4710578918457 -39.008949279785156 -26.200000762939453
    endloop
  endfacet
  facet normal -0.38269457741561397 -0.9238749160014491 0
    outer loop
      vertex 36.61664581298828 -39.06925582885742 -26.200000762939453
      vertex 36.4710578918457 -39.008949279785156 -94.19999694824219
      vertex 36.61664581298828 -39.06925582885742 -94.19999694824219
    endloop
  endfacet
  facet normal -0.5555601940436948 -0.8314763200441321 0
    outer loop
      vertex 36.340030670166016 -38.92140197753906 -94.19999694824219
      vertex 36.4710578918457 -39.008949279785156 -26.200000762939453
      vertex 36.340030670166016 -38.92140197753906 -26.200000762939453
    endloop
  endfacet
  facet normal -0.5555601940436948 -0.8314763200441321 0
    outer loop
      vertex 36.4710578918457 -39.008949279785156 -26.200000762939453
      vertex 36.340030670166016 -38.92140197753906 -94.19999694824219
      vertex 36.4710578918457 -39.008949279785156 -94.19999694824219
    endloop
  endfacet
  facet normal -0.7071067811865475 -0.7071067811865475 0
    outer loop
      vertex 36.340030670166016 -38.92140197753906 -94.19999694824219
      vertex 36.228599548339844 -38.80997085571289 -26.200000762939453
      vertex 36.228599548339844 -38.80997085571289 -94.19999694824219
    endloop
  endfacet
  facet normal -0.7071067811865475 -0.7071067811865475 0
    outer loop
      vertex 36.228599548339844 -38.80997085571289 -26.200000762939453
      vertex 36.340030670166016 -38.92140197753906 -94.19999694824219
      vertex 36.340030670166016 -38.92140197753906 -26.200000762939453
    endloop
  endfacet
  facet normal -0.831472609443413 -0.5555657474551158 0
    outer loop
      vertex 36.228599548339844 -38.80997085571289 -94.19999694824219
      vertex 36.141048431396484 -38.67893981933594 -26.200000762939453
      vertex 36.141048431396484 -38.67893981933594 -94.19999694824219
    endloop
  endfacet
  facet normal -0.831472609443413 -0.5555657474551158 0
    outer loop
      vertex 36.141048431396484 -38.67893981933594 -26.200000762939453
      vertex 36.228599548339844 -38.80997085571289 -94.19999694824219
      vertex 36.228599548339844 -38.80997085571289 -26.200000762939453
    endloop
  endfacet
  facet normal -0.9238749160014491 -0.38269457741561397 0
    outer loop
      vertex 36.141048431396484 -38.67893981933594 -94.19999694824219
      vertex 36.08074188232422 -38.53335189819336 -26.200000762939453
      vertex 36.08074188232422 -38.53335189819336 -94.19999694824219
    endloop
  endfacet
  facet normal -0.9238749160014491 -0.38269457741561397 0
    outer loop
      vertex 36.08074188232422 -38.53335189819336 -26.200000762939453
      vertex 36.141048431396484 -38.67893981933594 -94.19999694824219
      vertex 36.141048431396484 -38.67893981933594 -26.200000762939453
    endloop
  endfacet
  facet normal -0.9807868199227205 -0.19508258216939073 0
    outer loop
      vertex 36.08074188232422 -38.53335189819336 -94.19999694824219
      vertex 36.04999923706055 -38.37879180908203 -26.200000762939453
      vertex 36.04999923706055 -38.37879180908203 -94.19999694824219
    endloop
  endfacet
  facet normal -0.9807868199227205 -0.19508258216939073 0
    outer loop
      vertex 36.04999923706055 -38.37879180908203 -26.200000762939453
      vertex 36.08074188232422 -38.53335189819336 -94.19999694824219
      vertex 36.08074188232422 -38.53335189819336 -26.200000762939453
    endloop
  endfacet
  facet normal -0.19508258216939076 -0.9807868199227205 0
    outer loop
      vertex 36.61664581298828 0.5307426452636719 -91
      vertex 36.77120590209961 0.5 -26.200000762939453
      vertex 36.61664581298828 0.5307426452636719 -26.200000762939453
    endloop
  endfacet
  facet normal -0.19508258216939076 -0.9807868199227205 0
    outer loop
      vertex 36.77120590209961 0.5 -26.200000762939453
      vertex 36.61664581298828 0.5307426452636719 -91
      vertex 36.77120590209961 0.5 -91
    endloop
  endfacet
  facet normal -0.382694577415614 -0.9238749160014491 0
    outer loop
      vertex 36.4710578918457 0.5910491943359375 -91
      vertex 36.61664581298828 0.5307426452636719 -26.200000762939453
      vertex 36.4710578918457 0.5910491943359375 -26.200000762939453
    endloop
  endfacet
  facet normal -0.382694577415614 -0.9238749160014491 0
    outer loop
      vertex 36.61664581298828 0.5307426452636719 -26.200000762939453
      vertex 36.4710578918457 0.5910491943359375 -91
      vertex 36.61664581298828 0.5307426452636719 -91
    endloop
  endfacet
  facet normal -0.5555727457536271 -0.8314679333418552 0
    outer loop
      vertex 36.340030670166016 0.6785993576049805 -91
      vertex 36.4710578918457 0.5910491943359375 -26.200000762939453
      vertex 36.340030670166016 0.6785993576049805 -26.200000762939453
    endloop
  endfacet
  facet normal -0.5555727457536271 -0.8314679333418552 0
    outer loop
      vertex 36.4710578918457 0.5910491943359375 -26.200000762939453
      vertex 36.340030670166016 0.6785993576049805 -91
      vertex 36.4710578918457 0.5910491943359375 -91
    endloop
  endfacet
  facet normal -0.7071037553087961 -0.7071098070513506 0
    outer loop
      vertex 36.228599548339844 0.7900295257568359 -91
      vertex 36.340030670166016 0.6785993576049805 -26.200000762939453
      vertex 36.228599548339844 0.7900295257568359 -26.200000762939453
    endloop
  endfacet
  facet normal -0.7071037553087961 -0.7071098070513506 0
    outer loop
      vertex 36.340030670166016 0.6785993576049805 -26.200000762939453
      vertex 36.228599548339844 0.7900295257568359 -91
      vertex 36.340030670166016 0.6785993576049805 -91
    endloop
  endfacet
  facet normal -0.8314670057305898 -0.5555741340104013 0
    outer loop
      vertex 36.228599548339844 0.7900295257568359 -91
      vertex 36.141048431396484 0.9210577011108398 -26.200000762939453
      vertex 36.141048431396484 0.9210577011108398 -91
    endloop
  endfacet
  facet normal -0.8314670057305898 -0.5555741340104013 0
    outer loop
      vertex 36.141048431396484 0.9210577011108398 -26.200000762939453
      vertex 36.228599548339844 0.7900295257568359 -91
      vertex 36.228599548339844 0.7900295257568359 -26.200000762939453
    endloop
  endfacet
  facet normal -0.9238775749067063 -0.3826881584064278 0
    outer loop
      vertex 36.141048431396484 0.9210577011108398 -91
      vertex 36.08074188232422 1.0666484832763672 -26.200000762939453
      vertex 36.08074188232422 1.0666484832763672 -91
    endloop
  endfacet
  facet normal -0.9238775749067063 -0.3826881584064278 0
    outer loop
      vertex 36.08074188232422 1.0666484832763672 -26.200000762939453
      vertex 36.141048431396484 0.9210577011108398 -91
      vertex 36.141048431396484 0.9210577011108398 -26.200000762939453
    endloop
  endfacet
  facet normal -0.9807863592928809 -0.19508489799319606 0
    outer loop
      vertex 36.08074188232422 1.0666484832763672 -91
      vertex 36.04999923706055 1.2212066650390625 -26.200000762939453
      vertex 36.04999923706055 1.2212066650390625 -91
    endloop
  endfacet
  facet normal -0.9807863592928809 -0.19508489799319606 0
    outer loop
      vertex 36.04999923706055 1.2212066650390625 -26.200000762939453
      vertex 36.08074188232422 1.0666484832763672 -91
      vertex 36.08074188232422 1.0666484832763672 -26.200000762939453
    endloop
  endfacet
  facet normal 0 0 -1
    outer loop
      vertex 78.30000305175781 10.350000381469727 -48.20000076293945
      vertex 79.80000305175781 13.850000381469727 -48.20000076293945
      vertex 79.80000305175781 10.350000381469727 -48.20000076293945
    endloop
  endfacet
  facet normal 0 0 -1
    outer loop
      vertex 79.80000305175781 13.850000381469727 -48.20000076293945
      vertex 78.30000305175781 10.350000381469727 -48.20000076293945
      vertex 78.30000305175781 13.850000381469727 -48.20000076293945
    endloop
  endfacet
  facet normal 0 0 -1
    outer loop
      vertex 83.30000305175781 10.350000381469727 -48.20000076293945
      vertex 84.80000305175781 13.850000381469727 -48.20000076293945
      vertex 84.80000305175781 10.350000381469727 -48.20000076293945
    endloop
  endfacet
  facet normal 0 0 -1
    outer loop
      vertex 84.80000305175781 13.850000381469727 -48.20000076293945
      vertex 83.30000305175781 10.350000381469727 -48.20000076293945
      vertex 83.30000305175781 13.850000381469727 -48.20000076293945
    endloop
  endfacet
  facet normal 0 1 0
    outer loop
      vertex 84.80000305175781 10.350000381469727 -48.400001525878906
      vertex 83.30000305175781 10.350000381469727 -48.20000076293945
      vertex 84.80000305175781 10.350000381469727 -48.20000076293945
    endloop
  endfacet
  facet normal 0 1 0
    outer loop
      vertex 83.30000305175781 10.350000381469727 -48.20000076293945
      vertex 84.80000305175781 10.350000381469727 -48.400001525878906
      vertex 79.80000305175781 10.350000381469727 -48.20000076293945
    endloop
  endfacet
  facet normal 0 1 0
    outer loop
      vertex 78.30000305175781 10.350000381469727 -48.400001525878906
      vertex 79.80000305175781 10.350000381469727 -48.20000076293945
      vertex 84.80000305175781 10.350000381469727 -48.400001525878906
    endloop
  endfacet
  facet normal 0 1 0
    outer loop
      vertex 79.80000305175781 10.350000381469727 -48.20000076293945
      vertex 78.30000305175781 10.350000381469727 -48.400001525878906
      vertex 78.30000305175781 10.350000381469727 -48.20000076293945
    endloop
  endfacet
  facet normal 0 1 0
    outer loop
      vertex 83.30000305175781 10.350000381469727 -48.20000076293945
      vertex 82.27487182617188 10.350000381469727 -48
      vertex 83.30000305175781 10.350000381469727 -48
    endloop
  endfacet
  facet normal 0 1 0
    outer loop
      vertex 82.27487182617188 10.350000381469727 -48
      vertex 83.30000305175781 10.350000381469727 -48.20000076293945
      vertex 80.82512664794922 10.350000381469727 -48
    endloop
  endfacet
  facet normal 0 1 0
    outer loop
      vertex 79.80000305175781 10.350000381469727 -48.20000076293945
      vertex 80.82512664794922 10.350000381469727 -48
      vertex 83.30000305175781 10.350000381469727 -48.20000076293945
    endloop
  endfacet
  facet normal 0 1 0
    outer loop
      vertex 80.82512664794922 10.350000381469727 -48
      vertex 79.80000305175781 10.350000381469727 -48.20000076293945
      vertex 79.80000305175781 10.350000381469727 -48
    endloop
  endfacet
  facet normal 0 1 0
    outer loop
      vertex 82.27487182617188 10.350000381469727 -48
      vertex 81.72235870361328 10.350000381469727 -47.79999923706055
      vertex 82.27487182617188 10.350000381469727 -47.79999923706055
    endloop
  endfacet
  facet normal 0 1 0
    outer loop
      vertex 81.72235870361328 10.350000381469727 -47.79999923706055
      vertex 82.27487182617188 10.350000381469727 -48
      vertex 81.37763977050781 10.350000381469727 -47.79999923706055
    endloop
  endfacet
  facet normal 0 1 0
    outer loop
      vertex 80.82512664794922 10.350000381469727 -48
      vertex 81.37763977050781 10.350000381469727 -47.79999923706055
      vertex 82.27487182617188 10.350000381469727 -48
    endloop
  endfacet
  facet normal 0 1 0
    outer loop
      vertex 81.37763977050781 10.350000381469727 -47.79999923706055
      vertex 80.82512664794922 10.350000381469727 -48
      vertex 80.82512664794922 10.350000381469727 -47.79999923706055
    endloop
  endfacet
  facet normal 0 1 0
    outer loop
      vertex 81.72235870361328 10.350000381469727 -47.79999923706055
      vertex 81.37763977050781 10.350000381469727 -45.20000076293945
      vertex 81.72235870361328 10.350000381469727 -45.20000076293945
    endloop
  endfacet
  facet normal 0 1 0
    outer loop
      vertex 81.37763977050781 10.350000381469727 -45.20000076293945
      vertex 81.72235870361328 10.350000381469727 -47.79999923706055
      vertex 81.37763977050781 10.350000381469727 -47.79999923706055
    endloop
  endfacet
  facet normal 0 -1 0
    outer loop
      vertex 78.30000305175781 13.850000381469727 -48.400001525878906
      vertex 79.80000305175781 13.850000381469727 -48.20000076293945
      vertex 78.30000305175781 13.850000381469727 -48.20000076293945
    endloop
  endfacet
  facet normal 0 -1 0
    outer loop
      vertex 79.80000305175781 13.850000381469727 -48.20000076293945
      vertex 78.30000305175781 13.850000381469727 -48.400001525878906
      vertex 83.30000305175781 13.850000381469727 -48.20000076293945
    endloop
  endfacet
  facet normal 0 -1 0
    outer loop
      vertex 84.80000305175781 13.850000381469727 -48.400001525878906
      vertex 83.30000305175781 13.850000381469727 -48.20000076293945
      vertex 78.30000305175781 13.850000381469727 -48.400001525878906
    endloop
  endfacet
  facet normal 0 -1 0
    outer loop
      vertex 83.30000305175781 13.850000381469727 -48.20000076293945
      vertex 84.80000305175781 13.850000381469727 -48.400001525878906
      vertex 84.80000305175781 13.850000381469727 -48.20000076293945
    endloop
  endfacet
  facet normal 0 -1 0
    outer loop
      vertex 79.80000305175781 13.850000381469727 -48.20000076293945
      vertex 80.82512664794922 13.850000381469727 -48
      vertex 79.80000305175781 13.850000381469727 -48
    endloop
  endfacet
  facet normal 0 -1 0
    outer loop
      vertex 80.82512664794922 13.850000381469727 -48
      vertex 79.80000305175781 13.850000381469727 -48.20000076293945
      vertex 82.27487182617188 13.850000381469727 -48
    endloop
  endfacet
  facet normal 0 -1 0
    outer loop
      vertex 83.30000305175781 13.850000381469727 -48.20000076293945
      vertex 82.27487182617188 13.850000381469727 -48
      vertex 79.80000305175781 13.850000381469727 -48.20000076293945
    endloop
  endfacet
  facet normal 0 -1 0
    outer loop
      vertex 82.27487182617188 13.850000381469727 -48
      vertex 83.30000305175781 13.850000381469727 -48.20000076293945
      vertex 83.30000305175781 13.850000381469727 -48
    endloop
  endfacet
  facet normal 0 -1 0
    outer loop
      vertex 80.82512664794922 13.850000381469727 -48
      vertex 81.37763977050781 13.850000381469727 -47.79999923706055
      vertex 80.82512664794922 13.850000381469727 -47.79999923706055
    endloop
  endfacet
  facet normal 0 -1 0
    outer loop
      vertex 81.37763977050781 13.850000381469727 -47.79999923706055
      vertex 80.82512664794922 13.850000381469727 -48
      vertex 81.72235870361328 13.850000381469727 -47.79999923706055
    endloop
  endfacet
  facet normal 0 -1 0
    outer loop
      vertex 82.27487182617188 13.850000381469727 -48
      vertex 81.72235870361328 13.850000381469727 -47.79999923706055
      vertex 80.82512664794922 13.850000381469727 -48
    endloop
  endfacet
  facet normal 0 -1 0
    outer loop
      vertex 81.72235870361328 13.850000381469727 -47.79999923706055
      vertex 82.27487182617188 13.850000381469727 -48
      vertex 82.27487182617188 13.850000381469727 -47.79999923706055
    endloop
  endfacet
  facet normal 0 -1 0
    outer loop
      vertex 81.37763977050781 13.850000381469727 -47.79999923706055
      vertex 81.72235870361328 13.850000381469727 -45.20000076293945
      vertex 81.37763977050781 13.850000381469727 -45.20000076293945
    endloop
  endfacet
  facet normal 0 -1 0
    outer loop
      vertex 81.72235870361328 13.850000381469727 -45.20000076293945
      vertex 81.37763977050781 13.850000381469727 -47.79999923706055
      vertex 81.72235870361328 13.850000381469727 -47.79999923706055
    endloop
  endfacet
  facet normal -1 0 0
    outer loop
      vertex 83.30000305175781 13.850000381469727 -48.20000076293945
      vertex 83.30000305175781 12.824873924255371 -48
      vertex 83.30000305175781 13.850000381469727 -48
    endloop
  endfacet
  facet normal -1 0 0
    outer loop
      vertex 83.30000305175781 12.824873924255371 -48
      vertex 83.30000305175781 12.272359848022461 -47.79999923706055
      vertex 83.30000305175781 12.824873924255371 -47.79999923706055
    endloop
  endfacet
  facet normal -1 0 0
    outer loop
      vertex 83.30000305175781 12.272359848022461 -47.79999923706055
      vertex 83.30000305175781 11.927640914916992 -47.79999923706055
      vertex 83.30000305175781 12.272359848022461 -45.20000076293945
    endloop
  endfacet
  facet normal -1 0 0
    outer loop
      vertex 83.30000305175781 12.824873924255371 -48
      vertex 83.30000305175781 11.927640914916992 -47.79999923706055
      vertex 83.30000305175781 12.272359848022461 -47.79999923706055
    endloop
  endfacet
  facet normal -1 0 0
    outer loop
      vertex 83.30000305175781 12.824873924255371 -48
      vertex 83.30000305175781 11.375126838684082 -48
      vertex 83.30000305175781 11.927640914916992 -47.79999923706055
    endloop
  endfacet
  facet normal -1 0 0
    outer loop
      vertex 83.30000305175781 13.850000381469727 -48.20000076293945
      vertex 83.30000305175781 11.375126838684082 -48
      vertex 83.30000305175781 12.824873924255371 -48
    endloop
  endfacet
  facet normal -1 0 0
    outer loop
      vertex 83.30000305175781 10.350000381469727 -48.20000076293945
      vertex 83.30000305175781 11.375126838684082 -48
      vertex 83.30000305175781 13.850000381469727 -48.20000076293945
    endloop
  endfacet
  facet normal -1 0 0
    outer loop
      vertex 83.30000305175781 11.375126838684082 -48
      vertex 83.30000305175781 10.350000381469727 -48.20000076293945
      vertex 83.30000305175781 10.350000381469727 -48
    endloop
  endfacet
  facet normal -1 0 0
    outer loop
      vertex 83.30000305175781 12.272359848022461 -45.20000076293945
      vertex 83.30000305175781 11.927640914916992 -47.79999923706055
      vertex 83.30000305175781 11.927640914916992 -45.20000076293945
    endloop
  endfacet
  facet normal -1 0 0
    outer loop
      vertex 83.30000305175781 11.927640914916992 -47.79999923706055
      vertex 83.30000305175781 11.375126838684082 -48
      vertex 83.30000305175781 11.375126838684082 -47.79999923706055
    endloop
  endfacet
  facet normal 0 0 -1
    outer loop
      vertex 83.30000305175781 11.375126838684082 -48
      vertex 83.30000305175781 10.350000381469727 -48
      vertex 82.27487182617188 10.350000381469727 -48
    endloop
  endfacet
  facet normal 0 0 -1
    outer loop
      vertex 83.30000305175781 13.850000381469727 -48
      vertex 83.30000305175781 12.824873924255371 -48
      vertex 82.27487182617188 13.850000381469727 -48
    endloop
  endfacet
  facet normal 0 0 -1
    outer loop
      vertex 79.80000305175781 13.850000381469727 -48
      vertex 80.82512664794922 13.850000381469727 -48
      vertex 79.80000305175781 12.824873924255371 -48
    endloop
  endfacet
  facet normal 0 0 -1
    outer loop
      vertex 79.80000305175781 11.375126838684082 -48
      vertex 80.82512664794922 10.350000381469727 -48
      vertex 79.80000305175781 10.350000381469727 -48
    endloop
  endfacet
  facet normal 1 0 0
    outer loop
      vertex 79.80000305175781 12.272359848022461 -45.20000076293945
      vertex 79.80000305175781 11.927640914916992 -45.20000076293945
      vertex 79.80000305175781 12.272359848022461 -47.79999923706055
    endloop
  endfacet
  facet normal 1 0 0
    outer loop
      vertex 79.80000305175781 12.824873924255371 -47.79999923706055
      vertex 79.80000305175781 12.272359848022461 -47.79999923706055
      vertex 79.80000305175781 12.824873924255371 -48
    endloop
  endfacet
  facet normal 1 0 0
    outer loop
      vertex 79.80000305175781 12.824873924255371 -48
      vertex 79.80000305175781 13.850000381469727 -48.20000076293945
      vertex 79.80000305175781 13.850000381469727 -48
    endloop
  endfacet
  facet normal 1 0 0
    outer loop
      vertex 79.80000305175781 11.927640914916992 -47.79999923706055
      vertex 79.80000305175781 12.272359848022461 -47.79999923706055
      vertex 79.80000305175781 11.927640914916992 -45.20000076293945
    endloop
  endfacet
  facet normal 1 0 0
    outer loop
      vertex 79.80000305175781 11.927640914916992 -47.79999923706055
      vertex 79.80000305175781 12.824873924255371 -48
      vertex 79.80000305175781 12.272359848022461 -47.79999923706055
    endloop
  endfacet
  facet normal 1 0 0
    outer loop
      vertex 79.80000305175781 11.375126838684082 -48
      vertex 79.80000305175781 11.927640914916992 -47.79999923706055
      vertex 79.80000305175781 11.375126838684082 -47.79999923706055
    endloop
  endfacet
  facet normal 1 0 0
    outer loop
      vertex 79.80000305175781 11.927640914916992 -47.79999923706055
      vertex 79.80000305175781 11.375126838684082 -48
      vertex 79.80000305175781 12.824873924255371 -48
    endloop
  endfacet
  facet normal 1 0 0
    outer loop
      vertex 79.80000305175781 12.824873924255371 -48
      vertex 79.80000305175781 11.375126838684082 -48
      vertex 79.80000305175781 13.850000381469727 -48.20000076293945
    endloop
  endfacet
  facet normal 1 0 0
    outer loop
      vertex 79.80000305175781 10.350000381469727 -48.20000076293945
      vertex 79.80000305175781 11.375126838684082 -48
      vertex 79.80000305175781 10.350000381469727 -48
    endloop
  endfacet
  facet normal 1 0 0
    outer loop
      vertex 79.80000305175781 11.375126838684082 -48
      vertex 79.80000305175781 10.350000381469727 -48.20000076293945
      vertex 79.80000305175781 13.850000381469727 -48.20000076293945
    endloop
  endfacet
  facet normal -0.7071051366362893 0.7071084257329809 0
    outer loop
      vertex 83.30000305175781 11.375126838684082 -48
      vertex 82.27487182617188 10.350000381469727 -47.79999923706055
      vertex 83.30000305175781 11.375126838684082 -47.79999923706055
    endloop
  endfacet
  facet normal -0.7071051366362893 0.7071084257329809 0
    outer loop
      vertex 82.27487182617188 10.350000381469727 -47.79999923706055
      vertex 83.30000305175781 11.375126838684082 -48
      vertex 82.27487182617188 10.350000381469727 -48
    endloop
  endfacet
  facet normal 0.7071077679185385 0.7071057944531798 0
    outer loop
      vertex 80.82512664794922 10.350000381469727 -47.79999923706055
      vertex 79.80000305175781 11.375126838684082 -48
      vertex 79.80000305175781 11.375126838684082 -47.79999923706055
    endloop
  endfacet
  facet normal 0.7071077679185385 0.7071057944531798 0
    outer loop
      vertex 79.80000305175781 11.375126838684082 -48
      vertex 80.82512664794922 10.350000381469727 -47.79999923706055
      vertex 80.82512664794922 10.350000381469727 -48
    endloop
  endfacet
  facet normal 0.7071077679185385 -0.7071057944531798 0
    outer loop
      vertex 79.80000305175781 12.824873924255371 -47.79999923706055
      vertex 80.82512664794922 13.850000381469727 -48
      vertex 80.82512664794922 13.850000381469727 -47.79999923706055
    endloop
  endfacet
  facet normal 0.7071077679185385 -0.7071057944531798 0
    outer loop
      vertex 80.82512664794922 13.850000381469727 -48
      vertex 79.80000305175781 12.824873924255371 -47.79999923706055
      vertex 79.80000305175781 12.824873924255371 -48
    endloop
  endfacet
  facet normal -0.7071051366362893 -0.7071084257329809 0
    outer loop
      vertex 82.27487182617188 13.850000381469727 -48
      vertex 83.30000305175781 12.824873924255371 -47.79999923706055
      vertex 82.27487182617188 13.850000381469727 -47.79999923706055
    endloop
  endfacet
  facet normal -0.7071051366362893 -0.7071084257329809 0
    outer loop
      vertex 83.30000305175781 12.824873924255371 -47.79999923706055
      vertex 82.27487182617188 13.850000381469727 -48
      vertex 83.30000305175781 12.824873924255371 -48
    endloop
  endfacet
  facet normal 0 0 -1
    outer loop
      vertex 79.80000305175781 11.375126838684082 -47.79999923706055
      vertex 79.9991683959961 11.271064758300781 -47.79999923706055
      vertex 80.19068908691406 10.984440803527832 -47.79999923706055
    endloop
  endfacet
  facet normal 0 0 -1
    outer loop
      vertex 79.80000305175781 11.375126838684082 -47.79999923706055
      vertex 79.86724853515625 11.589544296264648 -47.79999923706055
      vertex 79.9991683959961 11.271064758300781 -47.79999923706055
    endloop
  endfacet
  facet normal 0 0 -1
    outer loop
      vertex 79.86724853515625 11.589544296264648 -47.79999923706055
      vertex 79.80000305175781 11.375126838684082 -47.79999923706055
      vertex 79.80000305175781 11.927640914916992 -47.79999923706055
    endloop
  endfacet
  facet normal 0 0 -1
    outer loop
      vertex 80.82512664794922 10.350000381469727 -47.79999923706055
      vertex 81.03954315185547 10.417252540588379 -47.79999923706055
      vertex 81.37763977050781 10.350000381469727 -47.79999923706055
    endloop
  endfacet
  facet normal 0 0 -1
    outer loop
      vertex 80.82512664794922 10.350000381469727 -47.79999923706055
      vertex 80.72106170654297 10.549171447753906 -47.79999923706055
      vertex 81.03954315185547 10.417252540588379 -47.79999923706055
    endloop
  endfacet
  facet normal 0 0 -1
    outer loop
      vertex 80.82512664794922 10.350000381469727 -47.79999923706055
      vertex 80.43444061279297 10.740687370300293 -47.79999923706055
      vertex 80.72106170654297 10.549171447753906 -47.79999923706055
    endloop
  endfacet
  facet normal 0 0 -1
    outer loop
      vertex 79.80000305175781 11.375126838684082 -47.79999923706055
      vertex 80.19068908691406 10.984440803527832 -47.79999923706055
      vertex 80.43444061279297 10.740687370300293 -47.79999923706055
    endloop
  endfacet
  facet normal 0 0 1
    outer loop
      vertex 80.43444061279297 10.740687370300293 -47.79999923706055
      vertex 80.82512664794922 10.350000381469727 -47.79999923706055
      vertex 79.80000305175781 11.375126838684082 -47.79999923706055
    endloop
  endfacet
  facet normal 0 0 -1
    outer loop
      vertex 79.9991683959961 12.928936004638672 -47.79999923706055
      vertex 79.80000305175781 12.824873924255371 -47.79999923706055
      vertex 80.19068908691406 13.215559959411621 -47.79999923706055
    endloop
  endfacet
  facet normal 0 0 -1
    outer loop
      vertex 79.86724853515625 12.610456466674805 -47.79999923706055
      vertex 79.80000305175781 12.824873924255371 -47.79999923706055
      vertex 79.9991683959961 12.928936004638672 -47.79999923706055
    endloop
  endfacet
  facet normal 0 0 -1
    outer loop
      vertex 79.80000305175781 12.824873924255371 -47.79999923706055
      vertex 79.86724853515625 12.610456466674805 -47.79999923706055
      vertex 79.80000305175781 12.272359848022461 -47.79999923706055
    endloop
  endfacet
  facet normal 0 0 -1
    outer loop
      vertex 81.03954315185547 13.782748222351074 -47.79999923706055
      vertex 80.82512664794922 13.850000381469727 -47.79999923706055
      vertex 81.37763977050781 13.850000381469727 -47.79999923706055
    endloop
  endfacet
  facet normal 0 0 -1
    outer loop
      vertex 80.72106170654297 13.650829315185547 -47.79999923706055
      vertex 80.82512664794922 13.850000381469727 -47.79999923706055
      vertex 81.03954315185547 13.782748222351074 -47.79999923706055
    endloop
  endfacet
  facet normal 0 0 -1
    outer loop
      vertex 80.43444061279297 13.45931339263916 -47.79999923706055
      vertex 80.82512664794922 13.850000381469727 -47.79999923706055
      vertex 80.72106170654297 13.650829315185547 -47.79999923706055
    endloop
  endfacet
  facet normal 0 0 -1
    outer loop
      vertex 80.19068908691406 13.215559959411621 -47.79999923706055
      vertex 79.80000305175781 12.824873924255371 -47.79999923706055
      vertex 80.82512664794922 13.850000381469727 -47.79999923706055
    endloop
  endfacet
  facet normal 0 0 1
    outer loop
      vertex 80.43444061279297 13.45931339263916 -47.79999923706055
      vertex 80.19068908691406 13.215559959411621 -47.79999923706055
      vertex 80.82512664794922 13.850000381469727 -47.79999923706055
    endloop
  endfacet
  facet normal 0 0 -1
    outer loop
      vertex 83.30000305175781 11.375126838684082 -47.79999923706055
      vertex 83.23274993896484 11.589544296264648 -47.79999923706055
      vertex 83.30000305175781 11.927640914916992 -47.79999923706055
    endloop
  endfacet
  facet normal 0 0 -1
    outer loop
      vertex 83.30000305175781 11.375126838684082 -47.79999923706055
      vertex 83.100830078125 11.271064758300781 -47.79999923706055
      vertex 83.23274993896484 11.589544296264648 -47.79999923706055
    endloop
  endfacet
  facet normal 0 0 -1
    outer loop
      vertex 83.30000305175781 11.375126838684082 -47.79999923706055
      vertex 82.90930938720703 10.984440803527832 -47.79999923706055
      vertex 83.100830078125 11.271064758300781 -47.79999923706055
    endloop
  endfacet
  facet normal 0 0 -1
    outer loop
      vertex 83.30000305175781 11.375126838684082 -47.79999923706055
      vertex 82.66555786132812 10.740687370300293 -47.79999923706055
      vertex 82.90930938720703 10.984440803527832 -47.79999923706055
    endloop
  endfacet
  facet normal 0 0 -1
    outer loop
      vertex 82.27487182617188 10.350000381469727 -47.79999923706055
      vertex 82.66555786132812 10.740687370300293 -47.79999923706055
      vertex 83.30000305175781 11.375126838684082 -47.79999923706055
    endloop
  endfacet
  facet normal 0 0 -1
    outer loop
      vertex 82.27487182617188 10.350000381469727 -47.79999923706055
      vertex 82.37893676757812 10.549171447753906 -47.79999923706055
      vertex 82.66555786132812 10.740687370300293 -47.79999923706055
    endloop
  endfacet
  facet normal 0 0 -1
    outer loop
      vertex 82.27487182617188 10.350000381469727 -47.79999923706055
      vertex 82.06045532226562 10.417252540588379 -47.79999923706055
      vertex 82.37893676757812 10.549171447753906 -47.79999923706055
    endloop
  endfacet
  facet normal 0 0 -1
    outer loop
      vertex 82.06045532226562 10.417252540588379 -47.79999923706055
      vertex 82.27487182617188 10.350000381469727 -47.79999923706055
      vertex 81.72235870361328 10.350000381469727 -47.79999923706055
    endloop
  endfacet
  facet normal 0 0 -1
    outer loop
      vertex 83.23274993896484 12.610456466674805 -47.79999923706055
      vertex 83.30000305175781 12.824873924255371 -47.79999923706055
      vertex 83.30000305175781 12.272359848022461 -47.79999923706055
    endloop
  endfacet
  facet normal 0 0 -1
    outer loop
      vertex 83.100830078125 12.928936004638672 -47.79999923706055
      vertex 83.30000305175781 12.824873924255371 -47.79999923706055
      vertex 83.23274993896484 12.610456466674805 -47.79999923706055
    endloop
  endfacet
  facet normal 0 0 -1
    outer loop
      vertex 82.90930938720703 13.215559959411621 -47.79999923706055
      vertex 83.30000305175781 12.824873924255371 -47.79999923706055
      vertex 83.100830078125 12.928936004638672 -47.79999923706055
    endloop
  endfacet
  facet normal 0 0 -1
    outer loop
      vertex 82.66555786132812 13.45931339263916 -47.79999923706055
      vertex 83.30000305175781 12.824873924255371 -47.79999923706055
      vertex 82.90930938720703 13.215559959411621 -47.79999923706055
    endloop
  endfacet
  facet normal 0 0 -1
    outer loop
      vertex 82.66555786132812 13.45931339263916 -47.79999923706055
      vertex 82.27487182617188 13.850000381469727 -47.79999923706055
      vertex 83.30000305175781 12.824873924255371 -47.79999923706055
    endloop
  endfacet
  facet normal 0 0 -1
    outer loop
      vertex 82.37893676757812 13.650829315185547 -47.79999923706055
      vertex 82.27487182617188 13.850000381469727 -47.79999923706055
      vertex 82.66555786132812 13.45931339263916 -47.79999923706055
    endloop
  endfacet
  facet normal 0 0 -1
    outer loop
      vertex 82.06045532226562 13.782748222351074 -47.79999923706055
      vertex 82.27487182617188 13.850000381469727 -47.79999923706055
      vertex 82.37893676757812 13.650829315185547 -47.79999923706055
    endloop
  endfacet
  facet normal 0 0 -1
    outer loop
      vertex 82.27487182617188 13.850000381469727 -47.79999923706055
      vertex 82.06045532226562 13.782748222351074 -47.79999923706055
      vertex 81.72235870361328 13.850000381469727 -47.79999923706055
    endloop
  endfacet
  facet normal -0.9807844400430625 0.19509454674443408 0
    outer loop
      vertex 83.23274993896484 11.589544296264648 -47.79999923706055
      vertex 83.30000305175781 11.927640914916992 -45.20000076293945
      vertex 83.30000305175781 11.927640914916992 -47.79999923706055
    endloop
  endfacet
  facet normal -0.9807844400430625 0.19509454674443408 0
    outer loop
      vertex 83.30000305175781 11.927640914916992 -45.20000076293945
      vertex 83.23274993896484 11.589544296264648 -47.79999923706055
      vertex 83.23274993896484 11.589544296264648 -45.20000076293945
    endloop
  endfacet
  facet normal -0.5555739041928041 -0.8314671592913125 0
    outer loop
      vertex 82.37893676757812 13.650829315185547 -47.79999923706055
      vertex 82.66555786132812 13.45931339263916 -45.20000076293945
      vertex 82.37893676757812 13.650829315185547 -45.20000076293945
    endloop
  endfacet
  facet normal -0.5555739041928041 -0.8314671592913125 0
    outer loop
      vertex 82.66555786132812 13.45931339263916 -45.20000076293945
      vertex 82.37893676757812 13.650829315185547 -47.79999923706055
      vertex 82.66555786132812 13.45931339263916 -47.79999923706055
    endloop
  endfacet
  facet normal 0.9807886747142032 0.19507325688662952 0
    outer loop
      vertex 79.86724853515625 11.589544296264648 -45.20000076293945
      vertex 79.80000305175781 11.927640914916992 -47.79999923706055
      vertex 79.80000305175781 11.927640914916992 -45.20000076293945
    endloop
  endfacet
  facet normal 0.9807886747142032 0.19507325688662952 0
    outer loop
      vertex 79.80000305175781 11.927640914916992 -47.79999923706055
      vertex 79.86724853515625 11.589544296264648 -45.20000076293945
      vertex 79.86724853515625 11.589544296264648 -47.79999923706055
    endloop
  endfacet
  facet normal 0.7071095477153566 0.7071040146469144 0
    outer loop
      vertex 80.43444061279297 10.740687370300293 -45.20000076293945
      vertex 80.19068908691406 10.984440803527832 -47.79999923706055
      vertex 80.19068908691406 10.984440803527832 -45.20000076293945
    endloop
  endfacet
  facet normal 0.7071095477153566 0.7071040146469144 0
    outer loop
      vertex 80.19068908691406 10.984440803527832 -47.79999923706055
      vertex 80.43444061279297 10.740687370300293 -45.20000076293945
      vertex 80.43444061279297 10.740687370300293 -47.79999923706055
    endloop
  endfacet
  facet normal 0.8314633312094118 -0.55557963322475 0
    outer loop
      vertex 79.9991683959961 12.928936004638672 -45.20000076293945
      vertex 80.19068908691406 13.215559959411621 -47.79999923706055
      vertex 80.19068908691406 13.215559959411621 -45.20000076293945
    endloop
  endfacet
  facet normal 0.8314633312094118 -0.55557963322475 0
    outer loop
      vertex 80.19068908691406 13.215559959411621 -47.79999923706055
      vertex 79.9991683959961 12.928936004638672 -45.20000076293945
      vertex 79.9991683959961 12.928936004638672 -47.79999923706055
    endloop
  endfacet
  facet normal 0.5555739041928041 -0.8314671592913125 0
    outer loop
      vertex 80.43444061279297 13.45931339263916 -47.79999923706055
      vertex 80.72106170654297 13.650829315185547 -45.20000076293945
      vertex 80.43444061279297 13.45931339263916 -45.20000076293945
    endloop
  endfacet
  facet normal 0.5555739041928041 -0.8314671592913125 0
    outer loop
      vertex 80.72106170654297 13.650829315185547 -45.20000076293945
      vertex 80.43444061279297 13.45931339263916 -47.79999923706055
      vertex 80.72106170654297 13.650829315185547 -47.79999923706055
    endloop
  endfacet
  facet normal 0.1950918855272896 0.9807849694002284 0
    outer loop
      vertex 81.37763977050781 10.350000381469727 -47.79999923706055
      vertex 81.03954315185547 10.417252540588379 -45.20000076293945
      vertex 81.37763977050781 10.350000381469727 -45.20000076293945
    endloop
  endfacet
  facet normal 0.1950918855272896 0.9807849694002284 0
    outer loop
      vertex 81.03954315185547 10.417252540588379 -45.20000076293945
      vertex 81.37763977050781 10.350000381469727 -47.79999923706055
      vertex 81.03954315185547 10.417252540588379 -47.79999923706055
    endloop
  endfacet
  facet normal 0.38268237546352374 -0.9238799702935412 0
    outer loop
      vertex 80.72106170654297 13.650829315185547 -47.79999923706055
      vertex 81.03954315185547 13.782748222351074 -45.20000076293945
      vertex 80.72106170654297 13.650829315185547 -45.20000076293945
    endloop
  endfacet
  facet normal 0.38268237546352374 -0.9238799702935412 0
    outer loop
      vertex 81.03954315185547 13.782748222351074 -45.20000076293945
      vertex 80.72106170654297 13.650829315185547 -47.79999923706055
      vertex 81.03954315185547 13.782748222351074 -47.79999923706055
    endloop
  endfacet
  facet normal 0.9807886747142032 -0.19507325688662952 0
    outer loop
      vertex 79.80000305175781 12.272359848022461 -45.20000076293945
      vertex 79.86724853515625 12.610456466674805 -47.79999923706055
      vertex 79.86724853515625 12.610456466674805 -45.20000076293945
    endloop
  endfacet
  facet normal 0.9807886747142032 -0.19507325688662952 0
    outer loop
      vertex 79.86724853515625 12.610456466674805 -47.79999923706055
      vertex 79.80000305175781 12.272359848022461 -45.20000076293945
      vertex 79.80000305175781 12.272359848022461 -47.79999923706055
    endloop
  endfacet
  facet normal 0.9238781818849612 0.3826866930492077 0
    outer loop
      vertex 79.9991683959961 11.271064758300781 -45.20000076293945
      vertex 79.86724853515625 11.589544296264648 -47.79999923706055
      vertex 79.86724853515625 11.589544296264648 -45.20000076293945
    endloop
  endfacet
  facet normal 0.9238781818849612 0.3826866930492077 0
    outer loop
      vertex 79.86724853515625 11.589544296264648 -47.79999923706055
      vertex 79.9991683959961 11.271064758300781 -45.20000076293945
      vertex 79.9991683959961 11.271064758300781 -47.79999923706055
    endloop
  endfacet
  facet normal -0.1950918855272896 0.9807849694002284 0
    outer loop
      vertex 82.06045532226562 10.417252540588379 -47.79999923706055
      vertex 81.72235870361328 10.350000381469727 -45.20000076293945
      vertex 82.06045532226562 10.417252540588379 -45.20000076293945
    endloop
  endfacet
  facet normal -0.1950918855272896 0.9807849694002284 0
    outer loop
      vertex 81.72235870361328 10.350000381469727 -45.20000076293945
      vertex 82.06045532226562 10.417252540588379 -47.79999923706055
      vertex 81.72235870361328 10.350000381469727 -47.79999923706055
    endloop
  endfacet
  facet normal -0.8314633312094118 0.55557963322475 0
    outer loop
      vertex 82.90930938720703 10.984440803527832 -47.79999923706055
      vertex 83.100830078125 11.271064758300781 -45.20000076293945
      vertex 83.100830078125 11.271064758300781 -47.79999923706055
    endloop
  endfacet
  facet normal -0.8314633312094118 0.55557963322475 0
    outer loop
      vertex 83.100830078125 11.271064758300781 -45.20000076293945
      vertex 82.90930938720703 10.984440803527832 -47.79999923706055
      vertex 82.90930938720703 10.984440803527832 -45.20000076293945
    endloop
  endfacet
  facet normal -0.9238781818849612 0.3826866930492077 0
    outer loop
      vertex 83.100830078125 11.271064758300781 -47.79999923706055
      vertex 83.23274993896484 11.589544296264648 -45.20000076293945
      vertex 83.23274993896484 11.589544296264648 -47.79999923706055
    endloop
  endfacet
  facet normal -0.9238781818849612 0.3826866930492077 0
    outer loop
      vertex 83.23274993896484 11.589544296264648 -45.20000076293945
      vertex 83.100830078125 11.271064758300781 -47.79999923706055
      vertex 83.100830078125 11.271064758300781 -45.20000076293945
    endloop
  endfacet
  facet normal -0.7071095477153566 0.7071040146469144 0
    outer loop
      vertex 82.66555786132812 10.740687370300293 -47.79999923706055
      vertex 82.90930938720703 10.984440803527832 -45.20000076293945
      vertex 82.90930938720703 10.984440803527832 -47.79999923706055
    endloop
  endfacet
  facet normal -0.7071095477153566 0.7071040146469144 0
    outer loop
      vertex 82.90930938720703 10.984440803527832 -45.20000076293945
      vertex 82.66555786132812 10.740687370300293 -47.79999923706055
      vertex 82.66555786132812 10.740687370300293 -45.20000076293945
    endloop
  endfacet
  facet normal -0.1950918855272896 -0.9807849694002284 0
    outer loop
      vertex 81.72235870361328 13.850000381469727 -47.79999923706055
      vertex 82.06045532226562 13.782748222351074 -45.20000076293945
      vertex 81.72235870361328 13.850000381469727 -45.20000076293945
    endloop
  endfacet
  facet normal -0.1950918855272896 -0.9807849694002284 0
    outer loop
      vertex 82.06045532226562 13.782748222351074 -45.20000076293945
      vertex 81.72235870361328 13.850000381469727 -47.79999923706055
      vertex 82.06045532226562 13.782748222351074 -47.79999923706055
    endloop
  endfacet
  facet normal -0.8314633312094118 -0.55557963322475 0
    outer loop
      vertex 83.100830078125 12.928936004638672 -47.79999923706055
      vertex 82.90930938720703 13.215559959411621 -45.20000076293945
      vertex 82.90930938720703 13.215559959411621 -47.79999923706055
    endloop
  endfacet
  facet normal -0.8314633312094118 -0.55557963322475 0
    outer loop
      vertex 82.90930938720703 13.215559959411621 -45.20000076293945
      vertex 83.100830078125 12.928936004638672 -47.79999923706055
      vertex 83.100830078125 12.928936004638672 -45.20000076293945
    endloop
  endfacet
  facet normal -0.5555739041928041 0.8314671592913125 0
    outer loop
      vertex 82.66555786132812 10.740687370300293 -47.79999923706055
      vertex 82.37893676757812 10.549171447753906 -45.20000076293945
      vertex 82.66555786132812 10.740687370300293 -45.20000076293945
    endloop
  endfacet
  facet normal -0.5555739041928041 0.8314671592913125 0
    outer loop
      vertex 82.37893676757812 10.549171447753906 -45.20000076293945
      vertex 82.66555786132812 10.740687370300293 -47.79999923706055
      vertex 82.37893676757812 10.549171447753906 -47.79999923706055
    endloop
  endfacet
  facet normal -0.9807844400430625 -0.19509454674443408 0
    outer loop
      vertex 83.30000305175781 12.272359848022461 -47.79999923706055
      vertex 83.23274993896484 12.610456466674805 -45.20000076293945
      vertex 83.23274993896484 12.610456466674805 -47.79999923706055
    endloop
  endfacet
  facet normal -0.9807844400430625 -0.19509454674443408 0
    outer loop
      vertex 83.23274993896484 12.610456466674805 -45.20000076293945
      vertex 83.30000305175781 12.272359848022461 -47.79999923706055
      vertex 83.30000305175781 12.272359848022461 -45.20000076293945
    endloop
  endfacet
  facet normal 0.1950918855272896 -0.9807849694002284 0
    outer loop
      vertex 81.03954315185547 13.782748222351074 -47.79999923706055
      vertex 81.37763977050781 13.850000381469727 -45.20000076293945
      vertex 81.03954315185547 13.782748222351074 -45.20000076293945
    endloop
  endfacet
  facet normal 0.1950918855272896 -0.9807849694002284 0
    outer loop
      vertex 81.37763977050781 13.850000381469727 -45.20000076293945
      vertex 81.03954315185547 13.782748222351074 -47.79999923706055
      vertex 81.37763977050781 13.850000381469727 -47.79999923706055
    endloop
  endfacet
  facet normal 0.8314633312094118 0.55557963322475 0
    outer loop
      vertex 80.19068908691406 10.984440803527832 -45.20000076293945
      vertex 79.9991683959961 11.271064758300781 -47.79999923706055
      vertex 79.9991683959961 11.271064758300781 -45.20000076293945
    endloop
  endfacet
  facet normal 0.8314633312094118 0.55557963322475 0
    outer loop
      vertex 79.9991683959961 11.271064758300781 -47.79999923706055
      vertex 80.19068908691406 10.984440803527832 -45.20000076293945
      vertex 80.19068908691406 10.984440803527832 -47.79999923706055
    endloop
  endfacet
  facet normal 0.9238781818849612 -0.3826866930492077 0
    outer loop
      vertex 79.86724853515625 12.610456466674805 -45.20000076293945
      vertex 79.9991683959961 12.928936004638672 -47.79999923706055
      vertex 79.9991683959961 12.928936004638672 -45.20000076293945
    endloop
  endfacet
  facet normal 0.9238781818849612 -0.3826866930492077 0
    outer loop
      vertex 79.9991683959961 12.928936004638672 -47.79999923706055
      vertex 79.86724853515625 12.610456466674805 -45.20000076293945
      vertex 79.86724853515625 12.610456466674805 -47.79999923706055
    endloop
  endfacet
  facet normal -0.38268237546352374 0.9238799702935412 0
    outer loop
      vertex 82.37893676757812 10.549171447753906 -47.79999923706055
      vertex 82.06045532226562 10.417252540588379 -45.20000076293945
      vertex 82.37893676757812 10.549171447753906 -45.20000076293945
    endloop
  endfacet
  facet normal -0.38268237546352374 0.9238799702935412 0
    outer loop
      vertex 82.06045532226562 10.417252540588379 -45.20000076293945
      vertex 82.37893676757812 10.549171447753906 -47.79999923706055
      vertex 82.06045532226562 10.417252540588379 -47.79999923706055
    endloop
  endfacet
  facet normal -0.9238781818849612 -0.3826866930492077 0
    outer loop
      vertex 83.23274993896484 12.610456466674805 -47.79999923706055
      vertex 83.100830078125 12.928936004638672 -45.20000076293945
      vertex 83.100830078125 12.928936004638672 -47.79999923706055
    endloop
  endfacet
  facet normal -0.9238781818849612 -0.3826866930492077 0
    outer loop
      vertex 83.100830078125 12.928936004638672 -45.20000076293945
      vertex 83.23274993896484 12.610456466674805 -47.79999923706055
      vertex 83.23274993896484 12.610456466674805 -45.20000076293945
    endloop
  endfacet
  facet normal -0.7071095477153566 -0.7071040146469144 0
    outer loop
      vertex 82.90930938720703 13.215559959411621 -47.79999923706055
      vertex 82.66555786132812 13.45931339263916 -45.20000076293945
      vertex 82.66555786132812 13.45931339263916 -47.79999923706055
    endloop
  endfacet
  facet normal -0.7071095477153566 -0.7071040146469144 0
    outer loop
      vertex 82.66555786132812 13.45931339263916 -45.20000076293945
      vertex 82.90930938720703 13.215559959411621 -47.79999923706055
      vertex 82.90930938720703 13.215559959411621 -45.20000076293945
    endloop
  endfacet
  facet normal 0.7071095477153566 -0.7071040146469144 0
    outer loop
      vertex 80.19068908691406 13.215559959411621 -45.20000076293945
      vertex 80.43444061279297 13.45931339263916 -47.79999923706055
      vertex 80.43444061279297 13.45931339263916 -45.20000076293945
    endloop
  endfacet
  facet normal 0.7071095477153566 -0.7071040146469144 0
    outer loop
      vertex 80.43444061279297 13.45931339263916 -47.79999923706055
      vertex 80.19068908691406 13.215559959411621 -45.20000076293945
      vertex 80.19068908691406 13.215559959411621 -47.79999923706055
    endloop
  endfacet
  facet normal -0.38268237546352374 -0.9238799702935412 0
    outer loop
      vertex 82.06045532226562 13.782748222351074 -47.79999923706055
      vertex 82.37893676757812 13.650829315185547 -45.20000076293945
      vertex 82.06045532226562 13.782748222351074 -45.20000076293945
    endloop
  endfacet
  facet normal -0.38268237546352374 -0.9238799702935412 0
    outer loop
      vertex 82.37893676757812 13.650829315185547 -45.20000076293945
      vertex 82.06045532226562 13.782748222351074 -47.79999923706055
      vertex 82.37893676757812 13.650829315185547 -47.79999923706055
    endloop
  endfacet
  facet normal 0.38268237546352374 0.9238799702935412 0
    outer loop
      vertex 81.03954315185547 10.417252540588379 -47.79999923706055
      vertex 80.72106170654297 10.549171447753906 -45.20000076293945
      vertex 81.03954315185547 10.417252540588379 -45.20000076293945
    endloop
  endfacet
  facet normal 0.38268237546352374 0.9238799702935412 0
    outer loop
      vertex 80.72106170654297 10.549171447753906 -45.20000076293945
      vertex 81.03954315185547 10.417252540588379 -47.79999923706055
      vertex 80.72106170654297 10.549171447753906 -47.79999923706055
    endloop
  endfacet
  facet normal 0.5555739041928041 0.8314671592913125 0
    outer loop
      vertex 80.72106170654297 10.549171447753906 -47.79999923706055
      vertex 80.43444061279297 10.740687370300293 -45.20000076293945
      vertex 80.72106170654297 10.549171447753906 -45.20000076293945
    endloop
  endfacet
  facet normal 0.5555739041928041 0.8314671592913125 0
    outer loop
      vertex 80.43444061279297 10.740687370300293 -45.20000076293945
      vertex 80.72106170654297 10.549171447753906 -47.79999923706055
      vertex 80.43444061279297 10.740687370300293 -47.79999923706055
    endloop
  endfacet
  facet normal 0 0 -1
    outer loop
      vertex 40.849998474121094 10.350000381469727 -48.20000076293945
      vertex 42.349998474121094 13.850000381469727 -48.20000076293945
      vertex 42.349998474121094 10.350000381469727 -48.20000076293945
    endloop
  endfacet
  facet normal 0 0 -1
    outer loop
      vertex 42.349998474121094 13.850000381469727 -48.20000076293945
      vertex 40.849998474121094 10.350000381469727 -48.20000076293945
      vertex 40.849998474121094 13.850000381469727 -48.20000076293945
    endloop
  endfacet
  facet normal 0 0 -1
    outer loop
      vertex 45.849998474121094 10.350000381469727 -48.20000076293945
      vertex 47.349998474121094 13.850000381469727 -48.20000076293945
      vertex 47.349998474121094 10.350000381469727 -48.20000076293945
    endloop
  endfacet
  facet normal 0 0 -1
    outer loop
      vertex 47.349998474121094 13.850000381469727 -48.20000076293945
      vertex 45.849998474121094 10.350000381469727 -48.20000076293945
      vertex 45.849998474121094 13.850000381469727 -48.20000076293945
    endloop
  endfacet
  facet normal 0 1 0
    outer loop
      vertex 47.349998474121094 10.350000381469727 -48.400001525878906
      vertex 45.849998474121094 10.350000381469727 -48.20000076293945
      vertex 47.349998474121094 10.350000381469727 -48.20000076293945
    endloop
  endfacet
  facet normal 0 1 0
    outer loop
      vertex 45.849998474121094 10.350000381469727 -48.20000076293945
      vertex 47.349998474121094 10.350000381469727 -48.400001525878906
      vertex 42.349998474121094 10.350000381469727 -48.20000076293945
    endloop
  endfacet
  facet normal 0 1 0
    outer loop
      vertex 40.849998474121094 10.350000381469727 -48.400001525878906
      vertex 42.349998474121094 10.350000381469727 -48.20000076293945
      vertex 47.349998474121094 10.350000381469727 -48.400001525878906
    endloop
  endfacet
  facet normal 0 1 0
    outer loop
      vertex 42.349998474121094 10.350000381469727 -48.20000076293945
      vertex 40.849998474121094 10.350000381469727 -48.400001525878906
      vertex 40.849998474121094 10.350000381469727 -48.20000076293945
    endloop
  endfacet
  facet normal 0 1 0
    outer loop
      vertex 45.849998474121094 10.350000381469727 -48.20000076293945
      vertex 44.82487487792969 10.350000381469727 -48
      vertex 45.849998474121094 10.350000381469727 -48
    endloop
  endfacet
  facet normal 0 1 0
    outer loop
      vertex 44.82487487792969 10.350000381469727 -48
      vertex 45.849998474121094 10.350000381469727 -48.20000076293945
      vertex 43.375125885009766 10.350000381469727 -48
    endloop
  endfacet
  facet normal 0 1 0
    outer loop
      vertex 42.349998474121094 10.350000381469727 -48.20000076293945
      vertex 43.375125885009766 10.350000381469727 -48
      vertex 45.849998474121094 10.350000381469727 -48.20000076293945
    endloop
  endfacet
  facet normal 0 1 0
    outer loop
      vertex 43.375125885009766 10.350000381469727 -48
      vertex 42.349998474121094 10.350000381469727 -48.20000076293945
      vertex 42.349998474121094 10.350000381469727 -48
    endloop
  endfacet
  facet normal 0 1 0
    outer loop
      vertex 44.82487487792969 10.350000381469727 -48
      vertex 44.27235794067383 10.350000381469727 -47.79999923706055
      vertex 44.82487487792969 10.350000381469727 -47.79999923706055
    endloop
  endfacet
  facet normal 0 1 0
    outer loop
      vertex 44.27235794067383 10.350000381469727 -47.79999923706055
      vertex 44.82487487792969 10.350000381469727 -48
      vertex 43.92763900756836 10.350000381469727 -47.79999923706055
    endloop
  endfacet
  facet normal 0 1 0
    outer loop
      vertex 43.375125885009766 10.350000381469727 -48
      vertex 43.92763900756836 10.350000381469727 -47.79999923706055
      vertex 44.82487487792969 10.350000381469727 -48
    endloop
  endfacet
  facet normal 0 1 0
    outer loop
      vertex 43.92763900756836 10.350000381469727 -47.79999923706055
      vertex 43.375125885009766 10.350000381469727 -48
      vertex 43.375125885009766 10.350000381469727 -47.79999923706055
    endloop
  endfacet
  facet normal 0 1 0
    outer loop
      vertex 44.27235794067383 10.350000381469727 -47.79999923706055
      vertex 43.92763900756836 10.350000381469727 -45.20000076293945
      vertex 44.27235794067383 10.350000381469727 -45.20000076293945
    endloop
  endfacet
  facet normal 0 1 0
    outer loop
      vertex 43.92763900756836 10.350000381469727 -45.20000076293945
      vertex 44.27235794067383 10.350000381469727 -47.79999923706055
      vertex 43.92763900756836 10.350000381469727 -47.79999923706055
    endloop
  endfacet
  facet normal 0 -1 0
    outer loop
      vertex 40.849998474121094 13.850000381469727 -48.400001525878906
      vertex 42.349998474121094 13.850000381469727 -48.20000076293945
      vertex 40.849998474121094 13.850000381469727 -48.20000076293945
    endloop
  endfacet
  facet normal 0 -1 0
    outer loop
      vertex 42.349998474121094 13.850000381469727 -48.20000076293945
      vertex 40.849998474121094 13.850000381469727 -48.400001525878906
      vertex 45.849998474121094 13.850000381469727 -48.20000076293945
    endloop
  endfacet
  facet normal 0 -1 0
    outer loop
      vertex 47.349998474121094 13.850000381469727 -48.400001525878906
      vertex 45.849998474121094 13.850000381469727 -48.20000076293945
      vertex 40.849998474121094 13.850000381469727 -48.400001525878906
    endloop
  endfacet
  facet normal 0 -1 0
    outer loop
      vertex 45.849998474121094 13.850000381469727 -48.20000076293945
      vertex 47.349998474121094 13.850000381469727 -48.400001525878906
      vertex 47.349998474121094 13.850000381469727 -48.20000076293945
    endloop
  endfacet
  facet normal 0 -1 0
    outer loop
      vertex 42.349998474121094 13.850000381469727 -48.20000076293945
      vertex 43.375125885009766 13.850000381469727 -48
      vertex 42.349998474121094 13.850000381469727 -48
    endloop
  endfacet
  facet normal 0 -1 0
    outer loop
      vertex 43.375125885009766 13.850000381469727 -48
      vertex 42.349998474121094 13.850000381469727 -48.20000076293945
      vertex 44.82487487792969 13.850000381469727 -48
    endloop
  endfacet
  facet normal 0 -1 0
    outer loop
      vertex 45.849998474121094 13.850000381469727 -48.20000076293945
      vertex 44.82487487792969 13.850000381469727 -48
      vertex 42.349998474121094 13.850000381469727 -48.20000076293945
    endloop
  endfacet
  facet normal 0 -1 0
    outer loop
      vertex 44.82487487792969 13.850000381469727 -48
      vertex 45.849998474121094 13.850000381469727 -48.20000076293945
      vertex 45.849998474121094 13.850000381469727 -48
    endloop
  endfacet
  facet normal 0 -1 0
    outer loop
      vertex 43.375125885009766 13.850000381469727 -48
      vertex 43.92763900756836 13.850000381469727 -47.79999923706055
      vertex 43.375125885009766 13.850000381469727 -47.79999923706055
    endloop
  endfacet
  facet normal 0 -1 0
    outer loop
      vertex 43.92763900756836 13.850000381469727 -47.79999923706055
      vertex 43.375125885009766 13.850000381469727 -48
      vertex 44.27235794067383 13.850000381469727 -47.79999923706055
    endloop
  endfacet
  facet normal 0 -1 0
    outer loop
      vertex 44.82487487792969 13.850000381469727 -48
      vertex 44.27235794067383 13.850000381469727 -47.79999923706055
      vertex 43.375125885009766 13.850000381469727 -48
    endloop
  endfacet
  facet normal 0 -1 0
    outer loop
      vertex 44.27235794067383 13.850000381469727 -47.79999923706055
      vertex 44.82487487792969 13.850000381469727 -48
      vertex 44.82487487792969 13.850000381469727 -47.79999923706055
    endloop
  endfacet
  facet normal 0 -1 0
    outer loop
      vertex 43.92763900756836 13.850000381469727 -47.79999923706055
      vertex 44.27235794067383 13.850000381469727 -45.20000076293945
      vertex 43.92763900756836 13.850000381469727 -45.20000076293945
    endloop
  endfacet
  facet normal 0 -1 0
    outer loop
      vertex 44.27235794067383 13.850000381469727 -45.20000076293945
      vertex 43.92763900756836 13.850000381469727 -47.79999923706055
      vertex 44.27235794067383 13.850000381469727 -47.79999923706055
    endloop
  endfacet
  facet normal -1 0 0
    outer loop
      vertex 45.849998474121094 13.850000381469727 -48.20000076293945
      vertex 45.849998474121094 12.824873924255371 -48
      vertex 45.849998474121094 13.850000381469727 -48
    endloop
  endfacet
  facet normal -1 0 0
    outer loop
      vertex 45.849998474121094 12.824873924255371 -48
      vertex 45.849998474121094 12.272359848022461 -47.79999923706055
      vertex 45.849998474121094 12.824873924255371 -47.79999923706055
    endloop
  endfacet
  facet normal -1 0 0
    outer loop
      vertex 45.849998474121094 12.272359848022461 -47.79999923706055
      vertex 45.849998474121094 11.927640914916992 -47.79999923706055
      vertex 45.849998474121094 12.272359848022461 -45.20000076293945
    endloop
  endfacet
  facet normal -1 0 0
    outer loop
      vertex 45.849998474121094 12.824873924255371 -48
      vertex 45.849998474121094 11.927640914916992 -47.79999923706055
      vertex 45.849998474121094 12.272359848022461 -47.79999923706055
    endloop
  endfacet
  facet normal -1 0 0
    outer loop
      vertex 45.849998474121094 12.824873924255371 -48
      vertex 45.849998474121094 11.375126838684082 -48
      vertex 45.849998474121094 11.927640914916992 -47.79999923706055
    endloop
  endfacet
  facet normal -1 0 0
    outer loop
      vertex 45.849998474121094 13.850000381469727 -48.20000076293945
      vertex 45.849998474121094 11.375126838684082 -48
      vertex 45.849998474121094 12.824873924255371 -48
    endloop
  endfacet
  facet normal -1 0 0
    outer loop
      vertex 45.849998474121094 10.350000381469727 -48.20000076293945
      vertex 45.849998474121094 11.375126838684082 -48
      vertex 45.849998474121094 13.850000381469727 -48.20000076293945
    endloop
  endfacet
  facet normal -1 0 0
    outer loop
      vertex 45.849998474121094 11.375126838684082 -48
      vertex 45.849998474121094 10.350000381469727 -48.20000076293945
      vertex 45.849998474121094 10.350000381469727 -48
    endloop
  endfacet
  facet normal -1 0 0
    outer loop
      vertex 45.849998474121094 12.272359848022461 -45.20000076293945
      vertex 45.849998474121094 11.927640914916992 -47.79999923706055
      vertex 45.849998474121094 11.927640914916992 -45.20000076293945
    endloop
  endfacet
  facet normal -1 0 0
    outer loop
      vertex 45.849998474121094 11.927640914916992 -47.79999923706055
      vertex 45.849998474121094 11.375126838684082 -48
      vertex 45.849998474121094 11.375126838684082 -47.79999923706055
    endloop
  endfacet
  facet normal 0 0 -1
    outer loop
      vertex 45.849998474121094 11.375126838684082 -48
      vertex 45.849998474121094 10.350000381469727 -48
      vertex 44.82487487792969 10.350000381469727 -48
    endloop
  endfacet
  facet normal 0 0 -1
    outer loop
      vertex 45.849998474121094 13.850000381469727 -48
      vertex 45.849998474121094 12.824873924255371 -48
      vertex 44.82487487792969 13.850000381469727 -48
    endloop
  endfacet
  facet normal 0 0 -1
    outer loop
      vertex 42.349998474121094 13.850000381469727 -48
      vertex 43.375125885009766 13.850000381469727 -48
      vertex 42.349998474121094 12.824873924255371 -48
    endloop
  endfacet
  facet normal 0 0 -1
    outer loop
      vertex 42.349998474121094 11.375126838684082 -48
      vertex 43.375125885009766 10.350000381469727 -48
      vertex 42.349998474121094 10.350000381469727 -48
    endloop
  endfacet
  facet normal 1 0 0
    outer loop
      vertex 42.349998474121094 12.272359848022461 -45.20000076293945
      vertex 42.349998474121094 11.927640914916992 -45.20000076293945
      vertex 42.349998474121094 12.272359848022461 -47.79999923706055
    endloop
  endfacet
  facet normal 1 0 0
    outer loop
      vertex 42.349998474121094 12.824873924255371 -47.79999923706055
      vertex 42.349998474121094 12.272359848022461 -47.79999923706055
      vertex 42.349998474121094 12.824873924255371 -48
    endloop
  endfacet
  facet normal 1 0 0
    outer loop
      vertex 42.349998474121094 12.824873924255371 -48
      vertex 42.349998474121094 13.850000381469727 -48.20000076293945
      vertex 42.349998474121094 13.850000381469727 -48
    endloop
  endfacet
  facet normal 1 0 0
    outer loop
      vertex 42.349998474121094 11.927640914916992 -47.79999923706055
      vertex 42.349998474121094 12.272359848022461 -47.79999923706055
      vertex 42.349998474121094 11.927640914916992 -45.20000076293945
    endloop
  endfacet
  facet normal 1 0 0
    outer loop
      vertex 42.349998474121094 11.927640914916992 -47.79999923706055
      vertex 42.349998474121094 12.824873924255371 -48
      vertex 42.349998474121094 12.272359848022461 -47.79999923706055
    endloop
  endfacet
  facet normal 1 0 0
    outer loop
      vertex 42.349998474121094 11.375126838684082 -48
      vertex 42.349998474121094 11.927640914916992 -47.79999923706055
      vertex 42.349998474121094 11.375126838684082 -47.79999923706055
    endloop
  endfacet
  facet normal 1 0 0
    outer loop
      vertex 42.349998474121094 11.927640914916992 -47.79999923706055
      vertex 42.349998474121094 11.375126838684082 -48
      vertex 42.349998474121094 12.824873924255371 -48
    endloop
  endfacet
  facet normal 1 0 0
    outer loop
      vertex 42.349998474121094 12.824873924255371 -48
      vertex 42.349998474121094 11.375126838684082 -48
      vertex 42.349998474121094 13.850000381469727 -48.20000076293945
    endloop
  endfacet
  facet normal 1 0 0
    outer loop
      vertex 42.349998474121094 10.350000381469727 -48.20000076293945
      vertex 42.349998474121094 11.375126838684082 -48
      vertex 42.349998474121094 10.350000381469727 -48
    endloop
  endfacet
  facet normal 1 0 0
    outer loop
      vertex 42.349998474121094 11.375126838684082 -48
      vertex 42.349998474121094 10.350000381469727 -48.20000076293945
      vertex 42.349998474121094 13.850000381469727 -48.20000076293945
    endloop
  endfacet
  facet normal -0.7071077679185385 0.7071057944531798 0
    outer loop
      vertex 44.82487487792969 10.350000381469727 -48
      vertex 45.849998474121094 11.375126838684082 -47.79999923706055
      vertex 45.849998474121094 11.375126838684082 -48
    endloop
  endfacet
  facet normal -0.7071077679185385 0.7071057944531798 0
    outer loop
      vertex 45.849998474121094 11.375126838684082 -47.79999923706055
      vertex 44.82487487792969 10.350000381469727 -48
      vertex 44.82487487792969 10.350000381469727 -47.79999923706055
    endloop
  endfacet
  facet normal 0.7071064522761898 0.7071071100967521 0
    outer loop
      vertex 43.375125885009766 10.350000381469727 -48
      vertex 42.349998474121094 11.375126838684082 -47.79999923706055
      vertex 43.375125885009766 10.350000381469727 -47.79999923706055
    endloop
  endfacet
  facet normal 0.7071064522761898 0.7071071100967521 0
    outer loop
      vertex 42.349998474121094 11.375126838684082 -47.79999923706055
      vertex 43.375125885009766 10.350000381469727 -48
      vertex 42.349998474121094 11.375126838684082 -48
    endloop
  endfacet
  facet normal 0.7071064522761898 -0.7071071100967521 0
    outer loop
      vertex 42.349998474121094 12.824873924255371 -48
      vertex 43.375125885009766 13.850000381469727 -47.79999923706055
      vertex 42.349998474121094 12.824873924255371 -47.79999923706055
    endloop
  endfacet
  facet normal 0.7071064522761898 -0.7071071100967521 0
    outer loop
      vertex 43.375125885009766 13.850000381469727 -47.79999923706055
      vertex 42.349998474121094 12.824873924255371 -48
      vertex 43.375125885009766 13.850000381469727 -48
    endloop
  endfacet
  facet normal -0.7071077679185385 -0.7071057944531798 0
    outer loop
      vertex 45.849998474121094 12.824873924255371 -48
      vertex 44.82487487792969 13.850000381469727 -47.79999923706055
      vertex 44.82487487792969 13.850000381469727 -48
    endloop
  endfacet
  facet normal -0.7071077679185385 -0.7071057944531798 0
    outer loop
      vertex 44.82487487792969 13.850000381469727 -47.79999923706055
      vertex 45.849998474121094 12.824873924255371 -48
      vertex 45.849998474121094 12.824873924255371 -47.79999923706055
    endloop
  endfacet
  facet normal 0 0 -1
    outer loop
      vertex 43.375125885009766 10.350000381469727 -47.79999923706055
      vertex 43.589542388916016 10.417252540588379 -47.79999923706055
      vertex 43.92763900756836 10.350000381469727 -47.79999923706055
    endloop
  endfacet
  facet normal 0 0 -1
    outer loop
      vertex 43.375125885009766 10.350000381469727 -47.79999923706055
      vertex 43.27106475830078 10.549171447753906 -47.79999923706055
      vertex 43.589542388916016 10.417252540588379 -47.79999923706055
    endloop
  endfacet
  facet normal 0 0 -1
    outer loop
      vertex 43.375125885009766 10.350000381469727 -47.79999923706055
      vertex 42.984439849853516 10.740687370300293 -47.79999923706055
      vertex 43.27106475830078 10.549171447753906 -47.79999923706055
    endloop
  endfacet
  facet normal 0 0 -1
    outer loop
      vertex 42.349998474121094 11.375126838684082 -47.79999923706055
      vertex 42.984439849853516 10.740687370300293 -47.79999923706055
      vertex 43.375125885009766 10.350000381469727 -47.79999923706055
    endloop
  endfacet
  facet normal 0 0 -1
    outer loop
      vertex 42.349998474121094 11.375126838684082 -47.79999923706055
      vertex 42.74068832397461 10.984440803527832 -47.79999923706055
      vertex 42.984439849853516 10.740687370300293 -47.79999923706055
    endloop
  endfacet
  facet normal 0 0 -1
    outer loop
      vertex 42.349998474121094 11.375126838684082 -47.79999923706055
      vertex 42.549171447753906 11.271064758300781 -47.79999923706055
      vertex 42.74068832397461 10.984440803527832 -47.79999923706055
    endloop
  endfacet
  facet normal 0 0 -1
    outer loop
      vertex 42.349998474121094 11.375126838684082 -47.79999923706055
      vertex 42.41725158691406 11.589544296264648 -47.79999923706055
      vertex 42.549171447753906 11.271064758300781 -47.79999923706055
    endloop
  endfacet
  facet normal 0 0 -1
    outer loop
      vertex 42.41725158691406 11.589544296264648 -47.79999923706055
      vertex 42.349998474121094 11.375126838684082 -47.79999923706055
      vertex 42.349998474121094 11.927640914916992 -47.79999923706055
    endloop
  endfacet
  facet normal 0 0 -1
    outer loop
      vertex 43.589542388916016 13.782748222351074 -47.79999923706055
      vertex 43.375125885009766 13.850000381469727 -47.79999923706055
      vertex 43.92763900756836 13.850000381469727 -47.79999923706055
    endloop
  endfacet
  facet normal 0 0 -1
    outer loop
      vertex 43.27106475830078 13.650829315185547 -47.79999923706055
      vertex 43.375125885009766 13.850000381469727 -47.79999923706055
      vertex 43.589542388916016 13.782748222351074 -47.79999923706055
    endloop
  endfacet
  facet normal 0 0 -1
    outer loop
      vertex 42.984439849853516 13.45931339263916 -47.79999923706055
      vertex 43.375125885009766 13.850000381469727 -47.79999923706055
      vertex 43.27106475830078 13.650829315185547 -47.79999923706055
    endloop
  endfacet
  facet normal 0 0 -1
    outer loop
      vertex 42.984439849853516 13.45931339263916 -47.79999923706055
      vertex 42.349998474121094 12.824873924255371 -47.79999923706055
      vertex 43.375125885009766 13.850000381469727 -47.79999923706055
    endloop
  endfacet
  facet normal 0 0 -1
    outer loop
      vertex 42.74068832397461 13.215559959411621 -47.79999923706055
      vertex 42.349998474121094 12.824873924255371 -47.79999923706055
      vertex 42.984439849853516 13.45931339263916 -47.79999923706055
    endloop
  endfacet
  facet normal 0 0 -1
    outer loop
      vertex 42.549171447753906 12.928936004638672 -47.79999923706055
      vertex 42.349998474121094 12.824873924255371 -47.79999923706055
      vertex 42.74068832397461 13.215559959411621 -47.79999923706055
    endloop
  endfacet
  facet normal 0 0 -1
    outer loop
      vertex 42.41725158691406 12.610456466674805 -47.79999923706055
      vertex 42.349998474121094 12.824873924255371 -47.79999923706055
      vertex 42.549171447753906 12.928936004638672 -47.79999923706055
    endloop
  endfacet
  facet normal 0 0 -1
    outer loop
      vertex 42.349998474121094 12.824873924255371 -47.79999923706055
      vertex 42.41725158691406 12.610456466674805 -47.79999923706055
      vertex 42.349998474121094 12.272359848022461 -47.79999923706055
    endloop
  endfacet
  facet normal 0 0 -1
    outer loop
      vertex 44.82487487792969 10.350000381469727 -47.79999923706055
      vertex 44.92893600463867 10.549171447753906 -47.79999923706055
      vertex 45.21556091308594 10.740687370300293 -47.79999923706055
    endloop
  endfacet
  facet normal 0 0 -1
    outer loop
      vertex 44.82487487792969 10.350000381469727 -47.79999923706055
      vertex 44.61045455932617 10.417252540588379 -47.79999923706055
      vertex 44.92893600463867 10.549171447753906 -47.79999923706055
    endloop
  endfacet
  facet normal 0 0 -1
    outer loop
      vertex 44.61045455932617 10.417252540588379 -47.79999923706055
      vertex 44.82487487792969 10.350000381469727 -47.79999923706055
      vertex 44.27235794067383 10.350000381469727 -47.79999923706055
    endloop
  endfacet
  facet normal 0 0 -1
    outer loop
      vertex 45.849998474121094 11.375126838684082 -47.79999923706055
      vertex 45.78274917602539 11.589544296264648 -47.79999923706055
      vertex 45.849998474121094 11.927640914916992 -47.79999923706055
    endloop
  endfacet
  facet normal 0 0 -1
    outer loop
      vertex 45.849998474121094 11.375126838684082 -47.79999923706055
      vertex 45.65082931518555 11.271064758300781 -47.79999923706055
      vertex 45.78274917602539 11.589544296264648 -47.79999923706055
    endloop
  endfacet
  facet normal 0 0 -1
    outer loop
      vertex 45.849998474121094 11.375126838684082 -47.79999923706055
      vertex 45.459312438964844 10.984440803527832 -47.79999923706055
      vertex 45.65082931518555 11.271064758300781 -47.79999923706055
    endloop
  endfacet
  facet normal 0 0 -1
    outer loop
      vertex 45.459312438964844 10.984440803527832 -47.79999923706055
      vertex 45.849998474121094 11.375126838684082 -47.79999923706055
      vertex 45.21556091308594 10.740687370300293 -47.79999923706055
    endloop
  endfacet
  facet normal 0 0 1
    outer loop
      vertex 45.21556091308594 10.740687370300293 -47.79999923706055
      vertex 45.849998474121094 11.375126838684082 -47.79999923706055
      vertex 44.82487487792969 10.350000381469727 -47.79999923706055
    endloop
  endfacet
  facet normal 0 0 -1
    outer loop
      vertex 45.78274917602539 12.610456466674805 -47.79999923706055
      vertex 45.849998474121094 12.824873924255371 -47.79999923706055
      vertex 45.849998474121094 12.272359848022461 -47.79999923706055
    endloop
  endfacet
  facet normal 0 0 -1
    outer loop
      vertex 45.65082931518555 12.928936004638672 -47.79999923706055
      vertex 45.849998474121094 12.824873924255371 -47.79999923706055
      vertex 45.78274917602539 12.610456466674805 -47.79999923706055
    endloop
  endfacet
  facet normal 0 0 -1
    outer loop
      vertex 45.459312438964844 13.215559959411621 -47.79999923706055
      vertex 45.849998474121094 12.824873924255371 -47.79999923706055
      vertex 45.65082931518555 12.928936004638672 -47.79999923706055
    endloop
  endfacet
  facet normal 0 0 -1
    outer loop
      vertex 45.849998474121094 12.824873924255371 -47.79999923706055
      vertex 45.459312438964844 13.215559959411621 -47.79999923706055
      vertex 45.21556091308594 13.45931339263916 -47.79999923706055
    endloop
  endfacet
  facet normal 0 0 -1
    outer loop
      vertex 44.92893600463867 13.650829315185547 -47.79999923706055
      vertex 44.82487487792969 13.850000381469727 -47.79999923706055
      vertex 45.21556091308594 13.45931339263916 -47.79999923706055
    endloop
  endfacet
  facet normal 0 0 -1
    outer loop
      vertex 44.61045455932617 13.782748222351074 -47.79999923706055
      vertex 44.82487487792969 13.850000381469727 -47.79999923706055
      vertex 44.92893600463867 13.650829315185547 -47.79999923706055
    endloop
  endfacet
  facet normal 0 0 -1
    outer loop
      vertex 44.82487487792969 13.850000381469727 -47.79999923706055
      vertex 44.61045455932617 13.782748222351074 -47.79999923706055
      vertex 44.27235794067383 13.850000381469727 -47.79999923706055
    endloop
  endfacet
  facet normal 0 0 1
    outer loop
      vertex 45.21556091308594 13.45931339263916 -47.79999923706055
      vertex 44.82487487792969 13.850000381469727 -47.79999923706055
      vertex 45.849998474121094 12.824873924255371 -47.79999923706055
    endloop
  endfacet
  facet normal -0.9807865574318291 0.19508390185000243 0
    outer loop
      vertex 45.78274917602539 11.589544296264648 -47.79999923706055
      vertex 45.849998474121094 11.927640914916992 -45.20000076293945
      vertex 45.849998474121094 11.927640914916992 -47.79999923706055
    endloop
  endfacet
  facet normal -0.9807865574318291 0.19508390185000243 0
    outer loop
      vertex 45.849998474121094 11.927640914916992 -45.20000076293945
      vertex 45.78274917602539 11.589544296264648 -47.79999923706055
      vertex 45.78274917602539 11.589544296264648 -45.20000076293945
    endloop
  endfacet
  facet normal -0.5555687923102848 -0.8314705749519291 0
    outer loop
      vertex 44.92893600463867 13.650829315185547 -47.79999923706055
      vertex 45.21556091308594 13.45931339263916 -45.20000076293945
      vertex 44.92893600463867 13.650829315185547 -45.20000076293945
    endloop
  endfacet
  facet normal -0.5555687923102848 -0.8314705749519291 0
    outer loop
      vertex 45.21556091308594 13.45931339263916 -45.20000076293945
      vertex 44.92893600463867 13.650829315185547 -47.79999923706055
      vertex 45.21556091308594 13.45931339263916 -47.79999923706055
    endloop
  endfacet
  facet normal 0.9807844400430625 0.19509454674443408 0
    outer loop
      vertex 42.41725158691406 11.589544296264648 -45.20000076293945
      vertex 42.349998474121094 11.927640914916992 -47.79999923706055
      vertex 42.349998474121094 11.927640914916992 -45.20000076293945
    endloop
  endfacet
  facet normal 0.9807844400430625 0.19509454674443408 0
    outer loop
      vertex 42.349998474121094 11.927640914916992 -47.79999923706055
      vertex 42.41725158691406 11.589544296264648 -45.20000076293945
      vertex 42.41725158691406 11.589544296264648 -47.79999923706055
    endloop
  endfacet
  facet normal 0.7071095477153566 0.7071040146469144 0
    outer loop
      vertex 42.984439849853516 10.740687370300293 -45.20000076293945
      vertex 42.74068832397461 10.984440803527832 -47.79999923706055
      vertex 42.74068832397461 10.984440803527832 -45.20000076293945
    endloop
  endfacet
  facet normal 0.7071095477153566 0.7071040146469144 0
    outer loop
      vertex 42.74068832397461 10.984440803527832 -47.79999923706055
      vertex 42.984439849853516 10.740687370300293 -45.20000076293945
      vertex 42.984439849853516 10.740687370300293 -47.79999923706055
    endloop
  endfacet
  facet normal 0.8314684430793157 -0.5555719828818393 0
    outer loop
      vertex 42.549171447753906 12.928936004638672 -45.20000076293945
      vertex 42.74068832397461 13.215559959411621 -47.79999923706055
      vertex 42.74068832397461 13.215559959411621 -45.20000076293945
    endloop
  endfacet
  facet normal 0.8314684430793157 -0.5555719828818393 0
    outer loop
      vertex 42.74068832397461 13.215559959411621 -47.79999923706055
      vertex 42.549171447753906 12.928936004638672 -45.20000076293945
      vertex 42.549171447753906 12.928936004638672 -47.79999923706055
    endloop
  endfacet
  facet normal 0.5555687923102848 -0.8314705749519291 0
    outer loop
      vertex 42.984439849853516 13.45931339263916 -47.79999923706055
      vertex 43.27106475830078 13.650829315185547 -45.20000076293945
      vertex 42.984439849853516 13.45931339263916 -45.20000076293945
    endloop
  endfacet
  facet normal 0.5555687923102848 -0.8314705749519291 0
    outer loop
      vertex 43.27106475830078 13.650829315185547 -45.20000076293945
      vertex 42.984439849853516 13.45931339263916 -47.79999923706055
      vertex 43.27106475830078 13.650829315185547 -47.79999923706055
    endloop
  endfacet
  facet normal 0.1950918855272896 0.9807849694002284 0
    outer loop
      vertex 43.92763900756836 10.350000381469727 -47.79999923706055
      vertex 43.589542388916016 10.417252540588379 -45.20000076293945
      vertex 43.92763900756836 10.350000381469727 -45.20000076293945
    endloop
  endfacet
  facet normal 0.1950918855272896 0.9807849694002284 0
    outer loop
      vertex 43.589542388916016 10.417252540588379 -45.20000076293945
      vertex 43.92763900756836 10.350000381469727 -47.79999923706055
      vertex 43.589542388916016 10.417252540588379 -47.79999923706055
    endloop
  endfacet
  facet normal 0.38268628792042375 -0.9238783496963692 0
    outer loop
      vertex 43.27106475830078 13.650829315185547 -47.79999923706055
      vertex 43.589542388916016 13.782748222351074 -45.20000076293945
      vertex 43.27106475830078 13.650829315185547 -45.20000076293945
    endloop
  endfacet
  facet normal 0.38268628792042375 -0.9238783496963692 0
    outer loop
      vertex 43.589542388916016 13.782748222351074 -45.20000076293945
      vertex 43.27106475830078 13.650829315185547 -47.79999923706055
      vertex 43.589542388916016 13.782748222351074 -47.79999923706055
    endloop
  endfacet
  facet normal 0.9807844400430625 -0.19509454674443408 0
    outer loop
      vertex 42.349998474121094 12.272359848022461 -45.20000076293945
      vertex 42.41725158691406 12.610456466674805 -47.79999923706055
      vertex 42.41725158691406 12.610456466674805 -45.20000076293945
    endloop
  endfacet
  facet normal 0.9807844400430625 -0.19509454674443408 0
    outer loop
      vertex 42.41725158691406 12.610456466674805 -47.79999923706055
      vertex 42.349998474121094 12.272359848022461 -45.20000076293945
      vertex 42.349998474121094 12.272359848022461 -47.79999923706055
    endloop
  endfacet
  facet normal 0.9238781818849612 0.3826866930492077 0
    outer loop
      vertex 42.549171447753906 11.271064758300781 -45.20000076293945
      vertex 42.41725158691406 11.589544296264648 -47.79999923706055
      vertex 42.41725158691406 11.589544296264648 -45.20000076293945
    endloop
  endfacet
  facet normal 0.9238781818849612 0.3826866930492077 0
    outer loop
      vertex 42.41725158691406 11.589544296264648 -47.79999923706055
      vertex 42.549171447753906 11.271064758300781 -45.20000076293945
      vertex 42.549171447753906 11.271064758300781 -47.79999923706055
    endloop
  endfacet
  facet normal -0.1950918855272896 0.9807849694002284 0
    outer loop
      vertex 44.61045455932617 10.417252540588379 -47.79999923706055
      vertex 44.27235794067383 10.350000381469727 -45.20000076293945
      vertex 44.61045455932617 10.417252540588379 -45.20000076293945
    endloop
  endfacet
  facet normal -0.1950918855272896 0.9807849694002284 0
    outer loop
      vertex 44.27235794067383 10.350000381469727 -45.20000076293945
      vertex 44.61045455932617 10.417252540588379 -47.79999923706055
      vertex 44.27235794067383 10.350000381469727 -47.79999923706055
    endloop
  endfacet
  facet normal -0.8314684430793157 0.5555719828818393 0
    outer loop
      vertex 45.459312438964844 10.984440803527832 -47.79999923706055
      vertex 45.65082931518555 11.271064758300781 -45.20000076293945
      vertex 45.65082931518555 11.271064758300781 -47.79999923706055
    endloop
  endfacet
  facet normal -0.8314684430793157 0.5555719828818393 0
    outer loop
      vertex 45.65082931518555 11.271064758300781 -45.20000076293945
      vertex 45.459312438964844 10.984440803527832 -47.79999923706055
      vertex 45.459312438964844 10.984440803527832 -45.20000076293945
    endloop
  endfacet
  facet normal -0.9238781818849612 0.3826866930492077 0
    outer loop
      vertex 45.65082931518555 11.271064758300781 -47.79999923706055
      vertex 45.78274917602539 11.589544296264648 -45.20000076293945
      vertex 45.78274917602539 11.589544296264648 -47.79999923706055
    endloop
  endfacet
  facet normal -0.9238781818849612 0.3826866930492077 0
    outer loop
      vertex 45.78274917602539 11.589544296264648 -45.20000076293945
      vertex 45.65082931518555 11.271064758300781 -47.79999923706055
      vertex 45.65082931518555 11.271064758300781 -45.20000076293945
    endloop
  endfacet
  facet normal -0.7071095477153566 0.7071040146469144 0
    outer loop
      vertex 45.21556091308594 10.740687370300293 -47.79999923706055
      vertex 45.459312438964844 10.984440803527832 -45.20000076293945
      vertex 45.459312438964844 10.984440803527832 -47.79999923706055
    endloop
  endfacet
  facet normal -0.7071095477153566 0.7071040146469144 0
    outer loop
      vertex 45.459312438964844 10.984440803527832 -45.20000076293945
      vertex 45.21556091308594 10.740687370300293 -47.79999923706055
      vertex 45.21556091308594 10.740687370300293 -45.20000076293945
    endloop
  endfacet
  facet normal -0.1950918855272896 -0.9807849694002284 0
    outer loop
      vertex 44.27235794067383 13.850000381469727 -47.79999923706055
      vertex 44.61045455932617 13.782748222351074 -45.20000076293945
      vertex 44.27235794067383 13.850000381469727 -45.20000076293945
    endloop
  endfacet
  facet normal -0.1950918855272896 -0.9807849694002284 0
    outer loop
      vertex 44.61045455932617 13.782748222351074 -45.20000076293945
      vertex 44.27235794067383 13.850000381469727 -47.79999923706055
      vertex 44.61045455932617 13.782748222351074 -47.79999923706055
    endloop
  endfacet
  facet normal -0.8314684430793157 -0.5555719828818393 0
    outer loop
      vertex 45.65082931518555 12.928936004638672 -47.79999923706055
      vertex 45.459312438964844 13.215559959411621 -45.20000076293945
      vertex 45.459312438964844 13.215559959411621 -47.79999923706055
    endloop
  endfacet
  facet normal -0.8314684430793157 -0.5555719828818393 0
    outer loop
      vertex 45.459312438964844 13.215559959411621 -45.20000076293945
      vertex 45.65082931518555 12.928936004638672 -47.79999923706055
      vertex 45.65082931518555 12.928936004638672 -45.20000076293945
    endloop
  endfacet
  facet normal -0.5555687923102848 0.8314705749519291 0
    outer loop
      vertex 45.21556091308594 10.740687370300293 -47.79999923706055
      vertex 44.92893600463867 10.549171447753906 -45.20000076293945
      vertex 45.21556091308594 10.740687370300293 -45.20000076293945
    endloop
  endfacet
  facet normal -0.5555687923102848 0.8314705749519291 0
    outer loop
      vertex 44.92893600463867 10.549171447753906 -45.20000076293945
      vertex 45.21556091308594 10.740687370300293 -47.79999923706055
      vertex 44.92893600463867 10.549171447753906 -47.79999923706055
    endloop
  endfacet
  facet normal -0.9807865574318291 -0.19508390185000243 0
    outer loop
      vertex 45.849998474121094 12.272359848022461 -47.79999923706055
      vertex 45.78274917602539 12.610456466674805 -45.20000076293945
      vertex 45.78274917602539 12.610456466674805 -47.79999923706055
    endloop
  endfacet
  facet normal -0.9807865574318291 -0.19508390185000243 0
    outer loop
      vertex 45.78274917602539 12.610456466674805 -45.20000076293945
      vertex 45.849998474121094 12.272359848022461 -47.79999923706055
      vertex 45.849998474121094 12.272359848022461 -45.20000076293945
    endloop
  endfacet
  facet normal 0.1950918855272896 -0.9807849694002284 0
    outer loop
      vertex 43.589542388916016 13.782748222351074 -47.79999923706055
      vertex 43.92763900756836 13.850000381469727 -45.20000076293945
      vertex 43.589542388916016 13.782748222351074 -45.20000076293945
    endloop
  endfacet
  facet normal 0.1950918855272896 -0.9807849694002284 0
    outer loop
      vertex 43.92763900756836 13.850000381469727 -45.20000076293945
      vertex 43.589542388916016 13.782748222351074 -47.79999923706055
      vertex 43.92763900756836 13.850000381469727 -47.79999923706055
    endloop
  endfacet
  facet normal 0.8314684430793157 0.5555719828818393 0
    outer loop
      vertex 42.74068832397461 10.984440803527832 -45.20000076293945
      vertex 42.549171447753906 11.271064758300781 -47.79999923706055
      vertex 42.549171447753906 11.271064758300781 -45.20000076293945
    endloop
  endfacet
  facet normal 0.8314684430793157 0.5555719828818393 0
    outer loop
      vertex 42.549171447753906 11.271064758300781 -47.79999923706055
      vertex 42.74068832397461 10.984440803527832 -45.20000076293945
      vertex 42.74068832397461 10.984440803527832 -47.79999923706055
    endloop
  endfacet
  facet normal 0.9238781818849612 -0.3826866930492077 0
    outer loop
      vertex 42.41725158691406 12.610456466674805 -45.20000076293945
      vertex 42.549171447753906 12.928936004638672 -47.79999923706055
      vertex 42.549171447753906 12.928936004638672 -45.20000076293945
    endloop
  endfacet
  facet normal 0.9238781818849612 -0.3826866930492077 0
    outer loop
      vertex 42.549171447753906 12.928936004638672 -47.79999923706055
      vertex 42.41725158691406 12.610456466674805 -45.20000076293945
      vertex 42.41725158691406 12.610456466674805 -47.79999923706055
    endloop
  endfacet
  facet normal -0.38268237546352374 0.9238799702935412 0
    outer loop
      vertex 44.92893600463867 10.549171447753906 -47.79999923706055
      vertex 44.61045455932617 10.417252540588379 -45.20000076293945
      vertex 44.92893600463867 10.549171447753906 -45.20000076293945
    endloop
  endfacet
  facet normal -0.38268237546352374 0.9238799702935412 0
    outer loop
      vertex 44.61045455932617 10.417252540588379 -45.20000076293945
      vertex 44.92893600463867 10.549171447753906 -47.79999923706055
      vertex 44.61045455932617 10.417252540588379 -47.79999923706055
    endloop
  endfacet
  facet normal -0.9238781818849612 -0.3826866930492077 0
    outer loop
      vertex 45.78274917602539 12.610456466674805 -47.79999923706055
      vertex 45.65082931518555 12.928936004638672 -45.20000076293945
      vertex 45.65082931518555 12.928936004638672 -47.79999923706055
    endloop
  endfacet
  facet normal -0.9238781818849612 -0.3826866930492077 0
    outer loop
      vertex 45.65082931518555 12.928936004638672 -45.20000076293945
      vertex 45.78274917602539 12.610456466674805 -47.79999923706055
      vertex 45.78274917602539 12.610456466674805 -45.20000076293945
    endloop
  endfacet
  facet normal -0.7071095477153566 -0.7071040146469144 0
    outer loop
      vertex 45.459312438964844 13.215559959411621 -47.79999923706055
      vertex 45.21556091308594 13.45931339263916 -45.20000076293945
      vertex 45.21556091308594 13.45931339263916 -47.79999923706055
    endloop
  endfacet
  facet normal -0.7071095477153566 -0.7071040146469144 0
    outer loop
      vertex 45.21556091308594 13.45931339263916 -45.20000076293945
      vertex 45.459312438964844 13.215559959411621 -47.79999923706055
      vertex 45.459312438964844 13.215559959411621 -45.20000076293945
    endloop
  endfacet
  facet normal 0.7071095477153566 -0.7071040146469144 0
    outer loop
      vertex 42.74068832397461 13.215559959411621 -45.20000076293945
      vertex 42.984439849853516 13.45931339263916 -47.79999923706055
      vertex 42.984439849853516 13.45931339263916 -45.20000076293945
    endloop
  endfacet
  facet normal 0.7071095477153566 -0.7071040146469144 0
    outer loop
      vertex 42.984439849853516 13.45931339263916 -47.79999923706055
      vertex 42.74068832397461 13.215559959411621 -45.20000076293945
      vertex 42.74068832397461 13.215559959411621 -47.79999923706055
    endloop
  endfacet
  facet normal -0.38268237546352374 -0.9238799702935412 0
    outer loop
      vertex 44.61045455932617 13.782748222351074 -47.79999923706055
      vertex 44.92893600463867 13.650829315185547 -45.20000076293945
      vertex 44.61045455932617 13.782748222351074 -45.20000076293945
    endloop
  endfacet
  facet normal -0.38268237546352374 -0.9238799702935412 0
    outer loop
      vertex 44.92893600463867 13.650829315185547 -45.20000076293945
      vertex 44.61045455932617 13.782748222351074 -47.79999923706055
      vertex 44.92893600463867 13.650829315185547 -47.79999923706055
    endloop
  endfacet
  facet normal 0.38268628792042375 0.9238783496963692 0
    outer loop
      vertex 43.589542388916016 10.417252540588379 -47.79999923706055
      vertex 43.27106475830078 10.549171447753906 -45.20000076293945
      vertex 43.589542388916016 10.417252540588379 -45.20000076293945
    endloop
  endfacet
  facet normal 0.38268628792042375 0.9238783496963692 0
    outer loop
      vertex 43.27106475830078 10.549171447753906 -45.20000076293945
      vertex 43.589542388916016 10.417252540588379 -47.79999923706055
      vertex 43.27106475830078 10.549171447753906 -47.79999923706055
    endloop
  endfacet
  facet normal 0.5555687923102848 0.8314705749519291 0
    outer loop
      vertex 43.27106475830078 10.549171447753906 -47.79999923706055
      vertex 42.984439849853516 10.740687370300293 -45.20000076293945
      vertex 43.27106475830078 10.549171447753906 -45.20000076293945
    endloop
  endfacet
  facet normal 0.5555687923102848 0.8314705749519291 0
    outer loop
      vertex 42.984439849853516 10.740687370300293 -45.20000076293945
      vertex 43.27106475830078 10.549171447753906 -47.79999923706055
      vertex 42.984439849853516 10.740687370300293 -47.79999923706055
    endloop
  endfacet
endsolid OpenSCAD_Model
