solid OpenSCAD_Model
  facet normal 0 0.3826829929227536 -0.9238797145341398
    outer loop
      vertex 40.599998474121094 -3.766648292541504 -2.069255828857422
      vertex 60.599998474121094 -3.6210575103759766 -2.0089502334594727
      vertex 60.599998474121094 -3.766648292541504 -2.069255828857422
    endloop
  endfacet
  facet normal 0 0.3826829929227536 -0.9238797145341398
    outer loop
      vertex 60.599998474121094 -3.6210575103759766 -2.0089502334594727
      vertex 40.599998474121094 -3.766648292541504 -2.069255828857422
      vertex 40.599998474121094 -3.6210575103759766 -2.0089502334594727
    endloop
  endfacet
  facet normal 0 0.5555699501937464 -0.8314698012806706
    outer loop
      vertex 40.599998474121094 -3.6210575103759766 -2.0089502334594727
      vertex 60.599998474121094 -3.4900293350219727 -1.9214000701904297
      vertex 60.599998474121094 -3.6210575103759766 -2.0089502334594727
    endloop
  endfacet
  facet normal 0 0.5555699501937464 -0.8314698012806706
    outer loop
      vertex 60.599998474121094 -3.4900293350219727 -1.9214000701904297
      vertex 40.599998474121094 -3.6210575103759766 -2.0089502334594727
      vertex 40.599998474121094 -3.4900293350219727 -1.9214000701904297
    endloop
  endfacet
  facet normal 0 0.7071067811865476 -0.7071067811865476
    outer loop
      vertex 60.599998474121094 -3.4900293350219727 -1.9214000701904297
      vertex 40.599998474121094 -3.378599166870117 -1.8099699020385742
      vertex 60.599998474121094 -3.378599166870117 -1.8099699020385742
    endloop
  endfacet
  facet normal 0 0.7071067811865476 -0.7071067811865476
    outer loop
      vertex 40.599998474121094 -3.378599166870117 -1.8099699020385742
      vertex 60.599998474121094 -3.4900293350219727 -1.9214000701904297
      vertex 40.599998474121094 -3.4900293350219727 -1.9214000701904297
    endloop
  endfacet
  facet normal 0 0.8314698012806706 -0.5555699501937464
    outer loop
      vertex 60.599998474121094 -3.378599166870117 -1.8099699020385742
      vertex 40.599998474121094 -3.291049003601074 -1.6789417266845703
      vertex 60.599998474121094 -3.291049003601074 -1.6789417266845703
    endloop
  endfacet
  facet normal 0 0.8314698012806706 -0.5555699501937464
    outer loop
      vertex 40.599998474121094 -3.291049003601074 -1.6789417266845703
      vertex 60.599998474121094 -3.378599166870117 -1.8099699020385742
      vertex 40.599998474121094 -3.378599166870117 -1.8099699020385742
    endloop
  endfacet
  facet normal 0 0.9238797145341398 -0.3826829929227536
    outer loop
      vertex 60.599998474121094 -3.291049003601074 -1.6789417266845703
      vertex 40.599998474121094 -3.230743408203125 -1.533350944519043
      vertex 60.599998474121094 -3.230743408203125 -1.533350944519043
    endloop
  endfacet
  facet normal 0 0.9238797145341398 -0.3826829929227536
    outer loop
      vertex 40.599998474121094 -3.230743408203125 -1.533350944519043
      vertex 60.599998474121094 -3.291049003601074 -1.6789417266845703
      vertex 40.599998474121094 -3.291049003601074 -1.6789417266845703
    endloop
  endfacet
  facet normal 0 0.9807852013515952 -0.19509071943511516
    outer loop
      vertex 60.599998474121094 -3.230743408203125 -1.533350944519043
      vertex 40.599998474121094 -3.1999998092651367 -1.3787927627563477
      vertex 60.599998474121094 -3.1999998092651367 -1.3787927627563477
    endloop
  endfacet
  facet normal 0 0.9807852013515952 -0.19509071943511516
    outer loop
      vertex 40.599998474121094 -3.1999998092651367 -1.3787927627563477
      vertex 60.599998474121094 -3.230743408203125 -1.533350944519043
      vertex 40.599998474121094 -3.230743408203125 -1.533350944519043
    endloop
  endfacet
  facet normal 0 1 0
    outer loop
      vertex 60.599998474121094 -3.1999998092651367 13.178792953491211
      vertex 59 -3.1999998092651367 -1.2212066650390625
      vertex 59 -3.1999998092651367 13.178792953491211
    endloop
  endfacet
  facet normal 0 1 0
    outer loop
      vertex 60.599998474121094 -3.1999998092651367 -1.3787927627563477
      vertex 59 -3.1999998092651367 -1.2212066650390625
      vertex 60.599998474121094 -3.1999998092651367 13.178792953491211
    endloop
  endfacet
  facet normal 0 1 0
    outer loop
      vertex 40.599998474121094 -3.1999998092651367 -1.3787927627563477
      vertex 59 -3.1999998092651367 -1.2212066650390625
      vertex 60.599998474121094 -3.1999998092651367 -1.3787927627563477
    endloop
  endfacet
  facet normal 0 1 0
    outer loop
      vertex 59 -3.1999998092651367 -1.2212066650390625
      vertex 40.599998474121094 -3.1999998092651367 -1.3787927627563477
      vertex 40.599998474121094 -3.1999998092651367 -1.2212066650390625
    endloop
  endfacet
  facet normal 0 0.9807852013515951 0.19509071943511516
    outer loop
      vertex 59 -3.1999998092651367 -1.2212066650390625
      vertex 40.599998474121094 -3.230743408203125 -1.0666484832763672
      vertex 59 -3.230743408203125 -1.0666484832763672
    endloop
  endfacet
  facet normal 0 0.9807852013515951 0.19509071943511516
    outer loop
      vertex 40.599998474121094 -3.230743408203125 -1.0666484832763672
      vertex 59 -3.1999998092651367 -1.2212066650390625
      vertex 40.599998474121094 -3.1999998092651367 -1.2212066650390625
    endloop
  endfacet
  facet normal 0 0.9238797145341399 0.3826829929227536
    outer loop
      vertex 59 -3.230743408203125 -1.0666484832763672
      vertex 40.599998474121094 -3.291049003601074 -0.9210577011108398
      vertex 59 -3.291049003601074 -0.9210577011108398
    endloop
  endfacet
  facet normal 0 0.9238797145341399 0.3826829929227536
    outer loop
      vertex 40.599998474121094 -3.291049003601074 -0.9210577011108398
      vertex 59 -3.230743408203125 -1.0666484832763672
      vertex 40.599998474121094 -3.230743408203125 -1.0666484832763672
    endloop
  endfacet
  facet normal 0 0.8314698012806707 0.5555699501937466
    outer loop
      vertex 59 -3.291049003601074 -0.9210577011108398
      vertex 40.599998474121094 -3.378599166870117 -0.7900295257568359
      vertex 59 -3.378599166870117 -0.7900295257568359
    endloop
  endfacet
  facet normal 0 0.8314698012806707 0.5555699501937466
    outer loop
      vertex 40.599998474121094 -3.378599166870117 -0.7900295257568359
      vertex 59 -3.291049003601074 -0.9210577011108398
      vertex 40.599998474121094 -3.291049003601074 -0.9210577011108398
    endloop
  endfacet
  facet normal 0 0.7071067811865476 0.7071067811865476
    outer loop
      vertex 59 -3.378599166870117 -0.7900295257568359
      vertex 40.599998474121094 -3.4900293350219727 -0.6785993576049805
      vertex 59 -3.4900293350219727 -0.6785993576049805
    endloop
  endfacet
  facet normal 0 0.7071067811865476 0.7071067811865476
    outer loop
      vertex 40.599998474121094 -3.4900293350219727 -0.6785993576049805
      vertex 59 -3.378599166870117 -0.7900295257568359
      vertex 40.599998474121094 -3.378599166870117 -0.7900295257568359
    endloop
  endfacet
  facet normal 0 0.5555699501937466 0.8314698012806707
    outer loop
      vertex 40.599998474121094 -3.4900293350219727 -0.6785993576049805
      vertex 59 -3.6210575103759766 -0.5910491943359375
      vertex 59 -3.4900293350219727 -0.6785993576049805
    endloop
  endfacet
  facet normal 0 0.5555699501937466 0.8314698012806707
    outer loop
      vertex 59 -3.6210575103759766 -0.5910491943359375
      vertex 40.599998474121094 -3.4900293350219727 -0.6785993576049805
      vertex 40.599998474121094 -3.6210575103759766 -0.5910491943359375
    endloop
  endfacet
  facet normal 0 0.3826881584064278 0.9238775749067063
    outer loop
      vertex 40.599998474121094 -3.6210575103759766 -0.5910491943359375
      vertex 59 -3.766648292541504 -0.5307426452636719
      vertex 59 -3.6210575103759766 -0.5910491943359375
    endloop
  endfacet
  facet normal 0 0.3826881584064278 0.9238775749067063
    outer loop
      vertex 59 -3.766648292541504 -0.5307426452636719
      vertex 40.599998474121094 -3.6210575103759766 -0.5910491943359375
      vertex 40.599998474121094 -3.766648292541504 -0.5307426452636719
    endloop
  endfacet
  facet normal 0 0.19508489799319606 0.980786359292881
    outer loop
      vertex 40.599998474121094 -3.766648292541504 -0.5307426452636719
      vertex 59 -3.921206474304199 -0.5
      vertex 59 -3.766648292541504 -0.5307426452636719
    endloop
  endfacet
  facet normal 0 0.19508489799319606 0.980786359292881
    outer loop
      vertex 59 -3.921206474304199 -0.5
      vertex 40.599998474121094 -3.766648292541504 -0.5307426452636719
      vertex 40.599998474121094 -3.921206474304199 -0.5
    endloop
  endfacet
  facet normal 0 0 1
    outer loop
      vertex 40.599998474121094 -3.921206474304199 -0.5
      vertex 59 -56.5 -0.5
      vertex 59 -3.921206474304199 -0.5
    endloop
  endfacet
  facet normal 0 0 1
    outer loop
      vertex 59 -56.5 -0.5
      vertex 40.599998474121094 -3.921206474304199 -0.5
      vertex 40.599998474121094 -56.5 -0.5
    endloop
  endfacet
  facet normal 0 1 0
    outer loop
      vertex 59 -56.5 -0.5
      vertex 40.599998474121094 -56.5 51.900001525878906
      vertex 59 -56.5 51.900001525878906
    endloop
  endfacet
  facet normal 0 1 0
    outer loop
      vertex 40.599998474121094 -56.5 51.900001525878906
      vertex 59 -56.5 -0.5
      vertex 40.599998474121094 -56.5 -0.5
    endloop
  endfacet
  facet normal 0 0 -1
    outer loop
      vertex 40.599998474121094 -56.5 51.900001525878906
      vertex 59 -3.921206474304199 51.900001525878906
      vertex 59 -56.5 51.900001525878906
    endloop
  endfacet
  facet normal 0 0 -1
    outer loop
      vertex 59 -3.921206474304199 51.900001525878906
      vertex 40.599998474121094 -56.5 51.900001525878906
      vertex 40.599998474121094 -3.921206474304199 51.900001525878906
    endloop
  endfacet
  facet normal 0 0.19508489799319606 -0.980786359292881
    outer loop
      vertex 40.599998474121094 -3.921206474304199 51.900001525878906
      vertex 59 -3.766648292541504 51.93074417114258
      vertex 59 -3.921206474304199 51.900001525878906
    endloop
  endfacet
  facet normal 0 0.19508489799319606 -0.980786359292881
    outer loop
      vertex 59 -3.766648292541504 51.93074417114258
      vertex 40.599998474121094 -3.921206474304199 51.900001525878906
      vertex 40.599998474121094 -3.766648292541504 51.93074417114258
    endloop
  endfacet
  facet normal 0 0.3826881584064278 -0.9238775749067063
    outer loop
      vertex 40.599998474121094 -3.766648292541504 51.93074417114258
      vertex 59 -3.6210575103759766 51.991050720214844
      vertex 59 -3.766648292541504 51.93074417114258
    endloop
  endfacet
  facet normal 0 0.3826881584064278 -0.9238775749067063
    outer loop
      vertex 59 -3.6210575103759766 51.991050720214844
      vertex 40.599998474121094 -3.766648292541504 51.93074417114258
      vertex 40.599998474121094 -3.6210575103759766 51.991050720214844
    endloop
  endfacet
  facet normal 0 0.5555573984905786 -0.8314781879173863
    outer loop
      vertex 40.599998474121094 -3.6210575103759766 51.991050720214844
      vertex 59 -3.4900293350219727 52.07859802246094
      vertex 59 -3.6210575103759766 51.991050720214844
    endloop
  endfacet
  facet normal 0 0.5555573984905786 -0.8314781879173863
    outer loop
      vertex 59 -3.4900293350219727 52.07859802246094
      vertex 40.599998474121094 -3.6210575103759766 51.991050720214844
      vertex 40.599998474121094 -3.4900293350219727 52.07859802246094
    endloop
  endfacet
  facet normal 0 0.7071098070513507 -0.7071037553087961
    outer loop
      vertex 59 -3.4900293350219727 52.07859802246094
      vertex 40.599998474121094 -3.378599166870117 52.19002914428711
      vertex 59 -3.378599166870117 52.19002914428711
    endloop
  endfacet
  facet normal 0 0.7071098070513507 -0.7071037553087961
    outer loop
      vertex 40.599998474121094 -3.378599166870117 52.19002914428711
      vertex 59 -3.4900293350219727 52.07859802246094
      vertex 40.599998474121094 -3.4900293350219727 52.07859802246094
    endloop
  endfacet
  facet normal 0 0.8314679333418552 -0.555572745753627
    outer loop
      vertex 59 -3.378599166870117 52.19002914428711
      vertex 40.599998474121094 -3.291049003601074 52.3210563659668
      vertex 59 -3.291049003601074 52.3210563659668
    endloop
  endfacet
  facet normal 0 0.8314679333418552 -0.555572745753627
    outer loop
      vertex 40.599998474121094 -3.291049003601074 52.3210563659668
      vertex 59 -3.378599166870117 52.19002914428711
      vertex 40.599998474121094 -3.378599166870117 52.19002914428711
    endloop
  endfacet
  facet normal 0 0.9238806007842874 -0.3826808533157418
    outer loop
      vertex 59 -3.291049003601074 52.3210563659668
      vertex 40.599998474121094 -3.230743408203125 52.46664810180664
      vertex 59 -3.230743408203125 52.46664810180664
    endloop
  endfacet
  facet normal 0 0.9238806007842874 -0.3826808533157418
    outer loop
      vertex 40.599998474121094 -3.230743408203125 52.46664810180664
      vertex 59 -3.291049003601074 52.3210563659668
      vertex 40.599998474121094 -3.291049003601074 52.3210563659668
    endloop
  endfacet
  facet normal 0 0.9807856620083821 -0.19508840354767268
    outer loop
      vertex 59 -3.230743408203125 52.46664810180664
      vertex 40.599998474121094 -3.1999998092651367 52.62120819091797
      vertex 59 -3.1999998092651367 52.62120819091797
    endloop
  endfacet
  facet normal 0 0.9807856620083821 -0.19508840354767268
    outer loop
      vertex 40.599998474121094 -3.1999998092651367 52.62120819091797
      vertex 59 -3.230743408203125 52.46664810180664
      vertex 40.599998474121094 -3.230743408203125 52.46664810180664
    endloop
  endfacet
  facet normal 0 1 0
    outer loop
      vertex 60.599998474121094 -3.1999998092651367 52.77879333496094
      vertex 59 -3.1999998092651367 52.62120819091797
      vertex 40.599998474121094 -3.1999998092651367 52.77879333496094
    endloop
  endfacet
  facet normal 0 1 0
    outer loop
      vertex 60.599998474121094 -3.1999998092651367 43.22120666503906
      vertex 59 -3.1999998092651367 52.62120819091797
      vertex 60.599998474121094 -3.1999998092651367 52.77879333496094
    endloop
  endfacet
  facet normal 0 1 0
    outer loop
      vertex 59 -3.1999998092651367 52.62120819091797
      vertex 60.599998474121094 -3.1999998092651367 43.22120666503906
      vertex 59 -3.1999998092651367 43.22120666503906
    endloop
  endfacet
  facet normal 0 1 0
    outer loop
      vertex 40.599998474121094 -3.1999998092651367 52.77879333496094
      vertex 59 -3.1999998092651367 52.62120819091797
      vertex 40.599998474121094 -3.1999998092651367 52.62120819091797
    endloop
  endfacet
  facet normal 0 0.9807847406784027 0.19509303537645417
    outer loop
      vertex 60.599998474121094 -3.1999998092651367 52.77879333496094
      vertex 40.599998474121094 -3.230743408203125 52.933349609375
      vertex 60.599998474121094 -3.230743408203125 52.933349609375
    endloop
  endfacet
  facet normal 0 0.9807847406784027 0.19509303537645417
    outer loop
      vertex 40.599998474121094 -3.230743408203125 52.933349609375
      vertex 60.599998474121094 -3.1999998092651367 52.77879333496094
      vertex 40.599998474121094 -3.1999998092651367 52.77879333496094
    endloop
  endfacet
  facet normal 0 0.9238806007842874 0.38268085331574186
    outer loop
      vertex 60.599998474121094 -3.230743408203125 52.933349609375
      vertex 40.599998474121094 -3.291049003601074 53.078941345214844
      vertex 60.599998474121094 -3.291049003601074 53.078941345214844
    endloop
  endfacet
  facet normal 0 0.9238806007842874 0.38268085331574186
    outer loop
      vertex 40.599998474121094 -3.291049003601074 53.078941345214844
      vertex 60.599998474121094 -3.230743408203125 52.933349609375
      vertex 40.599998474121094 -3.230743408203125 52.933349609375
    endloop
  endfacet
  facet normal 0 0.8314679333418552 0.555572745753627
    outer loop
      vertex 60.599998474121094 -3.291049003601074 53.078941345214844
      vertex 40.599998474121094 -3.378599166870117 53.20996856689453
      vertex 60.599998474121094 -3.378599166870117 53.20996856689453
    endloop
  endfacet
  facet normal 0 0.8314679333418552 0.555572745753627
    outer loop
      vertex 40.599998474121094 -3.378599166870117 53.20996856689453
      vertex 60.599998474121094 -3.291049003601074 53.078941345214844
      vertex 40.599998474121094 -3.291049003601074 53.078941345214844
    endloop
  endfacet
  facet normal 0 0.7071098070513506 0.707103755308796
    outer loop
      vertex 60.599998474121094 -3.378599166870117 53.20996856689453
      vertex 59 -3.4900293350219727 53.3213996887207
      vertex 60.599998474121094 -3.4900293350219727 53.3213996887207
    endloop
  endfacet
  facet normal 0 0.7071098070513506 0.7071037553087961
    outer loop
      vertex 40.599998474121094 -3.378599166870117 53.20996856689453
      vertex 59 -3.4900293350219727 53.3213996887207
      vertex 60.599998474121094 -3.378599166870117 53.20996856689453
    endloop
  endfacet
  facet normal 0 0.7071098070513507 0.7071037553087961
    outer loop
      vertex 59 -3.4900293350219727 53.3213996887207
      vertex 40.599998474121094 -3.378599166870117 53.20996856689453
      vertex 40.599998474121094 -3.4900293350219727 53.3213996887207
    endloop
  endfacet
  facet normal 0 0.5555741340104012 0.8314670057305897
    outer loop
      vertex 40.599998474121094 -3.4900293350219727 53.3213996887207
      vertex 59 -3.6210575103759766 53.40895080566406
      vertex 59 -3.4900293350219727 53.3213996887207
    endloop
  endfacet
  facet normal 0 0.5555741340104012 0.8314670057305897
    outer loop
      vertex 59 -3.6210575103759766 53.40895080566406
      vertex 40.599998474121094 -3.4900293350219727 53.3213996887207
      vertex 40.599998474121094 -3.6210575103759766 53.40895080566406
    endloop
  endfacet
  facet normal 0 0.3826881584064278 0.9238775749067063
    outer loop
      vertex 40.599998474121094 -3.6210575103759766 53.40895080566406
      vertex 59 -3.766648292541504 53.46925735473633
      vertex 59 -3.6210575103759766 53.40895080566406
    endloop
  endfacet
  facet normal 0 0.3826881584064278 0.9238775749067063
    outer loop
      vertex 59 -3.766648292541504 53.46925735473633
      vertex 40.599998474121094 -3.6210575103759766 53.40895080566406
      vertex 40.599998474121094 -3.766648292541504 53.46925735473633
    endloop
  endfacet
  facet normal 0 0.19508489799319606 0.980786359292881
    outer loop
      vertex 40.599998474121094 -3.766648292541504 53.46925735473633
      vertex 59 -3.921206474304199 53.5
      vertex 59 -3.766648292541504 53.46925735473633
    endloop
  endfacet
  facet normal 0 0.19508489799319606 0.980786359292881
    outer loop
      vertex 59 -3.921206474304199 53.5
      vertex 40.599998474121094 -3.766648292541504 53.46925735473633
      vertex 40.599998474121094 -3.921206474304199 53.5
    endloop
  endfacet
  facet normal 0 0 1
    outer loop
      vertex 40.599998474121094 -3.921206474304199 53.5
      vertex 59 -58.978790283203125 53.5
      vertex 59 -3.921206474304199 53.5
    endloop
  endfacet
  facet normal 0 0 1
    outer loop
      vertex 59 -58.978790283203125 53.5
      vertex 40.599998474121094 -3.921206474304199 53.5
      vertex 40.599998474121094 -58.978790283203125 53.5
    endloop
  endfacet
  facet normal 0 -0.1950825821693907 0.9807868199227204
    outer loop
      vertex 40.599998474121094 -58.978790283203125 53.5
      vertex 59 -59.13335037231445 53.46925735473633
      vertex 59 -58.978790283203125 53.5
    endloop
  endfacet
  facet normal 0 -0.1950825821693907 0.9807868199227204
    outer loop
      vertex 59 -59.13335037231445 53.46925735473633
      vertex 40.599998474121094 -58.978790283203125 53.5
      vertex 40.599998474121094 -59.13335037231445 53.46925735473633
    endloop
  endfacet
  facet normal 0 -0.3826860187804457 0.9238784611787269
    outer loop
      vertex 40.599998474121094 -59.13335037231445 53.46925735473633
      vertex 59 -59.2789421081543 53.40895080566406
      vertex 59 -59.13335037231445 53.46925735473633
    endloop
  endfacet
  facet normal 0 -0.3826860187804457 0.9238784611787269
    outer loop
      vertex 59 -59.2789421081543 53.40895080566406
      vertex 40.599998474121094 -59.13335037231445 53.46925735473633
      vertex 40.599998474121094 -59.2789421081543 53.40895080566406
    endloop
  endfacet
  facet normal 0 -0.5555769295725358 0.831465137769921
    outer loop
      vertex 40.599998474121094 -59.2789421081543 53.40895080566406
      vertex 59 -59.409969329833984 53.3213996887207
      vertex 59 -59.2789421081543 53.40895080566406
    endloop
  endfacet
  facet normal 0 -0.5555769295725358 0.831465137769921
    outer loop
      vertex 59 -59.409969329833984 53.3213996887207
      vertex 40.599998474121094 -59.2789421081543 53.40895080566406
      vertex 40.599998474121094 -59.409969329833984 53.3213996887207
    endloop
  endfacet
  facet normal 0 -0.7071067811865475 0.7071067811865475
    outer loop
      vertex 59 -59.521400451660156 53.20996856689453
      vertex 59 -59.409969329833984 53.3213996887207
      vertex 40.599998474121094 -59.409969329833984 53.3213996887207
    endloop
  endfacet
  facet normal 0 -0.7071067811865475 0.7071067811865475
    outer loop
      vertex 59 -59.521400451660156 53.20996856689453
      vertex 40.599998474121094 -59.409969329833984 53.3213996887207
      vertex 40.599998474121094 -59.521400451660156 53.20996856689453
    endloop
  endfacet
  facet normal 0 -0.7071067811865476 0.7071067811865476
    outer loop
      vertex 59 -59.409969329833984 53.3213996887207
      vertex 59 -59.521400451660156 53.20996856689453
      vertex 60.599998474121094 -59.409969329833984 53.3213996887207
    endloop
  endfacet
  facet normal 0 -0.7071067811865476 0.7071067811865476
    outer loop
      vertex 60.599998474121094 -59.409969329833984 53.3213996887207
      vertex 59 -59.521400451660156 53.20996856689453
      vertex 60.599998474121094 -59.521400451660156 53.20996856689453
    endloop
  endfacet
  facet normal 0 -0.831465137769921 0.5555769295725358
    outer loop
      vertex 40.599998474121094 -59.608951568603516 53.078941345214844
      vertex 59 -59.521400451660156 53.20996856689453
      vertex 40.599998474121094 -59.521400451660156 53.20996856689453
    endloop
  endfacet
  facet normal 0 -0.831465137769921 0.5555769295725358
    outer loop
      vertex 59 -59.521400451660156 53.20996856689453
      vertex 40.599998474121094 -59.608951568603516 53.078941345214844
      vertex 59 -59.608951568603516 53.078941345214844
    endloop
  endfacet
  facet normal 0 -0.9238784611787269 0.3826860187804457
    outer loop
      vertex 40.599998474121094 -59.66925811767578 52.933349609375
      vertex 59 -59.608951568603516 53.078941345214844
      vertex 40.599998474121094 -59.608951568603516 53.078941345214844
    endloop
  endfacet
  facet normal 0 -0.9238784611787269 0.3826860187804457
    outer loop
      vertex 59 -59.608951568603516 53.078941345214844
      vertex 40.599998474121094 -59.66925811767578 52.933349609375
      vertex 59 -59.66925811767578 52.933349609375
    endloop
  endfacet
  facet normal 0 -0.9807858986466368 0.1950872138708966
    outer loop
      vertex 40.599998474121094 -59.70000076293945 52.77879333496094
      vertex 59 -59.66925811767578 52.933349609375
      vertex 40.599998474121094 -59.66925811767578 52.933349609375
    endloop
  endfacet
  facet normal 0 -0.9807858986466368 0.1950872138708966
    outer loop
      vertex 59 -59.66925811767578 52.933349609375
      vertex 40.599998474121094 -59.70000076293945 52.77879333496094
      vertex 59 -59.70000076293945 52.77879333496094
    endloop
  endfacet
  facet normal 0 -1 0
    outer loop
      vertex 40.599998474121094 -59.70000076293945 23.700000762939453
      vertex 59 -59.70000076293945 52.77879333496094
      vertex 40.599998474121094 -59.70000076293945 52.77879333496094
    endloop
  endfacet
  facet normal 0 -1 0
    outer loop
      vertex 59 -59.70000076293945 52.77879333496094
      vertex 40.599998474121094 -59.70000076293945 23.700000762939453
      vertex 59 -59.70000076293945 23.700000762939453
    endloop
  endfacet
  facet normal 0 0 1
    outer loop
      vertex 59 -59.70000076293945 23.700000762939453
      vertex 51.75 -69.53749084472656 23.700000762939453
      vertex 59 -78.97879028320312 23.700000762939453
    endloop
  endfacet
  facet normal 0 0 1
    outer loop
      vertex 59 -59.70000076293945 23.700000762939453
      vertex 51.68659210205078 -69.21871185302734 23.700000762939453
      vertex 51.75 -69.53749084472656 23.700000762939453
    endloop
  endfacet
  facet normal 0 0 1
    outer loop
      vertex 59 -59.70000076293945 23.700000762939453
      vertex 51.56221008300781 -68.9184341430664 23.700000762939453
      vertex 51.68659210205078 -69.21871185302734 23.700000762939453
    endloop
  endfacet
  facet normal 0 0 1
    outer loop
      vertex 59 -59.70000076293945 23.700000762939453
      vertex 51.38163757324219 -68.64818572998047 23.700000762939453
      vertex 51.56221008300781 -68.9184341430664 23.700000762939453
    endloop
  endfacet
  facet normal 0 0 1
    outer loop
      vertex 59 -59.70000076293945 23.700000762939453
      vertex 51.15181350708008 -68.4183578491211 23.700000762939453
      vertex 51.38163757324219 -68.64818572998047 23.700000762939453
    endloop
  endfacet
  facet normal 0 0 1
    outer loop
      vertex 59 -59.70000076293945 23.700000762939453
      vertex 50.881568908691406 -68.23778533935547 23.700000762939453
      vertex 51.15181350708008 -68.4183578491211 23.700000762939453
    endloop
  endfacet
  facet normal 0 0 1
    outer loop
      vertex 59 -59.70000076293945 23.700000762939453
      vertex 50.5812873840332 -68.11341094970703 23.700000762939453
      vertex 50.881568908691406 -68.23778533935547 23.700000762939453
    endloop
  endfacet
  facet normal 0 0 1
    outer loop
      vertex 59 -59.70000076293945 23.700000762939453
      vertex 50.26251220703125 -68.05000305175781 23.700000762939453
      vertex 50.5812873840332 -68.11341094970703 23.700000762939453
    endloop
  endfacet
  facet normal 0 0 1
    outer loop
      vertex 59 -59.70000076293945 23.700000762939453
      vertex 49.9374885559082 -68.05000305175781 23.700000762939453
      vertex 50.26251220703125 -68.05000305175781 23.700000762939453
    endloop
  endfacet
  facet normal 0 0 1
    outer loop
      vertex 40.599998474121094 -59.70000076293945 23.700000762939453
      vertex 49.9374885559082 -68.05000305175781 23.700000762939453
      vertex 59 -59.70000076293945 23.700000762939453
    endloop
  endfacet
  facet normal 0 0 1
    outer loop
      vertex 49.9374885559082 -68.05000305175781 23.700000762939453
      vertex 40.599998474121094 -59.70000076293945 23.700000762939453
      vertex 49.61871337890625 -68.11341094970703 23.700000762939453
    endloop
  endfacet
  facet normal 0 0 1
    outer loop
      vertex 49.61871337890625 -68.11341094970703 23.700000762939453
      vertex 40.599998474121094 -59.70000076293945 23.700000762939453
      vertex 49.31843185424805 -68.23778533935547 23.700000762939453
    endloop
  endfacet
  facet normal 0 0 1
    outer loop
      vertex 40.599998474121094 -78.97879028320312 23.700000762939453
      vertex 48.45000076293945 -69.53749084472656 23.700000762939453
      vertex 40.599998474121094 -59.70000076293945 23.700000762939453
    endloop
  endfacet
  facet normal 0 0 1
    outer loop
      vertex 48.51340866088867 -69.21871185302734 23.700000762939453
      vertex 40.599998474121094 -59.70000076293945 23.700000762939453
      vertex 48.45000076293945 -69.53749084472656 23.700000762939453
    endloop
  endfacet
  facet normal 0 0 1
    outer loop
      vertex 48.637786865234375 -68.9184341430664 23.700000762939453
      vertex 40.599998474121094 -59.70000076293945 23.700000762939453
      vertex 48.51340866088867 -69.21871185302734 23.700000762939453
    endloop
  endfacet
  facet normal 0 0 1
    outer loop
      vertex 48.818359375 -68.64818572998047 23.700000762939453
      vertex 40.599998474121094 -59.70000076293945 23.700000762939453
      vertex 48.637786865234375 -68.9184341430664 23.700000762939453
    endloop
  endfacet
  facet normal 0 0 1
    outer loop
      vertex 49.048187255859375 -68.4183578491211 23.700000762939453
      vertex 40.599998474121094 -59.70000076293945 23.700000762939453
      vertex 48.818359375 -68.64818572998047 23.700000762939453
    endloop
  endfacet
  facet normal 0 0 1
    outer loop
      vertex 49.31843185424805 -68.23778533935547 23.700000762939453
      vertex 40.599998474121094 -59.70000076293945 23.700000762939453
      vertex 49.048187255859375 -68.4183578491211 23.700000762939453
    endloop
  endfacet
  facet normal 0 0 1
    outer loop
      vertex 51.75 -69.86251068115234 23.700000762939453
      vertex 59 -78.97879028320312 23.700000762939453
      vertex 51.75 -69.53749084472656 23.700000762939453
    endloop
  endfacet
  facet normal 0 0 1
    outer loop
      vertex 51.68659210205078 -70.18128967285156 23.700000762939453
      vertex 59 -78.97879028320312 23.700000762939453
      vertex 51.75 -69.86251068115234 23.700000762939453
    endloop
  endfacet
  facet normal 0 0 1
    outer loop
      vertex 51.56221008300781 -70.4815673828125 23.700000762939453
      vertex 59 -78.97879028320312 23.700000762939453
      vertex 51.68659210205078 -70.18128967285156 23.700000762939453
    endloop
  endfacet
  facet normal 0 0 1
    outer loop
      vertex 51.38163757324219 -70.75181579589844 23.700000762939453
      vertex 59 -78.97879028320312 23.700000762939453
      vertex 51.56221008300781 -70.4815673828125 23.700000762939453
    endloop
  endfacet
  facet normal 0 0 1
    outer loop
      vertex 51.15181350708008 -70.98163604736328 23.700000762939453
      vertex 59 -78.97879028320312 23.700000762939453
      vertex 51.38163757324219 -70.75181579589844 23.700000762939453
    endloop
  endfacet
  facet normal 0 0 1
    outer loop
      vertex 50.881568908691406 -71.1622085571289 23.700000762939453
      vertex 59 -78.97879028320312 23.700000762939453
      vertex 51.15181350708008 -70.98163604736328 23.700000762939453
    endloop
  endfacet
  facet normal 0 0 1
    outer loop
      vertex 50.5812873840332 -71.28659057617188 23.700000762939453
      vertex 59 -78.97879028320312 23.700000762939453
      vertex 50.881568908691406 -71.1622085571289 23.700000762939453
    endloop
  endfacet
  facet normal 0 0 1
    outer loop
      vertex 50.26251220703125 -71.3499984741211 23.700000762939453
      vertex 59 -78.97879028320312 23.700000762939453
      vertex 50.5812873840332 -71.28659057617188 23.700000762939453
    endloop
  endfacet
  facet normal 0 0 1
    outer loop
      vertex 49.9374885559082 -71.3499984741211 23.700000762939453
      vertex 59 -78.97879028320312 23.700000762939453
      vertex 50.26251220703125 -71.3499984741211 23.700000762939453
    endloop
  endfacet
  facet normal 0 0 1
    outer loop
      vertex 40.599998474121094 -78.97879028320312 23.700000762939453
      vertex 49.9374885559082 -71.3499984741211 23.700000762939453
      vertex 49.61871337890625 -71.28659057617188 23.700000762939453
    endloop
  endfacet
  facet normal 0 0 1
    outer loop
      vertex 40.599998474121094 -78.97879028320312 23.700000762939453
      vertex 49.61871337890625 -71.28659057617188 23.700000762939453
      vertex 49.31843185424805 -71.1622085571289 23.700000762939453
    endloop
  endfacet
  facet normal 0 0 1
    outer loop
      vertex 40.599998474121094 -78.97879028320312 23.700000762939453
      vertex 49.31843185424805 -71.1622085571289 23.700000762939453
      vertex 49.048187255859375 -70.98163604736328 23.700000762939453
    endloop
  endfacet
  facet normal 0 0 1
    outer loop
      vertex 48.45000076293945 -69.53749084472656 23.700000762939453
      vertex 40.599998474121094 -78.97879028320312 23.700000762939453
      vertex 48.45000076293945 -69.86251068115234 23.700000762939453
    endloop
  endfacet
  facet normal 0 0 1
    outer loop
      vertex 48.45000076293945 -69.86251068115234 23.700000762939453
      vertex 40.599998474121094 -78.97879028320312 23.700000762939453
      vertex 48.51340866088867 -70.18128967285156 23.700000762939453
    endloop
  endfacet
  facet normal 0 0 1
    outer loop
      vertex 48.51340866088867 -70.18128967285156 23.700000762939453
      vertex 40.599998474121094 -78.97879028320312 23.700000762939453
      vertex 48.637786865234375 -70.4815673828125 23.700000762939453
    endloop
  endfacet
  facet normal 0 0 1
    outer loop
      vertex 49.9374885559082 -71.3499984741211 23.700000762939453
      vertex 40.599998474121094 -78.97879028320312 23.700000762939453
      vertex 59 -78.97879028320312 23.700000762939453
    endloop
  endfacet
  facet normal 0 0 1
    outer loop
      vertex 48.818359375 -70.75181579589844 23.700000762939453
      vertex 40.599998474121094 -78.97879028320312 23.700000762939453
      vertex 49.048187255859375 -70.98163604736328 23.700000762939453
    endloop
  endfacet
  facet normal 0 0 1
    outer loop
      vertex 48.637786865234375 -70.4815673828125 23.700000762939453
      vertex 40.599998474121094 -78.97879028320312 23.700000762939453
      vertex 48.818359375 -70.75181579589844 23.700000762939453
    endloop
  endfacet
  facet normal 0 -0.19508959316486435 0.9807854253804794
    outer loop
      vertex 40.599998474121094 -78.97879028320312 23.700000762939453
      vertex 59 -79.13335418701172 23.66925621032715
      vertex 59 -78.97879028320312 23.700000762939453
    endloop
  endfacet
  facet normal 0 -0.19508959316486435 0.9807854253804794
    outer loop
      vertex 59 -79.13335418701172 23.66925621032715
      vertex 40.599998474121094 -78.97879028320312 23.700000762939453
      vertex 40.599998474121094 -79.13335418701172 23.66925621032715
    endloop
  endfacet
  facet normal 0 -0.38269280513194176 0.9238756501284389
    outer loop
      vertex 40.599998474121094 -79.13335418701172 23.66925621032715
      vertex 59 -79.27893829345703 23.608951568603516
      vertex 59 -79.13335418701172 23.66925621032715
    endloop
  endfacet
  facet normal 0 -0.38269280513194176 0.9238756501284389
    outer loop
      vertex 59 -79.27893829345703 23.608951568603516
      vertex 40.599998474121094 -79.13335418701172 23.66925621032715
      vertex 40.599998474121094 -79.27893829345703 23.608951568603516
    endloop
  endfacet
  facet normal 0 -0.555554565687338 0.8314800806657687
    outer loop
      vertex 40.599998474121094 -79.27893829345703 23.608951568603516
      vertex 59 -79.40997314453125 23.521400451660156
      vertex 59 -79.27893829345703 23.608951568603516
    endloop
  endfacet
  facet normal 0 -0.555554565687338 0.8314800806657687
    outer loop
      vertex 59 -79.40997314453125 23.521400451660156
      vertex 40.599998474121094 -79.27893829345703 23.608951568603516
      vertex 40.599998474121094 -79.40997314453125 23.521400451660156
    endloop
  endfacet
  facet normal 0 -0.707118884723448 0.7070946774424675
    outer loop
      vertex 40.599998474121094 -79.52140045166016 23.409969329833984
      vertex 59 -79.40997314453125 23.521400451660156
      vertex 40.599998474121094 -79.40997314453125 23.521400451660156
    endloop
  endfacet
  facet normal 0 -0.707118884723448 0.7070946774424675
    outer loop
      vertex 59 -79.40997314453125 23.521400451660156
      vertex 40.599998474121094 -79.52140045166016 23.409969329833984
      vertex 59 -79.52140045166016 23.409969329833984
    endloop
  endfacet
  facet normal 0 -0.8314763200441322 0.5555601940436949
    outer loop
      vertex 40.599998474121094 -79.60894775390625 23.278942108154297
      vertex 59 -79.52140045166016 23.409969329833984
      vertex 40.599998474121094 -79.52140045166016 23.409969329833984
    endloop
  endfacet
  facet normal 0 -0.8314763200441321 0.5555601940436949
    outer loop
      vertex 60.599998474121094 -79.60894775390625 23.278942108154297
      vertex 59 -79.52140045166016 23.409969329833984
      vertex 40.599998474121094 -79.60894775390625 23.278942108154297
    endloop
  endfacet
  facet normal 0 -0.8314763200441321 0.5555601940436948
    outer loop
      vertex 59 -79.52140045166016 23.409969329833984
      vertex 60.599998474121094 -79.60894775390625 23.278942108154297
      vertex 60.599998474121094 -79.52140045166016 23.409969329833984
    endloop
  endfacet
  facet normal 0 -0.9238699025667908 0.38270668028037946
    outer loop
      vertex 40.599998474121094 -79.66925811767578 23.133350372314453
      vertex 60.599998474121094 -79.60894775390625 23.278942108154297
      vertex 40.599998474121094 -79.60894775390625 23.278942108154297
    endloop
  endfacet
  facet normal 0 -0.9238699025667908 0.38270668028037946
    outer loop
      vertex 60.599998474121094 -79.60894775390625 23.278942108154297
      vertex 40.599998474121094 -79.66925811767578 23.133350372314453
      vertex 60.599998474121094 -79.66925811767578 23.133350372314453
    endloop
  endfacet
  facet normal 0 -0.9807909907398298 0.195061612019339
    outer loop
      vertex 40.599998474121094 -79.69999694824219 22.978792190551758
      vertex 60.599998474121094 -79.66925811767578 23.133350372314453
      vertex 40.599998474121094 -79.66925811767578 23.133350372314453
    endloop
  endfacet
  facet normal 0 -0.9807909907398298 0.195061612019339
    outer loop
      vertex 60.599998474121094 -79.66925811767578 23.133350372314453
      vertex 40.599998474121094 -79.69999694824219 22.978792190551758
      vertex 60.599998474121094 -79.69999694824219 22.978792190551758
    endloop
  endfacet
  facet normal 0 -1 0
    outer loop
      vertex 40.599998474121094 -79.69999694824219 21.221206665039062
      vertex 60.599998474121094 -79.69999694824219 22.978792190551758
      vertex 40.599998474121094 -79.69999694824219 22.978792190551758
    endloop
  endfacet
  facet normal 0 -1 0
    outer loop
      vertex 60.599998474121094 -79.69999694824219 22.978792190551758
      vertex 40.599998474121094 -79.69999694824219 21.221206665039062
      vertex 60.599998474121094 -79.69999694824219 21.221206665039062
    endloop
  endfacet
  facet normal 0 -0.9807909907398298 -0.195061612019339
    outer loop
      vertex 40.599998474121094 -79.66925811767578 21.066648483276367
      vertex 60.599998474121094 -79.69999694824219 21.221206665039062
      vertex 40.599998474121094 -79.69999694824219 21.221206665039062
    endloop
  endfacet
  facet normal 0 -0.9807909907398298 -0.195061612019339
    outer loop
      vertex 60.599998474121094 -79.69999694824219 21.221206665039062
      vertex 40.599998474121094 -79.66925811767578 21.066648483276367
      vertex 60.599998474121094 -79.66925811767578 21.066648483276367
    endloop
  endfacet
  facet normal 0 -0.9238681298328982 -0.38271095970596797
    outer loop
      vertex 40.599998474121094 -79.60894775390625 20.921058654785156
      vertex 60.599998474121094 -79.66925811767578 21.066648483276367
      vertex 40.599998474121094 -79.66925811767578 21.066648483276367
    endloop
  endfacet
  facet normal 0 -0.9238681298328982 -0.38271095970596797
    outer loop
      vertex 60.599998474121094 -79.66925811767578 21.066648483276367
      vertex 40.599998474121094 -79.60894775390625 20.921058654785156
      vertex 60.599998474121094 -79.60894775390625 20.921058654785156
    endloop
  endfacet
  facet normal 0 -0.8314800557624437 -0.5555546029593165
    outer loop
      vertex 40.599998474121094 -79.52140045166016 20.790029525756836
      vertex 60.599998474121094 -79.60894775390625 20.921058654785156
      vertex 40.599998474121094 -79.60894775390625 20.921058654785156
    endloop
  endfacet
  facet normal 0 -0.8314800557624437 -0.5555546029593165
    outer loop
      vertex 60.599998474121094 -79.60894775390625 20.921058654785156
      vertex 40.599998474121094 -79.52140045166016 20.790029525756836
      vertex 60.599998474121094 -79.52140045166016 20.790029525756836
    endloop
  endfacet
  facet normal 0 -0.7071128330326908 -0.7071007292886086
    outer loop
      vertex 40.599998474121094 -79.40997314453125 20.678600311279297
      vertex 60.599998474121094 -79.52140045166016 20.790029525756836
      vertex 40.599998474121094 -79.52140045166016 20.790029525756836
    endloop
  endfacet
  facet normal 0 -0.7071128330326908 -0.7071007292886086
    outer loop
      vertex 60.599998474121094 -79.52140045166016 20.790029525756836
      vertex 40.599998474121094 -79.40997314453125 20.678600311279297
      vertex 60.599998474121094 -79.40997314453125 20.678600311279297
    endloop
  endfacet
  facet normal 0 -0.555554565687338 -0.8314800806657687
    outer loop
      vertex 40.599998474121094 -79.40997314453125 20.678600311279297
      vertex 60.599998474121094 -79.27893829345703 20.591049194335938
      vertex 60.599998474121094 -79.40997314453125 20.678600311279297
    endloop
  endfacet
  facet normal 0 -0.555554565687338 -0.8314800806657687
    outer loop
      vertex 60.599998474121094 -79.27893829345703 20.591049194335938
      vertex 40.599998474121094 -79.40997314453125 20.678600311279297
      vertex 40.599998474121094 -79.27893829345703 20.591049194335938
    endloop
  endfacet
  facet normal 0 -0.3827031364007672 -0.923871370586304
    outer loop
      vertex 40.599998474121094 -79.27893829345703 20.591049194335938
      vertex 60.599998474121094 -79.13335418701172 20.530742645263672
      vertex 60.599998474121094 -79.27893829345703 20.591049194335938
    endloop
  endfacet
  facet normal 0 -0.3827031364007672 -0.923871370586304
    outer loop
      vertex 60.599998474121094 -79.13335418701172 20.530742645263672
      vertex 40.599998474121094 -79.27893829345703 20.591049194335938
      vertex 40.599998474121094 -79.13335418701172 20.530742645263672
    endloop
  endfacet
  facet normal 0 -0.19507795068345835 -0.9807877411331885
    outer loop
      vertex 40.599998474121094 -79.13335418701172 20.530742645263672
      vertex 60.599998474121094 -78.97879028320312 20.5
      vertex 60.599998474121094 -79.13335418701172 20.530742645263672
    endloop
  endfacet
  facet normal 0 -0.19507795068345835 -0.9807877411331885
    outer loop
      vertex 60.599998474121094 -78.97879028320312 20.5
      vertex 40.599998474121094 -79.13335418701172 20.530742645263672
      vertex 40.599998474121094 -78.97879028320312 20.5
    endloop
  endfacet
  facet normal 0 0 -1
    outer loop
      vertex 51.75 -69.53749084472656 20.5
      vertex 60.599998474121094 -78.97879028320312 20.5
      vertex 51.75 -69.86251068115234 20.5
    endloop
  endfacet
  facet normal 0 0 -1
    outer loop
      vertex 60.599998474121094 -78.97879028320312 20.5
      vertex 51.68659210205078 -70.18128967285156 20.5
      vertex 51.75 -69.86251068115234 20.5
    endloop
  endfacet
  facet normal 0 0 -1
    outer loop
      vertex 60.599998474121094 -78.97879028320312 20.5
      vertex 51.56221008300781 -70.4815673828125 20.5
      vertex 51.68659210205078 -70.18128967285156 20.5
    endloop
  endfacet
  facet normal 0 0 -1
    outer loop
      vertex 60.599998474121094 -78.97879028320312 20.5
      vertex 51.38163757324219 -70.75181579589844 20.5
      vertex 51.56221008300781 -70.4815673828125 20.5
    endloop
  endfacet
  facet normal 0 0 -1
    outer loop
      vertex 60.599998474121094 -78.97879028320312 20.5
      vertex 51.15181350708008 -70.98163604736328 20.5
      vertex 51.38163757324219 -70.75181579589844 20.5
    endloop
  endfacet
  facet normal 0 0 -1
    outer loop
      vertex 60.599998474121094 -78.97879028320312 20.5
      vertex 50.881568908691406 -71.1622085571289 20.5
      vertex 51.15181350708008 -70.98163604736328 20.5
    endloop
  endfacet
  facet normal 0 0 -1
    outer loop
      vertex 60.599998474121094 -78.97879028320312 20.5
      vertex 50.5812873840332 -71.28659057617188 20.5
      vertex 50.881568908691406 -71.1622085571289 20.5
    endloop
  endfacet
  facet normal 0 0 -1
    outer loop
      vertex 60.599998474121094 -78.97879028320312 20.5
      vertex 50.26251220703125 -71.3499984741211 20.5
      vertex 50.5812873840332 -71.28659057617188 20.5
    endloop
  endfacet
  facet normal 0 0 -1
    outer loop
      vertex 40.599998474121094 -78.97879028320312 20.5
      vertex 50.26251220703125 -71.3499984741211 20.5
      vertex 60.599998474121094 -78.97879028320312 20.5
    endloop
  endfacet
  facet normal 0 0 -1
    outer loop
      vertex 50.26251220703125 -71.3499984741211 20.5
      vertex 40.599998474121094 -78.97879028320312 20.5
      vertex 49.9374885559082 -71.3499984741211 20.5
    endloop
  endfacet
  facet normal 0 0 -1
    outer loop
      vertex 49.9374885559082 -71.3499984741211 20.5
      vertex 40.599998474121094 -78.97879028320312 20.5
      vertex 49.61871337890625 -71.28659057617188 20.5
    endloop
  endfacet
  facet normal 0 0 -1
    outer loop
      vertex 49.61871337890625 -71.28659057617188 20.5
      vertex 40.599998474121094 -78.97879028320312 20.5
      vertex 49.31843185424805 -71.1622085571289 20.5
    endloop
  endfacet
  facet normal 0 0 -1
    outer loop
      vertex 48.45000076293945 -69.86251068115234 20.5
      vertex 40.599998474121094 -78.97879028320312 20.5
      vertex 48.45000076293945 -69.53749084472656 20.5
    endloop
  endfacet
  facet normal 0 0 -1
    outer loop
      vertex 48.51340866088867 -70.18128967285156 20.5
      vertex 40.599998474121094 -78.97879028320312 20.5
      vertex 48.45000076293945 -69.86251068115234 20.5
    endloop
  endfacet
  facet normal 0 0 -1
    outer loop
      vertex 48.637786865234375 -70.4815673828125 20.5
      vertex 40.599998474121094 -78.97879028320312 20.5
      vertex 48.51340866088867 -70.18128967285156 20.5
    endloop
  endfacet
  facet normal 0 0 -1
    outer loop
      vertex 48.818359375 -70.75181579589844 20.5
      vertex 40.599998474121094 -78.97879028320312 20.5
      vertex 48.637786865234375 -70.4815673828125 20.5
    endloop
  endfacet
  facet normal 0 0 -1
    outer loop
      vertex 49.048187255859375 -70.98163604736328 20.5
      vertex 40.599998474121094 -78.97879028320312 20.5
      vertex 48.818359375 -70.75181579589844 20.5
    endloop
  endfacet
  facet normal 0 0 -1
    outer loop
      vertex 49.31843185424805 -71.1622085571289 20.5
      vertex 40.599998474121094 -78.97879028320312 20.5
      vertex 49.048187255859375 -70.98163604736328 20.5
    endloop
  endfacet
  facet normal 0 0 -1
    outer loop
      vertex 60.599998474121094 -78.97879028320312 20.5
      vertex 51.75 -69.53749084472656 20.5
      vertex 60.599998474121094 -59.70000076293945 20.5
    endloop
  endfacet
  facet normal 0 0 -1
    outer loop
      vertex 51.68659210205078 -69.21871185302734 20.5
      vertex 60.599998474121094 -59.70000076293945 20.5
      vertex 51.75 -69.53749084472656 20.5
    endloop
  endfacet
  facet normal 0 0 -1
    outer loop
      vertex 51.56221008300781 -68.9184341430664 20.5
      vertex 60.599998474121094 -59.70000076293945 20.5
      vertex 51.68659210205078 -69.21871185302734 20.5
    endloop
  endfacet
  facet normal 0 0 -1
    outer loop
      vertex 51.38163757324219 -68.64818572998047 20.5
      vertex 60.599998474121094 -59.70000076293945 20.5
      vertex 51.56221008300781 -68.9184341430664 20.5
    endloop
  endfacet
  facet normal 0 0 -1
    outer loop
      vertex 51.15181350708008 -68.4183578491211 20.5
      vertex 60.599998474121094 -59.70000076293945 20.5
      vertex 51.38163757324219 -68.64818572998047 20.5
    endloop
  endfacet
  facet normal 0 0 -1
    outer loop
      vertex 50.881568908691406 -68.23778533935547 20.5
      vertex 60.599998474121094 -59.70000076293945 20.5
      vertex 51.15181350708008 -68.4183578491211 20.5
    endloop
  endfacet
  facet normal 0 0 -1
    outer loop
      vertex 50.5812873840332 -68.11341094970703 20.5
      vertex 60.599998474121094 -59.70000076293945 20.5
      vertex 50.881568908691406 -68.23778533935547 20.5
    endloop
  endfacet
  facet normal 0 0 -1
    outer loop
      vertex 50.26251220703125 -68.05000305175781 20.5
      vertex 60.599998474121094 -59.70000076293945 20.5
      vertex 50.5812873840332 -68.11341094970703 20.5
    endloop
  endfacet
  facet normal 0 0 -1
    outer loop
      vertex 40.599998474121094 -59.70000076293945 20.5
      vertex 50.26251220703125 -68.05000305175781 20.5
      vertex 49.9374885559082 -68.05000305175781 20.5
    endloop
  endfacet
  facet normal 0 0 -1
    outer loop
      vertex 40.599998474121094 -59.70000076293945 20.5
      vertex 49.9374885559082 -68.05000305175781 20.5
      vertex 49.61871337890625 -68.11341094970703 20.5
    endloop
  endfacet
  facet normal 0 0 -1
    outer loop
      vertex 40.599998474121094 -59.70000076293945 20.5
      vertex 49.61871337890625 -68.11341094970703 20.5
      vertex 49.31843185424805 -68.23778533935547 20.5
    endloop
  endfacet
  facet normal 0 0 -1
    outer loop
      vertex 40.599998474121094 -59.70000076293945 20.5
      vertex 49.31843185424805 -68.23778533935547 20.5
      vertex 49.048187255859375 -68.4183578491211 20.5
    endloop
  endfacet
  facet normal 0 0 -1
    outer loop
      vertex 40.599998474121094 -59.70000076293945 20.5
      vertex 48.45000076293945 -69.53749084472656 20.5
      vertex 40.599998474121094 -78.97879028320312 20.5
    endloop
  endfacet
  facet normal 0 0 -1
    outer loop
      vertex 48.45000076293945 -69.53749084472656 20.5
      vertex 40.599998474121094 -59.70000076293945 20.5
      vertex 48.51340866088867 -69.21871185302734 20.5
    endloop
  endfacet
  facet normal 0 0 -1
    outer loop
      vertex 48.51340866088867 -69.21871185302734 20.5
      vertex 40.599998474121094 -59.70000076293945 20.5
      vertex 48.637786865234375 -68.9184341430664 20.5
    endloop
  endfacet
  facet normal 0 0 -1
    outer loop
      vertex 50.26251220703125 -68.05000305175781 20.5
      vertex 40.599998474121094 -59.70000076293945 20.5
      vertex 60.599998474121094 -59.70000076293945 20.5
    endloop
  endfacet
  facet normal 0 0 -1
    outer loop
      vertex 48.818359375 -68.64818572998047 20.5
      vertex 40.599998474121094 -59.70000076293945 20.5
      vertex 49.048187255859375 -68.4183578491211 20.5
    endloop
  endfacet
  facet normal 0 0 -1
    outer loop
      vertex 48.637786865234375 -68.9184341430664 20.5
      vertex 40.599998474121094 -59.70000076293945 20.5
      vertex 48.818359375 -68.64818572998047 20.5
    endloop
  endfacet
  facet normal 0 -1 0
    outer loop
      vertex 40.599998474121094 -59.70000076293945 13.5
      vertex 60.599998474121094 -59.70000076293945 20.5
      vertex 40.599998474121094 -59.70000076293945 20.5
    endloop
  endfacet
  facet normal 0 -1 0
    outer loop
      vertex 60.599998474121094 -59.70000076293945 20.5
      vertex 40.599998474121094 -59.70000076293945 13.5
      vertex 60.599998474121094 -59.70000076293945 13.5
    endloop
  endfacet
  facet normal 0 -1 0
    outer loop
      vertex 40.599998474121094 -59.70000076293945 -1.3787927627563477
      vertex 60.599998474121094 -59.70000076293945 7.5
      vertex 40.599998474121094 -59.70000076293945 7.5
    endloop
  endfacet
  facet normal 0 -1 0
    outer loop
      vertex 60.599998474121094 -59.70000076293945 7.5
      vertex 40.599998474121094 -59.70000076293945 -1.3787927627563477
      vertex 60.599998474121094 -59.70000076293945 -1.3787927627563477
    endloop
  endfacet
  facet normal 0 0 1
    outer loop
      vertex 40.599998474121094 -59.70000076293945 13.5
      vertex 60.599998474121094 -64.2492446899414 13.5
      vertex 60.599998474121094 -59.70000076293945 13.5
    endloop
  endfacet
  facet normal 0 0 1
    outer loop
      vertex 60.599998474121094 -64.2492446899414 13.5
      vertex 40.599998474121094 -59.70000076293945 13.5
      vertex 40.599998474121094 -64.2492446899414 13.5
    endloop
  endfacet
  facet normal 0 -0.195104891210397 0.9807823822978159
    outer loop
      vertex 40.599998474121094 -64.2492446899414 13.5
      vertex 60.599998474121094 -64.34584045410156 13.48078441619873
      vertex 60.599998474121094 -64.2492446899414 13.5
    endloop
  endfacet
  facet normal 0 -0.195104891210397 0.9807823822978159
    outer loop
      vertex 60.599998474121094 -64.34584045410156 13.48078441619873
      vertex 40.599998474121094 -64.2492446899414 13.5
      vertex 40.599998474121094 -64.34584045410156 13.48078441619873
    endloop
  endfacet
  facet normal 0 -0.3826701983216359 0.9238850141205235
    outer loop
      vertex 40.599998474121094 -64.34584045410156 13.48078441619873
      vertex 60.599998474121094 -64.43683624267578 13.443094253540039
      vertex 60.599998474121094 -64.34584045410156 13.48078441619873
    endloop
  endfacet
  facet normal 0 -0.3826701983216359 0.9238850141205235
    outer loop
      vertex 60.599998474121094 -64.43683624267578 13.443094253540039
      vertex 40.599998474121094 -64.34584045410156 13.48078441619873
      vertex 40.599998474121094 -64.43683624267578 13.443094253540039
    endloop
  endfacet
  facet normal 0 -0.5555646368046478 0.8314733515465904
    outer loop
      vertex 40.599998474121094 -64.43683624267578 13.443094253540039
      vertex 60.599998474121094 -64.51873016357422 13.388375282287598
      vertex 60.599998474121094 -64.43683624267578 13.443094253540039
    endloop
  endfacet
  facet normal 0 -0.5555646368046478 0.8314733515465904
    outer loop
      vertex 60.599998474121094 -64.51873016357422 13.388375282287598
      vertex 40.599998474121094 -64.43683624267578 13.443094253540039
      vertex 40.599998474121094 -64.51873016357422 13.388375282287598
    endloop
  endfacet
  facet normal 0 -0.7070825745685413 0.707130986975909
    outer loop
      vertex 40.599998474121094 -64.51873016357422 13.388375282287598
      vertex 60.599998474121094 -64.58837890625 13.318731307983398
      vertex 60.599998474121094 -64.51873016357422 13.388375282287598
    endloop
  endfacet
  facet normal 0 -0.7070825745685413 0.707130986975909
    outer loop
      vertex 60.599998474121094 -64.58837890625 13.318731307983398
      vertex 40.599998474121094 -64.51873016357422 13.388375282287598
      vertex 40.599998474121094 -64.58837890625 13.318731307983398
    endloop
  endfacet
  facet normal 0 -0.8314748357783944 0.5555624154559882
    outer loop
      vertex 40.599998474121094 -64.64309692382812 13.236838340759277
      vertex 60.599998474121094 -64.58837890625 13.318731307983398
      vertex 40.599998474121094 -64.58837890625 13.318731307983398
    endloop
  endfacet
  facet normal 0 -0.8314748357783944 0.5555624154559882
    outer loop
      vertex 60.599998474121094 -64.58837890625 13.318731307983398
      vertex 40.599998474121094 -64.64309692382812 13.236838340759277
      vertex 60.599998474121094 -64.64309692382812 13.236838340759277
    endloop
  endfacet
  facet normal 0 -0.9238856015847629 0.3826687799969588
    outer loop
      vertex 40.599998474121094 -64.6807861328125 13.145844459533691
      vertex 60.599998474121094 -64.64309692382812 13.236838340759277
      vertex 40.599998474121094 -64.64309692382812 13.236838340759277
    endloop
  endfacet
  facet normal 0 -0.9238856015847629 0.3826687799969588
    outer loop
      vertex 60.599998474121094 -64.64309692382812 13.236838340759277
      vertex 40.599998474121094 -64.6807861328125 13.145844459533691
      vertex 60.599998474121094 -64.6807861328125 13.145844459533691
    endloop
  endfacet
  facet normal 0 -0.9807931194653898 0.19505090825051152
    outer loop
      vertex 40.599998474121094 -64.69999694824219 13.04924488067627
      vertex 60.599998474121094 -64.6807861328125 13.145844459533691
      vertex 40.599998474121094 -64.6807861328125 13.145844459533691
    endloop
  endfacet
  facet normal 0 -0.9807931194653898 0.19505090825051152
    outer loop
      vertex 60.599998474121094 -64.6807861328125 13.145844459533691
      vertex 40.599998474121094 -64.69999694824219 13.04924488067627
      vertex 60.599998474121094 -64.69999694824219 13.04924488067627
    endloop
  endfacet
  facet normal 0 -1 0
    outer loop
      vertex 40.599998474121094 -64.69999694824219 7.950754165649414
      vertex 60.599998474121094 -64.69999694824219 13.04924488067627
      vertex 40.599998474121094 -64.69999694824219 13.04924488067627
    endloop
  endfacet
  facet normal 0 -1 0
    outer loop
      vertex 60.599998474121094 -64.69999694824219 13.04924488067627
      vertex 40.599998474121094 -64.69999694824219 7.950754165649414
      vertex 60.599998474121094 -64.69999694824219 7.950754165649414
    endloop
  endfacet
  facet normal 0 -0.9807931194653898 -0.19505090825051152
    outer loop
      vertex 40.599998474121094 -64.6807861328125 7.854154586791992
      vertex 60.599998474121094 -64.69999694824219 7.950754165649414
      vertex 40.599998474121094 -64.69999694824219 7.950754165649414
    endloop
  endfacet
  facet normal 0 -0.9807931194653898 -0.19505090825051152
    outer loop
      vertex 60.599998474121094 -64.69999694824219 7.950754165649414
      vertex 40.599998474121094 -64.6807861328125 7.854154586791992
      vertex 60.599998474121094 -64.6807861328125 7.854154586791992
    endloop
  endfacet
  facet normal 0 -0.9238856015847629 -0.3826687799969588
    outer loop
      vertex 40.599998474121094 -64.64309692382812 7.763160705566406
      vertex 60.599998474121094 -64.6807861328125 7.854154586791992
      vertex 40.599998474121094 -64.6807861328125 7.854154586791992
    endloop
  endfacet
  facet normal 0 -0.9238856015847629 -0.3826687799969588
    outer loop
      vertex 60.599998474121094 -64.6807861328125 7.854154586791992
      vertex 40.599998474121094 -64.64309692382812 7.763160705566406
      vertex 60.599998474121094 -64.64309692382812 7.763160705566406
    endloop
  endfacet
  facet normal 0 -0.8314748357783944 -0.5555624154559882
    outer loop
      vertex 40.599998474121094 -64.58837890625 7.681267738342285
      vertex 60.599998474121094 -64.64309692382812 7.763160705566406
      vertex 40.599998474121094 -64.64309692382812 7.763160705566406
    endloop
  endfacet
  facet normal 0 -0.8314748357783944 -0.5555624154559882
    outer loop
      vertex 60.599998474121094 -64.64309692382812 7.763160705566406
      vertex 40.599998474121094 -64.58837890625 7.681267738342285
      vertex 60.599998474121094 -64.58837890625 7.681267738342285
    endloop
  endfacet
  facet normal 0 -0.7070825745685413 -0.707130986975909
    outer loop
      vertex 40.599998474121094 -64.58837890625 7.681267738342285
      vertex 60.599998474121094 -64.51873016357422 7.611623764038086
      vertex 60.599998474121094 -64.58837890625 7.681267738342285
    endloop
  endfacet
  facet normal 0 -0.7070825745685413 -0.707130986975909
    outer loop
      vertex 60.599998474121094 -64.51873016357422 7.611623764038086
      vertex 40.599998474121094 -64.58837890625 7.681267738342285
      vertex 40.599998474121094 -64.51873016357422 7.611623764038086
    endloop
  endfacet
  facet normal 0 -0.5555579426316641 -0.8314778243458286
    outer loop
      vertex 40.599998474121094 -64.51873016357422 7.611623764038086
      vertex 60.599998474121094 -64.43683624267578 7.556905746459961
      vertex 60.599998474121094 -64.51873016357422 7.611623764038086
    endloop
  endfacet
  facet normal 0 -0.5555579426316641 -0.8314778243458286
    outer loop
      vertex 60.599998474121094 -64.43683624267578 7.556905746459961
      vertex 40.599998474121094 -64.51873016357422 7.611623764038086
      vertex 40.599998474121094 -64.43683624267578 7.556905746459961
    endloop
  endfacet
  facet normal 0 -0.38267846307975967 -0.9238815908410087
    outer loop
      vertex 40.599998474121094 -64.43683624267578 7.556905746459961
      vertex 60.599998474121094 -64.34584045410156 7.519214630126953
      vertex 60.599998474121094 -64.43683624267578 7.556905746459961
    endloop
  endfacet
  facet normal 0 -0.38267846307975967 -0.9238815908410087
    outer loop
      vertex 60.599998474121094 -64.34584045410156 7.519214630126953
      vertex 40.599998474121094 -64.43683624267578 7.556905746459961
      vertex 40.599998474121094 -64.34584045410156 7.519214630126953
    endloop
  endfacet
  facet normal 0 -0.19509557667487917 -0.9807842351719854
    outer loop
      vertex 40.599998474121094 -64.34584045410156 7.519214630126953
      vertex 60.599998474121094 -64.2492446899414 7.5
      vertex 60.599998474121094 -64.34584045410156 7.519214630126953
    endloop
  endfacet
  facet normal 0 -0.19509557667487917 -0.9807842351719854
    outer loop
      vertex 60.599998474121094 -64.2492446899414 7.5
      vertex 40.599998474121094 -64.34584045410156 7.519214630126953
      vertex 40.599998474121094 -64.2492446899414 7.5
    endloop
  endfacet
  facet normal 0 0 -1
    outer loop
      vertex 40.599998474121094 -64.2492446899414 7.5
      vertex 60.599998474121094 -59.70000076293945 7.5
      vertex 60.599998474121094 -64.2492446899414 7.5
    endloop
  endfacet
  facet normal 0 0 -1
    outer loop
      vertex 60.599998474121094 -59.70000076293945 7.5
      vertex 40.599998474121094 -64.2492446899414 7.5
      vertex 40.599998474121094 -59.70000076293945 7.5
    endloop
  endfacet
  facet normal 0 -0.9807863592928809 -0.19508489799319606
    outer loop
      vertex 40.599998474121094 -59.66925811767578 -1.533350944519043
      vertex 60.599998474121094 -59.70000076293945 -1.3787927627563477
      vertex 40.599998474121094 -59.70000076293945 -1.3787927627563477
    endloop
  endfacet
  facet normal 0 -0.9807863592928809 -0.19508489799319606
    outer loop
      vertex 60.599998474121094 -59.70000076293945 -1.3787927627563477
      vertex 40.599998474121094 -59.66925811767578 -1.533350944519043
      vertex 60.599998474121094 -59.66925811767578 -1.533350944519043
    endloop
  endfacet
  facet normal 0 -0.9238775749067064 -0.3826881584064278
    outer loop
      vertex 40.599998474121094 -59.608951568603516 -1.6789417266845703
      vertex 60.599998474121094 -59.66925811767578 -1.533350944519043
      vertex 40.599998474121094 -59.66925811767578 -1.533350944519043
    endloop
  endfacet
  facet normal 0 -0.9238775749067064 -0.3826881584064278
    outer loop
      vertex 60.599998474121094 -59.66925811767578 -1.533350944519043
      vertex 40.599998474121094 -59.608951568603516 -1.6789417266845703
      vertex 60.599998474121094 -59.608951568603516 -1.6789417266845703
    endloop
  endfacet
  facet normal 0 -0.8314670057305897 -0.5555741340104012
    outer loop
      vertex 40.599998474121094 -59.521400451660156 -1.8099699020385742
      vertex 60.599998474121094 -59.608951568603516 -1.6789417266845703
      vertex 40.599998474121094 -59.608951568603516 -1.6789417266845703
    endloop
  endfacet
  facet normal 0 -0.8314670057305897 -0.5555741340104012
    outer loop
      vertex 60.599998474121094 -59.608951568603516 -1.6789417266845703
      vertex 40.599998474121094 -59.521400451660156 -1.8099699020385742
      vertex 60.599998474121094 -59.521400451660156 -1.8099699020385742
    endloop
  endfacet
  facet normal 0 -0.7071037553087961 -0.7071098070513506
    outer loop
      vertex 40.599998474121094 -59.521400451660156 -1.8099699020385742
      vertex 60.599998474121094 -59.409969329833984 -1.9214000701904297
      vertex 60.599998474121094 -59.521400451660156 -1.8099699020385742
    endloop
  endfacet
  facet normal 0 -0.7071037553087961 -0.7071098070513506
    outer loop
      vertex 60.599998474121094 -59.409969329833984 -1.9214000701904297
      vertex 40.599998474121094 -59.521400451660156 -1.8099699020385742
      vertex 40.599998474121094 -59.409969329833984 -1.9214000701904297
    endloop
  endfacet
  facet normal 0 -0.555572745753627 -0.8314679333418552
    outer loop
      vertex 40.599998474121094 -59.409969329833984 -1.9214000701904297
      vertex 60.599998474121094 -59.2789421081543 -2.0089502334594727
      vertex 60.599998474121094 -59.409969329833984 -1.9214000701904297
    endloop
  endfacet
  facet normal 0 -0.555572745753627 -0.8314679333418552
    outer loop
      vertex 60.599998474121094 -59.2789421081543 -2.0089502334594727
      vertex 40.599998474121094 -59.409969329833984 -1.9214000701904297
      vertex 40.599998474121094 -59.2789421081543 -2.0089502334594727
    endloop
  endfacet
  facet normal 0 -0.38268085331574186 -0.9238806007842874
    outer loop
      vertex 40.599998474121094 -59.2789421081543 -2.0089502334594727
      vertex 60.599998474121094 -59.13335037231445 -2.069255828857422
      vertex 60.599998474121094 -59.2789421081543 -2.0089502334594727
    endloop
  endfacet
  facet normal 0 -0.38268085331574186 -0.9238806007842874
    outer loop
      vertex 60.599998474121094 -59.13335037231445 -2.069255828857422
      vertex 40.599998474121094 -59.2789421081543 -2.0089502334594727
      vertex 40.599998474121094 -59.13335037231445 -2.069255828857422
    endloop
  endfacet
  facet normal 0 -0.19508840354767268 -0.9807856620083821
    outer loop
      vertex 40.599998474121094 -59.13335037231445 -2.069255828857422
      vertex 60.599998474121094 -58.978790283203125 -2.09999942779541
      vertex 60.599998474121094 -59.13335037231445 -2.069255828857422
    endloop
  endfacet
  facet normal 0 -0.19508840354767268 -0.9807856620083821
    outer loop
      vertex 60.599998474121094 -58.978790283203125 -2.09999942779541
      vertex 40.599998474121094 -59.13335037231445 -2.069255828857422
      vertex 40.599998474121094 -58.978790283203125 -2.09999942779541
    endloop
  endfacet
  facet normal 0 0 -1
    outer loop
      vertex 40.599998474121094 -58.978790283203125 -2.09999942779541
      vertex 60.599998474121094 -3.921206474304199 -2.09999942779541
      vertex 60.599998474121094 -58.978790283203125 -2.09999942779541
    endloop
  endfacet
  facet normal 0 0 -1
    outer loop
      vertex 60.599998474121094 -3.921206474304199 -2.09999942779541
      vertex 40.599998474121094 -58.978790283203125 -2.09999942779541
      vertex 40.599998474121094 -3.921206474304199 -2.09999942779541
    endloop
  endfacet
  facet normal 0 0.19509071943511516 -0.9807852013515952
    outer loop
      vertex 40.599998474121094 -3.921206474304199 -2.09999942779541
      vertex 60.599998474121094 -3.766648292541504 -2.069255828857422
      vertex 60.599998474121094 -3.921206474304199 -2.09999942779541
    endloop
  endfacet
  facet normal 0 0.19509071943511516 -0.9807852013515952
    outer loop
      vertex 60.599998474121094 -3.766648292541504 -2.069255828857422
      vertex 40.599998474121094 -3.921206474304199 -2.09999942779541
      vertex 40.599998474121094 -3.766648292541504 -2.069255828857422
    endloop
  endfacet
  facet normal -1 0 0
    outer loop
      vertex 40.599998474121094 -3.230743408203125 -1.533350944519043
      vertex 40.599998474121094 -3.1999998092651367 -1.2212066650390625
      vertex 40.599998474121094 -3.1999998092651367 -1.3787927627563477
    endloop
  endfacet
  facet normal -1 0 0
    outer loop
      vertex 40.599998474121094 -3.230743408203125 -1.533350944519043
      vertex 40.599998474121094 -3.230743408203125 -1.0666484832763672
      vertex 40.599998474121094 -3.1999998092651367 -1.2212066650390625
    endloop
  endfacet
  facet normal -1 0 0
    outer loop
      vertex 40.599998474121094 -3.291049003601074 -1.6789417266845703
      vertex 40.599998474121094 -3.230743408203125 -1.0666484832763672
      vertex 40.599998474121094 -3.230743408203125 -1.533350944519043
    endloop
  endfacet
  facet normal -1 0 0
    outer loop
      vertex 40.599998474121094 -3.291049003601074 -1.6789417266845703
      vertex 40.599998474121094 -3.291049003601074 -0.9210577011108398
      vertex 40.599998474121094 -3.230743408203125 -1.0666484832763672
    endloop
  endfacet
  facet normal -1 0 0
    outer loop
      vertex 40.599998474121094 -3.378599166870117 -1.8099699020385742
      vertex 40.599998474121094 -3.291049003601074 -0.9210577011108398
      vertex 40.599998474121094 -3.291049003601074 -1.6789417266845703
    endloop
  endfacet
  facet normal -1 0 0
    outer loop
      vertex 40.599998474121094 -3.378599166870117 -1.8099699020385742
      vertex 40.599998474121094 -3.378599166870117 -0.7900295257568359
      vertex 40.599998474121094 -3.291049003601074 -0.9210577011108398
    endloop
  endfacet
  facet normal -1 0 0
    outer loop
      vertex 40.599998474121094 -3.4900293350219727 -1.9214000701904297
      vertex 40.599998474121094 -3.378599166870117 -0.7900295257568359
      vertex 40.599998474121094 -3.378599166870117 -1.8099699020385742
    endloop
  endfacet
  facet normal -1 0 0
    outer loop
      vertex 40.599998474121094 -3.4900293350219727 -1.9214000701904297
      vertex 40.599998474121094 -3.4900293350219727 -0.6785993576049805
      vertex 40.599998474121094 -3.378599166870117 -0.7900295257568359
    endloop
  endfacet
  facet normal -1 0 0
    outer loop
      vertex 40.599998474121094 -3.6210575103759766 -2.0089502334594727
      vertex 40.599998474121094 -3.4900293350219727 -0.6785993576049805
      vertex 40.599998474121094 -3.4900293350219727 -1.9214000701904297
    endloop
  endfacet
  facet normal -1 0 0
    outer loop
      vertex 40.599998474121094 -3.6210575103759766 -2.0089502334594727
      vertex 40.599998474121094 -3.6210575103759766 -0.5910491943359375
      vertex 40.599998474121094 -3.4900293350219727 -0.6785993576049805
    endloop
  endfacet
  facet normal -1 0 0
    outer loop
      vertex 40.599998474121094 -3.766648292541504 -2.069255828857422
      vertex 40.599998474121094 -3.6210575103759766 -0.5910491943359375
      vertex 40.599998474121094 -3.6210575103759766 -2.0089502334594727
    endloop
  endfacet
  facet normal -1 0 0
    outer loop
      vertex 40.599998474121094 -3.766648292541504 -2.069255828857422
      vertex 40.599998474121094 -3.766648292541504 -0.5307426452636719
      vertex 40.599998474121094 -3.6210575103759766 -0.5910491943359375
    endloop
  endfacet
  facet normal -1 0 0
    outer loop
      vertex 40.599998474121094 -3.921206474304199 -2.09999942779541
      vertex 40.599998474121094 -3.766648292541504 -0.5307426452636719
      vertex 40.599998474121094 -3.766648292541504 -2.069255828857422
    endloop
  endfacet
  facet normal -1 0 0
    outer loop
      vertex 40.599998474121094 -3.921206474304199 -2.09999942779541
      vertex 40.599998474121094 -3.921206474304199 -0.5
      vertex 40.599998474121094 -3.766648292541504 -0.5307426452636719
    endloop
  endfacet
  facet normal -1 0 0
    outer loop
      vertex 40.599998474121094 -3.921206474304199 -2.09999942779541
      vertex 40.599998474121094 -56.5 -0.5
      vertex 40.599998474121094 -3.921206474304199 -0.5
    endloop
  endfacet
  facet normal -1 0 0
    outer loop
      vertex 40.599998474121094 -59.70000076293945 -1.3787927627563477
      vertex 40.599998474121094 -56.5 -0.5
      vertex 40.599998474121094 -58.978790283203125 -2.09999942779541
    endloop
  endfacet
  facet normal -1 0 0
    outer loop
      vertex 40.599998474121094 -58.978790283203125 -2.09999942779541
      vertex 40.599998474121094 -56.5 -0.5
      vertex 40.599998474121094 -3.921206474304199 -2.09999942779541
    endloop
  endfacet
  facet normal -1 0 0
    outer loop
      vertex 40.599998474121094 -3.230743408203125 52.46664810180664
      vertex 40.599998474121094 -3.1999998092651367 52.77879333496094
      vertex 40.599998474121094 -3.1999998092651367 52.62120819091797
    endloop
  endfacet
  facet normal -1 0 0
    outer loop
      vertex 40.599998474121094 -3.230743408203125 52.46664810180664
      vertex 40.599998474121094 -3.230743408203125 52.933349609375
      vertex 40.599998474121094 -3.1999998092651367 52.77879333496094
    endloop
  endfacet
  facet normal -1 0 0
    outer loop
      vertex 40.599998474121094 -3.291049003601074 52.3210563659668
      vertex 40.599998474121094 -3.230743408203125 52.933349609375
      vertex 40.599998474121094 -3.230743408203125 52.46664810180664
    endloop
  endfacet
  facet normal -1 0 0
    outer loop
      vertex 40.599998474121094 -3.291049003601074 52.3210563659668
      vertex 40.599998474121094 -3.291049003601074 53.078941345214844
      vertex 40.599998474121094 -3.230743408203125 52.933349609375
    endloop
  endfacet
  facet normal -1 0 0
    outer loop
      vertex 40.599998474121094 -3.378599166870117 52.19002914428711
      vertex 40.599998474121094 -3.291049003601074 53.078941345214844
      vertex 40.599998474121094 -3.291049003601074 52.3210563659668
    endloop
  endfacet
  facet normal -1 0 0
    outer loop
      vertex 40.599998474121094 -3.378599166870117 52.19002914428711
      vertex 40.599998474121094 -3.378599166870117 53.20996856689453
      vertex 40.599998474121094 -3.291049003601074 53.078941345214844
    endloop
  endfacet
  facet normal -1 0 0
    outer loop
      vertex 40.599998474121094 -3.4900293350219727 52.07859802246094
      vertex 40.599998474121094 -3.378599166870117 53.20996856689453
      vertex 40.599998474121094 -3.378599166870117 52.19002914428711
    endloop
  endfacet
  facet normal -1 0 0
    outer loop
      vertex 40.599998474121094 -3.4900293350219727 52.07859802246094
      vertex 40.599998474121094 -3.4900293350219727 53.3213996887207
      vertex 40.599998474121094 -3.378599166870117 53.20996856689453
    endloop
  endfacet
  facet normal -1 0 0
    outer loop
      vertex 40.599998474121094 -3.6210575103759766 51.991050720214844
      vertex 40.599998474121094 -3.4900293350219727 53.3213996887207
      vertex 40.599998474121094 -3.4900293350219727 52.07859802246094
    endloop
  endfacet
  facet normal -1 0 0
    outer loop
      vertex 40.599998474121094 -3.6210575103759766 51.991050720214844
      vertex 40.599998474121094 -3.6210575103759766 53.40895080566406
      vertex 40.599998474121094 -3.4900293350219727 53.3213996887207
    endloop
  endfacet
  facet normal -1 0 0
    outer loop
      vertex 40.599998474121094 -3.766648292541504 51.93074417114258
      vertex 40.599998474121094 -3.6210575103759766 53.40895080566406
      vertex 40.599998474121094 -3.6210575103759766 51.991050720214844
    endloop
  endfacet
  facet normal -1 0 0
    outer loop
      vertex 40.599998474121094 -3.766648292541504 51.93074417114258
      vertex 40.599998474121094 -3.766648292541504 53.46925735473633
      vertex 40.599998474121094 -3.6210575103759766 53.40895080566406
    endloop
  endfacet
  facet normal -1 0 0
    outer loop
      vertex 40.599998474121094 -3.921206474304199 51.900001525878906
      vertex 40.599998474121094 -3.766648292541504 53.46925735473633
      vertex 40.599998474121094 -3.766648292541504 51.93074417114258
    endloop
  endfacet
  facet normal -1 0 0
    outer loop
      vertex 40.599998474121094 -3.921206474304199 51.900001525878906
      vertex 40.599998474121094 -3.921206474304199 53.5
      vertex 40.599998474121094 -3.766648292541504 53.46925735473633
    endloop
  endfacet
  facet normal -1 0 0
    outer loop
      vertex 40.599998474121094 -56.5 51.900001525878906
      vertex 40.599998474121094 -3.921206474304199 53.5
      vertex 40.599998474121094 -3.921206474304199 51.900001525878906
    endloop
  endfacet
  facet normal -1 0 0
    outer loop
      vertex 40.599998474121094 -56.5 51.900001525878906
      vertex 40.599998474121094 -58.978790283203125 53.5
      vertex 40.599998474121094 -3.921206474304199 53.5
    endloop
  endfacet
  facet normal -1 0 0
    outer loop
      vertex 40.599998474121094 -59.70000076293945 23.700000762939453
      vertex 40.599998474121094 -56.5 -0.5
      vertex 40.599998474121094 -59.70000076293945 20.5
    endloop
  endfacet
  facet normal -1 0 0
    outer loop
      vertex 40.599998474121094 -59.70000076293945 -1.3787927627563477
      vertex 40.599998474121094 -58.978790283203125 -2.09999942779541
      vertex 40.599998474121094 -59.13335037231445 -2.069255828857422
    endloop
  endfacet
  facet normal -1 0 0
    outer loop
      vertex 40.599998474121094 -56.5 -0.5
      vertex 40.599998474121094 -59.70000076293945 23.700000762939453
      vertex 40.599998474121094 -56.5 51.900001525878906
    endloop
  endfacet
  facet normal -1 0 0
    outer loop
      vertex 40.599998474121094 -59.70000076293945 -1.3787927627563477
      vertex 40.599998474121094 -59.13335037231445 -2.069255828857422
      vertex 40.599998474121094 -59.2789421081543 -2.0089502334594727
    endloop
  endfacet
  facet normal -1 0 0
    outer loop
      vertex 40.599998474121094 -59.70000076293945 52.77879333496094
      vertex 40.599998474121094 -56.5 51.900001525878906
      vertex 40.599998474121094 -59.70000076293945 23.700000762939453
    endloop
  endfacet
  facet normal -1 0 0
    outer loop
      vertex 40.599998474121094 -59.70000076293945 -1.3787927627563477
      vertex 40.599998474121094 -59.2789421081543 -2.0089502334594727
      vertex 40.599998474121094 -59.409969329833984 -1.9214000701904297
    endloop
  endfacet
  facet normal -1 0 0
    outer loop
      vertex 40.599998474121094 -56.5 -0.5
      vertex 40.599998474121094 -59.70000076293945 13.5
      vertex 40.599998474121094 -59.70000076293945 20.5
    endloop
  endfacet
  facet normal -1 0 0
    outer loop
      vertex 40.599998474121094 -59.70000076293945 -1.3787927627563477
      vertex 40.599998474121094 -59.409969329833984 -1.9214000701904297
      vertex 40.599998474121094 -59.521400451660156 -1.8099699020385742
    endloop
  endfacet
  facet normal -1 0 0
    outer loop
      vertex 40.599998474121094 -56.5 51.900001525878906
      vertex 40.599998474121094 -59.70000076293945 52.77879333496094
      vertex 40.599998474121094 -58.978790283203125 53.5
    endloop
  endfacet
  facet normal -1 0 0
    outer loop
      vertex 40.599998474121094 -59.70000076293945 -1.3787927627563477
      vertex 40.599998474121094 -59.521400451660156 -1.8099699020385742
      vertex 40.599998474121094 -59.608951568603516 -1.6789417266845703
    endloop
  endfacet
  facet normal -1 0 0
    outer loop
      vertex 40.599998474121094 -56.5 -0.5
      vertex 40.599998474121094 -59.70000076293945 7.5
      vertex 40.599998474121094 -59.70000076293945 13.5
    endloop
  endfacet
  facet normal -1 0 0
    outer loop
      vertex 40.599998474121094 -59.70000076293945 -1.3787927627563477
      vertex 40.599998474121094 -59.608951568603516 -1.6789417266845703
      vertex 40.599998474121094 -59.66925811767578 -1.533350944519043
    endloop
  endfacet
  facet normal -1 0 0
    outer loop
      vertex 40.599998474121094 -58.978790283203125 53.5
      vertex 40.599998474121094 -59.70000076293945 52.77879333496094
      vertex 40.599998474121094 -59.13335037231445 53.46925735473633
    endloop
  endfacet
  facet normal -1 0 0
    outer loop
      vertex 40.599998474121094 -56.5 -0.5
      vertex 40.599998474121094 -59.70000076293945 -1.3787927627563477
      vertex 40.599998474121094 -59.70000076293945 7.5
    endloop
  endfacet
  facet normal -1 0 0
    outer loop
      vertex 40.599998474121094 -59.13335037231445 53.46925735473633
      vertex 40.599998474121094 -59.70000076293945 52.77879333496094
      vertex 40.599998474121094 -59.2789421081543 53.40895080566406
    endloop
  endfacet
  facet normal -1 0 0
    outer loop
      vertex 40.599998474121094 -59.2789421081543 53.40895080566406
      vertex 40.599998474121094 -59.70000076293945 52.77879333496094
      vertex 40.599998474121094 -59.409969329833984 53.3213996887207
    endloop
  endfacet
  facet normal -1 0 0
    outer loop
      vertex 40.599998474121094 -59.409969329833984 53.3213996887207
      vertex 40.599998474121094 -59.70000076293945 52.77879333496094
      vertex 40.599998474121094 -59.521400451660156 53.20996856689453
    endloop
  endfacet
  facet normal -1 0 0
    outer loop
      vertex 40.599998474121094 -59.521400451660156 53.20996856689453
      vertex 40.599998474121094 -59.70000076293945 52.77879333496094
      vertex 40.599998474121094 -59.608951568603516 53.078941345214844
    endloop
  endfacet
  facet normal -1 0 0
    outer loop
      vertex 40.599998474121094 -59.608951568603516 53.078941345214844
      vertex 40.599998474121094 -59.70000076293945 52.77879333496094
      vertex 40.599998474121094 -59.66925811767578 52.933349609375
    endloop
  endfacet
  facet normal -1 0 0
    outer loop
      vertex 40.599998474121094 -78.97879028320312 20.5
      vertex 40.599998474121094 -59.70000076293945 23.700000762939453
      vertex 40.599998474121094 -59.70000076293945 20.5
    endloop
  endfacet
  facet normal -1 0 0
    outer loop
      vertex 40.599998474121094 -78.97879028320312 20.5
      vertex 40.599998474121094 -78.97879028320312 23.700000762939453
      vertex 40.599998474121094 -59.70000076293945 23.700000762939453
    endloop
  endfacet
  facet normal -1 0 0
    outer loop
      vertex 40.599998474121094 -79.69999694824219 21.221206665039062
      vertex 40.599998474121094 -78.97879028320312 20.5
      vertex 40.599998474121094 -79.13335418701172 20.530742645263672
    endloop
  endfacet
  facet normal -1 0 0
    outer loop
      vertex 40.599998474121094 -78.97879028320312 20.5
      vertex 40.599998474121094 -79.69999694824219 21.221206665039062
      vertex 40.599998474121094 -78.97879028320312 23.700000762939453
    endloop
  endfacet
  facet normal -1 0 0
    outer loop
      vertex 40.599998474121094 -79.69999694824219 21.221206665039062
      vertex 40.599998474121094 -79.13335418701172 20.530742645263672
      vertex 40.599998474121094 -79.27893829345703 20.591049194335938
    endloop
  endfacet
  facet normal -1 0 0
    outer loop
      vertex 40.599998474121094 -79.69999694824219 22.978792190551758
      vertex 40.599998474121094 -78.97879028320312 23.700000762939453
      vertex 40.599998474121094 -79.69999694824219 21.221206665039062
    endloop
  endfacet
  facet normal -1 0 0
    outer loop
      vertex 40.599998474121094 -79.69999694824219 21.221206665039062
      vertex 40.599998474121094 -79.27893829345703 20.591049194335938
      vertex 40.599998474121094 -79.40997314453125 20.678600311279297
    endloop
  endfacet
  facet normal -1 0 0
    outer loop
      vertex 40.599998474121094 -78.97879028320312 23.700000762939453
      vertex 40.599998474121094 -79.69999694824219 22.978792190551758
      vertex 40.599998474121094 -79.13335418701172 23.66925621032715
    endloop
  endfacet
  facet normal -1 0 0
    outer loop
      vertex 40.599998474121094 -79.69999694824219 21.221206665039062
      vertex 40.599998474121094 -79.40997314453125 20.678600311279297
      vertex 40.599998474121094 -79.52140045166016 20.790029525756836
    endloop
  endfacet
  facet normal -1 0 0
    outer loop
      vertex 40.599998474121094 -79.13335418701172 23.66925621032715
      vertex 40.599998474121094 -79.69999694824219 22.978792190551758
      vertex 40.599998474121094 -79.27893829345703 23.608951568603516
    endloop
  endfacet
  facet normal -1 0 0
    outer loop
      vertex 40.599998474121094 -79.69999694824219 21.221206665039062
      vertex 40.599998474121094 -79.52140045166016 20.790029525756836
      vertex 40.599998474121094 -79.60894775390625 20.921058654785156
    endloop
  endfacet
  facet normal -1 0 0
    outer loop
      vertex 40.599998474121094 -79.27893829345703 23.608951568603516
      vertex 40.599998474121094 -79.69999694824219 22.978792190551758
      vertex 40.599998474121094 -79.40997314453125 23.521400451660156
    endloop
  endfacet
  facet normal -1 0 0
    outer loop
      vertex 40.599998474121094 -79.69999694824219 21.221206665039062
      vertex 40.599998474121094 -79.60894775390625 20.921058654785156
      vertex 40.599998474121094 -79.66925811767578 21.066648483276367
    endloop
  endfacet
  facet normal -1 0 0
    outer loop
      vertex 40.599998474121094 -79.40997314453125 23.521400451660156
      vertex 40.599998474121094 -79.69999694824219 22.978792190551758
      vertex 40.599998474121094 -79.52140045166016 23.409969329833984
    endloop
  endfacet
  facet normal -1 0 0
    outer loop
      vertex 40.599998474121094 -79.52140045166016 23.409969329833984
      vertex 40.599998474121094 -79.69999694824219 22.978792190551758
      vertex 40.599998474121094 -79.60894775390625 23.278942108154297
    endloop
  endfacet
  facet normal -1 0 0
    outer loop
      vertex 40.599998474121094 -79.60894775390625 23.278942108154297
      vertex 40.599998474121094 -79.69999694824219 22.978792190551758
      vertex 40.599998474121094 -79.66925811767578 23.133350372314453
    endloop
  endfacet
  facet normal -1 0 0
    outer loop
      vertex 40.599998474121094 -64.69999694824219 7.950754165649414
      vertex 40.599998474121094 -59.70000076293945 7.5
      vertex 40.599998474121094 -64.2492446899414 7.5
    endloop
  endfacet
  facet normal -1 0 0
    outer loop
      vertex 40.599998474121094 -59.70000076293945 7.5
      vertex 40.599998474121094 -64.69999694824219 7.950754165649414
      vertex 40.599998474121094 -59.70000076293945 13.5
    endloop
  endfacet
  facet normal -1 0 0
    outer loop
      vertex 40.599998474121094 -64.69999694824219 7.950754165649414
      vertex 40.599998474121094 -64.2492446899414 7.5
      vertex 40.599998474121094 -64.34584045410156 7.519214630126953
    endloop
  endfacet
  facet normal -1 0 0
    outer loop
      vertex 40.599998474121094 -64.69999694824219 13.04924488067627
      vertex 40.599998474121094 -59.70000076293945 13.5
      vertex 40.599998474121094 -64.69999694824219 7.950754165649414
    endloop
  endfacet
  facet normal -1 0 0
    outer loop
      vertex 40.599998474121094 -64.69999694824219 7.950754165649414
      vertex 40.599998474121094 -64.34584045410156 7.519214630126953
      vertex 40.599998474121094 -64.43683624267578 7.556905746459961
    endloop
  endfacet
  facet normal -1 0 0
    outer loop
      vertex 40.599998474121094 -59.70000076293945 13.5
      vertex 40.599998474121094 -64.69999694824219 13.04924488067627
      vertex 40.599998474121094 -64.2492446899414 13.5
    endloop
  endfacet
  facet normal -1 0 0
    outer loop
      vertex 40.599998474121094 -64.69999694824219 7.950754165649414
      vertex 40.599998474121094 -64.43683624267578 7.556905746459961
      vertex 40.599998474121094 -64.51873016357422 7.611623764038086
    endloop
  endfacet
  facet normal -1 0 0
    outer loop
      vertex 40.599998474121094 -64.2492446899414 13.5
      vertex 40.599998474121094 -64.69999694824219 13.04924488067627
      vertex 40.599998474121094 -64.34584045410156 13.48078441619873
    endloop
  endfacet
  facet normal -1 0 0
    outer loop
      vertex 40.599998474121094 -64.69999694824219 7.950754165649414
      vertex 40.599998474121094 -64.51873016357422 7.611623764038086
      vertex 40.599998474121094 -64.58837890625 7.681267738342285
    endloop
  endfacet
  facet normal -1 0 0
    outer loop
      vertex 40.599998474121094 -64.34584045410156 13.48078441619873
      vertex 40.599998474121094 -64.69999694824219 13.04924488067627
      vertex 40.599998474121094 -64.43683624267578 13.443094253540039
    endloop
  endfacet
  facet normal -1 0 0
    outer loop
      vertex 40.599998474121094 -64.69999694824219 7.950754165649414
      vertex 40.599998474121094 -64.58837890625 7.681267738342285
      vertex 40.599998474121094 -64.64309692382812 7.763160705566406
    endloop
  endfacet
  facet normal -1 0 0
    outer loop
      vertex 40.599998474121094 -64.43683624267578 13.443094253540039
      vertex 40.599998474121094 -64.69999694824219 13.04924488067627
      vertex 40.599998474121094 -64.51873016357422 13.388375282287598
    endloop
  endfacet
  facet normal -1 0 0
    outer loop
      vertex 40.599998474121094 -64.69999694824219 7.950754165649414
      vertex 40.599998474121094 -64.64309692382812 7.763160705566406
      vertex 40.599998474121094 -64.6807861328125 7.854154586791992
    endloop
  endfacet
  facet normal -1 0 0
    outer loop
      vertex 40.599998474121094 -64.51873016357422 13.388375282287598
      vertex 40.599998474121094 -64.69999694824219 13.04924488067627
      vertex 40.599998474121094 -64.58837890625 13.318731307983398
    endloop
  endfacet
  facet normal -1 0 0
    outer loop
      vertex 40.599998474121094 -64.58837890625 13.318731307983398
      vertex 40.599998474121094 -64.69999694824219 13.04924488067627
      vertex 40.599998474121094 -64.64309692382812 13.236838340759277
    endloop
  endfacet
  facet normal -1 0 0
    outer loop
      vertex 40.599998474121094 -64.64309692382812 13.236838340759277
      vertex 40.599998474121094 -64.69999694824219 13.04924488067627
      vertex 40.599998474121094 -64.6807861328125 13.145844459533691
    endloop
  endfacet
  facet normal 1 0 0
    outer loop
      vertex 60.599998474121094 -3.921206474304199 53.5
      vertex 60.599998474121094 -3.1999998092651367 52.77879333496094
      vertex 60.599998474121094 -3.230743408203125 52.933349609375
    endloop
  endfacet
  facet normal 1 0 0
    outer loop
      vertex 60.599998474121094 -3.1999998092651367 52.77879333496094
      vertex 60.599998474121094 -3.921206474304199 53.5
      vertex 60.599998474121094 -3.1999998092651367 43.22120666503906
    endloop
  endfacet
  facet normal 1 0 0
    outer loop
      vertex 60.599998474121094 -3.921206474304199 53.5
      vertex 60.599998474121094 -3.230743408203125 52.933349609375
      vertex 60.599998474121094 -3.291049003601074 53.078941345214844
    endloop
  endfacet
  facet normal 1 0 0
    outer loop
      vertex 60.599998474121094 -3.921206474304199 42.5
      vertex 60.599998474121094 -3.1999998092651367 43.22120666503906
      vertex 60.599998474121094 -3.921206474304199 53.5
    endloop
  endfacet
  facet normal 1 0 0
    outer loop
      vertex 60.599998474121094 -3.921206474304199 53.5
      vertex 60.599998474121094 -3.291049003601074 53.078941345214844
      vertex 60.599998474121094 -3.378599166870117 53.20996856689453
    endloop
  endfacet
  facet normal 1 0 0
    outer loop
      vertex 60.599998474121094 -3.1999998092651367 43.22120666503906
      vertex 60.599998474121094 -3.921206474304199 42.5
      vertex 60.599998474121094 -3.230743408203125 43.066650390625
    endloop
  endfacet
  facet normal 1 0 0
    outer loop
      vertex 60.599998474121094 -3.921206474304199 53.5
      vertex 60.599998474121094 -3.378599166870117 53.20996856689453
      vertex 60.599998474121094 -3.4900293350219727 53.3213996887207
    endloop
  endfacet
  facet normal 1 0 0
    outer loop
      vertex 60.599998474121094 -3.230743408203125 43.066650390625
      vertex 60.599998474121094 -3.921206474304199 42.5
      vertex 60.599998474121094 -3.291049003601074 42.921058654785156
    endloop
  endfacet
  facet normal 1 0 0
    outer loop
      vertex 60.599998474121094 -3.921206474304199 53.5
      vertex 60.599998474121094 -3.4900293350219727 53.3213996887207
      vertex 60.599998474121094 -3.6210575103759766 53.40895080566406
    endloop
  endfacet
  facet normal 1 0 0
    outer loop
      vertex 60.599998474121094 -3.291049003601074 42.921058654785156
      vertex 60.599998474121094 -3.921206474304199 42.5
      vertex 60.599998474121094 -3.378599166870117 42.79003143310547
    endloop
  endfacet
  facet normal 1 0 0
    outer loop
      vertex 60.599998474121094 -3.921206474304199 53.5
      vertex 60.599998474121094 -3.6210575103759766 53.40895080566406
      vertex 60.599998474121094 -3.766648292541504 53.46925735473633
    endloop
  endfacet
  facet normal 1 0 0
    outer loop
      vertex 60.599998474121094 -3.378599166870117 42.79003143310547
      vertex 60.599998474121094 -3.921206474304199 42.5
      vertex 60.599998474121094 -3.4900293350219727 42.6786003112793
    endloop
  endfacet
  facet normal 1 0 0
    outer loop
      vertex 60.599998474121094 -3.4900293350219727 42.6786003112793
      vertex 60.599998474121094 -3.921206474304199 42.5
      vertex 60.599998474121094 -3.6210575103759766 42.59104919433594
    endloop
  endfacet
  facet normal 1 0 0
    outer loop
      vertex 60.599998474121094 -3.6210575103759766 42.59104919433594
      vertex 60.599998474121094 -3.921206474304199 42.5
      vertex 60.599998474121094 -3.766648292541504 42.53074264526367
    endloop
  endfacet
  facet normal 1 0 0
    outer loop
      vertex 60.599998474121094 -3.921206474304199 53.5
      vertex 60.599998474121094 -38.99547576904297 42.5
      vertex 60.599998474121094 -3.921206474304199 42.5
    endloop
  endfacet
  facet normal 1 0 0
    outer loop
      vertex 60.599998474121094 -58.978790283203125 53.5
      vertex 60.599998474121094 -38.99547576904297 42.5
      vertex 60.599998474121094 -3.921206474304199 53.5
    endloop
  endfacet
  facet normal 1 0 0
    outer loop
      vertex 60.599998474121094 -41.58470916748047 40.37506866455078
      vertex 60.599998474121094 -59.521400451660156 53.20996856689453
      vertex 60.599998474121094 -41.70000076293945 39.795475006103516
    endloop
  endfacet
  facet normal 1 0 0
    outer loop
      vertex 60.599998474121094 -59.521400451660156 53.20996856689453
      vertex 60.599998474121094 -41.58470916748047 40.37506866455078
      vertex 60.599998474121094 -58.978790283203125 53.5
    endloop
  endfacet
  facet normal 1 0 0
    outer loop
      vertex 60.599998474121094 -41.35856628417969 40.9210319519043
      vertex 60.599998474121094 -58.978790283203125 53.5
      vertex 60.599998474121094 -41.58470916748047 40.37506866455078
    endloop
  endfacet
  facet normal 1 0 0
    outer loop
      vertex 60.599998474121094 -41.030250549316406 41.41238784790039
      vertex 60.599998474121094 -58.978790283203125 53.5
      vertex 60.599998474121094 -41.35856628417969 40.9210319519043
    endloop
  endfacet
  facet normal 1 0 0
    outer loop
      vertex 60.599998474121094 -40.612388610839844 41.83025360107422
      vertex 60.599998474121094 -58.978790283203125 53.5
      vertex 60.599998474121094 -41.030250549316406 41.41238784790039
    endloop
  endfacet
  facet normal 1 0 0
    outer loop
      vertex 60.599998474121094 -40.12103271484375 42.158565521240234
      vertex 60.599998474121094 -58.978790283203125 53.5
      vertex 60.599998474121094 -40.612388610839844 41.83025360107422
    endloop
  endfacet
  facet normal 1 0 0
    outer loop
      vertex 60.599998474121094 -39.57506561279297 42.38471221923828
      vertex 60.599998474121094 -58.978790283203125 53.5
      vertex 60.599998474121094 -40.12103271484375 42.158565521240234
    endloop
  endfacet
  facet normal 1 0 0
    outer loop
      vertex 60.599998474121094 -38.99547576904297 42.5
      vertex 60.599998474121094 -58.978790283203125 53.5
      vertex 60.599998474121094 -39.57506561279297 42.38471221923828
    endloop
  endfacet
  facet normal 1 0 0
    outer loop
      vertex 60.599998474121094 -3.921206474304199 13.899999618530273
      vertex 60.599998474121094 -3.1999998092651367 13.178792953491211
      vertex 60.599998474121094 -3.230743408203125 13.333351135253906
    endloop
  endfacet
  facet normal 1 0 0
    outer loop
      vertex 60.599998474121094 -3.1999998092651367 13.178792953491211
      vertex 60.599998474121094 -3.921206474304199 13.899999618530273
      vertex 60.599998474121094 -3.1999998092651367 -1.3787927627563477
    endloop
  endfacet
  facet normal 1 0 0
    outer loop
      vertex 60.599998474121094 -3.921206474304199 13.899999618530273
      vertex 60.599998474121094 -3.230743408203125 13.333351135253906
      vertex 60.599998474121094 -3.291049003601074 13.478941917419434
    endloop
  endfacet
  facet normal 1 0 0
    outer loop
      vertex 60.599998474121094 -3.921206474304199 -2.09999942779541
      vertex 60.599998474121094 -3.1999998092651367 -1.3787927627563477
      vertex 60.599998474121094 -3.921206474304199 13.899999618530273
    endloop
  endfacet
  facet normal 1 0 0
    outer loop
      vertex 60.599998474121094 -3.921206474304199 13.899999618530273
      vertex 60.599998474121094 -3.291049003601074 13.478941917419434
      vertex 60.599998474121094 -3.378599166870117 13.609970092773438
    endloop
  endfacet
  facet normal 1 0 0
    outer loop
      vertex 60.599998474121094 -3.1999998092651367 -1.3787927627563477
      vertex 60.599998474121094 -3.921206474304199 -2.09999942779541
      vertex 60.599998474121094 -3.230743408203125 -1.533350944519043
    endloop
  endfacet
  facet normal 1 0 0
    outer loop
      vertex 60.599998474121094 -3.921206474304199 13.899999618530273
      vertex 60.599998474121094 -3.378599166870117 13.609970092773438
      vertex 60.599998474121094 -3.4900293350219727 13.721400260925293
    endloop
  endfacet
  facet normal 1 0 0
    outer loop
      vertex 60.599998474121094 -3.230743408203125 -1.533350944519043
      vertex 60.599998474121094 -3.921206474304199 -2.09999942779541
      vertex 60.599998474121094 -3.291049003601074 -1.6789417266845703
    endloop
  endfacet
  facet normal 1 0 0
    outer loop
      vertex 60.599998474121094 -3.921206474304199 13.899999618530273
      vertex 60.599998474121094 -3.4900293350219727 13.721400260925293
      vertex 60.599998474121094 -3.6210575103759766 13.808950424194336
    endloop
  endfacet
  facet normal 1 0 0
    outer loop
      vertex 60.599998474121094 -3.291049003601074 -1.6789417266845703
      vertex 60.599998474121094 -3.921206474304199 -2.09999942779541
      vertex 60.599998474121094 -3.378599166870117 -1.8099699020385742
    endloop
  endfacet
  facet normal 1 0 0
    outer loop
      vertex 60.599998474121094 -3.921206474304199 13.899999618530273
      vertex 60.599998474121094 -3.6210575103759766 13.808950424194336
      vertex 60.599998474121094 -3.766648292541504 13.869256019592285
    endloop
  endfacet
  facet normal 1 0 0
    outer loop
      vertex 60.599998474121094 -3.378599166870117 -1.8099699020385742
      vertex 60.599998474121094 -3.921206474304199 -2.09999942779541
      vertex 60.599998474121094 -3.4900293350219727 -1.9214000701904297
    endloop
  endfacet
  facet normal 1 0 0
    outer loop
      vertex 60.599998474121094 -3.4900293350219727 -1.9214000701904297
      vertex 60.599998474121094 -3.921206474304199 -2.09999942779541
      vertex 60.599998474121094 -3.6210575103759766 -2.0089502334594727
    endloop
  endfacet
  facet normal 1 0 0
    outer loop
      vertex 60.599998474121094 -3.6210575103759766 -2.0089502334594727
      vertex 60.599998474121094 -3.921206474304199 -2.09999942779541
      vertex 60.599998474121094 -3.766648292541504 -2.069255828857422
    endloop
  endfacet
  facet normal 1 0 0
    outer loop
      vertex 60.599998474121094 -39.498207092285156 13.899999618530273
      vertex 60.599998474121094 -3.921206474304199 -2.09999942779541
      vertex 60.599998474121094 -3.921206474304199 13.899999618530273
    endloop
  endfacet
  facet normal 1 0 0
    outer loop
      vertex 60.599998474121094 -58.978790283203125 -2.09999942779541
      vertex 60.599998474121094 -39.498207092285156 13.899999618530273
      vertex 60.599998474121094 -39.57506561279297 13.915287971496582
    endloop
  endfacet
  facet normal 1 0 0
    outer loop
      vertex 60.599998474121094 -58.978790283203125 -2.09999942779541
      vertex 60.599998474121094 -39.57506561279297 13.915287971496582
      vertex 60.599998474121094 -40.12103271484375 14.141433715820312
    endloop
  endfacet
  facet normal 1 0 0
    outer loop
      vertex 60.599998474121094 -41.70000076293945 39.795475006103516
      vertex 60.599998474121094 -59.70000076293945 20.5
      vertex 60.599998474121094 -41.70000076293945 16.50452423095703
    endloop
  endfacet
  facet normal 1 0 0
    outer loop
      vertex 60.599998474121094 -59.70000076293945 13.5
      vertex 60.599998474121094 -41.70000076293945 16.50452423095703
      vertex 60.599998474121094 -59.70000076293945 20.5
    endloop
  endfacet
  facet normal 1 0 0
    outer loop
      vertex 60.599998474121094 -39.498207092285156 13.899999618530273
      vertex 60.599998474121094 -58.978790283203125 -2.09999942779541
      vertex 60.599998474121094 -3.921206474304199 -2.09999942779541
    endloop
  endfacet
  facet normal 1 0 0
    outer loop
      vertex 60.599998474121094 -40.612388610839844 14.469747543334961
      vertex 60.599998474121094 -58.978790283203125 -2.09999942779541
      vertex 60.599998474121094 -40.12103271484375 14.141433715820312
    endloop
  endfacet
  facet normal 1 0 0
    outer loop
      vertex 60.599998474121094 -59.70000076293945 7.5
      vertex 60.599998474121094 -40.612388610839844 14.469747543334961
      vertex 60.599998474121094 -41.030250549316406 14.887611389160156
    endloop
  endfacet
  facet normal 1 0 0
    outer loop
      vertex 60.599998474121094 -59.70000076293945 7.5
      vertex 60.599998474121094 -41.030250549316406 14.887611389160156
      vertex 60.599998474121094 -41.35856628417969 15.378966331481934
    endloop
  endfacet
  facet normal 1 0 0
    outer loop
      vertex 60.599998474121094 -41.70000076293945 16.50452423095703
      vertex 60.599998474121094 -59.70000076293945 13.5
      vertex 60.599998474121094 -41.58470916748047 15.924931526184082
    endloop
  endfacet
  facet normal 1 0 0
    outer loop
      vertex 60.599998474121094 -59.521400451660156 53.20996856689453
      vertex 60.599998474121094 -58.978790283203125 53.5
      vertex 60.599998474121094 -59.13335037231445 53.46925735473633
    endloop
  endfacet
  facet normal 1 0 0
    outer loop
      vertex 60.599998474121094 -41.58470916748047 15.924931526184082
      vertex 60.599998474121094 -59.70000076293945 13.5
      vertex 60.599998474121094 -41.35856628417969 15.378966331481934
    endloop
  endfacet
  facet normal 1 0 0
    outer loop
      vertex 60.599998474121094 -59.521400451660156 53.20996856689453
      vertex 60.599998474121094 -59.13335037231445 53.46925735473633
      vertex 60.599998474121094 -59.2789421081543 53.40895080566406
    endloop
  endfacet
  facet normal 1 0 0
    outer loop
      vertex 60.599998474121094 -59.70000076293945 7.5
      vertex 60.599998474121094 -41.35856628417969 15.378966331481934
      vertex 60.599998474121094 -59.70000076293945 13.5
    endloop
  endfacet
  facet normal 1 0 0
    outer loop
      vertex 60.599998474121094 -59.521400451660156 53.20996856689453
      vertex 60.599998474121094 -59.2789421081543 53.40895080566406
      vertex 60.599998474121094 -59.409969329833984 53.3213996887207
    endloop
  endfacet
  facet normal 1 0 0
    outer loop
      vertex 60.599998474121094 -40.612388610839844 14.469747543334961
      vertex 60.599998474121094 -59.70000076293945 7.5
      vertex 60.599998474121094 -58.978790283203125 -2.09999942779541
    endloop
  endfacet
  facet normal 1 0 0
    outer loop
      vertex 60.599998474121094 -41.70000076293945 39.795475006103516
      vertex 60.599998474121094 -59.521400451660156 53.20996856689453
      vertex 60.599998474121094 -59.70000076293945 20.5
    endloop
  endfacet
  facet normal 1 0 0
    outer loop
      vertex 60.599998474121094 -59.70000076293945 -1.3787927627563477
      vertex 60.599998474121094 -58.978790283203125 -2.09999942779541
      vertex 60.599998474121094 -59.70000076293945 7.5
    endloop
  endfacet
  facet normal 1 0 0
    outer loop
      vertex 60.599998474121094 -58.978790283203125 -2.09999942779541
      vertex 60.599998474121094 -59.70000076293945 -1.3787927627563477
      vertex 60.599998474121094 -59.13335037231445 -2.069255828857422
    endloop
  endfacet
  facet normal 1 0 0
    outer loop
      vertex 60.599998474121094 -59.13335037231445 -2.069255828857422
      vertex 60.599998474121094 -59.70000076293945 -1.3787927627563477
      vertex 60.599998474121094 -59.2789421081543 -2.0089502334594727
    endloop
  endfacet
  facet normal 1 0 0
    outer loop
      vertex 60.599998474121094 -59.2789421081543 -2.0089502334594727
      vertex 60.599998474121094 -59.70000076293945 -1.3787927627563477
      vertex 60.599998474121094 -59.409969329833984 -1.9214000701904297
    endloop
  endfacet
  facet normal 1 0 0
    outer loop
      vertex 60.599998474121094 -79.52140045166016 23.409969329833984
      vertex 60.599998474121094 -59.70000076293945 20.5
      vertex 60.599998474121094 -59.521400451660156 53.20996856689453
    endloop
  endfacet
  facet normal 1 0 0
    outer loop
      vertex 60.599998474121094 -59.70000076293945 20.5
      vertex 60.599998474121094 -79.52140045166016 23.409969329833984
      vertex 60.599998474121094 -78.97879028320312 20.5
    endloop
  endfacet
  facet normal 1 0 0
    outer loop
      vertex 60.599998474121094 -79.69999694824219 22.978792190551758
      vertex 60.599998474121094 -78.97879028320312 20.5
      vertex 60.599998474121094 -79.52140045166016 23.409969329833984
    endloop
  endfacet
  facet normal 1 0 0
    outer loop
      vertex 60.599998474121094 -79.69999694824219 21.221206665039062
      vertex 60.599998474121094 -78.97879028320312 20.5
      vertex 60.599998474121094 -79.69999694824219 22.978792190551758
    endloop
  endfacet
  facet normal 1 0 0
    outer loop
      vertex 60.599998474121094 -78.97879028320312 20.5
      vertex 60.599998474121094 -79.69999694824219 21.221206665039062
      vertex 60.599998474121094 -79.13335418701172 20.530742645263672
    endloop
  endfacet
  facet normal 1 0 0
    outer loop
      vertex 60.599998474121094 -79.13335418701172 20.530742645263672
      vertex 60.599998474121094 -79.69999694824219 21.221206665039062
      vertex 60.599998474121094 -79.27893829345703 20.591049194335938
    endloop
  endfacet
  facet normal 1 0 0
    outer loop
      vertex 60.599998474121094 -79.69999694824219 22.978792190551758
      vertex 60.599998474121094 -79.52140045166016 23.409969329833984
      vertex 60.599998474121094 -79.60894775390625 23.278942108154297
    endloop
  endfacet
  facet normal 1 0 0
    outer loop
      vertex 60.599998474121094 -79.27893829345703 20.591049194335938
      vertex 60.599998474121094 -79.69999694824219 21.221206665039062
      vertex 60.599998474121094 -79.40997314453125 20.678600311279297
    endloop
  endfacet
  facet normal 1 0 0
    outer loop
      vertex 60.599998474121094 -79.69999694824219 22.978792190551758
      vertex 60.599998474121094 -79.60894775390625 23.278942108154297
      vertex 60.599998474121094 -79.66925811767578 23.133350372314453
    endloop
  endfacet
  facet normal 1 0 0
    outer loop
      vertex 60.599998474121094 -79.40997314453125 20.678600311279297
      vertex 60.599998474121094 -79.69999694824219 21.221206665039062
      vertex 60.599998474121094 -79.52140045166016 20.790029525756836
    endloop
  endfacet
  facet normal 1 0 0
    outer loop
      vertex 60.599998474121094 -79.52140045166016 20.790029525756836
      vertex 60.599998474121094 -79.69999694824219 21.221206665039062
      vertex 60.599998474121094 -79.60894775390625 20.921058654785156
    endloop
  endfacet
  facet normal 1 0 0
    outer loop
      vertex 60.599998474121094 -79.60894775390625 20.921058654785156
      vertex 60.599998474121094 -79.69999694824219 21.221206665039062
      vertex 60.599998474121094 -79.66925811767578 21.066648483276367
    endloop
  endfacet
  facet normal 1 0 0
    outer loop
      vertex 60.599998474121094 -64.69999694824219 13.04924488067627
      vertex 60.599998474121094 -59.70000076293945 13.5
      vertex 60.599998474121094 -64.2492446899414 13.5
    endloop
  endfacet
  facet normal 1 0 0
    outer loop
      vertex 60.599998474121094 -59.70000076293945 13.5
      vertex 60.599998474121094 -64.69999694824219 13.04924488067627
      vertex 60.599998474121094 -59.70000076293945 7.5
    endloop
  endfacet
  facet normal 1 0 0
    outer loop
      vertex 60.599998474121094 -64.69999694824219 13.04924488067627
      vertex 60.599998474121094 -64.2492446899414 13.5
      vertex 60.599998474121094 -64.34584045410156 13.48078441619873
    endloop
  endfacet
  facet normal 1 0 0
    outer loop
      vertex 60.599998474121094 -64.69999694824219 7.950754165649414
      vertex 60.599998474121094 -59.70000076293945 7.5
      vertex 60.599998474121094 -64.69999694824219 13.04924488067627
    endloop
  endfacet
  facet normal 1 0 0
    outer loop
      vertex 60.599998474121094 -64.69999694824219 13.04924488067627
      vertex 60.599998474121094 -64.34584045410156 13.48078441619873
      vertex 60.599998474121094 -64.43683624267578 13.443094253540039
    endloop
  endfacet
  facet normal 1 0 0
    outer loop
      vertex 60.599998474121094 -59.70000076293945 7.5
      vertex 60.599998474121094 -64.69999694824219 7.950754165649414
      vertex 60.599998474121094 -64.2492446899414 7.5
    endloop
  endfacet
  facet normal 1 0 0
    outer loop
      vertex 60.599998474121094 -64.69999694824219 13.04924488067627
      vertex 60.599998474121094 -64.43683624267578 13.443094253540039
      vertex 60.599998474121094 -64.51873016357422 13.388375282287598
    endloop
  endfacet
  facet normal 1 0 0
    outer loop
      vertex 60.599998474121094 -64.2492446899414 7.5
      vertex 60.599998474121094 -64.69999694824219 7.950754165649414
      vertex 60.599998474121094 -64.34584045410156 7.519214630126953
    endloop
  endfacet
  facet normal 1 0 0
    outer loop
      vertex 60.599998474121094 -64.69999694824219 13.04924488067627
      vertex 60.599998474121094 -64.51873016357422 13.388375282287598
      vertex 60.599998474121094 -64.58837890625 13.318731307983398
    endloop
  endfacet
  facet normal 1 0 0
    outer loop
      vertex 60.599998474121094 -64.34584045410156 7.519214630126953
      vertex 60.599998474121094 -64.69999694824219 7.950754165649414
      vertex 60.599998474121094 -64.43683624267578 7.556905746459961
    endloop
  endfacet
  facet normal 1 0 0
    outer loop
      vertex 60.599998474121094 -64.69999694824219 13.04924488067627
      vertex 60.599998474121094 -64.58837890625 13.318731307983398
      vertex 60.599998474121094 -64.64309692382812 13.236838340759277
    endloop
  endfacet
  facet normal 1 0 0
    outer loop
      vertex 60.599998474121094 -64.43683624267578 7.556905746459961
      vertex 60.599998474121094 -64.69999694824219 7.950754165649414
      vertex 60.599998474121094 -64.51873016357422 7.611623764038086
    endloop
  endfacet
  facet normal 1 0 0
    outer loop
      vertex 60.599998474121094 -64.69999694824219 13.04924488067627
      vertex 60.599998474121094 -64.64309692382812 13.236838340759277
      vertex 60.599998474121094 -64.6807861328125 13.145844459533691
    endloop
  endfacet
  facet normal 1 0 0
    outer loop
      vertex 60.599998474121094 -64.51873016357422 7.611623764038086
      vertex 60.599998474121094 -64.69999694824219 7.950754165649414
      vertex 60.599998474121094 -64.58837890625 7.681267738342285
    endloop
  endfacet
  facet normal 1 0 0
    outer loop
      vertex 60.599998474121094 -64.58837890625 7.681267738342285
      vertex 60.599998474121094 -64.69999694824219 7.950754165649414
      vertex 60.599998474121094 -64.64309692382812 7.763160705566406
    endloop
  endfacet
  facet normal 1 0 0
    outer loop
      vertex 60.599998474121094 -64.64309692382812 7.763160705566406
      vertex 60.599998474121094 -64.69999694824219 7.950754165649414
      vertex 60.599998474121094 -64.6807861328125 7.854154586791992
    endloop
  endfacet
  facet normal 1 0 0
    outer loop
      vertex 60.599998474121094 -59.409969329833984 -1.9214000701904297
      vertex 60.599998474121094 -59.70000076293945 -1.3787927627563477
      vertex 60.599998474121094 -59.521400451660156 -1.8099699020385742
    endloop
  endfacet
  facet normal 1 0 0
    outer loop
      vertex 60.599998474121094 -59.521400451660156 -1.8099699020385742
      vertex 60.599998474121094 -59.70000076293945 -1.3787927627563477
      vertex 60.599998474121094 -59.608951568603516 -1.6789417266845703
    endloop
  endfacet
  facet normal 1 0 0
    outer loop
      vertex 60.599998474121094 -59.608951568603516 -1.6789417266845703
      vertex 60.599998474121094 -59.70000076293945 -1.3787927627563477
      vertex 60.599998474121094 -59.66925811767578 -1.533350944519043
    endloop
  endfacet
  facet normal 0 0.9807852013515951 0.19509071943511513
    outer loop
      vertex 60.599998474121094 -3.1999998092651367 13.178792953491211
      vertex 59 -3.230743408203125 13.333351135253906
      vertex 60.599998474121094 -3.230743408203125 13.333351135253906
    endloop
  endfacet
  facet normal 0 0.9807852013515951 0.19509071943511513
    outer loop
      vertex 59 -3.230743408203125 13.333351135253906
      vertex 60.599998474121094 -3.1999998092651367 13.178792953491211
      vertex 59 -3.1999998092651367 13.178792953491211
    endloop
  endfacet
  facet normal 0 0.9238797145341398 0.3826829929227536
    outer loop
      vertex 60.599998474121094 -3.230743408203125 13.333351135253906
      vertex 59 -3.291049003601074 13.478941917419434
      vertex 60.599998474121094 -3.291049003601074 13.478941917419434
    endloop
  endfacet
  facet normal 0 0.9238797145341398 0.3826829929227536
    outer loop
      vertex 59 -3.291049003601074 13.478941917419434
      vertex 60.599998474121094 -3.230743408203125 13.333351135253906
      vertex 59 -3.230743408203125 13.333351135253906
    endloop
  endfacet
  facet normal 0 0.8314698012806707 0.5555699501937466
    outer loop
      vertex 60.599998474121094 -3.291049003601074 13.478941917419434
      vertex 59 -3.378599166870117 13.609970092773438
      vertex 60.599998474121094 -3.378599166870117 13.609970092773438
    endloop
  endfacet
  facet normal 0 0.8314698012806707 0.5555699501937466
    outer loop
      vertex 59 -3.378599166870117 13.609970092773438
      vertex 60.599998474121094 -3.291049003601074 13.478941917419434
      vertex 59 -3.291049003601074 13.478941917419434
    endloop
  endfacet
  facet normal 0 0.7071067811865475 0.7071067811865475
    outer loop
      vertex 60.599998474121094 -3.378599166870117 13.609970092773438
      vertex 59 -3.4900293350219727 13.721400260925293
      vertex 60.599998474121094 -3.4900293350219727 13.721400260925293
    endloop
  endfacet
  facet normal 0 0.7071067811865475 0.7071067811865475
    outer loop
      vertex 59 -3.4900293350219727 13.721400260925293
      vertex 60.599998474121094 -3.378599166870117 13.609970092773438
      vertex 59 -3.378599166870117 13.609970092773438
    endloop
  endfacet
  facet normal 0 0.5555699501937466 0.8314698012806707
    outer loop
      vertex 59 -3.4900293350219727 13.721400260925293
      vertex 60.599998474121094 -3.6210575103759766 13.808950424194336
      vertex 60.599998474121094 -3.4900293350219727 13.721400260925293
    endloop
  endfacet
  facet normal 0 0.5555699501937466 0.8314698012806707
    outer loop
      vertex 60.599998474121094 -3.6210575103759766 13.808950424194336
      vertex 59 -3.4900293350219727 13.721400260925293
      vertex 59 -3.6210575103759766 13.808950424194336
    endloop
  endfacet
  facet normal 0 0.3826829929227536 0.9238797145341398
    outer loop
      vertex 59 -3.6210575103759766 13.808950424194336
      vertex 60.599998474121094 -3.766648292541504 13.869256019592285
      vertex 60.599998474121094 -3.6210575103759766 13.808950424194336
    endloop
  endfacet
  facet normal 0 0.3826829929227536 0.9238797145341398
    outer loop
      vertex 60.599998474121094 -3.766648292541504 13.869256019592285
      vertex 59 -3.6210575103759766 13.808950424194336
      vertex 59 -3.766648292541504 13.869256019592285
    endloop
  endfacet
  facet normal 0 0.19509071943511513 0.9807852013515951
    outer loop
      vertex 59 -3.766648292541504 13.869256019592285
      vertex 60.599998474121094 -3.921206474304199 13.899999618530273
      vertex 60.599998474121094 -3.766648292541504 13.869256019592285
    endloop
  endfacet
  facet normal 0 0.19509071943511513 0.9807852013515951
    outer loop
      vertex 60.599998474121094 -3.921206474304199 13.899999618530273
      vertex 59 -3.766648292541504 13.869256019592285
      vertex 59 -3.921206474304199 13.899999618530273
    endloop
  endfacet
  facet normal 0 0 1
    outer loop
      vertex 59 -3.921206474304199 13.899999618530273
      vertex 60.599998474121094 -39.498207092285156 13.899999618530273
      vertex 60.599998474121094 -3.921206474304199 13.899999618530273
    endloop
  endfacet
  facet normal 0 0 1
    outer loop
      vertex 60.599998474121094 -39.498207092285156 13.899999618530273
      vertex 59 -3.921206474304199 13.899999618530273
      vertex 59 -39.498207092285156 13.899999618530273
    endloop
  endfacet
  facet normal 0 0.19509330119813348 0.9807846878023811
    outer loop
      vertex 59 -39.498207092285156 13.899999618530273
      vertex 60.599998474121094 -39.57506561279297 13.915287971496582
      vertex 60.599998474121094 -39.498207092285156 13.899999618530273
    endloop
  endfacet
  facet normal 0 0.19509330119813348 0.9807846878023811
    outer loop
      vertex 60.599998474121094 -39.57506561279297 13.915287971496582
      vertex 59 -39.498207092285156 13.899999618530273
      vertex 59 -39.57506561279297 13.915287971496582
    endloop
  endfacet
  facet normal 0 0.38268165007049537 0.9238802707598658
    outer loop
      vertex 59 -39.57506561279297 13.915287971496582
      vertex 60.599998474121094 -40.12103271484375 14.141433715820312
      vertex 60.599998474121094 -39.57506561279297 13.915287971496582
    endloop
  endfacet
  facet normal 0 0.38268165007049537 0.9238802707598658
    outer loop
      vertex 60.599998474121094 -40.12103271484375 14.141433715820312
      vertex 59 -39.57506561279297 13.915287971496582
      vertex 59 -40.12103271484375 14.141433715820312
    endloop
  endfacet
  facet normal 0 0.5555706005905418 0.831469366699378
    outer loop
      vertex 59 -40.12103271484375 14.141433715820312
      vertex 60.599998474121094 -40.612388610839844 14.469747543334961
      vertex 60.599998474121094 -40.12103271484375 14.141433715820312
    endloop
  endfacet
  facet normal 0 0.5555706005905418 0.831469366699378
    outer loop
      vertex 60.599998474121094 -40.612388610839844 14.469747543334961
      vertex 59 -40.12103271484375 14.141433715820312
      vertex 59 -40.612388610839844 14.469747543334961
    endloop
  endfacet
  facet normal 0 0.7071083949905471 0.7071051673788648
    outer loop
      vertex 60.599998474121094 -40.612388610839844 14.469747543334961
      vertex 59 -41.030250549316406 14.887611389160156
      vertex 60.599998474121094 -41.030250549316406 14.887611389160156
    endloop
  endfacet
  facet normal 0 0.7071083949905471 0.7071051673788648
    outer loop
      vertex 59 -41.030250549316406 14.887611389160156
      vertex 60.599998474121094 -40.612388610839844 14.469747543334961
      vertex 59 -40.612388610839844 14.469747543334961
    endloop
  endfacet
  facet normal 0 0.8314673776221193 0.5555735774406447
    outer loop
      vertex 60.599998474121094 -41.030250549316406 14.887611389160156
      vertex 59 -41.35856628417969 15.378966331481934
      vertex 60.599998474121094 -41.35856628417969 15.378966331481934
    endloop
  endfacet
  facet normal 0 0.8314673776221193 0.5555735774406447
    outer loop
      vertex 59 -41.35856628417969 15.378966331481934
      vertex 60.599998474121094 -41.030250549316406 14.887611389160156
      vertex 59 -41.030250549316406 14.887611389160156
    endloop
  endfacet
  facet normal 0 0.9238815097799625 0.38267865878135526
    outer loop
      vertex 60.599998474121094 -41.35856628417969 15.378966331481934
      vertex 59 -41.58470916748047 15.924931526184082
      vertex 60.599998474121094 -41.58470916748047 15.924931526184082
    endloop
  endfacet
  facet normal 0 0.9238815097799625 0.38267865878135526
    outer loop
      vertex 59 -41.58470916748047 15.924931526184082
      vertex 60.599998474121094 -41.35856628417969 15.378966331481934
      vertex 59 -41.35856628417969 15.378966331481934
    endloop
  endfacet
  facet normal 0 0.9807841670641503 0.19509591906618914
    outer loop
      vertex 60.599998474121094 -41.58470916748047 15.924931526184082
      vertex 59 -41.70000076293945 16.50452423095703
      vertex 60.599998474121094 -41.70000076293945 16.50452423095703
    endloop
  endfacet
  facet normal 0 0.9807841670641503 0.19509591906618914
    outer loop
      vertex 59 -41.70000076293945 16.50452423095703
      vertex 60.599998474121094 -41.58470916748047 15.924931526184082
      vertex 59 -41.58470916748047 15.924931526184082
    endloop
  endfacet
  facet normal 0 1 0
    outer loop
      vertex 60.599998474121094 -41.70000076293945 16.50452423095703
      vertex 59 -41.70000076293945 39.795475006103516
      vertex 60.599998474121094 -41.70000076293945 39.795475006103516
    endloop
  endfacet
  facet normal 0 1 0
    outer loop
      vertex 59 -41.70000076293945 39.795475006103516
      vertex 60.599998474121094 -41.70000076293945 16.50452423095703
      vertex 59 -41.70000076293945 16.50452423095703
    endloop
  endfacet
  facet normal 0 0.9807842284892629 -0.19509561027025013
    outer loop
      vertex 60.599998474121094 -41.70000076293945 39.795475006103516
      vertex 59 -41.58470916748047 40.37506866455078
      vertex 60.599998474121094 -41.58470916748047 40.37506866455078
    endloop
  endfacet
  facet normal 0 0.9807842284892629 -0.19509561027025013
    outer loop
      vertex 59 -41.58470916748047 40.37506866455078
      vertex 60.599998474121094 -41.70000076293945 39.795475006103516
      vertex 59 -41.70000076293945 39.795475006103516
    endloop
  endfacet
  facet normal 0 0.9238810371167206 -0.38267979990604756
    outer loop
      vertex 60.599998474121094 -41.58470916748047 40.37506866455078
      vertex 59 -41.35856628417969 40.9210319519043
      vertex 60.599998474121094 -41.35856628417969 40.9210319519043
    endloop
  endfacet
  facet normal 0 0.9238810371167206 -0.38267979990604756
    outer loop
      vertex 59 -41.35856628417969 40.9210319519043
      vertex 60.599998474121094 -41.58470916748047 40.37506866455078
      vertex 59 -41.58470916748047 40.37506866455078
    endloop
  endfacet
  facet normal 0 0.831467875740152 -0.5555728319600944
    outer loop
      vertex 60.599998474121094 -41.35856628417969 40.9210319519043
      vertex 59 -41.030250549316406 41.41238784790039
      vertex 60.599998474121094 -41.030250549316406 41.41238784790039
    endloop
  endfacet
  facet normal 0 0.831467875740152 -0.5555728319600944
    outer loop
      vertex 59 -41.030250549316406 41.41238784790039
      vertex 60.599998474121094 -41.35856628417969 40.9210319519043
      vertex 59 -41.35856628417969 40.9210319519043
    endloop
  endfacet
  facet normal 0 0.7071100087834974 -0.7071035535748651
    outer loop
      vertex 60.599998474121094 -41.030250549316406 41.41238784790039
      vertex 59 -40.612388610839844 41.83025360107422
      vertex 60.599998474121094 -40.612388610839844 41.83025360107422
    endloop
  endfacet
  facet normal 0 0.7071100087834974 -0.7071035535748651
    outer loop
      vertex 59 -40.612388610839844 41.83025360107422
      vertex 60.599998474121094 -41.030250549316406 41.41238784790039
      vertex 59 -41.030250549316406 41.41238784790039
    endloop
  endfacet
  facet normal 0 0.5555683692089854 -0.8314708576579629
    outer loop
      vertex 59 -40.612388610839844 41.83025360107422
      vertex 60.599998474121094 -40.12103271484375 42.158565521240234
      vertex 60.599998474121094 -40.612388610839844 41.83025360107422
    endloop
  endfacet
  facet normal 0 0.5555683692089854 -0.8314708576579629
    outer loop
      vertex 60.599998474121094 -40.12103271484375 42.158565521240234
      vertex 59 -40.612388610839844 41.83025360107422
      vertex 59 -40.12103271484375 42.158565521240234
    endloop
  endfacet
  facet normal 0 0.3826830275345948 -0.9238797001974643
    outer loop
      vertex 59 -40.12103271484375 42.158565521240234
      vertex 60.599998474121094 -39.57506561279297 42.38471221923828
      vertex 60.599998474121094 -40.12103271484375 42.158565521240234
    endloop
  endfacet
  facet normal 0 0.3826830275345948 -0.9238797001974643
    outer loop
      vertex 60.599998474121094 -39.57506561279297 42.38471221923828
      vertex 59 -40.12103271484375 42.158565521240234
      vertex 59 -39.57506561279297 42.38471221923828
    endloop
  endfacet
  facet normal 0 0.19509063590835896 -0.9807852179661316
    outer loop
      vertex 59 -39.57506561279297 42.38471221923828
      vertex 60.599998474121094 -38.99547576904297 42.5
      vertex 60.599998474121094 -39.57506561279297 42.38471221923828
    endloop
  endfacet
  facet normal 0 0.19509063590835896 -0.9807852179661316
    outer loop
      vertex 60.599998474121094 -38.99547576904297 42.5
      vertex 59 -39.57506561279297 42.38471221923828
      vertex 59 -38.99547576904297 42.5
    endloop
  endfacet
  facet normal 0 0 -1
    outer loop
      vertex 59 -38.99547576904297 42.5
      vertex 60.599998474121094 -3.921206474304199 42.5
      vertex 60.599998474121094 -38.99547576904297 42.5
    endloop
  endfacet
  facet normal 0 0 -1
    outer loop
      vertex 60.599998474121094 -3.921206474304199 42.5
      vertex 59 -38.99547576904297 42.5
      vertex 59 -3.921206474304199 42.5
    endloop
  endfacet
  facet normal 0 0.19508489799319606 -0.980786359292881
    outer loop
      vertex 59 -3.921206474304199 42.5
      vertex 60.599998474121094 -3.766648292541504 42.53074264526367
      vertex 60.599998474121094 -3.921206474304199 42.5
    endloop
  endfacet
  facet normal 0 0.19508489799319606 -0.980786359292881
    outer loop
      vertex 60.599998474121094 -3.766648292541504 42.53074264526367
      vertex 59 -3.921206474304199 42.5
      vertex 59 -3.766648292541504 42.53074264526367
    endloop
  endfacet
  facet normal 0 0.3826881584064277 -0.9238775749067063
    outer loop
      vertex 59 -3.766648292541504 42.53074264526367
      vertex 60.599998474121094 -3.6210575103759766 42.59104919433594
      vertex 60.599998474121094 -3.766648292541504 42.53074264526367
    endloop
  endfacet
  facet normal 0 0.3826881584064277 -0.9238775749067063
    outer loop
      vertex 60.599998474121094 -3.6210575103759766 42.59104919433594
      vertex 59 -3.766648292541504 42.53074264526367
      vertex 59 -3.6210575103759766 42.59104919433594
    endloop
  endfacet
  facet normal 0 0.5555741340104013 -0.8314670057305898
    outer loop
      vertex 59 -3.6210575103759766 42.59104919433594
      vertex 60.599998474121094 -3.4900293350219727 42.6786003112793
      vertex 60.599998474121094 -3.6210575103759766 42.59104919433594
    endloop
  endfacet
  facet normal 0 0.5555741340104013 -0.8314670057305898
    outer loop
      vertex 60.599998474121094 -3.4900293350219727 42.6786003112793
      vertex 59 -3.6210575103759766 42.59104919433594
      vertex 59 -3.4900293350219727 42.6786003112793
    endloop
  endfacet
  facet normal 0 0.7071098070513506 -0.707103755308796
    outer loop
      vertex 60.599998474121094 -3.4900293350219727 42.6786003112793
      vertex 59 -3.378599166870117 42.79003143310547
      vertex 60.599998474121094 -3.378599166870117 42.79003143310547
    endloop
  endfacet
  facet normal 0 0.7071098070513506 -0.707103755308796
    outer loop
      vertex 59 -3.378599166870117 42.79003143310547
      vertex 60.599998474121094 -3.4900293350219727 42.6786003112793
      vertex 59 -3.4900293350219727 42.6786003112793
    endloop
  endfacet
  facet normal 0 0.8314679333418551 -0.555572745753627
    outer loop
      vertex 60.599998474121094 -3.378599166870117 42.79003143310547
      vertex 59 -3.291049003601074 42.921058654785156
      vertex 60.599998474121094 -3.291049003601074 42.921058654785156
    endloop
  endfacet
  facet normal 0 0.8314679333418551 -0.555572745753627
    outer loop
      vertex 59 -3.291049003601074 42.921058654785156
      vertex 60.599998474121094 -3.378599166870117 42.79003143310547
      vertex 59 -3.378599166870117 42.79003143310547
    endloop
  endfacet
  facet normal 0 0.9238806007842874 -0.3826808533157418
    outer loop
      vertex 60.599998474121094 -3.291049003601074 42.921058654785156
      vertex 59 -3.230743408203125 43.066650390625
      vertex 60.599998474121094 -3.230743408203125 43.066650390625
    endloop
  endfacet
  facet normal 0 0.9238806007842874 -0.3826808533157418
    outer loop
      vertex 59 -3.230743408203125 43.066650390625
      vertex 60.599998474121094 -3.291049003601074 42.921058654785156
      vertex 59 -3.291049003601074 42.921058654785156
    endloop
  endfacet
  facet normal 0 0.9807847406784026 -0.19509303537645414
    outer loop
      vertex 60.599998474121094 -3.230743408203125 43.066650390625
      vertex 59 -3.1999998092651367 43.22120666503906
      vertex 60.599998474121094 -3.1999998092651367 43.22120666503906
    endloop
  endfacet
  facet normal 0 0.9807847406784026 -0.19509303537645414
    outer loop
      vertex 59 -3.1999998092651367 43.22120666503906
      vertex 60.599998474121094 -3.230743408203125 43.066650390625
      vertex 59 -3.230743408203125 43.066650390625
    endloop
  endfacet
  facet normal 0 0.5555741340104013 0.8314670057305898
    outer loop
      vertex 59 -3.4900293350219727 53.3213996887207
      vertex 60.599998474121094 -3.6210575103759766 53.40895080566406
      vertex 60.599998474121094 -3.4900293350219727 53.3213996887207
    endloop
  endfacet
  facet normal 0 0.5555741340104013 0.8314670057305898
    outer loop
      vertex 60.599998474121094 -3.6210575103759766 53.40895080566406
      vertex 59 -3.4900293350219727 53.3213996887207
      vertex 59 -3.6210575103759766 53.40895080566406
    endloop
  endfacet
  facet normal 0 0.3826881584064277 0.9238775749067063
    outer loop
      vertex 59 -3.6210575103759766 53.40895080566406
      vertex 60.599998474121094 -3.766648292541504 53.46925735473633
      vertex 60.599998474121094 -3.6210575103759766 53.40895080566406
    endloop
  endfacet
  facet normal 0 0.3826881584064277 0.9238775749067063
    outer loop
      vertex 60.599998474121094 -3.766648292541504 53.46925735473633
      vertex 59 -3.6210575103759766 53.40895080566406
      vertex 59 -3.766648292541504 53.46925735473633
    endloop
  endfacet
  facet normal 0 0.19508489799319606 0.980786359292881
    outer loop
      vertex 59 -3.766648292541504 53.46925735473633
      vertex 60.599998474121094 -3.921206474304199 53.5
      vertex 60.599998474121094 -3.766648292541504 53.46925735473633
    endloop
  endfacet
  facet normal 0 0.19508489799319606 0.980786359292881
    outer loop
      vertex 60.599998474121094 -3.921206474304199 53.5
      vertex 59 -3.766648292541504 53.46925735473633
      vertex 59 -3.921206474304199 53.5
    endloop
  endfacet
  facet normal 0 0 1
    outer loop
      vertex 59 -3.921206474304199 53.5
      vertex 60.599998474121094 -58.978790283203125 53.5
      vertex 60.599998474121094 -3.921206474304199 53.5
    endloop
  endfacet
  facet normal 0 0 1
    outer loop
      vertex 60.599998474121094 -58.978790283203125 53.5
      vertex 59 -3.921206474304199 53.5
      vertex 59 -58.978790283203125 53.5
    endloop
  endfacet
  facet normal 0 -0.19508258216939073 0.9807868199227204
    outer loop
      vertex 59 -58.978790283203125 53.5
      vertex 60.599998474121094 -59.13335037231445 53.46925735473633
      vertex 60.599998474121094 -58.978790283203125 53.5
    endloop
  endfacet
  facet normal 0 -0.19508258216939073 0.9807868199227204
    outer loop
      vertex 60.599998474121094 -59.13335037231445 53.46925735473633
      vertex 59 -58.978790283203125 53.5
      vertex 59 -59.13335037231445 53.46925735473633
    endloop
  endfacet
  facet normal 0 -0.3826860187804457 0.9238784611787269
    outer loop
      vertex 59 -59.13335037231445 53.46925735473633
      vertex 60.599998474121094 -59.2789421081543 53.40895080566406
      vertex 60.599998474121094 -59.13335037231445 53.46925735473633
    endloop
  endfacet
  facet normal 0 -0.3826860187804457 0.9238784611787269
    outer loop
      vertex 60.599998474121094 -59.2789421081543 53.40895080566406
      vertex 59 -59.13335037231445 53.46925735473633
      vertex 59 -59.2789421081543 53.40895080566406
    endloop
  endfacet
  facet normal 0 -0.5555769295725357 0.8314651377699209
    outer loop
      vertex 59 -59.2789421081543 53.40895080566406
      vertex 60.599998474121094 -59.409969329833984 53.3213996887207
      vertex 60.599998474121094 -59.2789421081543 53.40895080566406
    endloop
  endfacet
  facet normal 0 -0.5555769295725357 0.8314651377699209
    outer loop
      vertex 60.599998474121094 -59.409969329833984 53.3213996887207
      vertex 59 -59.2789421081543 53.40895080566406
      vertex 59 -59.409969329833984 53.3213996887207
    endloop
  endfacet
  facet normal 0 -0.8303316368871724 0.5572695692250466
    outer loop
      vertex 59 -79.52140045166016 23.409969329833984
      vertex 60.599998474121094 -59.521400451660156 53.20996856689453
      vertex 59 -59.521400451660156 53.20996856689453
    endloop
  endfacet
  facet normal 0 -0.8303316368871724 0.5572695692250466
    outer loop
      vertex 60.599998474121094 -59.521400451660156 53.20996856689453
      vertex 59 -79.52140045166016 23.409969329833984
      vertex 60.599998474121094 -79.52140045166016 23.409969329833984
    endloop
  endfacet
  facet normal -1 0 0
    outer loop
      vertex 59 -3.230743408203125 -1.0666484832763672
      vertex 59 -3.1999998092651367 13.178792953491211
      vertex 59 -3.1999998092651367 -1.2212066650390625
    endloop
  endfacet
  facet normal -1 0 0
    outer loop
      vertex 59 -3.291049003601074 -0.9210577011108398
      vertex 59 -3.1999998092651367 13.178792953491211
      vertex 59 -3.230743408203125 -1.0666484832763672
    endloop
  endfacet
  facet normal -1 0 0
    outer loop
      vertex 59 -3.378599166870117 -0.7900295257568359
      vertex 59 -3.1999998092651367 13.178792953491211
      vertex 59 -3.291049003601074 -0.9210577011108398
    endloop
  endfacet
  facet normal -1 0 0
    outer loop
      vertex 59 -3.4900293350219727 -0.6785993576049805
      vertex 59 -3.1999998092651367 13.178792953491211
      vertex 59 -3.378599166870117 -0.7900295257568359
    endloop
  endfacet
  facet normal -1 0 0
    outer loop
      vertex 59 -3.6210575103759766 -0.5910491943359375
      vertex 59 -3.1999998092651367 13.178792953491211
      vertex 59 -3.4900293350219727 -0.6785993576049805
    endloop
  endfacet
  facet normal -1 0 0
    outer loop
      vertex 59 -3.766648292541504 -0.5307426452636719
      vertex 59 -3.1999998092651367 13.178792953491211
      vertex 59 -3.6210575103759766 -0.5910491943359375
    endloop
  endfacet
  facet normal -1 0 0
    outer loop
      vertex 59 -3.921206474304199 -0.5
      vertex 59 -3.1999998092651367 13.178792953491211
      vertex 59 -3.766648292541504 -0.5307426452636719
    endloop
  endfacet
  facet normal -1 0 0
    outer loop
      vertex 59 -3.921206474304199 13.899999618530273
      vertex 59 -3.1999998092651367 13.178792953491211
      vertex 59 -3.921206474304199 -0.5
    endloop
  endfacet
  facet normal -1 0 0
    outer loop
      vertex 59 -3.1999998092651367 13.178792953491211
      vertex 59 -3.921206474304199 13.899999618530273
      vertex 59 -3.230743408203125 13.333351135253906
    endloop
  endfacet
  facet normal -1 0 0
    outer loop
      vertex 59 -3.230743408203125 13.333351135253906
      vertex 59 -3.921206474304199 13.899999618530273
      vertex 59 -3.291049003601074 13.478941917419434
    endloop
  endfacet
  facet normal -1 0 0
    outer loop
      vertex 59 -3.291049003601074 13.478941917419434
      vertex 59 -3.921206474304199 13.899999618530273
      vertex 59 -3.378599166870117 13.609970092773438
    endloop
  endfacet
  facet normal -1 0 0
    outer loop
      vertex 59 -3.378599166870117 13.609970092773438
      vertex 59 -3.921206474304199 13.899999618530273
      vertex 59 -3.4900293350219727 13.721400260925293
    endloop
  endfacet
  facet normal -1 0 0
    outer loop
      vertex 59 -3.4900293350219727 13.721400260925293
      vertex 59 -3.921206474304199 13.899999618530273
      vertex 59 -3.6210575103759766 13.808950424194336
    endloop
  endfacet
  facet normal -1 0 0
    outer loop
      vertex 59 -3.6210575103759766 13.808950424194336
      vertex 59 -3.921206474304199 13.899999618530273
      vertex 59 -3.766648292541504 13.869256019592285
    endloop
  endfacet
  facet normal -1 0 0
    outer loop
      vertex 59 -3.921206474304199 -0.5
      vertex 59 -39.498207092285156 13.899999618530273
      vertex 59 -3.921206474304199 13.899999618530273
    endloop
  endfacet
  facet normal -1 0 0
    outer loop
      vertex 59 -56.5 -0.5
      vertex 59 -39.498207092285156 13.899999618530273
      vertex 59 -3.921206474304199 -0.5
    endloop
  endfacet
  facet normal -1 0 0
    outer loop
      vertex 59 -56.5 51.900001525878906
      vertex 59 -41.70000076293945 16.50452423095703
      vertex 59 -56.5 -0.5
    endloop
  endfacet
  facet normal -1 0 0
    outer loop
      vertex 59 -41.58470916748047 15.924931526184082
      vertex 59 -56.5 -0.5
      vertex 59 -41.70000076293945 16.50452423095703
    endloop
  endfacet
  facet normal -1 0 0
    outer loop
      vertex 59 -41.35856628417969 15.378966331481934
      vertex 59 -56.5 -0.5
      vertex 59 -41.58470916748047 15.924931526184082
    endloop
  endfacet
  facet normal -1 0 0
    outer loop
      vertex 59 -41.030250549316406 14.887611389160156
      vertex 59 -56.5 -0.5
      vertex 59 -41.35856628417969 15.378966331481934
    endloop
  endfacet
  facet normal -1 0 0
    outer loop
      vertex 59 -40.612388610839844 14.469747543334961
      vertex 59 -56.5 -0.5
      vertex 59 -41.030250549316406 14.887611389160156
    endloop
  endfacet
  facet normal -1 0 0
    outer loop
      vertex 59 -40.12103271484375 14.141433715820312
      vertex 59 -56.5 -0.5
      vertex 59 -40.612388610839844 14.469747543334961
    endloop
  endfacet
  facet normal -1 0 0
    outer loop
      vertex 59 -39.57506561279297 13.915287971496582
      vertex 59 -56.5 -0.5
      vertex 59 -40.12103271484375 14.141433715820312
    endloop
  endfacet
  facet normal -1 0 0
    outer loop
      vertex 59 -39.498207092285156 13.899999618530273
      vertex 59 -56.5 -0.5
      vertex 59 -39.57506561279297 13.915287971496582
    endloop
  endfacet
  facet normal -1 0 0
    outer loop
      vertex 59 -3.921206474304199 42.5
      vertex 59 -3.1999998092651367 43.22120666503906
      vertex 59 -3.230743408203125 43.066650390625
    endloop
  endfacet
  facet normal -1 0 0
    outer loop
      vertex 59 -3.1999998092651367 43.22120666503906
      vertex 59 -3.230743408203125 52.46664810180664
      vertex 59 -3.1999998092651367 52.62120819091797
    endloop
  endfacet
  facet normal -1 0 0
    outer loop
      vertex 59 -3.921206474304199 42.5
      vertex 59 -3.230743408203125 43.066650390625
      vertex 59 -3.291049003601074 42.921058654785156
    endloop
  endfacet
  facet normal -1 0 0
    outer loop
      vertex 59 -3.1999998092651367 43.22120666503906
      vertex 59 -3.291049003601074 52.3210563659668
      vertex 59 -3.230743408203125 52.46664810180664
    endloop
  endfacet
  facet normal -1 0 0
    outer loop
      vertex 59 -3.921206474304199 42.5
      vertex 59 -3.291049003601074 42.921058654785156
      vertex 59 -3.378599166870117 42.79003143310547
    endloop
  endfacet
  facet normal -1 0 0
    outer loop
      vertex 59 -3.1999998092651367 43.22120666503906
      vertex 59 -3.378599166870117 52.19002914428711
      vertex 59 -3.291049003601074 52.3210563659668
    endloop
  endfacet
  facet normal -1 0 0
    outer loop
      vertex 59 -3.921206474304199 42.5
      vertex 59 -3.378599166870117 42.79003143310547
      vertex 59 -3.4900293350219727 42.6786003112793
    endloop
  endfacet
  facet normal -1 0 0
    outer loop
      vertex 59 -3.1999998092651367 43.22120666503906
      vertex 59 -3.4900293350219727 52.07859802246094
      vertex 59 -3.378599166870117 52.19002914428711
    endloop
  endfacet
  facet normal -1 0 0
    outer loop
      vertex 59 -3.921206474304199 42.5
      vertex 59 -3.4900293350219727 42.6786003112793
      vertex 59 -3.6210575103759766 42.59104919433594
    endloop
  endfacet
  facet normal -1 0 0
    outer loop
      vertex 59 -3.1999998092651367 43.22120666503906
      vertex 59 -3.6210575103759766 51.991050720214844
      vertex 59 -3.4900293350219727 52.07859802246094
    endloop
  endfacet
  facet normal -1 0 0
    outer loop
      vertex 59 -3.921206474304199 42.5
      vertex 59 -3.6210575103759766 42.59104919433594
      vertex 59 -3.766648292541504 42.53074264526367
    endloop
  endfacet
  facet normal -1 0 0
    outer loop
      vertex 59 -3.1999998092651367 43.22120666503906
      vertex 59 -3.766648292541504 51.93074417114258
      vertex 59 -3.6210575103759766 51.991050720214844
    endloop
  endfacet
  facet normal -1 0 0
    outer loop
      vertex 59 -3.1999998092651367 43.22120666503906
      vertex 59 -3.921206474304199 42.5
      vertex 59 -3.921206474304199 51.900001525878906
    endloop
  endfacet
  facet normal -1 0 0
    outer loop
      vertex 59 -3.1999998092651367 43.22120666503906
      vertex 59 -3.921206474304199 51.900001525878906
      vertex 59 -3.766648292541504 51.93074417114258
    endloop
  endfacet
  facet normal -1 0 0
    outer loop
      vertex 59 -38.99547576904297 42.5
      vertex 59 -3.921206474304199 51.900001525878906
      vertex 59 -3.921206474304199 42.5
    endloop
  endfacet
  facet normal -1 0 0
    outer loop
      vertex 59 -56.5 51.900001525878906
      vertex 59 -38.99547576904297 42.5
      vertex 59 -39.57506561279297 42.38471221923828
    endloop
  endfacet
  facet normal -1 0 0
    outer loop
      vertex 59 -41.70000076293945 16.50452423095703
      vertex 59 -56.5 51.900001525878906
      vertex 59 -41.70000076293945 39.795475006103516
    endloop
  endfacet
  facet normal -1 0 0
    outer loop
      vertex 59 -38.99547576904297 42.5
      vertex 59 -56.5 51.900001525878906
      vertex 59 -3.921206474304199 51.900001525878906
    endloop
  endfacet
  facet normal -1 0 0
    outer loop
      vertex 59 -40.12103271484375 42.158565521240234
      vertex 59 -56.5 51.900001525878906
      vertex 59 -39.57506561279297 42.38471221923828
    endloop
  endfacet
  facet normal -1 0 0
    outer loop
      vertex 59 -40.612388610839844 41.83025360107422
      vertex 59 -56.5 51.900001525878906
      vertex 59 -40.12103271484375 42.158565521240234
    endloop
  endfacet
  facet normal -1 0 0
    outer loop
      vertex 59 -41.030250549316406 41.41238784790039
      vertex 59 -56.5 51.900001525878906
      vertex 59 -40.612388610839844 41.83025360107422
    endloop
  endfacet
  facet normal -1 0 0
    outer loop
      vertex 59 -41.35856628417969 40.9210319519043
      vertex 59 -56.5 51.900001525878906
      vertex 59 -41.030250549316406 41.41238784790039
    endloop
  endfacet
  facet normal -1 0 0
    outer loop
      vertex 59 -41.58470916748047 40.37506866455078
      vertex 59 -56.5 51.900001525878906
      vertex 59 -41.35856628417969 40.9210319519043
    endloop
  endfacet
  facet normal -1 0 0
    outer loop
      vertex 59 -41.70000076293945 39.795475006103516
      vertex 59 -56.5 51.900001525878906
      vertex 59 -41.58470916748047 40.37506866455078
    endloop
  endfacet
  facet normal -1 0 0
    outer loop
      vertex 59 -59.70000076293945 23.700000762939453
      vertex 59 -78.97879028320312 23.700000762939453
      vertex 59 -59.70000076293945 52.77879333496094
    endloop
  endfacet
  facet normal -1 0 0
    outer loop
      vertex 59 -79.13335418701172 23.66925621032715
      vertex 59 -59.70000076293945 52.77879333496094
      vertex 59 -78.97879028320312 23.700000762939453
    endloop
  endfacet
  facet normal -1 0 0
    outer loop
      vertex 59 -79.27893829345703 23.608951568603516
      vertex 59 -59.70000076293945 52.77879333496094
      vertex 59 -79.13335418701172 23.66925621032715
    endloop
  endfacet
  facet normal -1 0 0
    outer loop
      vertex 59 -59.70000076293945 52.77879333496094
      vertex 59 -79.27893829345703 23.608951568603516
      vertex 59 -59.66925811767578 52.933349609375
    endloop
  endfacet
  facet normal -1 0 0
    outer loop
      vertex 59 -79.40997314453125 23.521400451660156
      vertex 59 -59.66925811767578 52.933349609375
      vertex 59 -79.27893829345703 23.608951568603516
    endloop
  endfacet
  facet normal -1 0 0
    outer loop
      vertex 59 -59.66925811767578 52.933349609375
      vertex 59 -79.40997314453125 23.521400451660156
      vertex 59 -59.608951568603516 53.078941345214844
    endloop
  endfacet
  facet normal -1 0 0
    outer loop
      vertex 59 -79.52140045166016 23.409969329833984
      vertex 59 -59.608951568603516 53.078941345214844
      vertex 59 -79.40997314453125 23.521400451660156
    endloop
  endfacet
  facet normal -1 0 0
    outer loop
      vertex 59 -59.608951568603516 53.078941345214844
      vertex 59 -79.52140045166016 23.409969329833984
      vertex 59 -59.521400451660156 53.20996856689453
    endloop
  endfacet
  facet normal -0.9807859785722367 0.19508681205068712 0
    outer loop
      vertex 51.68659210205078 -70.18128967285156 20.5
      vertex 51.75 -69.86251068115234 23.700000762939453
      vertex 51.75 -69.86251068115234 20.5
    endloop
  endfacet
  facet normal -0.9807859785722367 0.19508681205068712 0
    outer loop
      vertex 51.75 -69.86251068115234 23.700000762939453
      vertex 51.68659210205078 -70.18128967285156 20.5
      vertex 51.68659210205078 -70.18128967285156 23.700000762939453
    endloop
  endfacet
  facet normal -0.9238763571078461 -0.3826910983771842 0
    outer loop
      vertex 51.68659210205078 -69.21871185302734 20.5
      vertex 51.56221008300781 -68.9184341430664 23.700000762939453
      vertex 51.56221008300781 -68.9184341430664 20.5
    endloop
  endfacet
  facet normal -0.9238763571078461 -0.3826910983771842 0
    outer loop
      vertex 51.56221008300781 -68.9184341430664 23.700000762939453
      vertex 51.68659210205078 -69.21871185302734 20.5
      vertex 51.68659210205078 -69.21871185302734 23.700000762939453
    endloop
  endfacet
  facet normal -0.19508905775045798 -0.9807855318804609 0
    outer loop
      vertex 50.26251220703125 -68.05000305175781 20.5
      vertex 50.5812873840332 -68.11341094970703 23.700000762939453
      vertex 50.26251220703125 -68.05000305175781 23.700000762939453
    endloop
  endfacet
  facet normal -0.19508905775045798 -0.9807855318804609 0
    outer loop
      vertex 50.5812873840332 -68.11341094970703 23.700000762939453
      vertex 50.26251220703125 -68.05000305175781 20.5
      vertex 50.5812873840332 -68.11341094970703 20.5
    endloop
  endfacet
  facet normal 1 0 0
    outer loop
      vertex 48.45000076293945 -69.86251068115234 23.700000762939453
      vertex 48.45000076293945 -69.53749084472656 20.5
      vertex 48.45000076293945 -69.53749084472656 23.700000762939453
    endloop
  endfacet
  facet normal 1 0 0
    outer loop
      vertex 48.45000076293945 -69.53749084472656 20.5
      vertex 48.45000076293945 -69.86251068115234 23.700000762939453
      vertex 48.45000076293945 -69.86251068115234 20.5
    endloop
  endfacet
  facet normal -0.3826669127405688 -0.9238863749907789 0
    outer loop
      vertex 50.5812873840332 -68.11341094970703 20.5
      vertex 50.881568908691406 -68.23778533935547 23.700000762939453
      vertex 50.5812873840332 -68.11341094970703 23.700000762939453
    endloop
  endfacet
  facet normal -0.3826669127405688 -0.9238863749907789 0
    outer loop
      vertex 50.881568908691406 -68.23778533935547 23.700000762939453
      vertex 50.5812873840332 -68.11341094970703 20.5
      vertex 50.881568908691406 -68.23778533935547 20.5
    endloop
  endfacet
  facet normal -0.9807859785722367 -0.19508681205068712 0
    outer loop
      vertex 51.75 -69.53749084472656 20.5
      vertex 51.68659210205078 -69.21871185302734 23.700000762939453
      vertex 51.68659210205078 -69.21871185302734 20.5
    endloop
  endfacet
  facet normal -0.9807859785722367 -0.19508681205068712 0
    outer loop
      vertex 51.68659210205078 -69.21871185302734 23.700000762939453
      vertex 51.75 -69.53749084472656 20.5
      vertex 51.75 -69.53749084472656 23.700000762939453
    endloop
  endfacet
  facet normal -0.5555720242424284 -0.8314684154429262 0
    outer loop
      vertex 50.881568908691406 -68.23778533935547 20.5
      vertex 51.15181350708008 -68.4183578491211 23.700000762939453
      vertex 50.881568908691406 -68.23778533935547 23.700000762939453
    endloop
  endfacet
  facet normal -0.5555720242424284 -0.8314684154429262 0
    outer loop
      vertex 51.15181350708008 -68.4183578491211 23.700000762939453
      vertex 50.881568908691406 -68.23778533935547 20.5
      vertex 51.15181350708008 -68.4183578491211 20.5
    endloop
  endfacet
  facet normal 0.9807859785722367 -0.19508681205068712 0
    outer loop
      vertex 48.45000076293945 -69.53749084472656 23.700000762939453
      vertex 48.51340866088867 -69.21871185302734 20.5
      vertex 48.51340866088867 -69.21871185302734 23.700000762939453
    endloop
  endfacet
  facet normal 0.9807859785722367 -0.19508681205068712 0
    outer loop
      vertex 48.51340866088867 -69.21871185302734 20.5
      vertex 48.45000076293945 -69.53749084472656 23.700000762939453
      vertex 48.45000076293945 -69.53749084472656 20.5
    endloop
  endfacet
  facet normal 0.19508905775045798 0.9807855318804609 0
    outer loop
      vertex 49.9374885559082 -71.3499984741211 20.5
      vertex 49.61871337890625 -71.28659057617188 23.700000762939453
      vertex 49.9374885559082 -71.3499984741211 23.700000762939453
    endloop
  endfacet
  facet normal 0.19508905775045798 0.9807855318804609 0
    outer loop
      vertex 49.61871337890625 -71.28659057617188 23.700000762939453
      vertex 49.9374885559082 -71.3499984741211 20.5
      vertex 49.61871337890625 -71.28659057617188 20.5
    endloop
  endfacet
  facet normal 0.5555720242424284 -0.8314684154429262 0
    outer loop
      vertex 49.048187255859375 -68.4183578491211 20.5
      vertex 49.31843185424805 -68.23778533935547 23.700000762939453
      vertex 49.048187255859375 -68.4183578491211 23.700000762939453
    endloop
  endfacet
  facet normal 0.5555720242424284 -0.8314684154429262 0
    outer loop
      vertex 49.31843185424805 -68.23778533935547 23.700000762939453
      vertex 49.048187255859375 -68.4183578491211 20.5
      vertex 49.31843185424805 -68.23778533935547 20.5
    endloop
  endfacet
  facet normal 0.8314720380663657 -0.5555666025903321 0
    outer loop
      vertex 48.637786865234375 -68.9184341430664 23.700000762939453
      vertex 48.818359375 -68.64818572998047 20.5
      vertex 48.818359375 -68.64818572998047 23.700000762939453
    endloop
  endfacet
  facet normal 0.8314720380663657 -0.5555666025903321 0
    outer loop
      vertex 48.818359375 -68.64818572998047 20.5
      vertex 48.637786865234375 -68.9184341430664 23.700000762939453
      vertex 48.637786865234375 -68.9184341430664 20.5
    endloop
  endfacet
  facet normal 0.3826669127405688 -0.9238863749907789 0
    outer loop
      vertex 49.31843185424805 -68.23778533935547 20.5
      vertex 49.61871337890625 -68.11341094970703 23.700000762939453
      vertex 49.31843185424805 -68.23778533935547 23.700000762939453
    endloop
  endfacet
  facet normal 0.3826669127405688 -0.9238863749907789 0
    outer loop
      vertex 49.61871337890625 -68.11341094970703 23.700000762939453
      vertex 49.31843185424805 -68.23778533935547 20.5
      vertex 49.61871337890625 -68.11341094970703 20.5
    endloop
  endfacet
  facet normal 0.19508905775045798 -0.9807855318804609 0
    outer loop
      vertex 49.61871337890625 -68.11341094970703 20.5
      vertex 49.9374885559082 -68.05000305175781 23.700000762939453
      vertex 49.61871337890625 -68.11341094970703 23.700000762939453
    endloop
  endfacet
  facet normal 0.19508905775045798 -0.9807855318804609 0
    outer loop
      vertex 49.9374885559082 -68.05000305175781 23.700000762939453
      vertex 49.61871337890625 -68.11341094970703 20.5
      vertex 49.9374885559082 -68.05000305175781 20.5
    endloop
  endfacet
  facet normal -1 0 0
    outer loop
      vertex 51.75 -69.86251068115234 20.5
      vertex 51.75 -69.53749084472656 23.700000762939453
      vertex 51.75 -69.53749084472656 20.5
    endloop
  endfacet
  facet normal -1 0 0
    outer loop
      vertex 51.75 -69.53749084472656 23.700000762939453
      vertex 51.75 -69.86251068115234 20.5
      vertex 51.75 -69.86251068115234 23.700000762939453
    endloop
  endfacet
  facet normal 0.5555720242424284 0.8314684154429262 0
    outer loop
      vertex 49.31843185424805 -71.1622085571289 20.5
      vertex 49.048187255859375 -70.98163604736328 23.700000762939453
      vertex 49.31843185424805 -71.1622085571289 23.700000762939453
    endloop
  endfacet
  facet normal 0.5555720242424284 0.8314684154429262 0
    outer loop
      vertex 49.048187255859375 -70.98163604736328 23.700000762939453
      vertex 49.31843185424805 -71.1622085571289 20.5
      vertex 49.048187255859375 -70.98163604736328 20.5
    endloop
  endfacet
  facet normal 0.9807859785722367 0.19508681205068712 0
    outer loop
      vertex 48.51340866088867 -70.18128967285156 23.700000762939453
      vertex 48.45000076293945 -69.86251068115234 20.5
      vertex 48.45000076293945 -69.86251068115234 23.700000762939453
    endloop
  endfacet
  facet normal 0.9807859785722367 0.19508681205068712 0
    outer loop
      vertex 48.45000076293945 -69.86251068115234 20.5
      vertex 48.51340866088867 -70.18128967285156 23.700000762939453
      vertex 48.51340866088867 -70.18128967285156 20.5
    endloop
  endfacet
  facet normal -0.7071126495117642 -0.7071009128126288 0
    outer loop
      vertex 51.38163757324219 -68.64818572998047 20.5
      vertex 51.15181350708008 -68.4183578491211 23.700000762939453
      vertex 51.15181350708008 -68.4183578491211 20.5
    endloop
  endfacet
  facet normal -0.7071126495117642 -0.7071009128126288 0
    outer loop
      vertex 51.15181350708008 -68.4183578491211 23.700000762939453
      vertex 51.38163757324219 -68.64818572998047 20.5
      vertex 51.38163757324219 -68.64818572998047 23.700000762939453
    endloop
  endfacet
  facet normal -0.8314720380663657 -0.5555666025903321 0
    outer loop
      vertex 51.56221008300781 -68.9184341430664 20.5
      vertex 51.38163757324219 -68.64818572998047 23.700000762939453
      vertex 51.38163757324219 -68.64818572998047 20.5
    endloop
  endfacet
  facet normal -0.8314720380663657 -0.5555666025903321 0
    outer loop
      vertex 51.38163757324219 -68.64818572998047 23.700000762939453
      vertex 51.56221008300781 -68.9184341430664 20.5
      vertex 51.56221008300781 -68.9184341430664 23.700000762939453
    endloop
  endfacet
  facet normal 0 -1 0
    outer loop
      vertex 49.9374885559082 -68.05000305175781 20.5
      vertex 50.26251220703125 -68.05000305175781 23.700000762939453
      vertex 49.9374885559082 -68.05000305175781 23.700000762939453
    endloop
  endfacet
  facet normal 0 -1 0
    outer loop
      vertex 50.26251220703125 -68.05000305175781 23.700000762939453
      vertex 49.9374885559082 -68.05000305175781 20.5
      vertex 50.26251220703125 -68.05000305175781 20.5
    endloop
  endfacet
  facet normal 0.8314720380663657 0.5555666025903321 0
    outer loop
      vertex 48.818359375 -70.75181579589844 23.700000762939453
      vertex 48.637786865234375 -70.4815673828125 20.5
      vertex 48.637786865234375 -70.4815673828125 23.700000762939453
    endloop
  endfacet
  facet normal 0.8314720380663657 0.5555666025903321 0
    outer loop
      vertex 48.637786865234375 -70.4815673828125 20.5
      vertex 48.818359375 -70.75181579589844 23.700000762939453
      vertex 48.818359375 -70.75181579589844 20.5
    endloop
  endfacet
  facet normal 0.3826869487532051 0.9238780759677987 0
    outer loop
      vertex 49.61871337890625 -71.28659057617188 20.5
      vertex 49.31843185424805 -71.1622085571289 23.700000762939453
      vertex 49.61871337890625 -71.28659057617188 23.700000762939453
    endloop
  endfacet
  facet normal 0.3826869487532051 0.9238780759677987 0
    outer loop
      vertex 49.31843185424805 -71.1622085571289 23.700000762939453
      vertex 49.61871337890625 -71.28659057617188 20.5
      vertex 49.31843185424805 -71.1622085571289 20.5
    endloop
  endfacet
  facet normal 0 1 0
    outer loop
      vertex 50.26251220703125 -71.3499984741211 20.5
      vertex 49.9374885559082 -71.3499984741211 23.700000762939453
      vertex 50.26251220703125 -71.3499984741211 23.700000762939453
    endloop
  endfacet
  facet normal 0 1 0
    outer loop
      vertex 49.9374885559082 -71.3499984741211 23.700000762939453
      vertex 50.26251220703125 -71.3499984741211 20.5
      vertex 49.9374885559082 -71.3499984741211 20.5
    endloop
  endfacet
  facet normal 0.9238805067372848 -0.38268108036700504 0
    outer loop
      vertex 48.51340866088867 -69.21871185302734 23.700000762939453
      vertex 48.637786865234375 -68.9184341430664 20.5
      vertex 48.637786865234375 -68.9184341430664 23.700000762939453
    endloop
  endfacet
  facet normal 0.9238805067372848 -0.38268108036700504 0
    outer loop
      vertex 48.637786865234375 -68.9184341430664 20.5
      vertex 48.51340866088867 -69.21871185302734 23.700000762939453
      vertex 48.51340866088867 -69.21871185302734 20.5
    endloop
  endfacet
  facet normal -0.3826869487532051 0.9238780759677987 0
    outer loop
      vertex 50.881568908691406 -71.1622085571289 20.5
      vertex 50.5812873840332 -71.28659057617188 23.700000762939453
      vertex 50.881568908691406 -71.1622085571289 23.700000762939453
    endloop
  endfacet
  facet normal -0.3826869487532051 0.9238780759677987 0
    outer loop
      vertex 50.5812873840332 -71.28659057617188 23.700000762939453
      vertex 50.881568908691406 -71.1622085571289 20.5
      vertex 50.5812873840332 -71.28659057617188 20.5
    endloop
  endfacet
  facet normal -0.8314720380663657 0.5555666025903321 0
    outer loop
      vertex 51.38163757324219 -70.75181579589844 20.5
      vertex 51.56221008300781 -70.4815673828125 23.700000762939453
      vertex 51.56221008300781 -70.4815673828125 20.5
    endloop
  endfacet
  facet normal -0.8314720380663657 0.5555666025903321 0
    outer loop
      vertex 51.56221008300781 -70.4815673828125 23.700000762939453
      vertex 51.38163757324219 -70.75181579589844 20.5
      vertex 51.38163757324219 -70.75181579589844 23.700000762939453
    endloop
  endfacet
  facet normal -0.7071009127152224 0.7071126496091691 0
    outer loop
      vertex 51.38163757324219 -70.75181579589844 20.5
      vertex 51.15181350708008 -70.98163604736328 23.700000762939453
      vertex 51.38163757324219 -70.75181579589844 23.700000762939453
    endloop
  endfacet
  facet normal -0.7071009127152224 0.7071126496091691 0
    outer loop
      vertex 51.15181350708008 -70.98163604736328 23.700000762939453
      vertex 51.38163757324219 -70.75181579589844 20.5
      vertex 51.15181350708008 -70.98163604736328 20.5
    endloop
  endfacet
  facet normal -0.5555720242424284 0.8314684154429262 0
    outer loop
      vertex 51.15181350708008 -70.98163604736328 20.5
      vertex 50.881568908691406 -71.1622085571289 23.700000762939453
      vertex 51.15181350708008 -70.98163604736328 23.700000762939453
    endloop
  endfacet
  facet normal -0.5555720242424284 0.8314684154429262 0
    outer loop
      vertex 50.881568908691406 -71.1622085571289 23.700000762939453
      vertex 51.15181350708008 -70.98163604736328 20.5
      vertex 50.881568908691406 -71.1622085571289 20.5
    endloop
  endfacet
  facet normal 0.9238805067372848 0.38268108036700504 0
    outer loop
      vertex 48.637786865234375 -70.4815673828125 23.700000762939453
      vertex 48.51340866088867 -70.18128967285156 20.5
      vertex 48.51340866088867 -70.18128967285156 23.700000762939453
    endloop
  endfacet
  facet normal 0.9238805067372848 0.38268108036700504 0
    outer loop
      vertex 48.51340866088867 -70.18128967285156 20.5
      vertex 48.637786865234375 -70.4815673828125 23.700000762939453
      vertex 48.637786865234375 -70.4815673828125 20.5
    endloop
  endfacet
  facet normal 0.7071067811865475 -0.7071067811865475 0
    outer loop
      vertex 48.818359375 -68.64818572998047 23.700000762939453
      vertex 49.048187255859375 -68.4183578491211 20.5
      vertex 49.048187255859375 -68.4183578491211 23.700000762939453
    endloop
  endfacet
  facet normal 0.7071067811865475 -0.7071067811865475 0
    outer loop
      vertex 49.048187255859375 -68.4183578491211 20.5
      vertex 48.818359375 -68.64818572998047 23.700000762939453
      vertex 48.818359375 -68.64818572998047 20.5
    endloop
  endfacet
  facet normal -0.9238763571078461 0.3826910983771842 0
    outer loop
      vertex 51.56221008300781 -70.4815673828125 20.5
      vertex 51.68659210205078 -70.18128967285156 23.700000762939453
      vertex 51.68659210205078 -70.18128967285156 20.5
    endloop
  endfacet
  facet normal -0.9238763571078461 0.3826910983771842 0
    outer loop
      vertex 51.68659210205078 -70.18128967285156 23.700000762939453
      vertex 51.56221008300781 -70.4815673828125 20.5
      vertex 51.56221008300781 -70.4815673828125 23.700000762939453
    endloop
  endfacet
  facet normal 0.7070950442926028 0.707118517885681 0
    outer loop
      vertex 49.048187255859375 -70.98163604736328 20.5
      vertex 48.818359375 -70.75181579589844 23.700000762939453
      vertex 49.048187255859375 -70.98163604736328 23.700000762939453
    endloop
  endfacet
  facet normal 0.7070950442926028 0.707118517885681 0
    outer loop
      vertex 48.818359375 -70.75181579589844 23.700000762939453
      vertex 49.048187255859375 -70.98163604736328 20.5
      vertex 48.818359375 -70.75181579589844 20.5
    endloop
  endfacet
  facet normal -0.19508905775045798 0.9807855318804609 0
    outer loop
      vertex 50.5812873840332 -71.28659057617188 20.5
      vertex 50.26251220703125 -71.3499984741211 23.700000762939453
      vertex 50.5812873840332 -71.28659057617188 23.700000762939453
    endloop
  endfacet
  facet normal -0.19508905775045798 0.9807855318804609 0
    outer loop
      vertex 50.26251220703125 -71.3499984741211 23.700000762939453
      vertex 50.5812873840332 -71.28659057617188 20.5
      vertex 50.26251220703125 -71.3499984741211 20.5
    endloop
  endfacet
endsolid OpenSCAD_Model
